date,cash,positionsValue,totalEquity,openPositionCount
2007-01-03,3300,0,3300,0
2007-01-04,3300,0,3300,0
2007-01-05,3300,0,3300,0
2007-01-08,3300,0,3300,0
2007-01-09,3300,0,3300,0
2007-01-10,3300,0,3300,0
2007-01-11,3300,0,3300,0
2007-01-12,3300,0,3300,0
2007-01-16,3300,0,3300,0
2007-01-17,3300,0,3300,0
2007-01-18,3300,0,3300,0
2007-01-19,3300,0,3300,0
2007-01-22,3300,0,3300,0
2007-01-23,3300,0,3300,0
2007-01-24,3300,0,3300,0
2007-01-25,3300,0,3300,0
2007-01-26,3300,0,3300,0
2007-01-29,3300,0,3300,0
2007-01-30,3300,0,3300,0
2007-01-31,3300,0,3300,0
2007-02-01,3300,0,3300,0
2007-02-02,3300,0,3300,0
2007-02-05,3300,0,3300,0
2007-02-06,3300,0,3300,0
2007-02-07,3300,0,3300,0
2007-02-08,3300,0,3300,0
2007-02-09,3300,0,3300,0
2007-02-12,3300,0,3300,0
2007-02-13,3300,0,3300,0
2007-02-14,3300,0,3300,0
2007-02-15,3300,0,3300,0
2007-02-16,3300,0,3300,0
2007-02-20,3300,0,3300,0
2007-02-21,3300,0,3300,0
2007-02-22,3300,0,3300,0
2007-02-23,3300,0,3300,0
2007-02-26,3300,0,3300,0
2007-02-27,3300,0,3300,0
2007-02-28,3300,0,3300,0
2007-03-01,3300,0,3300,0
2007-03-02,3300,0,3300,0
2007-03-05,3300,0,3300,0
2007-03-06,3300,0,3300,0
2007-03-07,3300,0,3300,0
2007-03-08,3300,0,3300,0
2007-03-09,3300,0,3300,0
2007-03-12,3300,0,3300,0
2007-03-13,3300,0,3300,0
2007-03-14,3300,0,3300,0
2007-03-15,3300,0,3300,0
2007-03-16,3300,0,3300,0
2007-03-19,3300,0,3300,0
2007-03-20,3300,0,3300,0
2007-03-21,2853.2735840505197,441.4264159494801,3294.7,1
2007-03-22,2400.090329313991,885.1958790296189,3285.28620834361,2
2007-03-23,2400.090329313991,889.9811237062161,3290.0714530202067,2
2007-03-26,2400.090329313991,895.9463880134549,3296.036717327446,2
2007-03-27,2400.090329313991,873.8768367987032,3273.967166112694,2
2007-03-28,2400.090329313991,829.5646011438777,3229.6549304578684,2
2007-03-29,2400.090329313991,845.3038256031168,3245.3941549171077,2
2007-03-30,2400.090329313991,846.7875615105822,3246.877890824573,2
2007-04-02,2400.090329313991,865.0844328616499,3265.174762175641,2
2007-04-03,2400.090329313991,912.040303915456,3312.130633229447,2
2007-04-04,2400.090329313991,920.767970340435,3320.858299654426,2
2007-04-05,2400.090329313991,932.2597764830522,3332.350105797043,2
2007-04-09,2424.549015744806,917.1206566603654,3341.6696724051717,2
2007-04-10,2454.311948768797,895.2248119376043,3349.536760706401,2
2007-04-11,2454.311948768797,866.7712801988655,3321.0832289676623,2
2007-04-12,2454.311948768797,897.0770678470274,3351.3890166158244,2
2007-04-13,2454.311948768797,914.8195535573107,3369.1315023261077,2
2007-04-16,2479.906559054732,914.8085666604889,3394.715125715221,2
2007-04-17,2479.906559054732,920.3338186503977,3400.2403777051295,2
2007-04-18,2479.906559054732,920.7569229318892,3400.6634819866213,2
2007-04-19,2479.906559054732,918.3535985712515,3398.2601576259835,2
2007-04-20,2516.803381158583,902.3316385705878,3419.1350197291704,2
2007-04-23,2516.803381158583,889.3352079147271,3406.13858907331,2
2007-04-24,2516.803381158583,889.2544358262965,3406.0578169848795,2
2007-04-25,2516.803381158583,919.0832552298369,3435.88663638842,2
2007-04-26,2516.803381158583,923.9237931910903,3440.727174349673,2
2007-04-27,2538.4374140836503,901.4472042388572,3439.884618322508,2
2007-04-30,2538.4374140836503,860.9823429887322,3399.4197570723827,2
2007-05-01,2538.4374140836503,880.2565989833442,3418.6940130669946,2
2007-05-02,2538.4374140836503,908.4930211132341,3446.9304351968844,2
2007-05-03,2538.4374140836503,922.6832178147381,3461.1206318983886,2
2007-05-04,2538.4374140836503,932.4593619646231,3470.8967760482733,2
2007-05-07,2570.904427991887,904.6002131374478,3475.504641129335,2
2007-05-08,2570.904427991887,902.7083928125212,3473.6128208044083,2
2007-05-09,2570.904427991887,917.0981468293372,3488.0025748212242,2
2007-05-10,2570.904427991887,866.3366019946529,3437.24102998654,2
2007-05-11,2570.904427991887,908.5827341097915,3479.4871621016787,2
2007-05-14,2570.904427991887,900.0314464910998,3470.935874482987,2
2007-05-15,2570.904427991887,898.1671872071089,3469.071615198996,2
2007-05-16,2604.842880224569,890.0847841734976,3494.9276643980666,2
2007-05-17,2604.842880224569,889.1053249807176,3493.9482052052863,2
2007-05-18,2604.842880224569,918.6730552476979,3523.515935472267,2
2007-05-21,2604.842880224569,923.599388609603,3528.442268834172,2
2007-05-22,2604.842880224569,927.2019830002989,3532.044863224868,2
2007-05-23,2604.842880224569,924.8605109241903,3529.7033911487592,2
2007-05-24,2604.842880224569,888.4199633500073,3493.2628435745764,2
2007-05-25,2604.842880224569,917.696954392369,3522.5398346169377,2
2007-05-29,2629.361332030123,902.9112435585466,3532.2725755886695,2
2007-05-30,2657.7555265807296,897.7481617513373,3555.5036883320668,2
2007-05-31,2657.7555265807296,897.6411517224881,3555.3966783032174,2
2007-06-01,2657.7555265807296,912.1449600459146,3569.900486626644,2
2007-06-04,2657.7555265807296,916.6410112724657,3574.3965378531952,2
2007-06-05,2657.7555265807296,901.1382564621299,3558.8937830428595,2
2007-06-06,2657.7555265807296,862.5242196450561,3520.279746225786,2
2007-06-07,2657.7555265807296,772.5294565900281,3430.2849831707576,2
2007-06-08,2657.7555265807296,841.4551854839403,3499.2107120646697,2
2007-06-11,2657.7555265807296,853.1795374482398,3510.9350640289695,2
2007-06-12,2657.7555265807296,787.3657687660441,3445.121295346774,2
2007-06-13,2657.7555265807296,876.135463246809,3533.8909898275388,2
2007-06-14,2657.7555265807296,908.2237856443451,3565.979312225075,2
2007-06-15,2689.294164578727,889.5500492207041,3578.8442137994307,2
2007-06-18,2689.294164578727,899.0764894736585,3588.3706540523854,2
2007-06-19,2689.294164578727,914.0729207906867,3603.3670853694134,2
2007-06-20,2689.294164578727,842.8384028498865,3532.1325674286136,2
2007-06-21,2689.294164578727,878.4312405111235,3567.7254050898505,2
2007-06-22,2689.294164578727,802.282677087912,3491.5768416666388,2
2007-06-25,2689.294164578727,784.5890199837236,3473.8831845624504,2
2007-06-26,2689.294164578727,753.4745868409544,3442.7687514196814,2
2007-06-27,2689.294164578727,839.3772425018822,3528.6714070806092,2
2007-06-28,2689.294164578727,842.7270658834116,3532.021230462138,2
2007-06-29,2689.294164578727,833.4148222153185,3522.7089867940454,2
2007-07-02,2735.0986833529255,868.6525400726066,3603.751223425532,2
2007-07-03,2735.0986833529255,888.0835331352289,3623.182216488154,2
2007-07-05,2735.0986833529255,889.7772670578681,3624.875950410794,2
2007-07-06,2735.0986833529255,910.7299502108352,3645.828633563761,2
2007-07-09,2735.0986833529255,920.4378368923344,3655.53652024526,2
2007-07-10,2735.0986833529255,851.3962524639005,3586.494935816826,2
2007-07-11,2735.0986833529255,888.0217740751688,3623.120457428094,2
2007-07-12,2772.6840133606984,908.549430365691,3681.2334437263894,2
2007-07-13,2798.43150463805,887.6886585074611,3686.120163145511,2
2007-07-16,2798.43150463805,883.7691142077738,3682.2006188458236,2
2007-07-17,2798.43150463805,884.8870150104732,3683.318519648523,2
2007-07-18,2798.43150463805,877.9675490304463,3676.399053668496,2
2007-07-19,2798.43150463805,898.3859197700898,3696.8174244081397,2
2007-07-20,2798.43150463805,850.2932779236517,3648.7247825617014,2
2007-07-23,2798.43150463805,872.7356983448556,3671.167202982905,2
2007-07-24,2798.43150463805,786.3745794106674,3584.806084048717,2
2007-07-25,2798.43150463805,811.1189389838163,3609.550443621866,2
2007-07-26,3105.577659365673,340.9488482344635,3446.5265076001365,1
2007-07-27,3366.2516794299204,0,3366.2516794299204,0
2007-07-30,3366.2516794299204,0,3366.2516794299204,0
2007-07-31,3366.2516794299204,0,3366.2516794299204,0
2007-08-01,3366.2516794299204,0,3366.2516794299204,0
2007-08-02,3366.2516794299204,0,3366.2516794299204,0
2007-08-03,3366.2516794299204,0,3366.2516794299204,0
2007-08-06,3366.2516794299204,0,3366.2516794299204,0
2007-08-07,3366.2516794299204,0,3366.2516794299204,0
2007-08-08,3366.2516794299204,0,3366.2516794299204,0
2007-08-09,3366.2516794299204,0,3366.2516794299204,0
2007-08-10,3366.2516794299204,0,3366.2516794299204,0
2007-08-13,3366.2516794299204,0,3366.2516794299204,0
2007-08-14,3366.2516794299204,0,3366.2516794299204,0
2007-08-15,3366.2516794299204,0,3366.2516794299204,0
2007-08-16,3366.2516794299204,0,3366.2516794299204,0
2007-08-17,3366.2516794299204,0,3366.2516794299204,0
2007-08-20,3366.2516794299204,0,3366.2516794299204,0
2007-08-21,3366.2516794299204,0,3366.2516794299204,0
2007-08-22,3366.2516794299204,0,3366.2516794299204,0
2007-08-23,3366.2516794299204,0,3366.2516794299204,0
2007-08-24,3366.2516794299204,0,3366.2516794299204,0
2007-08-27,3366.2516794299204,0,3366.2516794299204,0
2007-08-28,3366.2516794299204,0,3366.2516794299204,0
2007-08-29,3366.2516794299204,0,3366.2516794299204,0
2007-08-30,3366.2516794299204,0,3366.2516794299204,0
2007-08-31,3366.2516794299204,0,3366.2516794299204,0
2007-09-04,2921.5219098784833,439.4297695514371,3360.95167942992,1
2007-09-05,2921.5219098784833,427.99125211138005,3349.5131619898634,1
2007-09-06,2921.5219098784833,432.5435735333045,3354.0654834117877,1
2007-09-07,2921.5219098784833,414.7680151476507,3336.289925026134,1
2007-09-10,2921.5219098784833,412.88905670024076,3334.410966578724,1
2007-09-11,2921.5219098784833,428.4185101797263,3349.9404200582094,1
2007-09-12,2921.5219098784833,429.31000952505406,3350.8319194035375,1
2007-09-13,2477.065465213078,876.8788676012498,3353.944332814328,2
2007-09-14,2477.065465213078,877.6959892868273,3354.761454499905,2
2007-09-17,2477.065465213078,868.3033661645421,3345.36883137762,2
2007-09-18,2477.065465213078,935.8988403851652,3412.9643055982433,2
2007-09-19,2509.3560581396,906.9246656361049,3416.280723775705,2
2007-09-20,2509.3560581396,896.2784496919145,3405.6345078315144,2
2007-09-21,2538.5987230252476,876.564720120681,3415.163443145929,2
2007-09-24,2538.5987230252476,866.9711054749548,3405.5698285002027,2
2007-09-25,2538.5987230252476,871.983426887861,3410.582149913109,2
2007-09-26,2538.5987230252476,892.2076904694197,3430.806413494667,2
2007-09-27,2538.5987230252476,906.8535197558606,3445.452242781108,2
2007-09-28,2538.5987230252476,895.2264661911329,3433.8251892163807,2
2007-10-01,2538.5987230252476,927.2990347038742,3465.8977577291216,2
2007-10-02,2538.5987230252476,924.7072781480163,3463.306001173264,2
2007-10-03,2538.5987230252476,917.5023224580846,3456.101045483332,2
2007-10-04,2538.5987230252476,926.4830803426153,3465.081803367863,2
2007-10-05,3048.0707129945736,436.653634282732,3484.7243472773057,1
2007-10-08,2603.8799700155155,871.6397783368602,3475.5197483523757,2
2007-10-09,2603.8799700155155,900.9172761151326,3504.797246130648,2
2007-10-10,2603.8799700155155,894.646264909758,3498.5262349252735,2
2007-10-11,2603.8799700155155,869.6864384731314,3473.5664084886466,2
2007-10-12,2603.8799700155155,889.3242120455927,3493.2041820611084,2
2007-10-15,2603.8799700155155,864.7121526428705,3468.592122658386,2
2007-10-16,2603.8799700155155,843.8085296847948,3447.6884997003103,2
2007-10-17,2603.8799700155155,859.4263887367117,3463.3063587522274,2
2007-10-18,2603.8799700155155,859.4843030626375,3463.364273078153,2
2007-10-19,2603.8799700155155,743.6039288666116,3347.483898882127,2
2007-10-22,2603.8799700155155,763.9240618379318,3367.804031853447,2
2007-10-23,2603.8799700155155,810.159920242749,3414.0398902582647,2
2007-10-24,2603.8799700155155,799.5137692131323,3403.393739228648,2
2007-10-25,2603.8799700155155,795.3880935151748,3399.26806353069,2
2007-10-26,2603.8799700155155,865.3105684486121,3469.1905384641277,2
2007-10-29,2603.8799700155155,890.2289115870249,3494.1088816025404,2
2007-10-30,2603.8799700155155,863.5191803905586,3467.399150406074,2
2007-10-31,2603.8799700155155,929.7214340851892,3533.6014041007047,2
2007-11-01,2603.8799700155155,788.0811644575526,3391.9611344730683,2
2007-11-02,2603.8799700155155,799.8915341161699,3403.771504131685,2
2007-11-05,2603.8799700155155,783.7566418219097,3387.6366118374253,2
2007-11-06,2603.8799700155155,902.0977913526547,3505.97776136817,2
2007-11-07,3176.5581758787985,0,3176.5581758787985,0
2007-11-08,3176.5581758787985,0,3176.5581758787985,0
2007-11-09,3176.5581758787985,0,3176.5581758787985,0
2007-11-12,3176.5581758787985,0,3176.5581758787985,0
2007-11-13,3176.5581758787985,0,3176.5581758787985,0
2007-11-14,3176.5581758787985,0,3176.5581758787985,0
2007-11-15,3176.5581758787985,0,3176.5581758787985,0
2007-11-16,3176.5581758787985,0,3176.5581758787985,0
2007-11-19,3176.5581758787985,0,3176.5581758787985,0
2007-11-20,3176.5581758787985,0,3176.5581758787985,0
2007-11-21,3176.5581758787985,0,3176.5581758787985,0
2007-11-23,3176.5581758787985,0,3176.5581758787985,0
2007-11-26,3176.5581758787985,0,3176.5581758787985,0
2007-11-27,3176.5581758787985,0,3176.5581758787985,0
2007-11-28,3176.5581758787985,0,3176.5581758787985,0
2007-11-29,3176.5581758787985,0,3176.5581758787985,0
2007-11-30,3176.5581758787985,0,3176.5581758787985,0
2007-12-03,3176.5581758787985,0,3176.5581758787985,0
2007-12-04,3176.5581758787985,0,3176.5581758787985,0
2007-12-05,3176.5581758787985,0,3176.5581758787985,0
2007-12-06,2736.3419594703532,434.91621640844505,3171.2581758787983,1
2007-12-07,2291.2380587266093,873.7158515709855,3164.953910297595,2
2007-12-10,2291.2380587266093,890.4057423454667,3181.643801072076,2
2007-12-11,2291.2380587266093,829.9410897213054,3121.1791484479145,2
2007-12-12,2291.2380587266093,847.6830537165324,3138.9211124431417,2
2007-12-13,2291.2380587266093,851.0550426377922,3142.2931013644015,2
2007-12-14,2291.2380587266093,814.5380236194572,3105.7760823460667,2
2007-12-17,2291.2380587266093,762.7011888680051,3053.9392475946142,2
2007-12-18,2291.2380587266093,788.7441115579072,3079.9821702845165,2
2007-12-19,2291.2380587266093,786.4449793670556,3077.683038093665,2
2007-12-20,2291.2380587266093,810.8401153086031,3102.078174035212,2
2007-12-21,2291.2380587266093,881.2243979899481,3172.4624567165574,2
2007-12-24,2291.2380587266093,910.7549271084446,3201.992985835054,2
2007-12-26,2291.2380587266093,920.0575658658001,3211.2956245924097,2
2007-12-27,2291.2380587266093,872.4286025854205,3163.6666613120296,2
2007-12-28,2291.2380587266093,878.6484289244331,3169.8864876510424,2
2007-12-31,2291.2380587266093,858.4473274794514,3149.6853862060607,2
2008-01-02,2291.2380587266093,793.9776288198384,3085.215687546448,2
2008-01-03,2291.2380587266093,804.6874391882864,3095.9254979148955,2
2008-01-04,2836.2049887322373,0,2836.2049887322373,0
2008-01-07,2836.2049887322373,0,2836.2049887322373,0
2008-01-08,2836.2049887322373,0,2836.2049887322373,0
2008-01-09,2836.2049887322373,0,2836.2049887322373,0
2008-01-10,2836.2049887322373,0,2836.2049887322373,0
2008-01-11,2836.2049887322373,0,2836.2049887322373,0
2008-01-14,2836.2049887322373,0,2836.2049887322373,0
2008-01-15,2836.2049887322373,0,2836.2049887322373,0
2008-01-16,2836.2049887322373,0,2836.2049887322373,0
2008-01-17,2836.2049887322373,0,2836.2049887322373,0
2008-01-18,2836.2049887322373,0,2836.2049887322373,0
2008-01-22,2836.2049887322373,0,2836.2049887322373,0
2008-01-23,2836.2049887322373,0,2836.2049887322373,0
2008-01-24,2836.2049887322373,0,2836.2049887322373,0
2008-01-25,2836.2049887322373,0,2836.2049887322373,0
2008-01-28,2836.2049887322373,0,2836.2049887322373,0
2008-01-29,2836.2049887322373,0,2836.2049887322373,0
2008-01-30,2836.2049887322373,0,2836.2049887322373,0
2008-01-31,2836.2049887322373,0,2836.2049887322373,0
2008-02-01,2836.2049887322373,0,2836.2049887322373,0
2008-02-04,2836.2049887322373,0,2836.2049887322373,0
2008-02-05,2836.2049887322373,0,2836.2049887322373,0
2008-02-06,2836.2049887322373,0,2836.2049887322373,0
2008-02-07,2836.2049887322373,0,2836.2049887322373,0
2008-02-08,2836.2049887322373,0,2836.2049887322373,0
2008-02-11,2836.2049887322373,0,2836.2049887322373,0
2008-02-12,2836.2049887322373,0,2836.2049887322373,0
2008-02-13,2836.2049887322373,0,2836.2049887322373,0
2008-02-14,2836.2049887322373,0,2836.2049887322373,0
2008-02-15,2836.2049887322373,0,2836.2049887322373,0
2008-02-19,2836.2049887322373,0,2836.2049887322373,0
2008-02-20,2836.2049887322373,0,2836.2049887322373,0
2008-02-21,2836.2049887322373,0,2836.2049887322373,0
2008-02-22,2836.2049887322373,0,2836.2049887322373,0
2008-02-25,2836.2049887322373,0,2836.2049887322373,0
2008-02-26,2836.2049887322373,0,2836.2049887322373,0
2008-02-27,2836.2049887322373,0,2836.2049887322373,0
2008-02-28,2836.2049887322373,0,2836.2049887322373,0
2008-02-29,2836.2049887322373,0,2836.2049887322373,0
2008-03-03,2836.2049887322373,0,2836.2049887322373,0
2008-03-04,2836.2049887322373,0,2836.2049887322373,0
2008-03-05,2836.2049887322373,0,2836.2049887322373,0
2008-03-06,2836.2049887322373,0,2836.2049887322373,0
2008-03-07,2836.2049887322373,0,2836.2049887322373,0
2008-03-10,2836.2049887322373,0,2836.2049887322373,0
2008-03-11,2836.2049887322373,0,2836.2049887322373,0
2008-03-12,2836.2049887322373,0,2836.2049887322373,0
2008-03-13,2836.2049887322373,0,2836.2049887322373,0
2008-03-14,2836.2049887322373,0,2836.2049887322373,0
2008-03-17,2836.2049887322373,0,2836.2049887322373,0
2008-03-18,2836.2049887322373,0,2836.2049887322373,0
2008-03-19,2836.2049887322373,0,2836.2049887322373,0
2008-03-20,2836.2049887322373,0,2836.2049887322373,0
2008-03-24,2836.2049887322373,0,2836.2049887322373,0
2008-03-25,2836.2049887322373,0,2836.2049887322373,0
2008-03-26,2836.2049887322373,0,2836.2049887322373,0
2008-03-27,2836.2049887322373,0,2836.2049887322373,0
2008-03-28,2836.2049887322373,0,2836.2049887322373,0
2008-03-31,2836.2049887322373,0,2836.2049887322373,0
2008-04-01,2836.2049887322373,0,2836.2049887322373,0
2008-04-02,2836.2049887322373,0,2836.2049887322373,0
2008-04-03,2836.2049887322373,0,2836.2049887322373,0
2008-04-04,2836.2049887322373,0,2836.2049887322373,0
2008-04-07,2836.2049887322373,0,2836.2049887322373,0
2008-04-08,2836.2049887322373,0,2836.2049887322373,0
2008-04-09,2836.2049887322373,0,2836.2049887322373,0
2008-04-10,2836.2049887322373,0,2836.2049887322373,0
2008-04-11,2836.2049887322373,0,2836.2049887322373,0
2008-04-14,2836.2049887322373,0,2836.2049887322373,0
2008-04-15,2836.2049887322373,0,2836.2049887322373,0
2008-04-16,2836.2049887322373,0,2836.2049887322373,0
2008-04-17,2836.2049887322373,0,2836.2049887322373,0
2008-04-18,2836.2049887322373,0,2836.2049887322373,0
2008-04-21,2836.2049887322373,0,2836.2049887322373,0
2008-04-22,2836.2049887322373,0,2836.2049887322373,0
2008-04-23,2836.2049887322373,0,2836.2049887322373,0
2008-04-24,2836.2049887322373,0,2836.2049887322373,0
2008-04-25,2836.2049887322373,0,2836.2049887322373,0
2008-04-28,2836.2049887322373,0,2836.2049887322373,0
2008-04-29,2836.2049887322373,0,2836.2049887322373,0
2008-04-30,2836.2049887322373,0,2836.2049887322373,0
2008-05-01,2836.2049887322373,0,2836.2049887322373,0
2008-05-02,2836.2049887322373,0,2836.2049887322373,0
2008-05-05,2836.2049887322373,0,2836.2049887322373,0
2008-05-06,2836.2049887322373,0,2836.2049887322373,0
2008-05-07,2836.2049887322373,0,2836.2049887322373,0
2008-05-08,2836.2049887322373,0,2836.2049887322373,0
2008-05-09,2836.2049887322373,0,2836.2049887322373,0
2008-05-12,2836.2049887322373,0,2836.2049887322373,0
2008-05-13,2836.2049887322373,0,2836.2049887322373,0
2008-05-14,2836.2049887322373,0,2836.2049887322373,0
2008-05-15,2836.2049887322373,0,2836.2049887322373,0
2008-05-16,2836.2049887322373,0,2836.2049887322373,0
2008-05-19,2836.2049887322373,0,2836.2049887322373,0
2008-05-20,2836.2049887322373,0,2836.2049887322373,0
2008-05-21,2836.2049887322373,0,2836.2049887322373,0
2008-05-22,2836.2049887322373,0,2836.2049887322373,0
2008-05-23,2836.2049887322373,0,2836.2049887322373,0
2008-05-27,2836.2049887322373,0,2836.2049887322373,0
2008-05-28,2836.2049887322373,0,2836.2049887322373,0
2008-05-29,2836.2049887322373,0,2836.2049887322373,0
2008-05-30,2836.2049887322373,0,2836.2049887322373,0
2008-06-02,2836.2049887322373,0,2836.2049887322373,0
2008-06-03,2836.2049887322373,0,2836.2049887322373,0
2008-06-04,2836.2049887322373,0,2836.2049887322373,0
2008-06-05,2836.2049887322373,0,2836.2049887322373,0
2008-06-06,2836.2049887322373,0,2836.2049887322373,0
2008-06-09,2836.2049887322373,0,2836.2049887322373,0
2008-06-10,2836.2049887322373,0,2836.2049887322373,0
2008-06-11,2836.2049887322373,0,2836.2049887322373,0
2008-06-12,2836.2049887322373,0,2836.2049887322373,0
2008-06-13,2836.2049887322373,0,2836.2049887322373,0
2008-06-16,2836.2049887322373,0,2836.2049887322373,0
2008-06-17,2836.2049887322373,0,2836.2049887322373,0
2008-06-18,2836.2049887322373,0,2836.2049887322373,0
2008-06-19,2836.2049887322373,0,2836.2049887322373,0
2008-06-20,2836.2049887322373,0,2836.2049887322373,0
2008-06-23,2836.2049887322373,0,2836.2049887322373,0
2008-06-24,2836.2049887322373,0,2836.2049887322373,0
2008-06-25,2836.2049887322373,0,2836.2049887322373,0
2008-06-26,2836.2049887322373,0,2836.2049887322373,0
2008-06-27,2836.2049887322373,0,2836.2049887322373,0
2008-06-30,2836.2049887322373,0,2836.2049887322373,0
2008-07-01,2836.2049887322373,0,2836.2049887322373,0
2008-07-02,2836.2049887322373,0,2836.2049887322373,0
2008-07-03,2836.2049887322373,0,2836.2049887322373,0
2008-07-07,2836.2049887322373,0,2836.2049887322373,0
2008-07-08,2836.2049887322373,0,2836.2049887322373,0
2008-07-09,2836.2049887322373,0,2836.2049887322373,0
2008-07-10,2836.2049887322373,0,2836.2049887322373,0
2008-07-11,2836.2049887322373,0,2836.2049887322373,0
2008-07-14,2836.2049887322373,0,2836.2049887322373,0
2008-07-15,2836.2049887322373,0,2836.2049887322373,0
2008-07-16,2836.2049887322373,0,2836.2049887322373,0
2008-07-17,2836.2049887322373,0,2836.2049887322373,0
2008-07-18,2836.2049887322373,0,2836.2049887322373,0
2008-07-21,2836.2049887322373,0,2836.2049887322373,0
2008-07-22,2836.2049887322373,0,2836.2049887322373,0
2008-07-23,2836.2049887322373,0,2836.2049887322373,0
2008-07-24,2836.2049887322373,0,2836.2049887322373,0
2008-07-25,2836.2049887322373,0,2836.2049887322373,0
2008-07-28,2836.2049887322373,0,2836.2049887322373,0
2008-07-29,2836.2049887322373,0,2836.2049887322373,0
2008-07-30,2836.2049887322373,0,2836.2049887322373,0
2008-07-31,2836.2049887322373,0,2836.2049887322373,0
2008-08-01,2836.2049887322373,0,2836.2049887322373,0
2008-08-04,2836.2049887322373,0,2836.2049887322373,0
2008-08-05,2836.2049887322373,0,2836.2049887322373,0
2008-08-06,2836.2049887322373,0,2836.2049887322373,0
2008-08-07,2836.2049887322373,0,2836.2049887322373,0
2008-08-08,2836.2049887322373,0,2836.2049887322373,0
2008-08-11,2836.2049887322373,0,2836.2049887322373,0
2008-08-12,2836.2049887322373,0,2836.2049887322373,0
2008-08-13,2836.2049887322373,0,2836.2049887322373,0
2008-08-14,2836.2049887322373,0,2836.2049887322373,0
2008-08-15,2836.2049887322373,0,2836.2049887322373,0
2008-08-18,2836.2049887322373,0,2836.2049887322373,0
2008-08-19,2836.2049887322373,0,2836.2049887322373,0
2008-08-20,2836.2049887322373,0,2836.2049887322373,0
2008-08-21,2836.2049887322373,0,2836.2049887322373,0
2008-08-22,2392.7685487913536,438.13643994088346,2830.904988732237,1
2008-08-25,2392.7685487913536,411.020181407039,2803.788730198393,1
2008-08-26,2392.7685487913536,417.24040730290676,2810.0089560942606,1
2008-08-27,1944.1475033377505,872.8762428564589,2817.0237461942097,2
2008-08-28,1944.1475033377505,902.5157315095303,2846.663234847281,2
2008-08-29,1944.1475033377505,872.7975965300959,2816.9450998678467,2
2008-09-02,1944.1475033377505,863.4028651690486,2807.5503685067993,2
2008-09-03,1944.1475033377505,862.7889661783428,2806.9364695160934,2
2008-09-04,1944.1475033377505,757.951455065492,2702.0989584032427,2
2008-09-05,1944.1475033377505,780.1901338826851,2724.3376372204357,2
2008-09-08,1944.1475033377505,851.8663482496297,2796.0138515873805,2
2008-09-09,2258.9665888261898,378.77668258488944,2637.743271411079,1
2008-09-10,2258.9665888261898,391.03901397141846,2650.0056027976084,1
2008-09-11,2258.9665888261898,414.59690516404385,2673.563493990234,1
2008-09-12,2258.9665888261898,416.3915483861864,2675.3581372123763,1
2008-09-15,2533.225305565119,0,2533.225305565119,0
2008-09-16,2533.225305565119,0,2533.225305565119,0
2008-09-17,2533.225305565119,0,2533.225305565119,0
2008-09-18,2533.225305565119,0,2533.225305565119,0
2008-09-19,2533.225305565119,0,2533.225305565119,0
2008-09-22,2533.225305565119,0,2533.225305565119,0
2008-09-23,2533.225305565119,0,2533.225305565119,0
2008-09-24,2533.225305565119,0,2533.225305565119,0
2008-09-25,2533.225305565119,0,2533.225305565119,0
2008-09-26,2533.225305565119,0,2533.225305565119,0
2008-09-29,2533.225305565119,0,2533.225305565119,0
2008-09-30,2533.225305565119,0,2533.225305565119,0
2008-10-01,2533.225305565119,0,2533.225305565119,0
2008-10-02,2533.225305565119,0,2533.225305565119,0
2008-10-03,2533.225305565119,0,2533.225305565119,0
2008-10-06,2533.225305565119,0,2533.225305565119,0
2008-10-07,2533.225305565119,0,2533.225305565119,0
2008-10-08,2533.225305565119,0,2533.225305565119,0
2008-10-09,2533.225305565119,0,2533.225305565119,0
2008-10-10,2533.225305565119,0,2533.225305565119,0
2008-10-13,2533.225305565119,0,2533.225305565119,0
2008-10-14,2533.225305565119,0,2533.225305565119,0
2008-10-15,2533.225305565119,0,2533.225305565119,0
2008-10-16,2533.225305565119,0,2533.225305565119,0
2008-10-17,2533.225305565119,0,2533.225305565119,0
2008-10-20,2533.225305565119,0,2533.225305565119,0
2008-10-21,2533.225305565119,0,2533.225305565119,0
2008-10-22,2533.225305565119,0,2533.225305565119,0
2008-10-23,2533.225305565119,0,2533.225305565119,0
2008-10-24,2533.225305565119,0,2533.225305565119,0
2008-10-27,2533.225305565119,0,2533.225305565119,0
2008-10-28,2533.225305565119,0,2533.225305565119,0
2008-10-29,2533.225305565119,0,2533.225305565119,0
2008-10-30,2533.225305565119,0,2533.225305565119,0
2008-10-31,2533.225305565119,0,2533.225305565119,0
2008-11-03,2533.225305565119,0,2533.225305565119,0
2008-11-04,2533.225305565119,0,2533.225305565119,0
2008-11-05,2533.225305565119,0,2533.225305565119,0
2008-11-06,2533.225305565119,0,2533.225305565119,0
2008-11-07,2533.225305565119,0,2533.225305565119,0
2008-11-10,2533.225305565119,0,2533.225305565119,0
2008-11-11,2533.225305565119,0,2533.225305565119,0
2008-11-12,2533.225305565119,0,2533.225305565119,0
2008-11-13,2533.225305565119,0,2533.225305565119,0
2008-11-14,2533.225305565119,0,2533.225305565119,0
2008-11-17,2533.225305565119,0,2533.225305565119,0
2008-11-18,2533.225305565119,0,2533.225305565119,0
2008-11-19,2533.225305565119,0,2533.225305565119,0
2008-11-20,2533.225305565119,0,2533.225305565119,0
2008-11-21,2533.225305565119,0,2533.225305565119,0
2008-11-24,2533.225305565119,0,2533.225305565119,0
2008-11-25,2533.225305565119,0,2533.225305565119,0
2008-11-26,2533.225305565119,0,2533.225305565119,0
2008-11-28,2533.225305565119,0,2533.225305565119,0
2008-12-01,2533.225305565119,0,2533.225305565119,0
2008-12-02,2533.225305565119,0,2533.225305565119,0
2008-12-03,2533.225305565119,0,2533.225305565119,0
2008-12-04,2533.225305565119,0,2533.225305565119,0
2008-12-05,2533.225305565119,0,2533.225305565119,0
2008-12-08,2533.225305565119,0,2533.225305565119,0
2008-12-09,2533.225305565119,0,2533.225305565119,0
2008-12-10,2533.225305565119,0,2533.225305565119,0
2008-12-11,2533.225305565119,0,2533.225305565119,0
2008-12-12,2533.225305565119,0,2533.225305565119,0
2008-12-15,2533.225305565119,0,2533.225305565119,0
2008-12-16,2533.225305565119,0,2533.225305565119,0
2008-12-17,2533.225305565119,0,2533.225305565119,0
2008-12-18,2533.225305565119,0,2533.225305565119,0
2008-12-19,2533.225305565119,0,2533.225305565119,0
2008-12-22,2533.225305565119,0,2533.225305565119,0
2008-12-23,2533.225305565119,0,2533.225305565119,0
2008-12-24,2533.225305565119,0,2533.225305565119,0
2008-12-26,2533.225305565119,0,2533.225305565119,0
2008-12-29,2533.225305565119,0,2533.225305565119,0
2008-12-30,2533.225305565119,0,2533.225305565119,0
2008-12-31,2533.225305565119,0,2533.225305565119,0
2009-01-02,2533.225305565119,0,2533.225305565119,0
2009-01-05,2533.225305565119,0,2533.225305565119,0
2009-01-06,2533.225305565119,0,2533.225305565119,0
2009-01-07,2533.225305565119,0,2533.225305565119,0
2009-01-08,2533.225305565119,0,2533.225305565119,0
2009-01-09,2533.225305565119,0,2533.225305565119,0
2009-01-12,2533.225305565119,0,2533.225305565119,0
2009-01-13,2533.225305565119,0,2533.225305565119,0
2009-01-14,2533.225305565119,0,2533.225305565119,0
2009-01-15,2533.225305565119,0,2533.225305565119,0
2009-01-16,2533.225305565119,0,2533.225305565119,0
2009-01-20,2533.225305565119,0,2533.225305565119,0
2009-01-21,2533.225305565119,0,2533.225305565119,0
2009-01-22,2533.225305565119,0,2533.225305565119,0
2009-01-23,2533.225305565119,0,2533.225305565119,0
2009-01-26,2533.225305565119,0,2533.225305565119,0
2009-01-27,2533.225305565119,0,2533.225305565119,0
2009-01-28,2533.225305565119,0,2533.225305565119,0
2009-01-29,2533.225305565119,0,2533.225305565119,0
2009-01-30,2533.225305565119,0,2533.225305565119,0
2009-02-02,2533.225305565119,0,2533.225305565119,0
2009-02-03,2533.225305565119,0,2533.225305565119,0
2009-02-04,2533.225305565119,0,2533.225305565119,0
2009-02-05,2533.225305565119,0,2533.225305565119,0
2009-02-06,2533.225305565119,0,2533.225305565119,0
2009-02-09,2533.225305565119,0,2533.225305565119,0
2009-02-10,2533.225305565119,0,2533.225305565119,0
2009-02-11,2533.225305565119,0,2533.225305565119,0
2009-02-12,2533.225305565119,0,2533.225305565119,0
2009-02-13,2533.225305565119,0,2533.225305565119,0
2009-02-17,2533.225305565119,0,2533.225305565119,0
2009-02-18,2533.225305565119,0,2533.225305565119,0
2009-02-19,2533.225305565119,0,2533.225305565119,0
2009-02-20,2533.225305565119,0,2533.225305565119,0
2009-02-23,2533.225305565119,0,2533.225305565119,0
2009-02-24,2533.225305565119,0,2533.225305565119,0
2009-02-25,2533.225305565119,0,2533.225305565119,0
2009-02-26,2533.225305565119,0,2533.225305565119,0
2009-02-27,2533.225305565119,0,2533.225305565119,0
2009-03-02,2533.225305565119,0,2533.225305565119,0
2009-03-03,2533.225305565119,0,2533.225305565119,0
2009-03-04,2533.225305565119,0,2533.225305565119,0
2009-03-05,2533.225305565119,0,2533.225305565119,0
2009-03-06,2533.225305565119,0,2533.225305565119,0
2009-03-09,2533.225305565119,0,2533.225305565119,0
2009-03-10,2533.225305565119,0,2533.225305565119,0
2009-03-11,2533.225305565119,0,2533.225305565119,0
2009-03-12,2533.225305565119,0,2533.225305565119,0
2009-03-13,2533.225305565119,0,2533.225305565119,0
2009-03-16,2533.225305565119,0,2533.225305565119,0
2009-03-17,2533.225305565119,0,2533.225305565119,0
2009-03-18,2533.225305565119,0,2533.225305565119,0
2009-03-19,2533.225305565119,0,2533.225305565119,0
2009-03-20,2533.225305565119,0,2533.225305565119,0
2009-03-23,2533.225305565119,0,2533.225305565119,0
2009-03-24,2533.225305565119,0,2533.225305565119,0
2009-03-25,2533.225305565119,0,2533.225305565119,0
2009-03-26,2533.225305565119,0,2533.225305565119,0
2009-03-27,2533.225305565119,0,2533.225305565119,0
2009-03-30,2533.225305565119,0,2533.225305565119,0
2009-03-31,2533.225305565119,0,2533.225305565119,0
2009-04-01,2533.225305565119,0,2533.225305565119,0
2009-04-02,2533.225305565119,0,2533.225305565119,0
2009-04-03,2533.225305565119,0,2533.225305565119,0
2009-04-06,2533.225305565119,0,2533.225305565119,0
2009-04-07,2533.225305565119,0,2533.225305565119,0
2009-04-08,2533.225305565119,0,2533.225305565119,0
2009-04-09,2533.225305565119,0,2533.225305565119,0
2009-04-13,2533.225305565119,0,2533.225305565119,0
2009-04-14,2533.225305565119,0,2533.225305565119,0
2009-04-15,2533.225305565119,0,2533.225305565119,0
2009-04-16,2533.225305565119,0,2533.225305565119,0
2009-04-17,2533.225305565119,0,2533.225305565119,0
2009-04-20,2533.225305565119,0,2533.225305565119,0
2009-04-21,2533.225305565119,0,2533.225305565119,0
2009-04-22,2533.225305565119,0,2533.225305565119,0
2009-04-23,2533.225305565119,0,2533.225305565119,0
2009-04-24,2533.225305565119,0,2533.225305565119,0
2009-04-27,2533.225305565119,0,2533.225305565119,0
2009-04-28,2533.225305565119,0,2533.225305565119,0
2009-04-29,2533.225305565119,0,2533.225305565119,0
2009-04-30,2533.225305565119,0,2533.225305565119,0
2009-05-01,2533.225305565119,0,2533.225305565119,0
2009-05-04,2533.225305565119,0,2533.225305565119,0
2009-05-05,2533.225305565119,0,2533.225305565119,0
2009-05-06,2533.225305565119,0,2533.225305565119,0
2009-05-07,2533.225305565119,0,2533.225305565119,0
2009-05-08,2533.225305565119,0,2533.225305565119,0
2009-05-11,2533.225305565119,0,2533.225305565119,0
2009-05-12,2533.225305565119,0,2533.225305565119,0
2009-05-13,2533.225305565119,0,2533.225305565119,0
2009-05-14,2533.225305565119,0,2533.225305565119,0
2009-05-15,2533.225305565119,0,2533.225305565119,0
2009-05-18,2533.225305565119,0,2533.225305565119,0
2009-05-19,2082.0287502821457,445.89655528297294,2527.925305565119,1
2009-05-20,1627.8804040876082,892.2566070087737,2520.1370110963817,2
2009-05-21,1627.8804040876082,873.5288324356624,2501.4092365232705,2
2009-05-22,1627.8804040876082,871.5983652519449,2499.478769339553,2
2009-05-26,1627.8804040876082,899.6483228541636,2527.5287269417718,2
2009-05-27,1627.8804040876082,879.0540802233706,2506.934484310979,2
2009-05-28,1627.8804040876082,895.9009990403448,2523.781403127953,2
2009-05-29,1627.8804040876082,914.619019556933,2542.4994236445414,2
2009-06-01,1627.8804040876082,933.9012684849458,2561.7816725725543,2
2009-06-02,1627.8804040876082,938.1345486497212,2566.0149527373296,2
2009-06-03,1627.8804040876082,927.2585356187144,2555.1389397063226,2
2009-06-04,1627.8804040876082,939.21761945207,2567.0980235396783,2
2009-06-05,1627.8804040876082,941.8175183454499,2569.697922433058,2
2009-06-08,1627.8804040876082,948.9947020699276,2576.875106157536,2
2009-06-09,2132.3701847840744,446.9524723239026,2579.3226571079767,1
2009-06-10,1681.9002235311123,890.51663983249,2572.4168633636023,2
2009-06-11,1681.9002235311123,897.2670343572102,2579.1672578883226,2
2009-06-12,1681.9002235311123,899.0449491010253,2580.9451726321377,2
2009-06-15,1681.9002235311123,871.0308734357777,2552.93109696689,2
2009-06-16,1681.9002235311123,853.0838451757188,2534.984068706831,2
2009-06-17,1681.9002235311123,850.8979890711594,2532.7982126022716,2
2009-06-18,1681.9002235311123,864.8713803418855,2546.7716038729977,2
2009-06-19,1681.9002235311123,873.6991578907678,2555.59938142188,2
2009-06-22,1681.9002235311123,812.0820225875302,2493.9822461186423,2
2009-06-23,1681.9002235311123,817.6663319255554,2499.5665554566676,2
2009-06-24,1681.9002235311123,835.0765893944352,2516.9768129255476,2
2009-06-25,1681.9002235311123,886.1801633566322,2568.0803868877447,2
2009-06-26,1681.9002235311123,887.7087062027026,2569.608929733815,2
2009-06-29,1681.9002235311123,914.3614260993575,2596.26164963047,2
2009-06-30,1681.9002235311123,899.194571160582,2581.094794691694,2
2009-07-01,1681.9002235311123,911.4095403832007,2593.309763914313,2
2009-07-02,1681.9002235311123,839.7990351455071,2521.699258676619,2
2009-07-06,1681.9002235311123,863.582944197072,2545.4831677281845,2
2009-07-07,1681.9002235311123,782.7759064780566,2464.676130009169,2
2009-07-08,1681.9002235311123,777.2031017687289,2459.1033252998413,2
2009-07-09,1681.9002235311123,809.9095455733078,2491.80976910442,2
2009-07-10,1681.9002235311123,798.256803481797,2480.157027012909,2
2009-07-13,2661.8347305495904,0,2661.8347305495904,0
2009-07-14,2661.8347305495904,0,2661.8347305495904,0
2009-07-15,2212.770892368016,443.76383818157416,2656.53473054959,1
2009-07-16,1764.9335230082197,891.8612218329949,2656.7947448412147,2
2009-07-17,1764.9335230082197,895.1930967035782,2660.126619711798,2
2009-07-20,1764.9335230082197,910.4048059217048,2675.3383289299245,2
2009-07-21,1764.9335230082197,917.2587546675893,2682.1922776758092,2
2009-07-22,1764.9335230082197,919.822175096937,2684.7556981051566,2
2009-07-23,1764.9335230082197,940.4597902876155,2705.3933132958355,2
2009-07-24,1790.8817481338729,913.0835086923423,2703.9652568262154,2
2009-07-27,1790.8817481338729,915.7009639523825,2706.5827120862555,2
2009-07-28,1790.8817481338729,911.9006805259606,2702.7824286598334,2
2009-07-29,1790.8817481338729,906.4280063980129,2697.309754531886,2
2009-07-30,1814.251248154521,890.847257117839,2705.09850527236,2
2009-07-31,1814.251248154521,891.1955257564946,2705.4467739110155,2
2009-08-03,1814.251248154521,912.1139521422456,2726.3652002967665,2
2009-08-04,1814.251248154521,918.914213234425,2733.165461388946,2
2009-08-05,1814.251248154521,917.703248879473,2731.954497033994,2
2009-08-06,1814.251248154521,910.6565306717644,2724.9077788262853,2
2009-08-07,1814.251248154521,929.1405984426431,2743.3918465971637,2
2009-08-10,1814.251248154521,931.7050306200031,2745.956278774524,2
2009-08-11,1814.251248154521,916.7378274204282,2730.9890755749493,2
2009-08-12,1814.251248154521,933.6897651045756,2747.9410132590965,2
2009-08-13,1843.841229535473,909.5788140553002,2753.4200435907733,2
2009-08-14,1843.841229535473,902.724840005315,2746.566069540788,2
2009-08-17,1843.841229535473,859.8146892404257,2703.6559187758985,2
2009-08-18,1843.841229535473,882.8437164178645,2726.684945953338,2
2009-08-19,1843.841229535473,894.9375097927308,2738.7787393282038,2
2009-08-20,1869.3182669379405,883.5133978241938,2752.831664762134,2
2009-08-21,1869.3182669379405,906.5947875917599,2775.9130545297003,2
2009-08-24,1869.3182669379405,909.5424182520516,2778.860685189992,2
2009-08-25,1869.3182669379405,914.3961400656287,2783.7144070035692,2
2009-08-26,1869.3182669379405,916.1007380052594,2785.4190049432,2
2009-08-27,1869.3182669379405,921.8583432281324,2791.176610166073,2
2009-08-28,1869.3182669379405,921.5152695778106,2790.833536515751,2
2009-08-31,1869.3182669379405,914.1232614751052,2783.4415284130455,2
2009-09-01,1869.3182669379405,873.2676441918063,2742.585911129747,2
2009-09-02,1869.3182669379405,870.0775641901702,2739.395831128111,2
2009-09-03,1869.3182669379405,893.6876079941273,2763.005874932068,2
2009-09-04,1869.3182669379405,924.097408612915,2793.4156755508557,2
2009-09-08,1901.2835419242701,910.4514097155068,2811.734951639777,2
2009-09-09,1931.2073787717943,888.6443112419311,2819.8516900137256,2
2009-09-10,1931.2073787717943,904.0171992517126,2835.224578023507,2
2009-09-11,1931.2073787717943,901.4802569660274,2832.6876357378214,2
2009-09-14,1931.2073787717943,912.8487285798569,2844.056107351651,2
2009-09-15,1931.2073787717943,919.2406836579662,2850.4480624297603,2
2009-09-16,1931.2073787717943,933.043563002942,2864.2509417747365,2
2009-09-17,1931.2073787717943,932.4505248010996,2863.6579035728937,2
2009-09-18,1931.2073787717943,935.1882200010635,2866.3955987728577,2
2009-09-21,1931.2073787717943,937.8088545607378,2869.016233332532,2
2009-09-22,1962.310622200278,911.8279986238351,2874.138620824113,2
2009-09-23,1962.310622200278,899.3053047254884,2861.6159269257664,2
2009-09-24,1962.310622200278,882.0768804729535,2844.387502673231,2
2009-09-25,1962.310622200278,871.5908182264452,2833.901440426723,2
2009-09-28,1983.7966759083,877.660531963955,2861.457207872255,2
2009-09-29,1983.7966759083,874.311435960412,2858.108111868712,2
2009-09-30,1983.7966759083,868.8411568320657,2852.6378327403654,2
2009-10-01,1983.7966759083,815.4506546011205,2799.2473305094204,2
2009-10-02,1983.7966759083,804.190990896748,2787.987666805048,2
2009-10-05,1983.7966759083,840.081950810458,2823.878626718758,2
2009-10-06,1983.7966759083,871.0427862650515,2854.8394621733514,2
2009-10-07,1983.7966759083,881.1228818464213,2864.919557754721,2
2009-10-08,1983.7966759083,897.6665697204668,2881.463245628767,2
2009-10-09,1983.7966759083,913.5573590820791,2897.3540349903788,2
2009-10-12,1983.7966759083,928.8427367873387,2912.6394126956384,2
2009-10-13,1983.7966759083,928.5899463248888,2912.386622233189,2
2009-10-14,2489.288614850917,439.1102133574868,2928.3988282084038,1
2009-10-15,2039.7690151987574,888.9340405854483,2928.703055784206,2
2009-10-16,2039.7690151987574,878.3845986581391,2918.1536138568963,2
2009-10-19,2039.7690151987574,896.4282925761559,2936.1973077749135,2
2009-10-20,2039.7690151987574,890.8987183087572,2930.6677335075146,2
2009-10-21,2039.7690151987574,870.1981635599749,2909.967178758732,2
2009-10-22,2039.7690151987574,897.9998106190856,2937.768825817843,2
2009-10-23,2039.7690151987574,869.3368516826117,2909.1058668813694,2
2009-10-26,2039.7690151987574,838.9669361851033,2878.735951383861,2
2009-10-27,2039.7690151987574,829.9074926233363,2869.6765078220938,2
2009-10-28,2039.7690151987574,764.7801304131601,2804.5491456119175,2
2009-10-29,2039.7690151987574,839.5045796063248,2879.273594805082,2
2009-10-30,2039.7690151987574,729.9881770411133,2769.7571922398706,2
2009-11-02,2039.7690151987574,762.8473704444751,2802.6163856432327,2
2009-11-03,2039.7690151987574,772.7789905840972,2812.5480057828545,2
2009-11-04,2039.7690151987574,779.1071633750757,2818.8761785738334,2
2009-11-05,2039.7690151987574,855.8070227775315,2895.5760379762887,2
2009-11-06,2039.7690151987574,873.6152674061035,2913.384282604861,2
2009-11-09,2068.3397520304125,910.7275087244115,2979.067260754824,2
2009-11-10,2097.252218068442,880.0403398375561,2977.292557905998,2
2009-11-11,2097.252218068442,887.4280936783202,2984.680311746762,2
2009-11-12,2097.252218068442,869.1644666013364,2966.416684669778,2
2009-11-13,2097.252218068442,881.5957564837202,2978.8479745521618,2
2009-11-16,2097.252218068442,906.833080826879,3004.085298895321,2
2009-11-17,2097.252218068442,911.7278519630659,3008.9800700315077,2
2009-11-18,2097.252218068442,916.762378431519,3014.014596499961,2
2009-11-19,2097.252218068442,894.6798900336432,2991.9321081020853,2
2009-11-20,2097.252218068442,893.3570334829053,2990.6092515513474,2
2009-11-23,2097.252218068442,926.1801450923886,3023.4323631608304,2
2009-11-24,2097.252218068442,932.1977938237264,3029.4500118921683,2
2009-11-25,2097.252218068442,940.5529140638721,3037.8051321323137,2
2009-11-27,2097.252218068442,898.073988022047,2995.326206090489,2
2009-11-30,2097.252218068442,916.311162175612,3013.563380244054,2
2009-12-01,2595.796444957358,444.8056759181275,3040.6021208754855,1
2009-12-02,2151.238886010429,886.5081908789773,3037.7470768894063,2
2009-12-03,2151.238886010429,868.3811774732326,3019.6200634836614,2
2009-12-04,2151.238886010429,883.3634000231168,3034.6022860335456,2
2009-12-07,2151.238886010429,879.0502672105428,3030.2891532209715,2
2009-12-08,2151.238886010429,854.8479952513624,3006.086881261791,2
2009-12-09,2151.238886010429,866.8772825485239,3018.1161685589527,2
2009-12-10,2151.238886010429,880.8077986530559,3032.0466846634845,2
2009-12-11,2151.238886010429,892.5442424259504,3043.7831284363792,2
2009-12-14,2151.238886010429,912.6771341796007,3063.9160201900295,2
2009-12-15,2151.238886010429,904.0942075422597,3055.3330935526883,2
2009-12-16,2151.238886010429,914.2984503117492,3065.537336322178,2
2009-12-17,2151.238886010429,882.7367616215834,3033.975647632012,2
2009-12-18,2151.238886010429,902.2545355438106,3053.4934215542394,2
2009-12-21,2151.238886010429,938.0808942540187,3089.3197802644477,2
2009-12-22,2654.598396704466,441.4128745701097,3096.0112712745754,1
2009-12-23,2206.3168564135303,886.5329404478557,3092.849796861386,2
2009-12-24,2206.3168564135303,897.6302507066744,3103.9471071202047,2
2009-12-28,2206.3168564135303,902.6895563841487,3109.006412797679,2
2009-12-29,2206.3168564135303,901.6671632896504,3107.984019703181,2
2009-12-30,2206.3168564135303,904.0370102923509,3110.353866705881,2
2009-12-31,2206.3168564135303,878.6290593022026,3084.945915715733,2
2010-01-04,2206.3168564135303,923.2416558065354,3129.5585122200655,2
2010-01-05,2206.3168564135303,934.5140842465742,3140.8309406601047,2
2010-01-06,2206.3168564135303,939.1637432628518,3145.480599676382,2
2010-01-07,2229.6982456203905,917.5406749505896,3147.23892057098,2
2010-01-08,2260.8229837542904,891.5397659303715,3152.362749684662,2
2010-01-11,2260.8229837542904,902.8801104532587,3163.703094207549,2
2010-01-12,2260.8229837542904,880.9967521081819,3141.819735862472,2
2010-01-13,2260.8229837542904,902.0868148484711,3162.9097986027614,2
2010-01-14,2260.8229837542904,909.8660370320761,3170.689020786366,2
2010-01-15,2260.8229837542904,887.9515205008825,3148.774504255173,2
2010-01-19,2260.8229837542904,923.787659767776,3184.6106435220663,2
2010-01-20,2260.8229837542904,897.4365057673947,3158.2594895216853,2
2010-01-21,2260.8229837542904,827.7971299420294,3088.62011369632,2
2010-01-22,2260.8229837542904,725.8802819139178,2986.703265668208,2
2010-01-25,2260.8229837542904,752.1377650981428,3012.9607488524334,2
2010-01-26,2260.8229837542904,727.7503430288128,2988.5733267831033,2
2010-01-27,2260.8229837542904,761.9010188587968,3022.724002613087,2
2010-01-28,2576.902442007262,357.22034171023154,2934.1227837174933,1
2010-01-29,2889.559497763207,0,2889.559497763207,0
2010-02-01,2889.559497763207,0,2889.559497763207,0
2010-02-02,2889.559497763207,0,2889.559497763207,0
2010-02-03,2889.559497763207,0,2889.559497763207,0
2010-02-04,2889.559497763207,0,2889.559497763207,0
2010-02-05,2889.559497763207,0,2889.559497763207,0
2010-02-08,2889.559497763207,0,2889.559497763207,0
2010-02-09,2889.559497763207,0,2889.559497763207,0
2010-02-10,2889.559497763207,0,2889.559497763207,0
2010-02-11,2889.559497763207,0,2889.559497763207,0
2010-02-12,2889.559497763207,0,2889.559497763207,0
2010-02-16,2889.559497763207,0,2889.559497763207,0
2010-02-17,2889.559497763207,0,2889.559497763207,0
2010-02-18,2889.559497763207,0,2889.559497763207,0
2010-02-19,2442.6061823890864,441.65331537412055,2884.259497763207,1
2010-02-22,2442.6061823890864,442.6901425688916,2885.296324957978,1
2010-02-23,2442.6061823890864,427.87539865329796,2870.4815810423843,1
2010-02-24,2442.6061823890864,440.86602320727144,2883.472205596358,1
2010-02-25,2442.6061823890864,440.0026307348133,2882.6088131239,1
2010-02-26,2442.6061823890864,443.89106835366545,2886.497250742752,1
2010-03-01,1997.0545926976583,896.9527105891514,2894.0073032868095,2
2010-03-02,1997.0545926976583,903.8484051302748,2900.902997827933,2
2010-03-03,1997.0545926976583,907.8418449635433,2904.8964376612016,2
2010-03-04,1997.0545926976583,916.5079296793351,2913.5625223769935,2
2010-03-05,2023.8460787698725,912.0376034784831,2935.8836822483554,2
2010-03-08,2023.8460787698725,914.0991816773203,2937.9452604471926,2
2010-03-09,2023.8460787698725,917.6609386842772,2941.5070174541497,2
2010-03-10,2023.8460787698725,921.8454088614476,2945.6914876313203,2
2010-03-11,2045.7096736895178,904.0530084754441,2949.762682164962,2
2010-03-12,2045.7096736895178,908.5363783724843,2954.246052062002,2
2010-03-15,2045.7096736895178,911.8113130278416,2957.5209867173594,2
2010-03-16,2045.7096736895178,928.031626715239,2973.7413004047567,2
2010-03-17,2071.52226376782,910.836393716648,2982.3586574844676,2
2010-03-18,2071.52226376782,914.0715174690381,2985.593781236858,2
2010-03-19,2071.52226376782,903.931956599728,2975.454220367548,2
2010-03-22,2071.52226376782,919.678557875684,2991.200821643504,2
2010-03-23,2098.241168850034,903.6040429121524,3001.8452117621864,2
2010-03-24,2098.241168850034,884.9951424819185,2983.2363113319525,2
2010-03-25,2098.241168850034,877.2110403414611,2975.452209191495,2
2010-03-26,2098.241168850034,884.6298354171978,2982.8710042672315,2
2010-03-29,2098.241168850034,903.9896127527019,3002.2307816027355,2
2010-03-30,2098.241168850034,909.7856941542474,3008.026863004281,2
2010-03-31,2098.241168850034,901.7152637517693,2999.956432601803,2
2010-04-01,2098.241168850034,920.053019539233,3018.2941883892668,2
2010-04-05,2128.2742682320304,910.8059353340086,3039.080203566039,2
2010-04-06,2128.2742682320304,921.9296489812448,3050.2039172132754,2
2010-04-07,2128.2742682320304,909.9170260637511,3038.1912942957815,2
2010-04-08,2128.2742682320304,919.8970284201795,3048.17129665221,2
2010-04-09,2156.27119475561,901.6282831329181,3057.899477888528,2
2010-04-12,2156.27119475561,914.881663444098,3071.152858199708,2
2010-04-13,2156.27119475561,912.9584115246068,3069.229606280217,2
2010-04-14,2156.27119475561,938.355678923476,3094.626873679086,2
2010-04-15,2182.3186177461466,906.5395983320728,3088.8582160782194,2
2010-04-16,2182.3186177461466,852.9929740288942,3035.311591775041,2
2010-04-19,2182.3186177461466,875.8632557286501,3058.1818734747967,2
2010-04-20,2182.3186177461466,909.526198003957,3091.8448157501034,2
2010-04-21,2182.3186177461466,904.5612511874069,3086.8798689335536,2
2010-04-22,2182.3186177461466,910.5300058328012,3092.848623578948,2
2010-04-23,2182.3186177461466,925.4762933985855,3107.7949111447324,2
2010-04-26,2182.3186177461466,918.7299497181941,3101.0485674643405,2
2010-04-27,2182.3186177461466,827.7737130760249,3010.092330822172,2
2010-04-28,2182.3186177461466,858.0317737284433,3040.3503914745897,2
2010-04-29,2182.3186177461466,911.7399877300401,3094.0586054761866,2
2010-04-30,2182.3186177461466,846.3583273990168,3028.6769451451637,2
2010-05-03,2182.3186177461466,906.6235364866852,3088.942154232832,2
2010-05-04,2182.3186177461466,809.2990131313061,2991.617630877453,2
2010-05-05,2182.3186177461466,773.2667545714875,2955.585372317634,2
2010-05-06,2682.905303628235,0,2682.905303628235,0
2010-05-07,2682.905303628235,0,2682.905303628235,0
2010-05-10,2682.905303628235,0,2682.905303628235,0
2010-05-11,2682.905303628235,0,2682.905303628235,0
2010-05-12,2682.905303628235,0,2682.905303628235,0
2010-05-13,2682.905303628235,0,2682.905303628235,0
2010-05-14,2682.905303628235,0,2682.905303628235,0
2010-05-17,2682.905303628235,0,2682.905303628235,0
2010-05-18,2682.905303628235,0,2682.905303628235,0
2010-05-19,2682.905303628235,0,2682.905303628235,0
2010-05-20,2682.905303628235,0,2682.905303628235,0
2010-05-21,2682.905303628235,0,2682.905303628235,0
2010-05-24,2682.905303628235,0,2682.905303628235,0
2010-05-25,2682.905303628235,0,2682.905303628235,0
2010-05-26,2682.905303628235,0,2682.905303628235,0
2010-05-27,2682.905303628235,0,2682.905303628235,0
2010-05-28,2682.905303628235,0,2682.905303628235,0
2010-06-01,2682.905303628235,0,2682.905303628235,0
2010-06-02,2682.905303628235,0,2682.905303628235,0
2010-06-03,2682.905303628235,0,2682.905303628235,0
2010-06-04,2682.905303628235,0,2682.905303628235,0
2010-06-07,2682.905303628235,0,2682.905303628235,0
2010-06-08,2682.905303628235,0,2682.905303628235,0
2010-06-09,2682.905303628235,0,2682.905303628235,0
2010-06-10,2682.905303628235,0,2682.905303628235,0
2010-06-11,2682.905303628235,0,2682.905303628235,0
2010-06-14,2682.905303628235,0,2682.905303628235,0
2010-06-15,2682.905303628235,0,2682.905303628235,0
2010-06-16,2682.905303628235,0,2682.905303628235,0
2010-06-17,2682.905303628235,0,2682.905303628235,0
2010-06-18,2682.905303628235,0,2682.905303628235,0
2010-06-21,2682.905303628235,0,2682.905303628235,0
2010-06-22,2682.905303628235,0,2682.905303628235,0
2010-06-23,2682.905303628235,0,2682.905303628235,0
2010-06-24,2682.905303628235,0,2682.905303628235,0
2010-06-25,2682.905303628235,0,2682.905303628235,0
2010-06-28,2682.905303628235,0,2682.905303628235,0
2010-06-29,2682.905303628235,0,2682.905303628235,0
2010-06-30,2682.905303628235,0,2682.905303628235,0
2010-07-01,2682.905303628235,0,2682.905303628235,0
2010-07-02,2682.905303628235,0,2682.905303628235,0
2010-07-06,2682.905303628235,0,2682.905303628235,0
2010-07-07,2682.905303628235,0,2682.905303628235,0
2010-07-08,2682.905303628235,0,2682.905303628235,0
2010-07-09,2682.905303628235,0,2682.905303628235,0
2010-07-12,2682.905303628235,0,2682.905303628235,0
2010-07-13,2682.905303628235,0,2682.905303628235,0
2010-07-14,2682.905303628235,0,2682.905303628235,0
2010-07-15,2682.905303628235,0,2682.905303628235,0
2010-07-16,2682.905303628235,0,2682.905303628235,0
2010-07-19,2682.905303628235,0,2682.905303628235,0
2010-07-20,2682.905303628235,0,2682.905303628235,0
2010-07-21,2682.905303628235,0,2682.905303628235,0
2010-07-22,2682.905303628235,0,2682.905303628235,0
2010-07-23,2682.905303628235,0,2682.905303628235,0
2010-07-26,2682.905303628235,0,2682.905303628235,0
2010-07-27,2682.905303628235,0,2682.905303628235,0
2010-07-28,2682.905303628235,0,2682.905303628235,0
2010-07-29,2682.905303628235,0,2682.905303628235,0
2010-07-30,2682.905303628235,0,2682.905303628235,0
2010-08-02,2682.905303628235,0,2682.905303628235,0
2010-08-03,2682.905303628235,0,2682.905303628235,0
2010-08-04,2682.905303628235,0,2682.905303628235,0
2010-08-05,2682.905303628235,0,2682.905303628235,0
2010-08-06,2682.905303628235,0,2682.905303628235,0
2010-08-09,2682.905303628235,0,2682.905303628235,0
2010-08-10,2682.905303628235,0,2682.905303628235,0
2010-08-11,2682.905303628235,0,2682.905303628235,0
2010-08-12,2682.905303628235,0,2682.905303628235,0
2010-08-13,2682.905303628235,0,2682.905303628235,0
2010-08-16,2682.905303628235,0,2682.905303628235,0
2010-08-17,2682.905303628235,0,2682.905303628235,0
2010-08-18,2682.905303628235,0,2682.905303628235,0
2010-08-19,2682.905303628235,0,2682.905303628235,0
2010-08-20,2682.905303628235,0,2682.905303628235,0
2010-08-23,2682.905303628235,0,2682.905303628235,0
2010-08-24,2682.905303628235,0,2682.905303628235,0
2010-08-25,2682.905303628235,0,2682.905303628235,0
2010-08-26,2682.905303628235,0,2682.905303628235,0
2010-08-27,2682.905303628235,0,2682.905303628235,0
2010-08-30,2682.905303628235,0,2682.905303628235,0
2010-08-31,2682.905303628235,0,2682.905303628235,0
2010-09-01,2682.905303628235,0,2682.905303628235,0
2010-09-02,2682.905303628235,0,2682.905303628235,0
2010-09-03,2682.905303628235,0,2682.905303628235,0
2010-09-07,2682.905303628235,0,2682.905303628235,0
2010-09-08,2682.905303628235,0,2682.905303628235,0
2010-09-09,2682.905303628235,0,2682.905303628235,0
2010-09-10,2682.905303628235,0,2682.905303628235,0
2010-09-13,2682.905303628235,0,2682.905303628235,0
2010-09-14,2682.905303628235,0,2682.905303628235,0
2010-09-15,2682.905303628235,0,2682.905303628235,0
2010-09-16,2682.905303628235,0,2682.905303628235,0
2010-09-17,2682.905303628235,0,2682.905303628235,0
2010-09-20,2682.905303628235,0,2682.905303628235,0
2010-09-21,2682.905303628235,0,2682.905303628235,0
2010-09-22,2682.905303628235,0,2682.905303628235,0
2010-09-23,2682.905303628235,0,2682.905303628235,0
2010-09-24,2682.905303628235,0,2682.905303628235,0
2010-09-27,2682.905303628235,0,2682.905303628235,0
2010-09-28,2682.905303628235,0,2682.905303628235,0
2010-09-29,2682.905303628235,0,2682.905303628235,0
2010-09-30,2682.905303628235,0,2682.905303628235,0
2010-10-01,2682.905303628235,0,2682.905303628235,0
2010-10-04,2682.905303628235,0,2682.905303628235,0
2010-10-05,2682.905303628235,0,2682.905303628235,0
2010-10-06,2682.905303628235,0,2682.905303628235,0
2010-10-07,2682.905303628235,0,2682.905303628235,0
2010-10-08,2682.905303628235,0,2682.905303628235,0
2010-10-11,2682.905303628235,0,2682.905303628235,0
2010-10-12,2682.905303628235,0,2682.905303628235,0
2010-10-13,2682.905303628235,0,2682.905303628235,0
2010-10-14,2682.905303628235,0,2682.905303628235,0
2010-10-15,2682.905303628235,0,2682.905303628235,0
2010-10-18,2682.905303628235,0,2682.905303628235,0
2010-10-19,2682.905303628235,0,2682.905303628235,0
2010-10-20,2682.905303628235,0,2682.905303628235,0
2010-10-21,2682.905303628235,0,2682.905303628235,0
2010-10-22,2682.905303628235,0,2682.905303628235,0
2010-10-25,2682.905303628235,0,2682.905303628235,0
2010-10-26,2682.905303628235,0,2682.905303628235,0
2010-10-27,2682.905303628235,0,2682.905303628235,0
2010-10-28,2682.905303628235,0,2682.905303628235,0
2010-10-29,2682.905303628235,0,2682.905303628235,0
2010-11-01,2682.905303628235,0,2682.905303628235,0
2010-11-02,2682.905303628235,0,2682.905303628235,0
2010-11-03,2682.905303628235,0,2682.905303628235,0
2010-11-04,2682.905303628235,0,2682.905303628235,0
2010-11-05,2682.905303628235,0,2682.905303628235,0
2010-11-08,2682.905303628235,0,2682.905303628235,0
2010-11-09,2682.905303628235,0,2682.905303628235,0
2010-11-10,2682.905303628235,0,2682.905303628235,0
2010-11-11,2682.905303628235,0,2682.905303628235,0
2010-11-12,2682.905303628235,0,2682.905303628235,0
2010-11-15,2682.905303628235,0,2682.905303628235,0
2010-11-16,2682.905303628235,0,2682.905303628235,0
2010-11-17,2682.905303628235,0,2682.905303628235,0
2010-11-18,2682.905303628235,0,2682.905303628235,0
2010-11-19,2682.905303628235,0,2682.905303628235,0
2010-11-22,2682.905303628235,0,2682.905303628235,0
2010-11-23,2682.905303628235,0,2682.905303628235,0
2010-11-24,2682.905303628235,0,2682.905303628235,0
2010-11-26,2682.905303628235,0,2682.905303628235,0
2010-11-29,2682.905303628235,0,2682.905303628235,0
2010-11-30,2682.905303628235,0,2682.905303628235,0
2010-12-01,2682.905303628235,0,2682.905303628235,0
2010-12-02,2682.905303628235,0,2682.905303628235,0
2010-12-03,2682.905303628235,0,2682.905303628235,0
2010-12-06,2682.905303628235,0,2682.905303628235,0
2010-12-07,2682.905303628235,0,2682.905303628235,0
2010-12-08,2682.905303628235,0,2682.905303628235,0
2010-12-09,2682.905303628235,0,2682.905303628235,0
2010-12-10,2682.905303628235,0,2682.905303628235,0
2010-12-13,2682.905303628235,0,2682.905303628235,0
2010-12-14,2682.905303628235,0,2682.905303628235,0
2010-12-15,2682.905303628235,0,2682.905303628235,0
2010-12-16,2682.905303628235,0,2682.905303628235,0
2010-12-17,2682.905303628235,0,2682.905303628235,0
2010-12-20,2682.905303628235,0,2682.905303628235,0
2010-12-21,2682.905303628235,0,2682.905303628235,0
2010-12-22,2682.905303628235,0,2682.905303628235,0
2010-12-23,2682.905303628235,0,2682.905303628235,0
2010-12-27,2682.905303628235,0,2682.905303628235,0
2010-12-28,2682.905303628235,0,2682.905303628235,0
2010-12-29,2682.905303628235,0,2682.905303628235,0
2010-12-30,2682.905303628235,0,2682.905303628235,0
2010-12-31,2682.905303628235,0,2682.905303628235,0
2011-01-03,2682.905303628235,0,2682.905303628235,0
2011-01-04,2682.905303628235,0,2682.905303628235,0
2011-01-05,2682.905303628235,0,2682.905303628235,0
2011-01-06,2682.905303628235,0,2682.905303628235,0
2011-01-07,2682.905303628235,0,2682.905303628235,0
2011-01-10,2682.905303628235,0,2682.905303628235,0
2011-01-11,2682.905303628235,0,2682.905303628235,0
2011-01-12,2682.905303628235,0,2682.905303628235,0
2011-01-13,2238.9743108704174,438.6309927578173,2677.6053036282347,1
2011-01-14,1792.423962369325,892.5223692756642,2684.946331644989,2
2011-01-18,1792.423962369325,898.7139960382119,2691.1379584075366,2
2011-01-19,1792.423962369325,863.790622774299,2656.214585143624,2
2011-01-20,1792.423962369325,857.1853170293973,2649.6092793987223,2
2011-01-21,1792.423962369325,862.4655398058362,2654.8895021751614,2
2011-01-24,1792.423962369325,889.1185061263371,2681.542468495662,2
2011-01-25,1792.423962369325,892.5951001263568,2685.0190624956817,2
2011-01-26,1792.423962369325,912.7187001878671,2705.142662557192,2
2011-01-27,1792.423962369325,924.4698866478632,2716.893849017188,2
2011-01-28,1792.423962369325,850.4903584102265,2642.9143207795514,2
2011-01-31,1792.423962369325,885.5065290614352,2677.9304914307604,2
2011-02-01,1823.6254293323075,902.7299247499627,2726.3553540822704,2
2011-02-02,1823.6254293323075,901.72858959012,2725.3540189224277,2
2011-02-03,1850.5101422775506,880.5537658573414,2731.063908134892,2
2011-02-04,1850.5101422775506,894.399142780834,2744.9092850583847,2
2011-02-07,1850.5101422775506,909.5750146351645,2760.0851569127153,2
2011-02-08,1850.5101422775506,923.0462557182133,2773.5563979957637,2
2011-02-09,1850.5101422775506,919.5434121981878,2770.0535544757386,2
2011-02-10,1850.5101422775506,921.1967165069663,2771.706858784517,2
2011-02-11,1850.5101422775506,936.0743855476067,2786.5845278251572,2
2011-02-14,1881.0453234101867,907.4914813279051,2788.5368047380916,2
2011-02-15,1881.0453234101867,899.2960297390739,2780.3413531492606,2
2011-02-16,1909.8049271567368,876.0164668345649,2785.8213939913016,2
2011-02-17,1909.8049271567368,885.578644446721,2795.3835716034578,2
2011-02-18,1909.8049271567368,892.655905454131,2802.460832610868,2
2011-02-22,1909.8049271567368,817.3089126029076,2727.113839759644,2
2011-02-23,1909.8049271567368,793.8738876558467,2703.6788148125834,2
2011-02-24,1909.8049271567368,792.559530520537,2702.364457677274,2
2011-02-25,1909.8049271567368,838.6424291726105,2748.4473563293473,2
2011-02-28,1909.8049271567368,867.6901436122387,2777.4950707689754,2
2011-03-01,1909.8049271567368,798.3928620648057,2708.1977892215427,2
2011-03-02,1909.8049271567368,807.7241368774271,2717.5290640341636,2
2011-03-03,1909.8049271567368,882.7075157630359,2792.5124429197726,2
2011-03-04,1909.8049271567368,858.8874893417711,2768.692416498508,2
2011-03-07,1909.8049271567368,825.4938764980534,2735.2988036547904,2
2011-03-08,1909.8049271567368,870.5501604459465,2780.3550876026834,2
2011-03-09,1909.8049271567368,867.454450325645,2777.2593774823818,2
2011-03-10,1909.8049271567368,769.376049442197,2679.1809765989337,2
2011-03-11,1909.8049271567368,824.2566972050718,2734.0616243618088,2
2011-03-14,1909.8049271567368,798.6590660827749,2708.4639932395116,2
2011-03-15,1909.8049271567368,689.1230301258008,2598.9279572825376,2
2011-03-16,2368.9370331395694,0,2368.9370331395694,0
2011-03-17,2368.9370331395694,0,2368.9370331395694,0
2011-03-18,2368.9370331395694,0,2368.9370331395694,0
2011-03-21,2368.9370331395694,0,2368.9370331395694,0
2011-03-22,2368.9370331395694,0,2368.9370331395694,0
2011-03-23,2368.9370331395694,0,2368.9370331395694,0
2011-03-24,2368.9370331395694,0,2368.9370331395694,0
2011-03-25,2368.9370331395694,0,2368.9370331395694,0
2011-03-28,2368.9370331395694,0,2368.9370331395694,0
2011-03-29,2368.9370331395694,0,2368.9370331395694,0
2011-03-30,2368.9370331395694,0,2368.9370331395694,0
2011-03-31,2368.9370331395694,0,2368.9370331395694,0
2011-04-01,2368.9370331395694,0,2368.9370331395694,0
2011-04-04,2368.9370331395694,0,2368.9370331395694,0
2011-04-05,2368.9370331395694,0,2368.9370331395694,0
2011-04-06,2368.9370331395694,0,2368.9370331395694,0
2011-04-07,2368.9370331395694,0,2368.9370331395694,0
2011-04-08,2368.9370331395694,0,2368.9370331395694,0
2011-04-11,2368.9370331395694,0,2368.9370331395694,0
2011-04-12,2368.9370331395694,0,2368.9370331395694,0
2011-04-13,2368.9370331395694,0,2368.9370331395694,0
2011-04-14,2368.9370331395694,0,2368.9370331395694,0
2011-04-15,2368.9370331395694,0,2368.9370331395694,0
2011-04-18,2368.9370331395694,0,2368.9370331395694,0
2011-04-19,2368.9370331395694,0,2368.9370331395694,0
2011-04-20,2368.9370331395694,0,2368.9370331395694,0
2011-04-21,2368.9370331395694,0,2368.9370331395694,0
2011-04-25,2368.9370331395694,0,2368.9370331395694,0
2011-04-26,2368.9370331395694,0,2368.9370331395694,0
2011-04-27,2368.9370331395694,0,2368.9370331395694,0
2011-04-28,2368.9370331395694,0,2368.9370331395694,0
2011-04-29,2368.9370331395694,0,2368.9370331395694,0
2011-05-02,2368.9370331395694,0,2368.9370331395694,0
2011-05-03,2368.9370331395694,0,2368.9370331395694,0
2011-05-04,2368.9370331395694,0,2368.9370331395694,0
2011-05-05,2368.9370331395694,0,2368.9370331395694,0
2011-05-06,2368.9370331395694,0,2368.9370331395694,0
2011-05-09,2368.9370331395694,0,2368.9370331395694,0
2011-05-10,2368.9370331395694,0,2368.9370331395694,0
2011-05-11,2368.9370331395694,0,2368.9370331395694,0
2011-05-12,2368.9370331395694,0,2368.9370331395694,0
2011-05-13,2368.9370331395694,0,2368.9370331395694,0
2011-05-16,2368.9370331395694,0,2368.9370331395694,0
2011-05-17,2368.9370331395694,0,2368.9370331395694,0
2011-05-18,2368.9370331395694,0,2368.9370331395694,0
2011-05-19,2368.9370331395694,0,2368.9370331395694,0
2011-05-20,2368.9370331395694,0,2368.9370331395694,0
2011-05-23,2368.9370331395694,0,2368.9370331395694,0
2011-05-24,2368.9370331395694,0,2368.9370331395694,0
2011-05-25,2368.9370331395694,0,2368.9370331395694,0
2011-05-26,2368.9370331395694,0,2368.9370331395694,0
2011-05-27,2368.9370331395694,0,2368.9370331395694,0
2011-05-31,2368.9370331395694,0,2368.9370331395694,0
2011-06-01,2368.9370331395694,0,2368.9370331395694,0
2011-06-02,2368.9370331395694,0,2368.9370331395694,0
2011-06-03,2368.9370331395694,0,2368.9370331395694,0
2011-06-06,2368.9370331395694,0,2368.9370331395694,0
2011-06-07,2368.9370331395694,0,2368.9370331395694,0
2011-06-08,2368.9370331395694,0,2368.9370331395694,0
2011-06-09,2368.9370331395694,0,2368.9370331395694,0
2011-06-10,2368.9370331395694,0,2368.9370331395694,0
2011-06-13,2368.9370331395694,0,2368.9370331395694,0
2011-06-14,2368.9370331395694,0,2368.9370331395694,0
2011-06-15,2368.9370331395694,0,2368.9370331395694,0
2011-06-16,2368.9370331395694,0,2368.9370331395694,0
2011-06-17,2368.9370331395694,0,2368.9370331395694,0
2011-06-20,2368.9370331395694,0,2368.9370331395694,0
2011-06-21,2368.9370331395694,0,2368.9370331395694,0
2011-06-22,2368.9370331395694,0,2368.9370331395694,0
2011-06-23,2368.9370331395694,0,2368.9370331395694,0
2011-06-24,2368.9370331395694,0,2368.9370331395694,0
2011-06-27,2368.9370331395694,0,2368.9370331395694,0
2011-06-28,2368.9370331395694,0,2368.9370331395694,0
2011-06-29,2368.9370331395694,0,2368.9370331395694,0
2011-06-30,2368.9370331395694,0,2368.9370331395694,0
2011-07-01,2368.9370331395694,0,2368.9370331395694,0
2011-07-05,2368.9370331395694,0,2368.9370331395694,0
2011-07-06,2368.9370331395694,0,2368.9370331395694,0
2011-07-07,2368.9370331395694,0,2368.9370331395694,0
2011-07-08,2368.9370331395694,0,2368.9370331395694,0
2011-07-11,2368.9370331395694,0,2368.9370331395694,0
2011-07-12,2368.9370331395694,0,2368.9370331395694,0
2011-07-13,2368.9370331395694,0,2368.9370331395694,0
2011-07-14,2368.9370331395694,0,2368.9370331395694,0
2011-07-15,2368.9370331395694,0,2368.9370331395694,0
2011-07-18,2368.9370331395694,0,2368.9370331395694,0
2011-07-19,2368.9370331395694,0,2368.9370331395694,0
2011-07-20,2368.9370331395694,0,2368.9370331395694,0
2011-07-21,2368.9370331395694,0,2368.9370331395694,0
2011-07-22,2368.9370331395694,0,2368.9370331395694,0
2011-07-25,2368.9370331395694,0,2368.9370331395694,0
2011-07-26,2368.9370331395694,0,2368.9370331395694,0
2011-07-27,2368.9370331395694,0,2368.9370331395694,0
2011-07-28,2368.9370331395694,0,2368.9370331395694,0
2011-07-29,2368.9370331395694,0,2368.9370331395694,0
2011-08-01,2368.9370331395694,0,2368.9370331395694,0
2011-08-02,2368.9370331395694,0,2368.9370331395694,0
2011-08-03,2368.9370331395694,0,2368.9370331395694,0
2011-08-04,2368.9370331395694,0,2368.9370331395694,0
2011-08-05,2368.9370331395694,0,2368.9370331395694,0
2011-08-08,2368.9370331395694,0,2368.9370331395694,0
2011-08-09,2368.9370331395694,0,2368.9370331395694,0
2011-08-10,2368.9370331395694,0,2368.9370331395694,0
2011-08-11,2368.9370331395694,0,2368.9370331395694,0
2011-08-12,2368.9370331395694,0,2368.9370331395694,0
2011-08-15,2368.9370331395694,0,2368.9370331395694,0
2011-08-16,2368.9370331395694,0,2368.9370331395694,0
2011-08-17,2368.9370331395694,0,2368.9370331395694,0
2011-08-18,2368.9370331395694,0,2368.9370331395694,0
2011-08-19,2368.9370331395694,0,2368.9370331395694,0
2011-08-22,2368.9370331395694,0,2368.9370331395694,0
2011-08-23,2368.9370331395694,0,2368.9370331395694,0
2011-08-24,2368.9370331395694,0,2368.9370331395694,0
2011-08-25,2368.9370331395694,0,2368.9370331395694,0
2011-08-26,2368.9370331395694,0,2368.9370331395694,0
2011-08-29,2368.9370331395694,0,2368.9370331395694,0
2011-08-30,2368.9370331395694,0,2368.9370331395694,0
2011-08-31,2368.9370331395694,0,2368.9370331395694,0
2011-09-01,2368.9370331395694,0,2368.9370331395694,0
2011-09-02,2368.9370331395694,0,2368.9370331395694,0
2011-09-06,2368.9370331395694,0,2368.9370331395694,0
2011-09-07,2368.9370331395694,0,2368.9370331395694,0
2011-09-08,2368.9370331395694,0,2368.9370331395694,0
2011-09-09,2368.9370331395694,0,2368.9370331395694,0
2011-09-12,2368.9370331395694,0,2368.9370331395694,0
2011-09-13,2368.9370331395694,0,2368.9370331395694,0
2011-09-14,2368.9370331395694,0,2368.9370331395694,0
2011-09-15,2368.9370331395694,0,2368.9370331395694,0
2011-09-16,2368.9370331395694,0,2368.9370331395694,0
2011-09-19,2368.9370331395694,0,2368.9370331395694,0
2011-09-20,2368.9370331395694,0,2368.9370331395694,0
2011-09-21,2368.9370331395694,0,2368.9370331395694,0
2011-09-22,2368.9370331395694,0,2368.9370331395694,0
2011-09-23,2368.9370331395694,0,2368.9370331395694,0
2011-09-26,2368.9370331395694,0,2368.9370331395694,0
2011-09-27,2368.9370331395694,0,2368.9370331395694,0
2011-09-28,2368.9370331395694,0,2368.9370331395694,0
2011-09-29,2368.9370331395694,0,2368.9370331395694,0
2011-09-30,2368.9370331395694,0,2368.9370331395694,0
2011-10-03,2368.9370331395694,0,2368.9370331395694,0
2011-10-04,2368.9370331395694,0,2368.9370331395694,0
2011-10-05,2368.9370331395694,0,2368.9370331395694,0
2011-10-06,2368.9370331395694,0,2368.9370331395694,0
2011-10-07,2368.9370331395694,0,2368.9370331395694,0
2011-10-10,2368.9370331395694,0,2368.9370331395694,0
2011-10-11,2368.9370331395694,0,2368.9370331395694,0
2011-10-12,2368.9370331395694,0,2368.9370331395694,0
2011-10-13,2368.9370331395694,0,2368.9370331395694,0
2011-10-14,2368.9370331395694,0,2368.9370331395694,0
2011-10-17,2368.9370331395694,0,2368.9370331395694,0
2011-10-18,2368.9370331395694,0,2368.9370331395694,0
2011-10-19,2368.9370331395694,0,2368.9370331395694,0
2011-10-20,2368.9370331395694,0,2368.9370331395694,0
2011-10-21,2368.9370331395694,0,2368.9370331395694,0
2011-10-24,2368.9370331395694,0,2368.9370331395694,0
2011-10-25,2368.9370331395694,0,2368.9370331395694,0
2011-10-26,2368.9370331395694,0,2368.9370331395694,0
2011-10-27,2368.9370331395694,0,2368.9370331395694,0
2011-10-28,2368.9370331395694,0,2368.9370331395694,0
2011-10-31,2368.9370331395694,0,2368.9370331395694,0
2011-11-01,2368.9370331395694,0,2368.9370331395694,0
2011-11-02,2368.9370331395694,0,2368.9370331395694,0
2011-11-03,2368.9370331395694,0,2368.9370331395694,0
2011-11-04,2368.9370331395694,0,2368.9370331395694,0
2011-11-07,2368.9370331395694,0,2368.9370331395694,0
2011-11-08,2368.9370331395694,0,2368.9370331395694,0
2011-11-09,2368.9370331395694,0,2368.9370331395694,0
2011-11-10,2368.9370331395694,0,2368.9370331395694,0
2011-11-11,2368.9370331395694,0,2368.9370331395694,0
2011-11-14,2368.9370331395694,0,2368.9370331395694,0
2011-11-15,2368.9370331395694,0,2368.9370331395694,0
2011-11-16,2368.9370331395694,0,2368.9370331395694,0
2011-11-17,2368.9370331395694,0,2368.9370331395694,0
2011-11-18,2368.9370331395694,0,2368.9370331395694,0
2011-11-21,2368.9370331395694,0,2368.9370331395694,0
2011-11-22,2368.9370331395694,0,2368.9370331395694,0
2011-11-23,2368.9370331395694,0,2368.9370331395694,0
2011-11-25,2368.9370331395694,0,2368.9370331395694,0
2011-11-28,2368.9370331395694,0,2368.9370331395694,0
2011-11-29,2368.9370331395694,0,2368.9370331395694,0
2011-11-30,1922.0097285886447,441.62730455092463,2363.637033139569,1
2011-12-01,1475.8703139066313,881.8577852376525,2357.728099144284,2
2011-12-02,1475.8703139066313,881.7915557829497,2357.661869689581,2
2011-12-05,1475.8703139066313,894.1162694633829,2369.986583370014,2
2011-12-06,1475.8703139066313,895.4059480107045,2371.276261917336,2
2011-12-07,1475.8703139066313,897.1008097561117,2372.971123662743,2
2011-12-08,1475.8703139066313,870.0482915859557,2345.9186054925867,2
2011-12-09,1475.8703139066313,900.5523007137394,2376.422614620371,2
2011-12-12,1475.8703139066313,887.8522742168243,2363.7225881234554,2
2011-12-13,1475.8703139066313,876.2009887699741,2352.0713026766052,2
2011-12-14,1475.8703139066313,853.1346092551253,2329.004923161757,2
2011-12-15,1475.8703139066313,865.0298519790638,2340.900165885695,2
2011-12-16,1475.8703139066313,877.3624477571443,2353.232761663776,2
2011-12-19,1475.8703139066313,854.470130693581,2330.3404446002123,2
2011-12-20,1475.8703139066313,926.6011101751819,2402.471424081813,2
2011-12-21,1475.8703139066313,943.4301256350312,2419.3004395416624,2
2011-12-22,1983.6390003124918,442.92125931747216,2426.560259629964,1
2011-12-23,1541.127795525949,888.1295460721011,2429.25734159805,2
2011-12-27,1541.127795525949,887.6405611963726,2428.7683567223216,2
2011-12-28,1541.127795525949,860.7910624557053,2401.9188579816546,2
2011-12-29,1541.127795525949,884.0217048384046,2425.1495003643536,2
2011-12-30,1541.127795525949,875.0422011713727,2416.169996697322,2
2012-01-03,1541.127795525949,907.8694327604085,2448.9972282863573,2
2012-01-04,1541.127795525949,914.1021283568149,2455.229923882764,2
2012-01-05,1541.127795525949,924.5351137987933,2465.6629093247425,2
2012-01-06,1541.127795525949,928.6744860724384,2469.8022815983877,2
2012-01-09,1570.0872446387937,902.5018712321446,2472.5891158709383,2
2012-01-10,1594.310359197028,888.8552620207583,2483.1656212177863,2
2012-01-11,1594.310359197028,888.7935499194655,2483.1039091164935,2
2012-01-12,1594.310359197028,896.3439047508512,2490.6542639478794,2
2012-01-13,1594.310359197028,887.6330530110981,2481.943412208126,2
2012-01-17,1594.310359197028,892.9350164010218,2487.2453755980496,2
2012-01-18,1594.310359197028,917.2325184845083,2511.542877681536,2
2012-01-19,1594.310359197028,931.2037308229778,2525.514090020006,2
2012-01-20,1621.4419434698946,910.3237752427783,2531.765718712673,2
2012-01-23,1621.4419434698946,914.1053231404885,2535.5472666103833,2
2012-01-24,1621.4419434698946,912.9824548308552,2534.42439830075,2
2012-01-25,1653.2000000085086,893.2194857441835,2546.4194857526923,2
2012-01-26,1653.2000000085086,881.7560807940506,2534.956080802559,2
2012-01-27,1653.2000000085086,880.0933206985857,2533.293320707094,2
2012-01-30,1653.2000000085086,874.0301121244181,2527.2301121329265,2
2012-01-31,1653.2000000085086,874.474754928365,2527.674754936874,2
2012-02-01,1653.2000000085086,901.286626267959,2554.4866262764676,2
2012-02-02,1653.2000000085086,909.7080801356626,2562.9080801441714,2
2012-02-03,1680.0986350071032,908.4556911421853,2588.5543261492885,2
2012-02-06,1680.0986350071032,908.637829209445,2588.7364642165485,2
2012-02-07,1680.0986350071032,915.0614918976446,2595.160126904748,2
2012-02-08,1680.0986350071032,917.3408888831315,2597.439523890235,2
2012-02-09,1680.0986350071032,918.8513017959659,2598.9499368030692,2
2012-02-10,1680.0986350071032,895.9245551544977,2576.0231901616007,2
2012-02-13,1707.4050547088857,892.3355057935361,2599.740560502422,2
2012-02-14,1707.4050547088857,889.2658831114061,2596.670937820292,2
2012-02-15,1707.4050547088857,871.5803299514971,2578.985384660383,2
2012-02-16,1707.4050547088857,905.1443587195159,2612.5494134284017,2
2012-02-17,1707.4050547088857,921.0059217145044,2628.41097642339,2
2012-02-21,1707.4050547088857,929.3058584129235,2636.7109131218094,2
2012-02-22,1707.4050547088857,926.6911028664838,2634.0961575753695,2
2012-02-23,1739.2151461076712,908.0564254991361,2647.2715716068074,2
2012-02-24,1739.2151461076712,909.2552602963881,2648.4704064040593,2
2012-02-27,1739.2151461076712,911.6045887711246,2650.8197348787958,2
2012-02-28,1739.2151461076712,921.0677961745788,2660.28294228225,2
2012-02-29,1739.2151461076712,912.0537580268237,2651.2689041344947,2
2012-03-01,1770.8923574874789,894.6884558439946,2665.5808133314736,2
2012-03-02,1770.8923574874789,889.2978560793324,2660.1902135668115,2
2012-03-05,1770.8923574874789,880.4527666755922,2651.345124163071,2
2012-03-06,1770.8923574874789,823.9357709174574,2594.8281284049363,2
2012-03-07,1770.8923574874789,854.8895625728185,2625.781920060297,2
2012-03-08,1770.8923574874789,890.2186918651635,2661.111049352642,2
2012-03-09,1770.8923574874789,907.3728555603759,2678.2652130478546,2
2012-03-12,1793.8359449145523,898.9651392804575,2692.80108419501,2
2012-03-13,1821.9825166876465,907.3247030293547,2729.3072197170013,2
2012-03-14,1821.9825166876465,901.9556408434901,2723.9381575311363,2
2012-03-15,1821.9825166876465,914.4909039300571,2736.4734206177036,2
2012-03-16,1821.9825166876465,926.5276005398948,2748.5101172275413,2
2012-03-19,1848.098550670231,901.1090841508098,2749.2076348210408,2
2012-03-20,1848.098550670231,891.0122099972737,2739.1107606675046,2
2012-03-21,1848.098550670231,892.0519437357975,2740.1504944060284,2
2012-03-22,1848.098550670231,869.4638426343704,2717.5623933046013,2
2012-03-23,1848.098550670231,887.5090571685421,2735.607607838773,2
2012-03-26,1871.5257781991577,903.1304718870833,2774.656250086241,2
2012-03-27,1871.5257781991577,885.6548025003976,2757.1805806995553,2
2012-03-28,1871.5257781991577,874.6598790810616,2746.1856572802194,2
2012-03-29,1871.5257781991577,871.5235573168819,2743.0493355160397,2
2012-03-30,1871.5257781991577,884.3640947752071,2755.889872974365,2
2012-04-02,1871.5257781991577,909.5310470306952,2781.0568252298526,2
2012-04-03,1871.5257781991577,901.9543626604838,2773.4801408596413,2
2012-04-04,1871.5257781991577,866.5057535435253,2738.031531742683,2
2012-04-05,1871.5257781991577,864.8161125998914,2736.341890799049,2
2012-04-09,1871.5257781991577,813.4821714200459,2685.007949619204,2
2012-04-10,2199.9578808749056,365.81897566419207,2565.776856539098,1
2012-04-11,2199.9578808749056,393.8541600512451,2593.812040926151,1
2012-04-12,1751.660398439498,887.1111511475774,2638.7715495870752,2
2012-04-13,1751.660398439498,826.1315381984832,2577.791936637981,2
2012-04-16,1751.660398439498,836.3259136176683,2587.9863120571663,2
2012-04-17,1751.660398439498,910.3551537756925,2662.015552215191,2
2012-04-18,1751.660398439498,903.7772812316997,2655.4376796711977,2
2012-04-19,1751.660398439498,892.5331411975974,2644.1935396370955,2
2012-04-20,1751.660398439498,914.5475234150365,2666.2079218545346,2
2012-04-23,2251.660398439498,427.1648909566281,2678.8252893961258,1
2012-04-24,2251.660398439498,436.6110411548741,2688.271439594372,1
2012-04-25,1807.9399209284115,898.0335990267804,2705.973519955192,2
2012-04-26,1807.9399209284115,918.1381659996648,2726.078086928076,2
2012-04-27,1807.9399209284115,924.056242246385,2731.9961631747965,2
2012-04-30,1807.9399209284115,917.9048173057812,2725.844738234193,2
2012-05-01,1837.6835403570594,898.3800053400585,2736.0635456971177,2
2012-05-02,1837.6835403570594,892.6918449803848,2730.375385337444,2
2012-05-03,1837.6835403570594,871.4205788986993,2709.1041192557586,2
2012-05-04,1837.6835403570594,814.9842726044081,2652.6678129614675,2
2012-05-07,1837.6835403570594,820.408831897272,2658.092372254331,2
2012-05-08,1837.6835403570594,804.6943462888713,2642.3778866459306,2
2012-05-09,1837.6835403570594,773.0313379427215,2610.714878299781,2
2012-05-10,1837.6835403570594,789.8277099394736,2627.511250296533,2
2012-05-11,1837.6835403570594,770.8252543407991,2608.5087946978583,2
2012-05-14,2166.1951658615817,362.3760590642686,2528.5712249258504,1
2012-05-15,2166.1951658615817,336.0432935914062,2502.238459452988,1
2012-05-16,2478.9645291716115,0,2478.9645291716115,0
2012-05-17,2478.9645291716115,0,2478.9645291716115,0
2012-05-18,2478.9645291716115,0,2478.9645291716115,0
2012-05-21,2478.9645291716115,0,2478.9645291716115,0
2012-05-22,2478.9645291716115,0,2478.9645291716115,0
2012-05-23,2478.9645291716115,0,2478.9645291716115,0
2012-05-24,2478.9645291716115,0,2478.9645291716115,0
2012-05-25,2478.9645291716115,0,2478.9645291716115,0
2012-05-29,2478.9645291716115,0,2478.9645291716115,0
2012-05-30,2478.9645291716115,0,2478.9645291716115,0
2012-05-31,2478.9645291716115,0,2478.9645291716115,0
2012-06-01,2478.9645291716115,0,2478.9645291716115,0
2012-06-04,2478.9645291716115,0,2478.9645291716115,0
2012-06-05,2478.9645291716115,0,2478.9645291716115,0
2012-06-06,2478.9645291716115,0,2478.9645291716115,0
2012-06-07,2478.9645291716115,0,2478.9645291716115,0
2012-06-08,2478.9645291716115,0,2478.9645291716115,0
2012-06-11,2478.9645291716115,0,2478.9645291716115,0
2012-06-12,2478.9645291716115,0,2478.9645291716115,0
2012-06-13,2478.9645291716115,0,2478.9645291716115,0
2012-06-14,2478.9645291716115,0,2478.9645291716115,0
2012-06-15,2478.9645291716115,0,2478.9645291716115,0
2012-06-18,2478.9645291716115,0,2478.9645291716115,0
2012-06-19,2032.7538641811,440.9106649905116,2473.6645291716113,1
2012-06-20,1584.63693732538,886.3033132237888,2470.940250549169,2
2012-06-21,1584.63693732538,815.7822329745819,2400.419170299962,2
2012-06-22,1584.63693732538,845.8273963653121,2430.464333690692,2
2012-06-25,1584.63693732538,786.0614524367215,2370.698389762101,2
2012-06-26,1584.63693732538,805.872970716835,2390.509908042215,2
2012-06-27,1584.63693732538,837.5660854463138,2422.2030227716937,2
2012-06-28,1584.63693732538,830.9512805158278,2415.5882178412076,2
2012-06-29,1584.63693732538,913.1644822590971,2497.801419584477,2
2012-07-02,1584.63693732538,927.4713253378357,2512.1082626632156,2
2012-07-03,1584.63693732538,941.5412264657921,2526.1781637911718,2
2012-07-05,1584.63693732538,933.3505182121169,2517.9874555374968,2
2012-07-06,1584.63693732538,921.3378242502502,2505.97476157563,2
2012-07-09,1584.63693732538,921.9649011530967,2506.6018384784766,2
2012-07-10,1584.63693732538,899.0894442511042,2483.726381576484,2
2012-07-11,1584.63693732538,910.2126658716988,2494.849603197079,2
2012-07-12,1584.63693732538,896.4355702546995,2481.072507580079,2
2012-07-13,2097.0382198776797,436.7265495844322,2533.764769462112,1
2012-07-16,1650.0688914546404,876.2060404357601,2526.2749318904007,2
2012-07-17,1650.0688914546404,898.5410389969163,2548.6099304515565,2
2012-07-18,1650.0688914546404,915.3810505994796,2565.44994205412,2
2012-07-19,1650.0688914546404,927.6631230790588,2577.732014533699,2
2012-07-20,1650.0688914546404,903.9261704541984,2553.9950619088386,2
2012-07-23,1650.0688914546404,871.4887458062002,2521.5576372608407,2
2012-07-24,1650.0688914546404,837.5606208790537,2487.629512333694,2
2012-07-25,1650.0688914546404,843.9027233941918,2493.9716148488324,2
2012-07-26,1650.0688914546404,902.7971355530605,2552.8660270077007,2
2012-07-27,2143.954471772629,443.54448990724933,2587.4989616798784,1
2012-07-30,1700.6093046310928,878.614485073836,2579.223789704929,2
2012-07-31,1700.6093046310928,865.0875465016778,2565.6968511327705,2
2012-08-01,1700.6093046310928,859.2096407183085,2559.8189453494015,2
2012-08-02,1700.6093046310928,847.9557632203232,2548.5650678514157,2
2012-08-03,1700.6093046310928,911.3845986841372,2611.99390331523,2
2012-08-06,1700.6093046310928,919.417309975475,2620.026614606568,2
2012-08-07,1700.6093046310928,930.3966027976869,2631.0059074287797,2
2012-08-08,1700.6093046310928,939.3449186134227,2639.9542232445156,2
2012-08-09,1731.5961043331447,905.1267694583946,2636.7228737915393,2
2012-08-10,1757.539391741615,883.6997600869757,2641.239151828591,2
2012-08-13,1757.539391741615,895.4204729494039,2652.959864691019,2
2012-08-14,1757.539391741615,885.4813417580369,2643.020733499652,2
2012-08-15,1757.539391741615,892.6077333006289,2650.1471250422437,2
2012-08-16,1757.539391741615,915.6636774824383,2673.2030692240533,2
2012-08-17,1757.539391741615,930.4415445276413,2687.9809362692563,2
2012-08-20,1757.539391741615,931.6077209079644,2689.1471126495794,2
2012-08-21,1757.539391741615,916.531921605486,2674.071313347101,2
2012-08-22,1757.539391741615,918.9485015483269,2676.487893289942,2
2012-08-23,1757.539391741615,892.0209738882896,2649.5603656299045,2
2012-08-24,1757.539391741615,920.1773795188319,2677.716771260447,2
2012-08-27,1757.539391741615,918.4232028818928,2675.962594623508,2
2012-08-28,1757.539391741615,918.9969987453021,2676.5363904869173,2
2012-08-29,1757.539391741615,920.3509180759413,2677.890309817556,2
2012-08-30,1757.539391741615,895.533175904189,2653.072567645804,2
2012-08-31,1757.539391741615,918.8410024045478,2676.380394146163,2
2012-09-04,1757.539391741615,935.5336607396316,2693.0730524812466,2
2012-09-05,1786.7144204197493,906.2254988193855,2692.9399192391347,2
2012-09-06,1832.1857144812273,906.6381263412288,2738.823840822456,2
2012-09-07,1854.8287548308201,896.8894474735755,2751.7182023043956,2
2012-09-10,1854.8287548308201,869.1978362069484,2724.0265910377684,2
2012-09-11,1854.8287548308201,878.2095957130849,2733.038350543905,2
2012-09-12,1854.8287548308201,890.3078522803547,2745.1366071111747,2
2012-09-13,1876.1310181695314,913.43985426982,2789.5708724393517,2
2012-09-14,1876.1310181695314,919.0747996659651,2795.2058178354964,2
2012-09-17,1876.1310181695314,917.7725772401022,2793.9035954096335,2
2012-09-18,1876.1310181695314,921.0493743962588,2797.1803925657905,2
2012-09-19,1906.9906058003444,891.2868153238321,2798.2774211241767,2
2012-09-20,1906.9906058003444,889.6272689067059,2796.6178747070503,2
2012-09-21,1906.9906058003444,892.2056139916343,2799.196219791979,2
2012-09-24,1906.9906058003444,889.9959293488558,2796.9865351492003,2
2012-09-25,1906.9906058003444,842.1456766139422,2749.1362824142866,2
2012-09-26,1906.9906058003444,808.9436738907523,2715.934279691097,2
2012-09-27,1906.9906058003444,867.031273745459,2774.021879545803,2
2012-09-28,1906.9906058003444,843.2644395301504,2750.255045330495,2
2012-10-01,1906.9906058003444,857.1880286703249,2764.1786344706693,2
2012-10-02,1906.9906058003444,869.3712429307764,2776.3618487311205,2
2012-10-03,1906.9906058003444,889.4633562577831,2796.453962058127,2
2012-10-04,1906.9906058003444,924.9585845351535,2831.949190335498,2
2012-10-05,1931.0389175158732,899.5740358249037,2830.612953340777,2
2012-10-08,1931.0389175158732,889.4547493326422,2820.493666848515,2
2012-10-09,1931.0389175158732,843.7160599233134,2774.7549774391864,2
2012-10-10,1931.0389175158732,817.6942202147416,2748.7331377306145,2
2012-10-11,1931.0389175158732,827.1165153633895,2758.1554328792627,2
2012-10-12,1931.0389175158732,809.0986341501591,2740.1375516660323,2
2012-10-15,1931.0389175158732,872.4414292314797,2803.480346747353,2
2012-10-16,1960.3087974900639,882.7267553245968,2843.0355528146606,2
2012-10-17,1960.3087974900639,897.3758632154832,2857.684660705547,2
2012-10-18,1960.3087974900639,893.3789256804237,2853.6877231704875,2
2012-10-19,1960.3087974900639,821.6974717688288,2782.0062692588926,2
2012-10-22,1960.3087974900639,832.123198998557,2792.431996488621,2
2012-10-23,1960.3087974900639,749.6369352163662,2709.94573270643,2
2012-10-24,1960.3087974900639,730.5516827329783,2690.860480223042,2
2012-10-25,1960.3087974900639,752.9979761259401,2713.3067736160037,2
2012-10-26,1960.3087974900639,750.7729912836951,2711.081788773759,2
2012-10-31,1960.3087974900639,758.3384460376074,2718.647243527671,2
2012-11-01,1960.3087974900639,846.4576980281878,2806.7664955182518,2
2012-11-02,1960.3087974900639,782.9899228944387,2743.2987203845023,2
2012-11-05,1960.3087974900639,816.5749147257513,2776.883712215815,2
2012-11-06,1960.3087974900639,886.0763070212411,2846.385104511305,2
2012-11-07,2599.5111146841186,0,2599.5111146841186,0
2012-11-08,2599.5111146841186,0,2599.5111146841186,0
2012-11-09,2599.5111146841186,0,2599.5111146841186,0
2012-11-12,2599.5111146841186,0,2599.5111146841186,0
2012-11-13,2599.5111146841186,0,2599.5111146841186,0
2012-11-14,2599.5111146841186,0,2599.5111146841186,0
2012-11-15,2599.5111146841186,0,2599.5111146841186,0
2012-11-16,2599.5111146841186,0,2599.5111146841186,0
2012-11-19,2599.5111146841186,0,2599.5111146841186,0
2012-11-20,2599.5111146841186,0,2599.5111146841186,0
2012-11-21,2599.5111146841186,0,2599.5111146841186,0
2012-11-23,2599.5111146841186,0,2599.5111146841186,0
2012-11-26,2599.5111146841186,0,2599.5111146841186,0
2012-11-27,2599.5111146841186,0,2599.5111146841186,0
2012-11-28,2599.5111146841186,0,2599.5111146841186,0
2012-11-29,2599.5111146841186,0,2599.5111146841186,0
2012-11-30,2599.5111146841186,0,2599.5111146841186,0
2012-12-03,2599.5111146841186,0,2599.5111146841186,0
2012-12-04,2599.5111146841186,0,2599.5111146841186,0
2012-12-05,2599.5111146841186,0,2599.5111146841186,0
2012-12-06,2599.5111146841186,0,2599.5111146841186,0
2012-12-07,2156.0448895884674,438.16622509565093,2594.2111146841185,1
2012-12-10,1712.7311266996924,878.1920427408793,2590.9231694405717,2
2012-12-11,1712.7311266996924,899.1065449112043,2611.837671610897,2
2012-12-12,1712.7311266996924,898.5857295541246,2611.3168562538167,2
2012-12-13,1712.7311266996924,880.4984186669906,2593.229545366683,2
2012-12-14,1712.7311266996924,867.8818066079,2580.6129333075924,2
2012-12-17,1712.7311266996924,907.9819811072323,2620.7131078069247,2
2012-12-18,1712.7311266996924,937.8742681012035,2650.6053948008957,2
2012-12-19,1712.7311266996924,912.2049972937205,2624.936123993413,2
2012-12-20,1712.7311266996924,922.4310759595371,2635.1622026592295,2
2012-12-21,1712.7311266996924,905.3905194752654,2618.1216461749577,2
2012-12-24,1712.7311266996924,908.74826087059,2621.4793875702826,2
2012-12-26,1712.7311266996924,891.2142406730421,2603.9453673727344,2
2012-12-27,1712.7311266996924,891.7233249853019,2604.454451684994,2
2012-12-28,1712.7311266996924,840.077647952359,2552.8087746520514,2
2012-12-31,1740.4520895160813,901.5135930870631,2641.965682603144,2
2013-01-02,2254.884881021996,445.28376150223943,2700.1686425242356,1
2013-01-03,1806.4007697165214,887.1282185287137,2693.5289882452353,2
2013-01-04,1806.4007697165214,907.8507918680676,2714.251561584589,2
2013-01-07,1806.4007697165214,906.1259200471814,2712.526689763703,2
2013-01-08,1806.4007697165214,901.2872246911622,2707.6879944076836,2
2013-01-09,1806.4007697165214,908.4528449035997,2714.8536146201213,2
2013-01-10,1806.4007697165214,931.4602693970403,2737.8610391135617,2
2013-01-11,1806.4007697165214,934.9355483163883,2741.3363180329097,2
2013-01-14,1806.4007697165214,938.660410065103,2745.0611797816246,2
2013-01-15,1806.4007697165214,943.2309066054617,2749.631676321983,2
2013-01-16,1806.4007697165214,947.587844167156,2753.9886138836773,2
2013-01-17,2318.500402774812,438.4477722738694,2756.948175048681,1
2013-01-18,1874.6515472003846,889.0505678195344,2763.702115019919,2
2013-01-22,1874.6515472003846,909.8585710013996,2784.5101182017843,2
2013-01-23,1874.6515472003846,915.6676973838634,2790.319244584248,2
2013-01-24,1874.6515472003846,915.0895073078643,2789.741054508249,2
2013-01-25,1874.6515472003846,928.4967294647588,2803.1482766651434,2
2013-01-28,1874.6515472003846,923.8560979945962,2798.507645194981,2
2013-01-29,1896.7383560040425,911.8272136456324,2808.565569649675,2
2013-01-30,1896.7383560040425,892.9102695900049,2789.648625594047,2
2013-01-31,1896.7383560040425,887.8143280637523,2784.552684067795,2
2013-02-01,1923.055577073305,898.3275380779043,2821.383115151209,2
2013-02-04,1923.055577073305,846.7537859871552,2769.80936306046,2
2013-02-05,1923.055577073305,893.1264808481999,2816.1820579215046,2
2013-02-06,1923.055577073305,900.1620395728237,2823.2176166461286,2
2013-02-07,1923.055577073305,895.8823129074456,2818.9378899807507,2
2013-02-08,1923.055577073305,919.5964367188244,2842.6520137921293,2
2013-02-11,1923.055577073305,926.4383973783881,2849.4939744516932,2
2013-02-12,1923.055577073305,936.4843146697822,2859.539891743087,2
2013-02-13,1923.055577073305,936.9726743952276,2860.0282514685323,2
2013-02-14,1952.8928909210615,908.4313011446753,2861.324192065737,2
2013-02-15,1952.8928909210615,909.9457647087859,2862.8386556298474,2
2013-02-19,1985.6444305044456,901.1106863871664,2886.755116891612,2
2013-02-20,1985.6444305044456,833.9010216057427,2819.5454521101883,2
2013-02-21,1985.6444305044456,803.3155141898063,2788.959944694252,2
2013-02-22,1985.6444305044456,851.1382182766038,2836.7826487810494,2
2013-02-25,1985.6444305044456,739.2874610122192,2724.931891516665,2
2013-02-26,1985.6444305044456,780.6355443903925,2766.2799748948382,2
2013-02-27,1985.6444305044456,856.702164201158,2842.346594705604,2
2013-02-28,1985.6444305044456,848.2983641116713,2833.9427946161168,2
2013-03-01,1985.6444305044456,861.5123345051112,2847.1567650095567,2
2013-03-04,1985.6444305044456,901.7054245351073,2887.349855039553,2
2013-03-05,2011.4845935739077,906.3148713872645,2917.799464961172,2
2013-03-06,2011.4845935739077,911.1637049790779,2922.6482985529856,2
2013-03-07,2011.4845935739077,923.5059691949555,2934.990562768863,2
2013-03-08,2043.194752822581,902.9938393227493,2946.1885921453304,2
2013-03-11,2043.194752822581,929.2844766897945,2972.4792295123752,2
2013-03-12,2043.194752822581,916.5020264703348,2959.696779292916,2
2013-03-13,2043.194752822581,927.280564584828,2970.475317407409,2
2013-03-14,2080.0257487765925,904.7932794513938,2984.8190282279866,2
2013-03-15,2080.0257487765925,901.2484348354676,2981.2741836120604,2
2013-03-18,2080.0257487765925,861.5176303721888,2941.5433791487812,2
2013-03-19,2080.0257487765925,843.0649389433684,2923.090687719961,2
2013-03-20,2080.0257487765925,890.1098054223107,2970.1355541989033,2
2013-03-21,2080.0257487765925,843.4517400665134,2923.4774888431057,2
2013-03-22,2080.0257487765925,880.4175032020262,2960.4432519786187,2
2013-03-25,2080.0257487765925,873.2902354748069,2953.3159842513996,2
2013-03-26,2105.5193363620583,884.6734348555486,2990.192771217607,2
2013-03-27,2105.5193363620583,880.2737005972974,2985.793036959356,2
2013-03-28,2105.5193363620583,902.242549566879,3007.7618859289373,2
2013-04-01,2105.5193363620583,886.8534522933458,2992.3727886554043,2
2013-04-02,2105.5193363620583,917.7013224526673,3023.2206588147255,2
2013-04-03,2105.5193363620583,862.9587333807572,2968.4780697428155,2
2013-04-04,2105.5193363620583,887.852743397251,2993.372079759309,2
2013-04-05,2105.5193363620583,872.1576583286748,2977.676994690733,2
2013-04-08,2105.5193363620583,921.0213143912024,3026.5406507532607,2
2013-04-09,2131.667172349267,908.6876979132602,3040.354870262527,2
2013-04-10,2168.6485209196303,901.5579883808912,3070.2065093005212,2
2013-04-11,2168.6485209196303,914.1876734682473,3082.8361943878776,2
2013-04-12,2168.6485209196303,910.4554494759773,3079.1039703956076,2
2013-04-15,2168.6485209196303,784.3202162265111,2952.9687371461414,2
2013-04-16,2168.6485209196303,867.7369193807174,3036.385440300348,2
2013-04-17,2168.6485209196303,788.0329574536258,2956.681478373256,2
2013-04-18,2168.6485209196303,741.0762672999392,2909.7247882195697,2
2013-04-19,2168.6485209196303,810.3094139814946,2978.9579349011246,2
2013-04-22,2168.6485209196303,843.8664540299902,3012.5149749496204,2
2013-04-23,2168.6485209196303,899.0152832113856,3067.663804131016,2
2013-04-24,2168.6485209196303,900.6071868039423,3069.2557077235724,2
2013-04-25,2168.6485209196303,916.9732820012136,3085.621802920844,2
2013-04-26,2168.6485209196303,914.5897250894309,3083.238246009061,2
2013-04-29,2211.1423353853834,895.7185055791614,3106.860840964545,2
2013-04-30,2211.1423353853834,908.5605441183066,3119.70287950369,2
2013-05-01,2211.1423353853834,868.2355782818968,3079.37791366728,2
2013-05-02,2236.1515606507487,882.6165741660816,3118.7681348168303,2
2013-05-03,2236.1515606507487,920.3208132195515,3156.4723738703,2
2013-05-06,2236.1515606507487,932.4065142907879,3168.5580749415367,2
2013-05-07,2261.1149319691726,911.1863800410367,3172.3013120102096,2
2013-05-08,2291.1228928153564,887.9593875277399,3179.0822803430965,2
2013-05-09,2291.1228928153564,872.0232000213325,3163.1460928366887,2
2013-05-10,2291.1228928153564,894.12142956767,3185.2443223830264,2
2013-05-13,2291.1228928153564,900.5108113855546,3191.633704200911,2
2013-05-14,2291.1228928153564,927.2495552062119,3218.3724480215683,2
2013-05-15,2315.106739500661,909.1429730941618,3224.249712594823,2
2013-05-16,2315.106739500661,893.827881814102,3208.9346213147633,2
2013-05-17,2340.57936669625,897.6584933453069,3238.237860041557,2
2013-05-20,2340.57936669625,894.2696416092954,3234.8490083055453,2
2013-05-21,2340.57936669625,897.4376022193679,3238.016968915618,2
2013-05-22,2340.57936669625,867.0557111384735,3207.6350778347232,2
2013-05-23,2340.57936669625,855.0656800736267,3195.645046769877,2
2013-05-24,2340.57936669625,855.5635489730194,3196.1429156692693,2
2013-05-28,2340.57936669625,884.202370555721,3224.781737251971,2
2013-05-29,2340.57936669625,855.4977153374441,3196.077082033694,2
2013-05-30,2340.57936669625,876.6939138346177,3217.273280530868,2
2013-05-31,2340.57936669625,793.5594536584354,3134.1388203546853,2
2013-06-03,2340.57936669625,834.1588763240562,3174.738243020306,2
2013-06-04,2340.57936669625,806.3102614223435,3146.8896281185935,2
2013-06-05,2227.5174882306746,796.2530714539525,3023.770559684627,2
2013-06-06,2227.5174882306746,846.5604731191302,3074.077961349805,2
2013-06-07,2227.5174882306746,912.1371701647906,3139.654658395465,2
2013-06-10,2227.5174882306746,921.6396300959625,3149.157118326637,2
2013-06-11,2227.5174882306746,872.8954751221543,3100.412963352829,2
2013-06-12,2227.5174882306746,821.6145225091374,3049.132010739812,2
2013-06-13,2227.5174882306746,917.9924768702358,3145.5099651009104,2
2013-06-14,2227.5174882306746,895.2032550391795,3122.720743269854,2
2013-06-17,2276.560355652936,901.4042105995359,3177.9645662524717,2
2013-06-18,2306.9117703799493,882.4157928285033,3189.3275632084524,2
2013-06-19,2306.9117703799493,846.3750148400841,3153.2867852200334,2
2013-06-20,2306.9117703799493,736.4657048633085,3043.377475243258,2
2013-06-21,2306.9117703799493,751.174481925478,3058.0862523054275,2
2013-06-24,2618.5235006599232,343.17458475595754,2961.698085415881,1
2013-06-25,2618.5235006599232,376.93793560539746,2995.4614362653206,1
2013-06-26,2618.5235006599232,402.50637952688635,3021.0298801868094,1
2013-06-27,2618.5235006599232,417.2962829084415,3035.819783568365,1
2013-06-28,2618.5235006599232,409.2074532531189,3027.730953913042,1
2013-07-01,2618.5235006599232,425.8399684112245,3044.363469071148,1
2013-07-02,2618.5235006599232,425.8097628295065,3044.3332634894296,1
2013-07-03,2618.5235006599232,430.11754668821885,3048.641047348142,1
2013-07-05,2176.6808919455643,895.1218809845225,3071.8027729300866,2
2013-07-08,2207.342534849151,881.8010025058652,3089.143537355016,2
2013-07-09,2207.342534849151,905.650099603228,3112.992634452379,2
2013-07-10,2207.342534849151,909.2385453340819,3116.581080183233,2
2013-07-11,2232.39311443873,907.1848085347972,3139.577922973527,2
2013-07-12,2257.6725566875607,885.417595407544,3143.0901520951047,2
2013-07-15,2257.6725566875607,894.8758611234741,3152.5484178110346,2
2013-07-16,2257.6725566875607,879.424804309037,3137.0973609965977,2
2013-07-17,2257.6725566875607,896.146373162278,3153.8189298498387,2
2013-07-18,2257.6725566875607,911.8145375580946,3169.4870942456555,2
2013-07-19,2257.6725566875607,931.4297564286837,3189.1023131162447,2
2013-07-22,2286.4691769320234,910.1535494140358,3196.622726346059,2
2013-07-23,2286.4691769320234,902.4487473149605,3188.917924246984,2
2013-07-24,2286.4691769320234,886.3837123574594,3172.852889289483,2
2013-07-25,2286.4691769320234,899.3893537422382,3185.8585306742616,2
2013-07-26,2286.4691769320234,907.1860816356916,3193.655258567715,2
2013-07-29,2286.4691769320234,895.1860415015209,3181.655218433544,2
2013-07-30,2286.4691769320234,899.3892125093096,3185.858389441333,2
2013-07-31,2286.4691769320234,901.3267215488837,3187.795898480907,2
2013-08-01,2327.785178038859,896.2128792463493,3223.9980572852082,2
2013-08-02,2327.785178038859,914.7282439397817,3242.513421978641,2
2013-08-05,2327.785178038859,919.0492930532371,3246.8344710920965,2
2013-08-06,2327.785178038859,891.422672631675,3219.2078506705343,2
2013-08-07,2327.785178038859,875.8004914267603,3203.5856694656195,2
2013-08-08,2327.785178038859,897.104957376883,3224.8901354157424,2
2013-08-09,2327.785178038859,877.8636799871988,3205.648858026058,2
2013-08-12,2327.785178038859,890.1908754816125,3217.9760535204714,2
2013-08-13,2327.785178038859,911.7586648894696,3239.5438429283286,2
2013-08-14,2327.785178038859,884.2514604771511,3212.0366385160105,2
2013-08-15,2327.785178038859,779.1635352827872,3106.948713321646,2
2013-08-16,2327.785178038859,754.1836273446293,3081.9688053834884,2
2013-08-19,2645.572655108313,371.05291292302024,3016.6255680313334,1
2013-08-20,2645.572655108313,401.70941598200363,3047.2820710903165,1
2013-08-21,2645.572655108313,361.00233129032165,3006.574986398635,1
2013-08-22,2645.572655108313,433.08700910814287,3078.659664216456,1
2013-08-23,2199.325743654648,906.9097860179377,3106.2355296725855,2
2013-08-26,2699.325743654648,432.37402126184816,3131.699764916496,1
2013-08-27,2699.325743654648,396.48445879201756,3095.8102024466652,1
2013-08-28,2699.325743654648,403.5419003168542,3102.867643971502,1
2013-08-29,2699.325743654648,407.18107263297014,3106.5068162876178,1
2013-08-30,2699.325743654648,400.40759850987087,3099.7333421645185,1
2013-09-03,2699.325743654648,413.49107121671267,3112.8168148713603,1
2013-09-04,2699.325743654648,433.5311508886594,3132.856894543307,1
2013-09-05,2699.325743654648,437.51199375461914,3136.837737409267,1
2013-09-06,2699.325743654648,438.6738233532561,3137.999567007904,1
2013-09-09,2253.9022488665732,900.179622594454,3154.0818714610273,2
2013-09-10,2284.632650209207,892.1422170547798,3176.774867263987,2
2013-09-11,2284.632650209207,908.0134842019488,3192.646134411156,2
2013-09-12,2284.632650209207,896.8322390406064,3181.4648892498135,2
2013-09-13,2284.632650209207,906.5421587732919,3191.1748089824987,2
2013-09-16,2284.632650209207,922.7712877365036,3207.403937945711,2
2013-09-17,2284.632650209207,931.5729898329787,3216.2056400421857,2
2013-09-18,2794.5824752654435,442.23272196859506,3236.8151972340384,1
2013-09-19,2347.5208442806015,884.3189323597724,3231.839776640374,2
2013-09-20,2347.5208442806015,861.5438763723073,3209.064720652909,2
2013-09-23,2347.5208442806015,835.2325289164544,3182.753373197056,2
2013-09-24,2347.5208442806015,827.179452429257,3174.700296709859,2
2013-09-25,2347.5208442806015,815.9357709431795,3163.4566152237812,2
2013-09-26,2347.5208442806015,833.9669651038008,3181.487809384402,2
2013-09-27,2347.5208442806015,804.1260258377727,3151.646870118374,2
2013-09-30,2347.5208442806015,768.1974435994953,3115.718287880097,2
2013-10-01,2347.5208442806015,819.8536527484056,3167.374497029007,2
2013-10-02,2347.5208442806015,810.4357955866171,3157.9566398672187,2
2013-10-03,2347.5208442806015,755.9104730712761,3103.4313173518776,2
2013-10-04,2347.5208442806015,803.2690108929795,3150.789855173581,2
2013-10-07,2347.5208442806015,743.9144465579403,3091.4352908385417,2
2013-10-08,2970.298717354532,0,2970.298717354532,0
2013-10-09,2970.298717354532,0,2970.298717354532,0
2013-10-10,2528.298508273047,436.700209081485,2964.998717354532,1
2013-10-11,2083.3094353479714,887.3536229562518,2970.6630583042233,2
2013-10-14,2083.3094353479714,898.3850616494408,2981.694496997412,2
2013-10-15,2083.3094353479714,865.2794085370645,2948.588843885036,2
2013-10-16,2083.3094353479714,927.3139866872712,3010.6234220352426,2
2013-10-17,2586.5001346155036,440.36516730012244,3026.865301915626,1
2013-10-18,2137.6745747425894,896.258368872461,3033.93294361505,2
2013-10-21,2137.6745747425894,900.4467818495712,3038.1213565921607,2
2013-10-22,2137.6745747425894,915.3624931893326,3053.037067931922,2
2013-10-23,2137.6745747425894,904.2277572446333,3041.9023319872226,2
2013-10-24,2137.6745747425894,917.3012874195028,3054.975862162092,2
2013-10-25,2137.6745747425894,930.8743603573407,3068.54893509993,2
2013-10-28,2164.7733187667477,904.6566496427532,3069.429968409501,2
2013-10-29,2164.7733187667477,919.573926283108,3084.3472450498557,2
2013-10-30,2164.7733187667477,907.0778703459711,3071.8511891127187,2
2013-10-31,2164.7733187667477,897.3967179401218,3062.1700367068697,2
2013-11-01,2164.7733187667477,913.0608637279773,3077.834182494725,2
2013-11-04,2201.744516806908,889.8456868701135,3091.5902036770212,2
2013-11-05,2201.744516806908,878.5581763700242,3080.3026931769323,2
2013-11-06,2201.744516806908,901.3769713546102,3103.1214881615183,2
2013-11-07,2201.744516806908,839.9321723959179,3041.676689202826,2
2013-11-08,2201.744516806908,903.2583844795903,3105.0029012864984,2
2013-11-11,2201.744516806908,917.2543965406558,3118.9989133475638,2
2013-11-12,2201.744516806908,909.1656482321857,3110.910165039094,2
2013-11-13,2229.7475208712854,903.3018666761641,3133.0493875474494,2
2013-11-14,2229.7475208712854,920.4983467814245,3150.24586765271,2
2013-11-15,2258.165027570679,899.6509916962661,3157.8160192669447,2
2013-11-18,2258.165027570679,882.5246105639226,3140.6896381346014,2
2013-11-19,2258.165027570679,874.0651131587612,3132.23014072944,2
2013-11-20,2258.165027570679,862.0395825317348,3120.2046101024134,2
2013-11-21,2258.165027570679,901.5789168899578,3159.7439444606366,2
2013-11-22,2258.165027570679,923.0696156754257,3181.2346432461045,2
2013-11-25,2258.165027570679,920.7357664621911,3178.90079403287,2
2013-11-26,2258.165027570679,923.6271479888078,3181.7921755594866,2
2013-11-27,2292.1770270288675,890.4910596178853,3182.6680866467527,2
2013-11-29,2292.1770270288675,884.3559977921881,3176.5330248210557,2
2013-12-02,2292.1770270288675,876.6158594535773,3168.792886482445,2
2013-12-03,2292.1770270288675,863.6099338413551,3155.7869608702226,2
2013-12-04,2292.1770270288675,859.5257957136549,3151.7028227425226,2
2013-12-05,2292.1770270288675,838.9152055843592,3131.0922326132268,2
2013-12-06,2292.1770270288675,902.1072649373757,3194.2842919662435,2
2013-12-09,2322.478230928921,885.6911524280378,3208.169383356959,2
2013-12-10,2322.478230928921,872.1564149245368,3194.634645853458,2
2013-12-11,2322.478230928921,812.150454943805,3134.6286858727262,2
2013-12-12,2322.478230928921,793.5604192159421,3116.0386501448634,2
2013-12-13,2322.478230928921,792.882102512458,3115.360333441379,2
2013-12-16,2322.478230928921,828.4940113132283,3150.9722422421496,2
2013-12-17,2322.478230928921,813.9727763467924,3136.451007275714,2
2013-12-18,2322.478230928921,911.2681165797414,3233.7463475086624,2
2013-12-19,2322.478230928921,909.1888571509548,3231.667088079876,2
2013-12-20,2347.7152144724164,899.5076129017065,3247.222827374123,2
2013-12-23,2380.854671823415,888.094116034427,3268.948787857842,2
2013-12-24,2380.854671823415,904.8610025982266,3285.715674421642,2
2013-12-26,2380.854671823415,922.8578631949214,3303.7125350183364,2
2013-12-27,2380.854671823415,922.5237830725029,3303.378454895918,2
2013-12-30,2380.854671823415,916.3340246045807,3297.1886964279956,2
2013-12-31,2380.854671823415,926.4634077931236,3307.318079616539,2
2014-01-02,2380.854671823415,903.1347839385189,3283.989455761934,2
2014-01-03,2380.854671823415,909.9774210544186,3290.832092877834,2
2014-01-06,2380.854671823415,913.9053931997073,3294.7600650231225,2
2014-01-07,2420.1832434007683,895.4539139691569,3315.6371573699253,2
2014-01-08,2420.1832434007683,897.8109711598313,3317.9942145605996,2
2014-01-09,2420.1832434007683,901.3586179619033,3321.5418613626716,2
2014-01-10,2445.077251949367,888.6653634222639,3333.742615371631,2
2014-01-13,2445.077251949367,828.7240655438133,3273.8013174931802,2
2014-01-14,2445.077251949367,887.8269132069,3332.904165156267,2
2014-01-15,2445.077251949367,907.3228166970291,3352.400068646396,2
2014-01-16,2445.077251949367,902.1903446497035,3347.2675965990707,2
2014-01-17,2445.077251949367,892.1429562431086,3337.2202081924756,2
2014-01-21,2445.077251949367,907.3684365485567,3352.4456884979236,2
2014-01-22,2445.077251949367,912.7360772075331,3357.8133291569,2
2014-01-23,2445.077251949367,869.6773875933961,3314.7546395427635,2
2014-01-24,2445.077251949367,716.5879664977425,3161.6652184471095,2
2014-01-27,2776.7989040145903,333.0852243387113,3109.8841283533015,1
2014-01-28,2776.7989040145903,370.78297878450076,3147.581882799091,1
2014-01-29,3082.9928039702063,0,3082.9928039702063,0
2014-01-30,3082.9928039702063,0,3082.9928039702063,0
2014-01-31,3082.9928039702063,0,3082.9928039702063,0
2014-02-03,3082.9928039702063,0,3082.9928039702063,0
2014-02-04,3082.9928039702063,0,3082.9928039702063,0
2014-02-05,3082.9928039702063,0,3082.9928039702063,0
2014-02-06,3082.9928039702063,0,3082.9928039702063,0
2014-02-07,3082.9928039702063,0,3082.9928039702063,0
2014-02-10,3082.9928039702063,0,3082.9928039702063,0
2014-02-11,2639.9813515726887,437.7114523975173,3077.692803970206,1
2014-02-12,2196.376598880753,877.357408996173,3073.734007876926,2
2014-02-13,2196.376598880753,896.3333123225223,3092.7099112032756,2
2014-02-14,2196.376598880753,915.3891251060505,3111.7657239868036,2
2014-02-18,2196.376598880753,922.688008802066,3119.064607682819,2
2014-02-19,2196.376598880753,893.1570286786791,3089.5336275594323,2
2014-02-20,2196.376598880753,916.7799706653802,3113.156569546133,2
2014-02-21,2196.376598880753,915.8442002914426,3112.2207991721957,2
2014-02-24,2224.831240687052,906.0560648833625,3130.8873055704144,2
2014-02-25,2254.0682573503136,874.4397953004715,3128.508052650785,2
2014-02-26,2254.0682573503136,869.3138104680568,3123.38206781837,2
2014-02-27,2254.0682573503136,888.7708890881864,3142.8391464385,2
2014-02-28,2254.0682573503136,898.5421741023408,3152.6104314526547,2
2014-03-03,2254.0682573503136,863.948440943868,3118.016698294182,2
2014-03-04,2254.0682573503136,924.1040022337716,3178.172259584085,2
2014-03-05,2254.0682573503136,928.4033911248966,3182.4716484752103,2
2014-03-06,2254.0682573503136,931.0808659658633,3185.149123316177,2
2014-03-07,2254.0682573503136,935.5913950498717,3189.659652400185,2
2014-03-10,2284.2484705325,905.0532398961936,3189.3017104286937,2
2014-03-11,2284.2484705325,887.7207195106561,3171.9691900431562,2
2014-03-12,2284.2484705325,893.9305397514548,3178.179010283955,2
2014-03-13,2284.2484705325,841.3014804828283,3125.5499510153286,2
2014-03-14,2284.2484705325,821.6263403970121,3105.874810929512,2
2014-03-17,2284.2484705325,880.8416847351591,3165.090155267659,2
2014-03-18,2319.6708299047173,873.6794145645874,3193.350244469305,2
2014-03-19,2319.6708299047173,848.628149277522,3168.2989791822392,2
2014-03-20,2319.6708299047173,877.0569949919648,3196.7278248966823,2
2014-03-21,2319.6708299047173,864.5072552167765,3184.1780851214935,2
2014-03-24,2319.6708299047173,851.4606113106456,3171.131441215363,2
2014-03-25,2319.6708299047173,882.1380291970204,3201.8088591017377,2
2014-03-26,2319.6708299047173,846.3639284537217,3166.034758358439,2
2014-03-27,2319.6708299047173,843.0253455326533,3162.6961754373706,2
2014-03-28,2319.6708299047173,869.5510957692438,3189.221925673961,2
2014-03-31,2319.6708299047173,916.608006284382,3236.2788361890994,2
2014-04-01,2352.7777300809844,908.8497787025583,3261.627508783543,2
2014-04-02,2386.640718649587,878.3071563174481,3264.947874967035,2
2014-04-03,2386.640718649587,873.0961417058517,3259.7368603554387,2
2014-04-04,2386.640718649587,818.3585104990743,3204.9992291486615,2
2014-04-07,2386.640718649587,753.8522410786549,3140.492959728242,2
2014-04-08,2386.640718649587,779.2979434462602,3165.9386620958476,2
2014-04-09,2386.640718649587,844.3911602151552,3231.0318788647423,2
2014-04-10,2386.640718649587,705.0180086655637,3091.658727315151,2
2014-04-11,2986.1174692229542,0,2986.1174692229542,0
2014-04-14,2986.1174692229542,0,2986.1174692229542,0
2014-04-15,2986.1174692229542,0,2986.1174692229542,0
2014-04-16,2541.0234238622957,439.79404536065834,2980.817469222954,1
2014-04-17,2098.251784786153,884.2041172523093,2982.455902038462,2
2014-04-21,2098.251784786153,903.4422300776585,3001.6940148638114,2
2014-04-22,2098.251784786153,916.7722330968262,3015.0240178829795,2
2014-04-23,2098.251784786153,912.3924107606952,3010.644195546848,2
2014-04-24,2098.251784786153,918.4315162040032,3016.6833009901566,2
2014-04-25,2098.251784786153,889.6098333936575,2987.8616181798106,2
2014-04-28,2098.251784786153,908.0994111187599,3006.351195904913,2
2014-04-29,2098.251784786153,926.5373258280297,3024.789110614183,2
2014-04-30,2129.513423404556,901.6825174061075,3031.195940810663,2
2014-05-01,2129.513423404556,905.2449068568585,3034.7583302614144,2
2014-05-02,2129.513423404556,907.4220219657745,3036.9354453703304,2
2014-05-05,2161.159681564575,878.1532738091882,3039.312955373763,2
2014-05-06,2161.159681564575,840.2998956775136,3001.4595772420885,2
2014-05-07,2161.159681564575,868.409552127541,3029.5692336921156,2
2014-05-08,2161.159681564575,864.7132260780929,3025.872907642668,2
2014-05-09,2161.159681564575,878.3627997768419,3039.522481341417,2
2014-05-12,2161.159681564575,925.2405803103425,3086.4002618749173,2
2014-05-13,2161.159681564575,930.1702374881957,3091.3299190527705,2
2014-05-14,2161.159681564575,918.7846043342051,3079.94428589878,2
2014-05-15,2161.159681564575,873.5823025520987,3034.7419841166734,2
2014-05-16,2161.159681564575,901.4814932527223,3062.6411748172973,2
2014-05-19,2161.159681564575,925.9583698277127,3087.1180513922873,2
2014-05-20,2161.159681564575,898.3214327927086,3059.4811143572833,2
2014-05-21,2193.2206262526347,905.9226643840414,3099.1432906366763,2
2014-05-22,2216.5329671837426,884.7048203102588,3101.237787494001,2
2014-05-23,2216.5329671837426,909.065366420913,3125.5983336046556,2
2014-05-27,2216.5329671837426,931.294369581519,3147.827336765262,2
2014-05-28,2216.5329671837426,928.4520862249642,3144.985053408707,2
2014-05-29,2241.1876684867916,913.1716958119844,3154.359364298776,2
2014-05-30,2266.5559814819153,890.386134518202,3156.9421160001175,2
2014-06-02,2266.5559814819153,895.58700017931,3162.1429816612253,2
2014-06-03,2266.5559814819153,892.2857417079598,3158.841723189875,2
2014-06-04,2266.5559814819153,897.89888139709,3164.4548628790053,2
2014-06-05,2266.5559814819153,924.3193257992248,3190.87530728114,2
2014-06-06,2290.8271866091645,918.3841824785136,3209.211369087678,2
2014-06-09,2313.7538117250715,891.5492277192175,3205.303039444289,2
2014-06-10,2313.7538117250715,894.7524055924608,3208.5062173175324,2
2014-06-11,2313.7538117250715,873.9564589986543,3187.710270723726,2
2014-06-12,2313.7538117250715,830.4266679947823,3144.180479719854,2
2014-06-13,2313.7538117250715,852.1662220523795,3165.920033777451,2
2014-06-16,2313.7538117250715,856.4201279989882,3170.17393972406,2
2014-06-17,2313.7538117250715,876.3675308591473,3190.121342584219,2
2014-06-18,2313.7538117250715,929.4714243198259,3243.2252360448974,2
2014-06-19,2313.7538117250715,935.9891373049435,3249.742949030015,2
2014-06-20,2313.7538117250715,940.6335315542034,3254.387343279275,2
2014-06-23,2347.129790155097,907.4765301845823,3254.6063203396793,2
2014-06-24,2347.129790155097,868.7189392006931,3215.84872935579,2
2014-06-25,2347.129790155097,898.3633590642385,3245.4931492193355,2
2014-06-26,2347.129790155097,895.8652653524691,3242.995055507566,2
2014-06-27,2372.4850933837606,878.7249056708561,3251.2099990546167,2
2014-06-30,2372.4850933837606,878.5180198928394,3251.0031132766,2
2014-07-01,2372.4850933837606,911.7419108303958,3284.2270042141563,2
2014-07-02,2372.4850933837606,920.8718167557752,3293.356910139536,2
2014-07-03,2866.896667615531,443.3429802634723,3310.2396478790033,1
2014-07-07,2423.0252525384235,869.1209911581641,3292.1462436965876,2
2014-07-08,2423.0252525384235,827.7856602556294,3250.810912794053,2
2014-07-09,2423.0252525384235,857.0818755814496,3280.107128119873,2
2014-07-10,2423.0252525384235,826.4242381010177,3249.449490639441,2
2014-07-11,2423.0252525384235,841.7848502161515,3264.810102754575,2
2014-07-14,2423.0252525384235,875.3932014152938,3298.4184539537173,2
2014-07-15,2423.0252525384235,866.708879358946,3289.7341318973695,2
2014-07-16,2423.0252525384235,902.5317063822852,3325.556958920709,2
2014-07-17,2423.0252525384235,800.3895233923664,3223.41477593079,2
2014-07-18,2423.0252525384235,885.7184139821118,3308.743666520535,2
2014-07-21,2423.0252525384235,874.5325237605925,3297.557776299016,2
2014-07-22,2423.0252525384235,909.2169336892559,3332.2421862276797,2
2014-07-23,2423.0252525384235,929.9165658597677,3352.941818398191,2
2014-07-24,2423.0252525384235,931.6723729406508,3354.6976254790743,2
2014-07-25,2423.0252525384235,905.0616370755096,3328.086889613933,2
2014-07-28,2423.0252525384235,924.8205717222311,3347.845824260655,2
2014-07-29,2423.0252525384235,899.4998824712161,3322.5251350096396,2
2014-07-30,2423.0252525384235,906.8173436278164,3329.8425961662397,2
2014-07-31,2755.138859249757,362.23059776286277,3117.36945701262,1
2014-08-01,2755.138859249757,345.53124416775415,3100.670103417511,1
2014-08-04,2755.138859249757,403.4755823700877,3158.6144416198445,1
2014-08-05,2755.138859249757,334.1283554945385,3089.2672147442954,1
2014-08-06,2755.138859249757,338.6373016750632,3093.77616092482,1
2014-08-07,3040.2932377109246,0,3040.2932377109246,0
2014-08-08,3040.2932377109246,0,3040.2932377109246,0
2014-08-11,3040.2932377109246,0,3040.2932377109246,0
2014-08-12,3040.2932377109246,0,3040.2932377109246,0
2014-08-13,3040.2932377109246,0,3040.2932377109246,0
2014-08-14,3040.2932377109246,0,3040.2932377109246,0
2014-08-15,3040.2932377109246,0,3040.2932377109246,0
2014-08-18,2598.4760206446376,436.517217066287,3034.9932377109244,1
2014-08-19,2156.48185525312,883.2507617303552,3039.732616983475,2
2014-08-20,2156.48185525312,898.6635192239805,3055.1453744771006,2
2014-08-21,2156.48185525312,909.7806766005497,3066.2625318536698,2
2014-08-22,2156.48185525312,909.5189892738937,3066.0008445270137,2
2014-08-25,2156.48185525312,926.4220738255867,3082.903929078707,2
2014-08-26,2156.48185525312,932.2351627455001,3088.71701799862,2
2014-08-27,2182.881292894008,899.7848958857173,3082.6661887797254,2
2014-08-28,2182.881292894008,892.5727023881633,3075.453995282171,2
2014-08-29,2182.881292894008,905.2024528802459,3088.0837457742537,2
2014-09-02,2182.881292894008,910.8837656104083,3093.765058504416,2
2014-09-03,2182.881292894008,909.6347500647771,3092.516042958785,2
2014-09-04,2182.881292894008,903.7899848558387,3086.6712777498465,2
2014-09-05,2221.58903963974,883.9004883695336,3105.4895280092733,2
2014-09-08,2221.58903963974,870.9514301615482,3092.540469801288,2
2014-09-09,2221.58903963974,833.28412383729,3054.87316347703,2
2014-09-10,2221.58903963974,860.0559804430834,3081.645020082823,2
2014-09-11,2221.58903963974,867.5919256949378,3089.1809653346777,2
2014-09-12,2221.58903963974,834.2499725831292,3055.8390122228693,2
2014-09-15,2221.58903963974,829.8245774632651,3051.413617103005,2
2014-09-16,2221.58903963974,887.5726850744234,3109.161724714163,2
2014-09-17,2221.58903963974,898.0949412377556,3119.6839808774957,2
2014-09-18,2255.9765292486395,887.4900215174396,3143.4665507660793,2
2014-09-19,2255.9765292486395,886.9614124163825,3142.9379416650218,2
2014-09-22,2255.9765292486395,839.1225467713191,3095.0990760199584,2
2014-09-23,2255.9765292486395,797.887654708099,3053.8641839567385,2
2014-09-24,2255.9765292486395,859.5735074324896,3115.5500366811293,2
2014-09-25,2255.9765292486395,740.0182199264087,2995.994749175048,2
2014-09-26,2255.9765292486395,805.9196196108771,3061.896148859517,2
2014-09-29,2255.9765292486395,789.281726121865,3045.2582553705042,2
2014-09-30,2255.9765292486395,770.2411832920916,3026.217712540731,2
2014-10-01,2570.0730544946023,313.46879283910096,2883.541847333703,1
2014-10-02,2570.0730544946023,314.96998697861045,2885.0430414732127,1
2014-10-03,2570.0730544946023,402.26054315457736,2972.33359764918,1
2014-10-06,2570.0730544946023,408.0966873845414,2978.1697418791437,1
2014-10-07,2828.6304591411335,0,2828.6304591411335,0
2014-10-08,2828.6304591411335,0,2828.6304591411335,0
2014-10-09,2828.6304591411335,0,2828.6304591411335,0
2014-10-10,2828.6304591411335,0,2828.6304591411335,0
2014-10-13,2828.6304591411335,0,2828.6304591411335,0
2014-10-14,2828.6304591411335,0,2828.6304591411335,0
2014-10-15,2828.6304591411335,0,2828.6304591411335,0
2014-10-16,2828.6304591411335,0,2828.6304591411335,0
2014-10-17,2828.6304591411335,0,2828.6304591411335,0
2014-10-20,2828.6304591411335,0,2828.6304591411335,0
2014-10-21,2828.6304591411335,0,2828.6304591411335,0
2014-10-22,2828.6304591411335,0,2828.6304591411335,0
2014-10-23,2828.6304591411335,0,2828.6304591411335,0
2014-10-24,2828.6304591411335,0,2828.6304591411335,0
2014-10-27,2828.6304591411335,0,2828.6304591411335,0
2014-10-28,2828.6304591411335,0,2828.6304591411335,0
2014-10-29,2828.6304591411335,0,2828.6304591411335,0
2014-10-30,2828.6304591411335,0,2828.6304591411335,0
2014-10-31,2828.6304591411335,0,2828.6304591411335,0
2014-11-03,2828.6304591411335,0,2828.6304591411335,0
2014-11-04,2828.6304591411335,0,2828.6304591411335,0
2014-11-05,2828.6304591411335,0,2828.6304591411335,0
2014-11-06,2828.6304591411335,0,2828.6304591411335,0
2014-11-07,2828.6304591411335,0,2828.6304591411335,0
2014-11-10,2828.6304591411335,0,2828.6304591411335,0
2014-11-11,2828.6304591411335,0,2828.6304591411335,0
2014-11-12,2828.6304591411335,0,2828.6304591411335,0
2014-11-13,2828.6304591411335,0,2828.6304591411335,0
2014-11-14,2828.6304591411335,0,2828.6304591411335,0
2014-11-17,2828.6304591411335,0,2828.6304591411335,0
2014-11-18,2828.6304591411335,0,2828.6304591411335,0
2014-11-19,2828.6304591411335,0,2828.6304591411335,0
2014-11-20,2828.6304591411335,0,2828.6304591411335,0
2014-11-21,2828.6304591411335,0,2828.6304591411335,0
2014-11-24,2828.6304591411335,0,2828.6304591411335,0
2014-11-25,2828.6304591411335,0,2828.6304591411335,0
2014-11-26,2828.6304591411335,0,2828.6304591411335,0
2014-11-28,2828.6304591411335,0,2828.6304591411335,0
2014-12-01,2828.6304591411335,0,2828.6304591411335,0
2014-12-02,2828.6304591411335,0,2828.6304591411335,0
2014-12-03,2828.6304591411335,0,2828.6304591411335,0
2014-12-04,2828.6304591411335,0,2828.6304591411335,0
2014-12-05,2828.6304591411335,0,2828.6304591411335,0
2014-12-08,2828.6304591411335,0,2828.6304591411335,0
2014-12-09,2828.6304591411335,0,2828.6304591411335,0
2014-12-10,2828.6304591411335,0,2828.6304591411335,0
2014-12-11,2828.6304591411335,0,2828.6304591411335,0
2014-12-12,2828.6304591411335,0,2828.6304591411335,0
2014-12-15,2828.6304591411335,0,2828.6304591411335,0
2014-12-16,2828.6304591411335,0,2828.6304591411335,0
2014-12-17,2828.6304591411335,0,2828.6304591411335,0
2014-12-18,2828.6304591411335,0,2828.6304591411335,0
2014-12-19,2828.6304591411335,0,2828.6304591411335,0
2014-12-22,2828.6304591411335,0,2828.6304591411335,0
2014-12-23,2828.6304591411335,0,2828.6304591411335,0
2014-12-24,2828.6304591411335,0,2828.6304591411335,0
2014-12-26,2828.6304591411335,0,2828.6304591411335,0
2014-12-29,2828.6304591411335,0,2828.6304591411335,0
2014-12-30,2828.6304591411335,0,2828.6304591411335,0
2014-12-31,2828.6304591411335,0,2828.6304591411335,0
2015-01-02,2828.6304591411335,0,2828.6304591411335,0
2015-01-05,2828.6304591411335,0,2828.6304591411335,0
2015-01-06,2828.6304591411335,0,2828.6304591411335,0
2015-01-07,2828.6304591411335,0,2828.6304591411335,0
2015-01-08,2828.6304591411335,0,2828.6304591411335,0
2015-01-09,2828.6304591411335,0,2828.6304591411335,0
2015-01-12,2828.6304591411335,0,2828.6304591411335,0
2015-01-13,2828.6304591411335,0,2828.6304591411335,0
2015-01-14,2828.6304591411335,0,2828.6304591411335,0
2015-01-15,2828.6304591411335,0,2828.6304591411335,0
2015-01-16,2828.6304591411335,0,2828.6304591411335,0
2015-01-20,2828.6304591411335,0,2828.6304591411335,0
2015-01-21,2828.6304591411335,0,2828.6304591411335,0
2015-01-22,2828.6304591411335,0,2828.6304591411335,0
2015-01-23,2828.6304591411335,0,2828.6304591411335,0
2015-01-26,2828.6304591411335,0,2828.6304591411335,0
2015-01-27,2828.6304591411335,0,2828.6304591411335,0
2015-01-28,2828.6304591411335,0,2828.6304591411335,0
2015-01-29,2828.6304591411335,0,2828.6304591411335,0
2015-01-30,2828.6304591411335,0,2828.6304591411335,0
2015-02-02,2828.6304591411335,0,2828.6304591411335,0
2015-02-03,2828.6304591411335,0,2828.6304591411335,0
2015-02-04,2828.6304591411335,0,2828.6304591411335,0
2015-02-05,2828.6304591411335,0,2828.6304591411335,0
2015-02-06,2828.6304591411335,0,2828.6304591411335,0
2015-02-09,2828.6304591411335,0,2828.6304591411335,0
2015-02-10,2828.6304591411335,0,2828.6304591411335,0
2015-02-11,2828.6304591411335,0,2828.6304591411335,0
2015-02-12,2828.6304591411335,0,2828.6304591411335,0
2015-02-13,2828.6304591411335,0,2828.6304591411335,0
2015-02-17,2828.6304591411335,0,2828.6304591411335,0
2015-02-18,2828.6304591411335,0,2828.6304591411335,0
2015-02-19,2828.6304591411335,0,2828.6304591411335,0
2015-02-20,2828.6304591411335,0,2828.6304591411335,0
2015-02-23,2828.6304591411335,0,2828.6304591411335,0
2015-02-24,2828.6304591411335,0,2828.6304591411335,0
2015-02-25,2828.6304591411335,0,2828.6304591411335,0
2015-02-26,2828.6304591411335,0,2828.6304591411335,0
2015-02-27,2828.6304591411335,0,2828.6304591411335,0
2015-03-02,2828.6304591411335,0,2828.6304591411335,0
2015-03-03,2828.6304591411335,0,2828.6304591411335,0
2015-03-04,2828.6304591411335,0,2828.6304591411335,0
2015-03-05,2828.6304591411335,0,2828.6304591411335,0
2015-03-06,2828.6304591411335,0,2828.6304591411335,0
2015-03-09,2828.6304591411335,0,2828.6304591411335,0
2015-03-10,2828.6304591411335,0,2828.6304591411335,0
2015-03-11,2828.6304591411335,0,2828.6304591411335,0
2015-03-12,2828.6304591411335,0,2828.6304591411335,0
2015-03-13,2828.6304591411335,0,2828.6304591411335,0
2015-03-16,2828.6304591411335,0,2828.6304591411335,0
2015-03-17,2828.6304591411335,0,2828.6304591411335,0
2015-03-18,2828.6304591411335,0,2828.6304591411335,0
2015-03-19,2828.6304591411335,0,2828.6304591411335,0
2015-03-20,2828.6304591411335,0,2828.6304591411335,0
2015-03-23,2828.6304591411335,0,2828.6304591411335,0
2015-03-24,2828.6304591411335,0,2828.6304591411335,0
2015-03-25,2828.6304591411335,0,2828.6304591411335,0
2015-03-26,2828.6304591411335,0,2828.6304591411335,0
2015-03-27,2828.6304591411335,0,2828.6304591411335,0
2015-03-30,2828.6304591411335,0,2828.6304591411335,0
2015-03-31,2828.6304591411335,0,2828.6304591411335,0
2015-04-01,2828.6304591411335,0,2828.6304591411335,0
2015-04-02,2828.6304591411335,0,2828.6304591411335,0
2015-04-06,2828.6304591411335,0,2828.6304591411335,0
2015-04-07,2828.6304591411335,0,2828.6304591411335,0
2015-04-08,2828.6304591411335,0,2828.6304591411335,0
2015-04-09,2828.6304591411335,0,2828.6304591411335,0
2015-04-10,2828.6304591411335,0,2828.6304591411335,0
2015-04-13,2828.6304591411335,0,2828.6304591411335,0
2015-04-14,2828.6304591411335,0,2828.6304591411335,0
2015-04-15,2828.6304591411335,0,2828.6304591411335,0
2015-04-16,2828.6304591411335,0,2828.6304591411335,0
2015-04-17,2828.6304591411335,0,2828.6304591411335,0
2015-04-20,2828.6304591411335,0,2828.6304591411335,0
2015-04-21,2828.6304591411335,0,2828.6304591411335,0
2015-04-22,2828.6304591411335,0,2828.6304591411335,0
2015-04-23,2828.6304591411335,0,2828.6304591411335,0
2015-04-24,2828.6304591411335,0,2828.6304591411335,0
2015-04-27,2828.6304591411335,0,2828.6304591411335,0
2015-04-28,2828.6304591411335,0,2828.6304591411335,0
2015-04-29,2828.6304591411335,0,2828.6304591411335,0
2015-04-30,2828.6304591411335,0,2828.6304591411335,0
2015-05-01,2828.6304591411335,0,2828.6304591411335,0
2015-05-04,2828.6304591411335,0,2828.6304591411335,0
2015-05-05,2828.6304591411335,0,2828.6304591411335,0
2015-05-06,2828.6304591411335,0,2828.6304591411335,0
2015-05-07,2828.6304591411335,0,2828.6304591411335,0
2015-05-08,2828.6304591411335,0,2828.6304591411335,0
2015-05-11,2828.6304591411335,0,2828.6304591411335,0
2015-05-12,2828.6304591411335,0,2828.6304591411335,0
2015-05-13,2828.6304591411335,0,2828.6304591411335,0
2015-05-14,2828.6304591411335,0,2828.6304591411335,0
2015-05-15,2828.6304591411335,0,2828.6304591411335,0
2015-05-18,2828.6304591411335,0,2828.6304591411335,0
2015-05-19,2828.6304591411335,0,2828.6304591411335,0
2015-05-20,2828.6304591411335,0,2828.6304591411335,0
2015-05-21,2828.6304591411335,0,2828.6304591411335,0
2015-05-22,2828.6304591411335,0,2828.6304591411335,0
2015-05-26,2828.6304591411335,0,2828.6304591411335,0
2015-05-27,2828.6304591411335,0,2828.6304591411335,0
2015-05-28,2828.6304591411335,0,2828.6304591411335,0
2015-05-29,2828.6304591411335,0,2828.6304591411335,0
2015-06-01,2828.6304591411335,0,2828.6304591411335,0
2015-06-02,2828.6304591411335,0,2828.6304591411335,0
2015-06-03,2828.6304591411335,0,2828.6304591411335,0
2015-06-04,2828.6304591411335,0,2828.6304591411335,0
2015-06-05,2828.6304591411335,0,2828.6304591411335,0
2015-06-08,2828.6304591411335,0,2828.6304591411335,0
2015-06-09,2828.6304591411335,0,2828.6304591411335,0
2015-06-10,2828.6304591411335,0,2828.6304591411335,0
2015-06-11,2828.6304591411335,0,2828.6304591411335,0
2015-06-12,2828.6304591411335,0,2828.6304591411335,0
2015-06-15,2828.6304591411335,0,2828.6304591411335,0
2015-06-16,2828.6304591411335,0,2828.6304591411335,0
2015-06-17,2828.6304591411335,0,2828.6304591411335,0
2015-06-18,2388.394658625076,434.9358005160575,2823.3304591411334,1
2015-06-19,1952.7760054776481,852.3191445090245,2805.0951499866724,2
2015-06-22,1952.7760054776481,891.3463976887535,2844.1224031664015,2
2015-06-23,1952.7760054776481,903.1292971379332,2855.9053026155816,2
2015-06-24,1952.7760054776481,865.0186760290275,2817.7946815066757,2
2015-06-25,1952.7760054776481,846.7134660097752,2799.4894714874235,2
2015-06-26,1952.7760054776481,846.7780466197571,2799.5540520974055,2
2015-06-29,1952.7760054776481,710.1454801049329,2662.921485582581,2
2015-06-30,1952.7760054776481,729.2721801796581,2682.048185657306,2
2015-07-01,1952.7760054776481,779.9025727038746,2732.678578181523,2
2015-07-02,1952.7760054776481,775.3152399685255,2728.0912454461736,2
2015-07-06,1952.7760054776481,755.4748735075364,2708.2508789851845,2
2015-07-07,1952.7760054776481,804.086088522535,2756.862094000183,2
2015-07-08,2263.572875646023,341.29326865580583,2604.866144301829,1
2015-07-09,2263.572875646023,352.5274026611342,2616.100278307157,1
2015-07-10,2263.572875646023,404.3405305244377,2667.913406170461,1
2015-07-13,2263.572875646023,459.05205204245124,2722.624927688474,1
2015-07-14,2298.446786992862,432.4319325753969,2730.878719568259,1
2015-07-15,1861.278589713382,864.4756341454262,2725.754223858808,2
2015-07-16,1861.278589713382,905.2405404201857,2766.5191301335676,2
2015-07-17,1861.278589713382,912.2376307379661,2773.516220451348,2
2015-07-20,1861.278589713382,916.598467473955,2777.877057187337,2
2015-07-21,1861.278589713382,906.634841650304,2767.913431363686,2
2015-07-22,1861.278589713382,902.400553836021,2763.679143549403,2
2015-07-23,1861.278589713382,876.7208898574336,2737.9994795708153,2
2015-07-24,1861.278589713382,814.3522624241534,2675.6308521375354,2
2015-07-27,1861.278589713382,769.8642513695496,2631.1428410829317,2
2015-07-28,1861.278589713382,861.1691528745237,2722.447742587906,2
2015-07-29,1861.278589713382,907.6694903244509,2768.948080037833,2
2015-07-30,1861.278589713382,916.1210314498392,2777.399621163221,2
2015-07-31,1861.278589713382,911.16671758326,2772.445307296642,2
2015-08-03,1861.278589713382,906.1779034498165,2767.4564931631985,2
2015-08-04,1861.278589713382,894.500026279211,2755.778615992593,2
2015-08-05,1861.278589713382,920.7530652480184,2782.0316549614004,2
2015-08-06,1861.278589713382,869.5488898736759,2730.827479587058,2
2015-08-07,1861.278589713382,861.6111459552393,2722.889735668621,2
2015-08-10,2381.0711846660656,434.7408443964337,2815.8120290624993,1
2015-08-11,2381.0711846660656,407.09346749541385,2788.1646521614794,1
2015-08-12,2381.0711846660656,410.3083114044594,2791.379496070525,1
2015-08-13,2381.0711846660656,408.35806741663987,2789.4292520827057,1
2015-08-14,2381.0711846660656,421.7352136570927,2802.806398323158,1
2015-08-17,1938.2709725673476,872.1602605344411,2810.4312331017886,2
2015-08-18,1938.2709725673476,855.5162625653729,2793.7872351327205,2
2015-08-19,1938.2709725673476,808.2472742369462,2746.518246804294,2
2015-08-20,2251.6161322191706,345.2803434809354,2596.896475700106,1
2015-08-21,2449.47272837821,0,2449.47272837821,0
2015-08-24,2449.47272837821,0,2449.47272837821,0
2015-08-25,2449.47272837821,0,2449.47272837821,0
2015-08-26,2449.47272837821,0,2449.47272837821,0
2015-08-27,2449.47272837821,0,2449.47272837821,0
2015-08-28,2449.47272837821,0,2449.47272837821,0
2015-08-31,2449.47272837821,0,2449.47272837821,0
2015-09-01,2449.47272837821,0,2449.47272837821,0
2015-09-02,2449.47272837821,0,2449.47272837821,0
2015-09-03,2449.47272837821,0,2449.47272837821,0
2015-09-04,2449.47272837821,0,2449.47272837821,0
2015-09-08,2449.47272837821,0,2449.47272837821,0
2015-09-09,2449.47272837821,0,2449.47272837821,0
2015-09-10,2449.47272837821,0,2449.47272837821,0
2015-09-11,2449.47272837821,0,2449.47272837821,0
2015-09-14,2449.47272837821,0,2449.47272837821,0
2015-09-15,2449.47272837821,0,2449.47272837821,0
2015-09-16,2449.47272837821,0,2449.47272837821,0
2015-09-17,2449.47272837821,0,2449.47272837821,0
2015-09-18,2449.47272837821,0,2449.47272837821,0
2015-09-21,2449.47272837821,0,2449.47272837821,0
2015-09-22,2449.47272837821,0,2449.47272837821,0
2015-09-23,2449.47272837821,0,2449.47272837821,0
2015-09-24,2449.47272837821,0,2449.47272837821,0
2015-09-25,2449.47272837821,0,2449.47272837821,0
2015-09-28,2449.47272837821,0,2449.47272837821,0
2015-09-29,2449.47272837821,0,2449.47272837821,0
2015-09-30,2449.47272837821,0,2449.47272837821,0
2015-10-01,2449.47272837821,0,2449.47272837821,0
2015-10-02,2449.47272837821,0,2449.47272837821,0
2015-10-05,2449.47272837821,0,2449.47272837821,0
2015-10-06,2449.47272837821,0,2449.47272837821,0
2015-10-07,2449.47272837821,0,2449.47272837821,0
2015-10-08,2014.0993212748945,430.0734071033155,2444.17272837821,1
2015-10-09,1576.7160708043823,864.7694043878953,2441.4854751922776,2
2015-10-12,1576.7160708043823,878.9646317498391,2455.680702554221,2
2015-10-13,1576.7160708043823,850.7308077407081,2427.4468785450904,2
2015-10-14,1576.7160708043823,835.1815586708299,2411.897629475212,2
2015-10-15,1576.7160708043823,893.3584925223511,2470.0745633267334,2
2015-10-16,1576.7160708043823,915.0449320626187,2491.761002867001,2
2015-10-19,1576.7160708043823,923.4281386879012,2500.1442094922836,2
2015-10-20,1576.7160708043823,915.730264912446,2492.4463357168283,2
2015-10-21,1576.7160708043823,895.6475823892983,2472.363653193681,2
2015-10-22,2527.1098705590202,0,2527.1098705590202,0
2015-10-23,2527.1098705590202,0,2527.1098705590202,0
2015-10-26,2527.1098705590202,0,2527.1098705590202,0
2015-10-27,2527.1098705590202,0,2527.1098705590202,0
2015-10-28,2527.1098705590202,0,2527.1098705590202,0
2015-10-29,2527.1098705590202,0,2527.1098705590202,0
2015-10-30,2527.1098705590202,0,2527.1098705590202,0
2015-11-02,2527.1098705590202,0,2527.1098705590202,0
2015-11-03,2527.1098705590202,0,2527.1098705590202,0
2015-11-04,2527.1098705590202,0,2527.1098705590202,0
2015-11-05,2527.1098705590202,0,2527.1098705590202,0
2015-11-06,2527.1098705590202,0,2527.1098705590202,0
2015-11-09,2527.1098705590202,0,2527.1098705590202,0
2015-11-10,2527.1098705590202,0,2527.1098705590202,0
2015-11-11,2527.1098705590202,0,2527.1098705590202,0
2015-11-12,2527.1098705590202,0,2527.1098705590202,0
2015-11-13,2527.1098705590202,0,2527.1098705590202,0
2015-11-16,2527.1098705590202,0,2527.1098705590202,0
2015-11-17,2527.1098705590202,0,2527.1098705590202,0
2015-11-18,2527.1098705590202,0,2527.1098705590202,0
2015-11-19,2527.1098705590202,0,2527.1098705590202,0
2015-11-20,2527.1098705590202,0,2527.1098705590202,0
2015-11-23,2527.1098705590202,0,2527.1098705590202,0
2015-11-24,2527.1098705590202,0,2527.1098705590202,0
2015-11-25,2527.1098705590202,0,2527.1098705590202,0
2015-11-27,2527.1098705590202,0,2527.1098705590202,0
2015-11-30,2527.1098705590202,0,2527.1098705590202,0
2015-12-01,2527.1098705590202,0,2527.1098705590202,0
2015-12-02,2527.1098705590202,0,2527.1098705590202,0
2015-12-03,2527.1098705590202,0,2527.1098705590202,0
2015-12-04,2527.1098705590202,0,2527.1098705590202,0
2015-12-07,2527.1098705590202,0,2527.1098705590202,0
2015-12-08,2527.1098705590202,0,2527.1098705590202,0
2015-12-09,2527.1098705590202,0,2527.1098705590202,0
2015-12-10,2527.1098705590202,0,2527.1098705590202,0
2015-12-11,2527.1098705590202,0,2527.1098705590202,0
2015-12-14,2527.1098705590202,0,2527.1098705590202,0
2015-12-15,2527.1098705590202,0,2527.1098705590202,0
2015-12-16,2527.1098705590202,0,2527.1098705590202,0
2015-12-17,2527.1098705590202,0,2527.1098705590202,0
2015-12-18,2527.1098705590202,0,2527.1098705590202,0
2015-12-21,2527.1098705590202,0,2527.1098705590202,0
2015-12-22,2527.1098705590202,0,2527.1098705590202,0
2015-12-23,2527.1098705590202,0,2527.1098705590202,0
2015-12-24,2527.1098705590202,0,2527.1098705590202,0
2015-12-28,2527.1098705590202,0,2527.1098705590202,0
2015-12-29,2527.1098705590202,0,2527.1098705590202,0
2015-12-30,2527.1098705590202,0,2527.1098705590202,0
2015-12-31,2527.1098705590202,0,2527.1098705590202,0
2016-01-04,2527.1098705590202,0,2527.1098705590202,0
2016-01-05,2527.1098705590202,0,2527.1098705590202,0
2016-01-06,2527.1098705590202,0,2527.1098705590202,0
2016-01-07,2527.1098705590202,0,2527.1098705590202,0
2016-01-08,2527.1098705590202,0,2527.1098705590202,0
2016-01-11,2527.1098705590202,0,2527.1098705590202,0
2016-01-12,2527.1098705590202,0,2527.1098705590202,0
2016-01-13,2527.1098705590202,0,2527.1098705590202,0
2016-01-14,2527.1098705590202,0,2527.1098705590202,0
2016-01-15,2527.1098705590202,0,2527.1098705590202,0
2016-01-19,2527.1098705590202,0,2527.1098705590202,0
2016-01-20,2527.1098705590202,0,2527.1098705590202,0
2016-01-21,2527.1098705590202,0,2527.1098705590202,0
2016-01-22,2527.1098705590202,0,2527.1098705590202,0
2016-01-25,2527.1098705590202,0,2527.1098705590202,0
2016-01-26,2527.1098705590202,0,2527.1098705590202,0
2016-01-27,2527.1098705590202,0,2527.1098705590202,0
2016-01-28,2527.1098705590202,0,2527.1098705590202,0
2016-01-29,2527.1098705590202,0,2527.1098705590202,0
2016-02-01,2527.1098705590202,0,2527.1098705590202,0
2016-02-02,2527.1098705590202,0,2527.1098705590202,0
2016-02-03,2527.1098705590202,0,2527.1098705590202,0
2016-02-04,2527.1098705590202,0,2527.1098705590202,0
2016-02-05,2527.1098705590202,0,2527.1098705590202,0
2016-02-08,2527.1098705590202,0,2527.1098705590202,0
2016-02-09,2527.1098705590202,0,2527.1098705590202,0
2016-02-10,2527.1098705590202,0,2527.1098705590202,0
2016-02-11,2527.1098705590202,0,2527.1098705590202,0
2016-02-12,2527.1098705590202,0,2527.1098705590202,0
2016-02-16,2527.1098705590202,0,2527.1098705590202,0
2016-02-17,2527.1098705590202,0,2527.1098705590202,0
2016-02-18,2527.1098705590202,0,2527.1098705590202,0
2016-02-19,2527.1098705590202,0,2527.1098705590202,0
2016-02-22,2527.1098705590202,0,2527.1098705590202,0
2016-02-23,2527.1098705590202,0,2527.1098705590202,0
2016-02-24,2527.1098705590202,0,2527.1098705590202,0
2016-02-25,2527.1098705590202,0,2527.1098705590202,0
2016-02-26,2527.1098705590202,0,2527.1098705590202,0
2016-02-29,2527.1098705590202,0,2527.1098705590202,0
2016-03-01,2527.1098705590202,0,2527.1098705590202,0
2016-03-02,2527.1098705590202,0,2527.1098705590202,0
2016-03-03,2527.1098705590202,0,2527.1098705590202,0
2016-03-04,2527.1098705590202,0,2527.1098705590202,0
2016-03-07,2527.1098705590202,0,2527.1098705590202,0
2016-03-08,2527.1098705590202,0,2527.1098705590202,0
2016-03-09,2527.1098705590202,0,2527.1098705590202,0
2016-03-10,2527.1098705590202,0,2527.1098705590202,0
2016-03-11,2527.1098705590202,0,2527.1098705590202,0
2016-03-14,2527.1098705590202,0,2527.1098705590202,0
2016-03-15,2527.1098705590202,0,2527.1098705590202,0
2016-03-16,2527.1098705590202,0,2527.1098705590202,0
2016-03-17,2527.1098705590202,0,2527.1098705590202,0
2016-03-18,2527.1098705590202,0,2527.1098705590202,0
2016-03-21,2527.1098705590202,0,2527.1098705590202,0
2016-03-22,2527.1098705590202,0,2527.1098705590202,0
2016-03-23,2527.1098705590202,0,2527.1098705590202,0
2016-03-24,2527.1098705590202,0,2527.1098705590202,0
2016-03-28,2527.1098705590202,0,2527.1098705590202,0
2016-03-29,2527.1098705590202,0,2527.1098705590202,0
2016-03-30,2527.1098705590202,0,2527.1098705590202,0
2016-03-31,2527.1098705590202,0,2527.1098705590202,0
2016-04-01,2527.1098705590202,0,2527.1098705590202,0
2016-04-04,2527.1098705590202,0,2527.1098705590202,0
2016-04-05,2527.1098705590202,0,2527.1098705590202,0
2016-04-06,2527.1098705590202,0,2527.1098705590202,0
2016-04-07,2527.1098705590202,0,2527.1098705590202,0
2016-04-08,2527.1098705590202,0,2527.1098705590202,0
2016-04-11,2527.1098705590202,0,2527.1098705590202,0
2016-04-12,2527.1098705590202,0,2527.1098705590202,0
2016-04-13,2527.1098705590202,0,2527.1098705590202,0
2016-04-14,2527.1098705590202,0,2527.1098705590202,0
2016-04-15,2527.1098705590202,0,2527.1098705590202,0
2016-04-18,2527.1098705590202,0,2527.1098705590202,0
2016-04-19,2527.1098705590202,0,2527.1098705590202,0
2016-04-20,2527.1098705590202,0,2527.1098705590202,0
2016-04-21,2527.1098705590202,0,2527.1098705590202,0
2016-04-22,2527.1098705590202,0,2527.1098705590202,0
2016-04-25,2527.1098705590202,0,2527.1098705590202,0
2016-04-26,2527.1098705590202,0,2527.1098705590202,0
2016-04-27,2527.1098705590202,0,2527.1098705590202,0
2016-04-28,2527.1098705590202,0,2527.1098705590202,0
2016-04-29,2527.1098705590202,0,2527.1098705590202,0
2016-05-02,2527.1098705590202,0,2527.1098705590202,0
2016-05-03,2527.1098705590202,0,2527.1098705590202,0
2016-05-04,2527.1098705590202,0,2527.1098705590202,0
2016-05-05,2527.1098705590202,0,2527.1098705590202,0
2016-05-06,2527.1098705590202,0,2527.1098705590202,0
2016-05-09,2527.1098705590202,0,2527.1098705590202,0
2016-05-10,2527.1098705590202,0,2527.1098705590202,0
2016-05-11,2527.1098705590202,0,2527.1098705590202,0
2016-05-12,2527.1098705590202,0,2527.1098705590202,0
2016-05-13,2527.1098705590202,0,2527.1098705590202,0
2016-05-16,2527.1098705590202,0,2527.1098705590202,0
2016-05-17,2527.1098705590202,0,2527.1098705590202,0
2016-05-18,2527.1098705590202,0,2527.1098705590202,0
2016-05-19,2527.1098705590202,0,2527.1098705590202,0
2016-05-20,2527.1098705590202,0,2527.1098705590202,0
2016-05-23,2527.1098705590202,0,2527.1098705590202,0
2016-05-24,2527.1098705590202,0,2527.1098705590202,0
2016-05-25,2527.1098705590202,0,2527.1098705590202,0
2016-05-26,2527.1098705590202,0,2527.1098705590202,0
2016-05-27,2527.1098705590202,0,2527.1098705590202,0
2016-05-31,2527.1098705590202,0,2527.1098705590202,0
2016-06-01,2527.1098705590202,0,2527.1098705590202,0
2016-06-02,2527.1098705590202,0,2527.1098705590202,0
2016-06-03,2527.1098705590202,0,2527.1098705590202,0
2016-06-06,2527.1098705590202,0,2527.1098705590202,0
2016-06-07,2527.1098705590202,0,2527.1098705590202,0
2016-06-08,2527.1098705590202,0,2527.1098705590202,0
2016-06-09,2527.1098705590202,0,2527.1098705590202,0
2016-06-10,2527.1098705590202,0,2527.1098705590202,0
2016-06-13,2527.1098705590202,0,2527.1098705590202,0
2016-06-14,2527.1098705590202,0,2527.1098705590202,0
2016-06-15,2527.1098705590202,0,2527.1098705590202,0
2016-06-16,2527.1098705590202,0,2527.1098705590202,0
2016-06-17,2527.1098705590202,0,2527.1098705590202,0
2016-06-20,2527.1098705590202,0,2527.1098705590202,0
2016-06-21,2087.746116271424,434.063754287596,2521.80987055902,1
2016-06-22,1651.0617643676778,857.9791244879885,2509.0408888556663,2
2016-06-23,1651.0617643676778,905.6366127369539,2556.6983771046316,2
2016-06-24,1651.0617643676778,795.7574761234405,2446.8192404911183,2
2016-06-27,1651.0617643676778,729.5492475330527,2380.611011900731,2
2016-06-28,1651.0617643676778,805.8384756490063,2456.900240016684,2
2016-06-29,1651.0617643676778,876.1893249250843,2527.251089292762,2
2016-06-30,1651.0617643676778,919.1868200571985,2570.2485844248763,2
2016-07-01,1675.9349960525012,901.6641051568379,2577.599101209339,2
2016-07-05,1675.9349960525012,884.5556471434279,2560.490643195929,2
2016-07-06,1704.980274799293,871.456999317239,2576.437274116532,2
2016-07-07,1704.980274799293,872.2604897693515,2577.2407645686444,2
2016-07-08,1704.980274799293,929.0060514165784,2633.9863262158715,2
2016-07-11,1732.8857225537122,903.7658268428761,2636.651549396588,2
2016-07-12,1766.739596992872,881.0748459670424,2647.8144429599142,2
2016-07-13,1766.739596992872,888.6491637916063,2655.388760784478,2
2016-07-14,1766.739596992872,907.871405013589,2674.611002006461,2
2016-07-15,1766.739596992872,909.0033113743942,2675.7429083672664,2
2016-07-18,1766.739596992872,924.0529027625994,2690.7924997554715,2
2016-07-19,1797.0433467637886,891.4165369971657,2688.459883760954,2
2016-07-20,1797.0433467637886,909.800229087636,2706.8435758514247,2
2016-07-21,1797.0433467637886,888.1265284658251,2685.169875229614,2
2016-07-22,1797.0433467637886,913.6019281749789,2710.645274938767,2
2016-07-25,1797.0433467637886,900.8775195747687,2697.920866338557,2
2016-07-26,1797.0433467637886,902.4088103519864,2699.4521571157748,2
2016-07-27,1797.0433467637886,903.7488409997513,2700.79218776354,2
2016-07-28,1825.0677220622729,878.6090167159898,2703.676738778263,2
2016-07-29,1825.0677220622729,897.3528459121833,2722.4205679744564,2
2016-08-01,1825.0677220622729,892.3676889166895,2717.4354109789624,2
2016-08-02,1825.0677220622729,857.1891839758146,2682.2569060380874,2
2016-08-03,1825.0677220622729,879.5130069856939,2704.580729047967,2
2016-08-04,1825.0677220622729,888.83918795441,2713.906910016683,2
2016-08-05,1856.4334643971736,897.4658730509805,2753.8993374481543,2
2016-08-08,1856.4334643971736,899.0560312698191,2755.4894956669928,2
2016-08-09,1856.4334643971736,900.6482829182232,2757.0817473153966,2
2016-08-10,1856.4334643971736,886.9127153778281,2743.3461797750015,2
2016-08-11,1856.4334643971736,911.8875194430072,2768.320983840181,2
2016-08-12,1884.2093228499243,879.1657388191379,2763.3750616690622,2
2016-08-15,1884.2093228499243,892.8488586042856,2777.05818145421,2
2016-08-16,1884.2093228499243,861.5789001969954,2745.7882230469195,2
2016-08-17,1884.2093228499243,877.8387559341774,2762.0480787841016,2
2016-08-18,1884.2093228499243,899.9474359915167,2784.156758841441,2
2016-08-19,1884.2093228499243,898.0837568615636,2782.2930797114877,2
2016-08-22,1884.2093228499243,891.7661597874169,2775.975482637341,2
2016-08-23,1884.2093228499243,901.8751846598999,2786.084507509824,2
2016-08-24,1884.2093228499243,868.1965261390058,2752.4058489889303,2
2016-08-25,1884.2093228499243,862.7900296862155,2746.9993525361397,2
2016-08-26,1884.2093228499243,857.9704309369454,2742.1797537868697,2
2016-08-29,1884.2093228499243,907.6395323013967,2791.848855151321,2
2016-08-30,1884.2093228499243,901.7392436064372,2785.9485664563617,2
2016-08-31,1884.2093228499243,891.7973148166352,2776.0066376665595,2
2016-09-01,1884.2093228499243,897.6884353985826,2781.8977582485068,2
2016-09-02,1921.406235668692,898.9597752640097,2820.366010932702,2
2016-09-06,1956.469980867442,882.996570993949,2839.466551861391,2
2016-09-07,1956.469980867442,885.3047647094016,2841.7747455768435,2
2016-09-08,1956.469980867442,871.5448831178122,2828.014863985254,2
2016-09-09,1956.469980867442,713.2361897370074,2669.7061706044497,2
2016-09-12,1956.469980867442,806.166046433733,2762.636027301175,2
2016-09-13,1956.469980867442,707.63787415827,2664.107855025712,2
2016-09-14,1956.469980867442,701.7723025025653,2658.2422833700075,2
2016-09-15,1956.469980867442,773.1978507391752,2729.6678316066173,2
2016-09-16,1956.469980867442,756.1053912033991,2712.5753720708412,2
2016-09-19,1956.469980867442,758.6558621336757,2715.1258430011176,2
2016-09-20,1956.469980867442,759.9154529117116,2716.3854337791536,2
2016-09-21,1956.469980867442,856.6003082973043,2813.070289164746,2
2016-09-22,1956.469980867442,909.9285106324427,2866.3984914998846,2
2016-09-23,1956.469980867442,882.2378870399243,2838.7078679073666,2
2016-09-26,1956.469980867442,812.1441999537168,2768.6141808211587,2
2016-09-27,1956.469980867442,880.0312964608156,2836.501277328258,2
2016-09-28,1986.3927293486154,888.0356514358871,2874.428380784502,2
2016-09-29,1986.3927293486154,822.0352948844702,2808.4280242330856,2
2016-09-30,1986.3927293486154,878.1609125207322,2864.5536418693473,2
2016-10-03,1986.3927293486154,873.1383116431774,2859.531040991793,2
2016-10-04,1986.3927293486154,847.90321058555,2834.2959399341653,2
2016-10-05,1986.3927293486154,889.6309181116875,2876.023647460303,2
2016-10-06,1986.3927293486154,901.8608268002586,2888.253556148874,2
2016-10-07,1986.3927293486154,884.9802425795921,2871.3729719282073,2
2016-10-10,2483.9729461677725,437.67084224204564,2921.643788409818,1
2016-10-11,2483.9729461677725,397.37695566627167,2881.3499018340444,1
2016-10-12,2483.9729461677725,399.539422142994,2883.5123683107668,1
2016-10-13,2483.9729461677725,388.74726562752215,2872.7202117952947,1
2016-10-14,2483.9729461677725,392.17164472343813,2876.1445908912106,1
2016-10-17,2483.9729461677725,384.98572538507574,2868.9586715528485,1
2016-10-18,2483.9729461677725,411.61275860952315,2895.5857047772956,1
2016-10-19,2483.9729461677725,425.45724877325347,2909.430194941026,1
2016-10-20,2483.9729461677725,427.6594834083639,2911.6324295761365,1
2016-10-21,2483.9729461677725,432.97803599462696,2916.9509821623997,1
2016-10-24,2483.9729461677725,460.58076904347854,2944.553715211251,1
2016-10-25,2483.9729461677725,451.2542187594246,2935.227164927197,1
2016-10-26,2483.9729461677725,445.74261858016246,2929.715564747935,1
2016-10-27,2483.9729461677725,433.60377502590984,2917.5767211936823,1
2016-10-28,2483.9729461677725,421.9586670010576,2905.93161316883,1
2016-10-31,2483.9729461677725,454.5998104802157,2938.572756647988,1
2016-11-01,2483.9729461677725,428.29504538980535,2912.2679915575777,1
2016-11-02,2862.0723602302714,0,2862.0723602302714,0
2016-11-03,2862.0723602302714,0,2862.0723602302714,0
2016-11-04,2862.0723602302714,0,2862.0723602302714,0
2016-11-07,2862.0723602302714,0,2862.0723602302714,0
2016-11-08,2862.0723602302714,0,2862.0723602302714,0
2016-11-09,2419.8699529009427,436.9024073293286,2856.7723602302713,1
2016-11-10,1983.7045466245643,869.654843967686,2853.3593905922503,2
2016-11-11,1983.7045466245643,872.184293101072,2855.888839725636,2
2016-11-14,1983.7045466245643,873.794023907963,2857.498570532527,2
2016-11-15,1983.7045466245643,909.2161800504524,2892.920726675017,2
2016-11-16,1983.7045466245643,903.2250695680027,2886.9296161925668,2
2016-11-17,1983.7045466245643,921.5126603067869,2905.217206931351,2
2016-11-18,1983.7045466245643,923.6330353172283,2907.3375819417925,2
2016-11-21,2494.305862083245,433.38387128844573,2927.6897333716906,1
2016-11-22,2050.8725682089257,876.2665877486377,2927.139155957563,2
2016-11-23,2050.8725682089257,880.4744206790837,2931.3469888880095,2
2016-11-25,2050.8725682089257,898.0460132834708,2948.9185814923967,2
2016-11-28,2050.8725682089257,876.2458906844494,2927.118458893375,2
2016-11-29,2050.8725682089257,886.1937476641685,2937.066315873094,2
2016-11-30,2050.8725682089257,873.4114015123538,2924.2839697212794,2
2016-12-01,2050.8725682089257,853.0607628903944,2903.93333109932,2
2016-12-02,2050.8725682089257,856.4674370723793,2907.340005281305,2
2016-12-05,2050.8725682089257,911.8347036919047,2962.70727190083,2
2016-12-06,2050.8725682089257,930.8543626162834,2981.726930825209,2
2016-12-07,2565.939502067156,436.70473488920754,3002.6442369563633,1
2016-12-08,2122.591320518273,876.8940688232153,2999.4853893414884,2
2016-12-09,2122.591320518273,908.6472589676096,3031.2385794858824,2
2016-12-12,2122.591320518273,899.7823306234288,3022.373651141702,2
2016-12-13,2122.591320518273,919.0422171846595,3041.6335377029322,2
2016-12-14,2122.591320518273,892.2695906837781,3014.860911202051,2
2016-12-15,2122.591320518273,911.1485574763009,3033.739877994574,2
2016-12-16,2122.591320518273,915.6928338336062,3038.284154351879,2
2016-12-19,2122.591320518273,935.3334290347316,3057.9247495530044,2
2016-12-20,2624.512281283009,440.2372570013796,3064.7495382843886,1
2016-12-21,2182.618581133396,874.0031036933337,3056.62168482673,2
2016-12-22,2182.618581133396,865.4769871390474,3048.0955682724434,2
2016-12-23,2182.618581133396,872.4686163206794,3055.0871974540755,2
2016-12-27,2182.618581133396,882.1942650999667,3064.812846233363,2
2016-12-28,2182.618581133396,833.7154687599423,3016.3340498933385,2
2016-12-29,2182.618581133396,829.5001485521233,3012.1187296855196,2
2016-12-30,2182.618581133396,799.031292535507,2981.649873668903,2
2017-01-03,2182.618581133396,867.2143056703451,3049.8328868037415,2
2017-01-04,2182.618581133396,909.4263319484351,3092.0449130818315,2
2017-01-05,2182.618581133396,912.3680477977853,3094.9866289311813,2
2017-01-06,2182.618581133396,933.9041572324904,3116.5227383658867,2
2017-01-09,2182.618581133396,929.9277184976718,3112.546299631068,2
2017-01-10,2182.618581133396,935.5070112766707,3118.125592410067,2
2017-01-11,2691.0464278802992,436.4695323579575,3127.515960238257,1
2017-01-12,2246.387419626023,870.1176999553837,3116.5051195814067,2
2017-01-13,2246.387419626023,883.5108474715099,3129.898267097533,2
2017-01-17,2246.387419626023,869.85853898713,3116.245958613153,2
2017-01-18,2246.387419626023,871.5757232096795,3117.9631428357025,2
2017-01-19,2246.387419626023,854.0430389083888,3100.4304585344116,2
2017-01-20,2246.387419626023,887.609430570119,3133.996850196142,2
2017-01-23,2246.387419626023,880.0978393242339,3126.485258950257,2
2017-01-24,2246.387419626023,920.5873340682812,3166.974753694304,2
2017-01-25,2757.5081871324023,432.0474716735692,3189.5556588059717,1
2017-01-26,2310.5775489094026,874.0667955133393,3184.644344422742,2
2017-01-27,2310.5775489094026,872.5638555981103,3183.141404507513,2
2017-01-30,2310.5775489094026,828.8504072548121,3139.4279561642147,2
2017-01-31,2310.5775489094026,824.0439378521039,3134.6214867615063,2
2017-02-01,2310.5775489094026,829.6255237622695,3140.203072671672,2
2017-02-02,2310.5775489094026,833.2199841562278,3143.7975330656304,2
2017-02-03,2310.5775489094026,886.4687721315313,3197.046321040934,2
2017-02-06,2310.5775489094026,878.1627022714812,3188.7402511808837,2
2017-02-07,2310.5775489094026,883.4188821070146,3193.9964310164173,2
2017-02-08,2310.5775489094026,887.5903318785599,3198.1678807879625,2
2017-02-09,2310.5775489094026,924.2941997462206,3234.8717486556234,2
2017-02-10,2337.979097884363,906.3153244773864,3244.2944223617496,2
2017-02-13,2371.72708499281,888.8721835524293,3260.5992685452393,2
2017-02-14,2371.72708499281,909.8126842200172,3281.539769212827,2
2017-02-15,2371.72708499281,910.3253383265003,3282.05242331931,2
2017-02-16,2371.72708499281,912.5180948084392,3284.245179801249,2
2017-02-17,2371.72708499281,922.9702834289792,3294.697368421789,2
2017-02-21,2410.549027110742,900.311839457803,3310.860866568545,2
2017-02-22,2410.549027110742,896.3991918529429,3306.9482189636847,2
2017-02-23,2410.549027110742,900.2493335648204,3310.7983606755624,2
2017-02-24,2443.802038583359,870.5597612898732,3314.361799873232,2
2017-02-27,2443.802038583359,871.9943215852979,3315.796360168657,2
2017-02-28,2443.802038583359,852.6428525083184,3296.444891091677,2
2017-03-01,2443.802038583359,909.1682370004634,3352.970275583822,2
2017-03-02,2443.802038583359,901.9199106601519,3345.7219492435106,2
2017-03-03,2443.802038583359,918.0721335166793,3361.874172100038,2
2017-03-06,2443.802038583359,910.1739175142711,3353.97595609763,2
2017-03-07,2443.802038583359,898.1037825064977,3341.9058210898565,2
2017-03-08,2443.802038583359,884.8517238962265,3328.6537624795856,2
2017-03-09,2443.802038583359,885.8266695419179,3329.6287081252767,2
2017-03-10,2443.802038583359,912.6133017918663,3356.4153403752252,2
2017-03-13,2474.476924573208,892.9494004840712,3367.4263250572794,2
2017-03-14,2474.476924573208,868.0233803735298,3342.5003049467377,2
2017-03-15,2509.985653003526,871.460701401461,3381.446354404987,2
2017-03-16,2509.985653003526,872.0515004190784,3382.037153422604,2
2017-03-17,2509.985653003526,866.9716497395123,3376.957302743038,2
2017-03-20,2509.985653003526,862.2451429514197,3372.2307959549453,2
2017-03-21,2509.985653003526,775.5409351821577,3285.5265881856835,2
2017-03-22,2509.985653003526,786.4574470767309,3296.443100080257,2
2017-03-23,2509.985653003526,777.7438432125422,3287.729496216068,2
2017-03-24,2509.985653003526,774.4780544404385,3284.4637074439643,2
2017-03-27,2509.985653003526,775.5875841485099,3285.5732371520357,2
2017-03-28,2509.985653003526,842.9702181072678,3352.955871110794,2
2017-03-29,2509.985653003526,854.8210307859254,3364.806683789451,2
2017-03-30,2509.985653003526,874.4637941664536,3384.4494471699795,2
2017-03-31,2509.985653003526,852.7116677888653,3362.697320792391,2
2017-04-03,2509.985653003526,854.3765422894871,3364.362195293013,2
2017-04-04,2509.985653003526,871.8235247932165,3381.8091777967425,2
2017-04-05,2509.985653003526,839.2392307363039,3349.2248837398297,2
2017-04-06,2509.985653003526,866.6917415369232,3376.6773945404493,2
2017-04-07,2509.985653003526,860.4650306729629,3370.4506836764886,2
2017-04-10,2509.985653003526,875.4691377662969,3385.4547907698225,2
2017-04-11,2509.985653003526,862.7710883301559,3372.756741333682,2
2017-04-12,2509.985653003526,833.6920482800277,3343.6777012835537,2
2017-04-13,2509.985653003526,764.47087013333,3274.456523136856,2
2017-04-17,3009.985653003526,465.363668323867,3475.3493213273928,1
2017-04-18,3482.2906165689333,0,3482.2906165689333,0
2017-04-19,3482.2906165689333,0,3482.2906165689333,0
2017-04-20,3482.2906165689333,0,3482.2906165689333,0
2017-04-21,3482.2906165689333,0,3482.2906165689333,0
2017-04-24,3042.5279864362333,434.4626301326997,3476.990616568933,1
2017-04-25,2597.671999863723,887.5807492973394,3485.2527491610626,2
2017-04-26,2597.671999863723,886.035627476037,3483.70762733976,2
2017-04-27,2597.671999863723,897.501565023504,3495.1735648872273,2
2017-04-28,2597.671999863723,884.5248390820199,3482.196838945743,2
2017-05-01,2597.671999863723,908.9255033566171,3506.5975032203405,2
2017-05-02,2597.671999863723,908.2068301623203,3505.8788300260435,2
2017-05-03,2597.671999863723,904.2268277468374,3501.8988276105606,2
2017-05-04,2597.671999863723,912.4361778134837,3510.108177677207,2
2017-05-05,2597.671999863723,927.9279035531889,3525.599903416912,2
2017-05-08,2630.0443536822063,908.8846117902392,3538.9289654724453,2
2017-05-09,2630.0443536822063,903.8907491426783,3533.935102824885,2
2017-05-10,2630.0443536822063,907.1257158323976,3537.1700695146037,2
2017-05-11,2630.0443536822063,894.4726031500052,3524.5169568322117,2
2017-05-12,2630.0443536822063,893.3814005606956,3523.425754242902,2
2017-05-15,2667.4759878220325,878.2278380645025,3545.703825886535,2
2017-05-16,2667.4759878220325,873.3164117295192,3540.7923995515516,2
2017-05-17,2667.4759878220325,722.2942564367606,3389.7702442587934,2
2017-05-18,2667.4759878220325,749.8408459668653,3417.316833788898,2
2017-05-19,2667.4759878220325,815.9419398300151,3483.4179276520476,2
2017-05-22,2667.4759878220325,868.5574362113648,3536.0334240333973,2
2017-05-23,2667.4759878220325,884.5842147652843,3552.060202587317,2
2017-05-24,2667.4759878220325,911.3011082890715,3578.777096111104,2
2017-05-25,2691.333215154933,902.6324435332235,3593.9656586881565,2
2017-05-26,2691.333215154933,909.0704192877015,3600.4036344426345,2
2017-05-30,2691.333215154933,904.7382183350669,3596.07143349,2
2017-05-31,2691.333215154933,905.068355218254,3596.401570373187,2
2017-06-01,2729.4737859755874,898.6111874320682,3628.0849734076555,2
2017-06-02,2729.4737859755874,917.3080753543383,3646.7818613299255,2
2017-06-05,2729.4737859755874,914.221514717196,3643.6953006927833,2
2017-06-06,2729.4737859755874,899.358014991557,3628.8318009671443,2
2017-06-07,2729.4737859755874,909.3491403317344,3638.8229263073217,2
2017-06-08,2729.4737859755874,916.5981126695808,3646.0718986451684,2
2017-06-09,2729.4737859755874,907.724034129322,3637.1978201049096,2
2017-06-12,2729.4737859755874,901.7620199056428,3631.23580588123,2
2017-06-13,2771.8580578362307,888.2766358744817,3660.1346937107123,2
2017-06-14,2771.8580578362307,882.5283804499622,3654.386438286193,2
2017-06-15,2771.8580578362307,869.8224443555674,3641.680502191798,2
2017-06-16,2771.8580578362307,881.9120077566463,3653.770065592877,2
2017-06-19,2805.444743965486,886.4007928192965,3691.8455367847823,2
2017-06-20,2805.444743965486,847.5547948770256,3652.9995388425114,2
2017-06-21,2805.444743965486,847.6903383563822,3653.135082321868,2
2017-06-22,2805.444743965486,851.0551439154852,3656.499887880971,2
2017-06-23,2805.444743965486,869.6117802456914,3675.0565242111775,2
2017-06-26,2805.444743965486,880.7553292759242,3686.20007324141,2
2017-06-27,2805.444743965486,811.2246707756977,3616.6694147411836,2
2017-06-28,2805.444743965486,887.8611585996465,3693.3059025651323,2
2017-06-29,2805.444743965486,811.7347049443847,3617.1794489098706,2
2017-06-30,2805.444743965486,829.559813851829,3635.004557817315,2
2017-07-03,2805.444743965486,855.7884543160985,3661.2331982815845,2
2017-07-05,2805.444743965486,876.6077653969948,3682.0525093624806,2
2017-07-06,2805.444743965486,784.3015929073701,3589.746336872856,2
2017-07-07,2805.444743965486,863.2044172911138,3668.6491612565997,2
2017-07-10,2805.444743965486,890.4651738601464,3695.9099178256324,2
2017-07-11,2805.444743965486,895.6401291954201,3701.0848731609058,2
2017-07-12,2853.3530849571443,898.3832490076611,3751.7363339648055,2
2017-07-13,2885.857281420168,878.6123090025139,3764.469590422682,2
2017-07-14,2885.857281420168,907.2695692327538,3793.126850652922,2
2017-07-17,2885.857281420168,907.6612827014733,3793.5185641216412,2
2017-07-18,2885.857281420168,910.9899106175176,3796.8471920376855,2
2017-07-19,2909.6113809839576,903.1426576608146,3812.754038644772,2
2017-07-20,2909.6113809839576,907.9988874614049,3817.6102684453626,2
2017-07-21,2909.6113809839576,912.303703569034,3821.9150845529916,2
2017-07-24,2932.70862134414,883.6397908876804,3816.3484122318205,2
2017-07-25,2932.70862134414,899.4803056631376,3832.1889270072775,2
2017-07-26,2932.70862134414,899.7924892386909,3832.5011105828307,2
2017-07-27,2932.70862134414,888.7451342261979,3821.4537555703378,2
2017-07-28,2932.70862134414,881.491289593632,3814.199910937772,2
2017-07-31,2932.70862134414,885.5878208968594,3818.296442240999,2
2017-08-01,2932.70862134414,903.1956178692715,3835.9042392134115,2
2017-08-02,2932.70862134414,905.1829040538754,3837.8915253980153,2
2017-08-03,2932.70862134414,895.0503095461911,3827.7589308903307,2
2017-08-04,2932.70862134414,914.164648005823,3846.873269349963,2
2017-08-07,2932.70862134414,933.3134203679671,3866.022041712107,2
2017-08-08,2932.70862134414,910.4025897458065,3843.111211089946,2
2017-08-09,2932.70862134414,910.6881042650755,3843.3967256092155,2
2017-08-10,2932.70862134414,760.9313609593685,3693.639982303508,2
2017-08-11,2932.70862134414,777.9700673139466,3710.6786886580867,2
2017-08-14,2932.70862134414,903.1457488843107,3835.8543702284505,2
2017-08-15,2932.70862134414,911.6420425008455,3844.3506638449853,2
2017-08-16,2971.6034819541983,885.7580814901676,3857.361563444366,2
2017-08-17,2971.6034819541983,750.0438291748126,3721.6473111290106,2
2017-08-18,2971.6034819541983,744.7449869465373,3716.3484689007355,2
2017-08-21,2971.6034819541983,775.3450678480992,3746.9485498022977,2
2017-08-22,2971.6034819541983,887.2271299204183,3858.830611874617,2
2017-08-23,2971.6034819541983,858.8730033047518,3830.47648525895,2
2017-08-24,2971.6034819541983,851.9163714914305,3823.5198534456285,2
2017-08-25,3445.230675242249,413.7234337374764,3858.954108979726,1
2017-08-28,3445.230675242249,418.489765140254,3863.720440382503,1
2017-08-29,3445.230675242249,419.9015452327021,3865.1322204749513,1
2017-08-30,3006.7093670508493,872.033429321305,3878.7427963721543,2
2017-08-31,3006.7093670508493,909.4970742353312,3916.2064412861805,2
2017-09-01,3028.8385154882744,897.9193194658986,3926.757834954173,2
2017-09-05,3028.8385154882744,841.2638631328846,3870.102378621159,2
2017-09-06,3028.8385154882744,866.03158655834,3894.870102046614,2
2017-09-07,3028.8385154882744,868.3768264670264,3897.2153419553006,2
2017-09-08,3028.8385154882744,855.6649435728929,3884.503459061167,2
2017-09-11,3057.9604424732925,891.9802019164913,3949.9406443897838,2
2017-09-12,3057.9604424732925,909.5799652827893,3967.5404077560815,2
2017-09-13,3057.9604424732925,915.8035294644814,3973.763971937774,2
2017-09-14,3057.9604424732925,915.1544636143267,3973.114906087619,2
2017-09-15,3092.531576859176,886.9861592637353,3979.517736122911,2
2017-09-18,3092.531576859176,899.3793471875535,3991.9109240467296,2
2017-09-19,3092.531576859176,905.5740107346971,3998.1055875938728,2
2017-09-20,3092.531576859176,916.7640242310763,4009.295601090252,2
2017-09-21,3092.531576859176,908.4874182274743,4001.01899508665,2
2017-09-22,3092.531576859176,915.0457118432068,4007.5772887023827,2
2017-09-25,3092.531576859176,902.9382238243301,3995.469800683506,2
2017-09-26,3092.531576859176,906.9297628115056,3999.4613396706814,2
2017-09-27,3121.1886454280157,896.7409384440252,4017.929583872041,2
2017-09-28,3121.1886454280157,909.9905715454481,4031.1792169734636,2
2017-09-29,3148.974612544364,893.3570459303525,4042.3316584747163,2
2017-10-02,3148.974612544364,916.0025324445503,4064.977144988914,2
2017-10-03,3148.974612544364,924.8715697206993,4073.8461822650634,2
2017-10-04,3148.974612544364,929.2394309884331,4078.214043532797,2
2017-10-05,3653.596751498377,441.4382247262214,4095.0349762245987,1
2017-10-06,3213.712039323156,869.9914150005217,4083.7034543236778,2
2017-10-09,3213.712039323156,854.0531109171229,4067.765150240279,2
2017-10-10,3213.712039323156,872.576405032569,4086.288444355725,2
2017-10-11,3213.712039323156,887.6832617340913,4101.395301057248,2
2017-10-12,3213.712039323156,880.2745392228019,4093.986578545958,2
2017-10-13,3213.712039323156,892.4089233887524,4106.120962711909,2
2017-10-16,3213.712039323156,903.4466699522249,4117.158709275381,2
2017-10-17,3213.712039323156,902.7089283219577,4116.420967645114,2
2017-10-18,3213.712039323156,913.0919003480701,4126.8039396712265,2
2017-10-19,3213.712039323156,918.0139105289793,4131.725949852135,2
2017-10-20,3240.304263671159,908.8081581685625,4149.112421839722,2
2017-10-23,3240.304263671159,882.4523320809622,4122.756595752121,2
2017-10-24,3240.304263671159,891.7401305613344,4132.044394232493,2
2017-10-25,3240.304263671159,870.4915170083675,4110.795780679527,2
2017-10-26,3240.304263671159,879.6793703011982,4119.983633972357,2
2017-10-27,3287.358992237265,884.8858769152685,4172.244869152533,2
2017-10-30,3287.358992237265,863.0419719690292,4150.400964206294,2
2017-10-31,3287.358992237265,875.6047272622368,4162.963719499501,2
2017-11-01,3287.358992237265,885.9726544098394,4173.331646647104,2
2017-11-02,3287.358992237265,894.0584495965384,4181.417441833803,2
2017-11-03,3315.562992184721,889.9232500204846,4205.486242205206,2
2017-11-06,3315.562992184721,897.8406647507236,4213.403656935445,2
2017-11-07,3315.562992184721,890.6419342773265,4206.204926462047,2
2017-11-08,3315.562992184721,901.9032644876202,4217.466256672342,2
2017-11-09,3315.562992184721,873.3357483763698,4188.8987405610915,2
2017-11-10,3315.562992184721,858.7830988496087,4174.34609103433,2
2017-11-13,3315.562992184721,869.9717374857187,4185.53472967044,2
2017-11-14,3315.562992184721,858.4477662914485,4174.01075847617,2
2017-11-15,3315.562992184721,804.8205807934459,4120.383572978167,2
2017-11-16,3315.562992184721,878.6472466924569,4194.210238877178,2
2017-11-17,3315.562992184721,872.1241493156142,4187.687141500335,2
2017-11-20,3315.562992184721,906.2482642204767,4221.811256405198,2
2017-11-21,3365.1888298497674,898.1604365658773,4263.349266415645,2
2017-11-22,3365.1888298497674,894.8244887678786,4260.013318617646,2
2017-11-24,3398.1384971888633,874.7020253998403,4272.840522588704,2
2017-11-27,3398.1384971888633,874.866229076759,4273.004726265623,2
2017-11-28,3398.1384971888633,917.3312407842928,4315.469737973156,2
2017-11-29,3398.1384971888633,907.7015424848532,4305.840039673716,2
2017-11-30,3398.1384971888633,928.0922339921391,4326.230731181003,2
2017-12-01,3398.1384971888633,922.5569231316371,4320.6954203205005,2
2017-12-04,3398.1384971888633,923.8834135708933,4322.021910759757,2
2017-12-05,3398.1384971888633,919.139664071289,4317.278161260152,2
2017-12-06,3398.1384971888633,926.2844114828083,4324.422908671671,2
2017-12-07,3905.5661713334684,435.391753847103,4340.957925180572,1
2017-12-08,3465.773920486463,887.6188487584269,4353.39276924489,2
2017-12-11,3465.773920486463,911.1846173669661,4376.958537853429,2
2017-12-12,3465.773920486463,909.4856439073528,4375.259564393816,2
2017-12-13,3465.773920486463,905.5195277514522,4371.293448237915,2
2017-12-14,3465.773920486463,885.0918560102155,4350.865776496678,2
2017-12-15,3495.771008012935,902.685002628379,4398.456010641314,2
2017-12-18,3531.0586475483847,885.840322756264,4416.898970304648,2
2017-12-19,3531.0586475483847,862.7069383948985,4393.765585943283,2
2017-12-20,3531.0586475483847,865.1257459571156,4396.1843935055,2
2017-12-21,3531.0586475483847,879.531202923447,4410.589850471832,2
2017-12-22,3531.0586475483847,874.2993197920966,4405.357967340481,2
2017-12-26,3531.0586475483847,871.6707618836103,4402.729409431995,2
2017-12-27,3531.0586475483847,875.0916600048249,4406.150307553209,2
2017-12-28,3531.0586475483847,892.4596969564088,4423.518344504793,2
2017-12-29,3531.0586475483847,851.5865240525102,4382.645171600895,2
2018-01-02,3564.4688569604873,890.0682795415485,4454.5371365020355,2
2018-01-03,3594.5807880693637,894.6869487294098,4489.2677367987735,2
2018-01-04,3594.5807880693637,912.2506617627856,4506.83144983215,2
2018-01-05,3625.8975655409595,899.8098800622543,4525.707445603213,2
2018-01-08,3625.8975655409595,907.2234057189684,4533.1209712599275,2
2018-01-09,3625.8975655409595,905.2576711463435,4531.155236687303,2
2018-01-10,3625.8975655409595,907.1197371708151,4533.017302711774,2
2018-01-11,3661.0186465960037,891.7069584243893,4552.725605020393,2
2018-01-12,3661.0186465960037,915.5693890007001,4576.588035596704,2
2018-01-16,3661.0186465960037,889.012594607296,4550.0312412033,2
2018-01-17,3661.0186465960037,920.68476627796,4581.703412873963,2
2018-01-18,3661.0186465960037,914.3932995678871,4575.411946163891,2
2018-01-19,3699.79732105089,896.0018794293386,4595.799200480228,2
2018-01-22,3741.6976297819947,882.4428493956624,4624.140479177657,2
2018-01-23,3741.6976297819947,891.7131381050037,4633.410767886999,2
2018-01-24,3741.6976297819947,886.2735582630964,4627.971188045091,2
2018-01-25,3741.6976297819947,889.0273162693145,4630.724946051309,2
2018-01-26,3775.0541642892467,894.5394191380065,4669.593583427253,2
2018-01-29,3775.0541642892467,839.3715693842878,4614.4257336735345,2
2018-01-30,3775.0541642892467,778.3522095720975,4553.406373861344,2
2018-01-31,3775.0541642892467,791.3451627254624,4566.399327014709,2
2018-02-01,3775.0541642892467,789.2406069005795,4564.294771189826,2
2018-02-02,3595.4457876793476,751.4277776476064,4346.873565326954,2
2018-02-05,3764.9171032942613,348.7432203941907,4113.660323688452,1
2018-02-06,3764.9171032942613,385.10519822612963,4150.022301520391,1
2018-02-07,3764.9171032942613,373.75923574936536,4138.676339043626,1
2018-02-08,3969.5335925913964,0,3969.5335925913964,0
2018-02-09,3969.5335925913964,0,3969.5335925913964,0
2018-02-12,3969.5335925913964,0,3969.5335925913964,0
2018-02-13,3969.5335925913964,0,3969.5335925913964,0
2018-02-14,3969.5335925913964,0,3969.5335925913964,0
2018-02-15,3969.5335925913964,0,3969.5335925913964,0
2018-02-16,3969.5335925913964,0,3969.5335925913964,0
2018-02-20,3969.5335925913964,0,3969.5335925913964,0
2018-02-21,3969.5335925913964,0,3969.5335925913964,0
2018-02-22,3969.5335925913964,0,3969.5335925913964,0
2018-02-23,3969.5335925913964,0,3969.5335925913964,0
2018-02-26,3969.5335925913964,0,3969.5335925913964,0
2018-02-27,3969.5335925913964,0,3969.5335925913964,0
2018-02-28,3969.5335925913964,0,3969.5335925913964,0
2018-03-01,3969.5335925913964,0,3969.5335925913964,0
2018-03-02,3969.5335925913964,0,3969.5335925913964,0
2018-03-05,3969.5335925913964,0,3969.5335925913964,0
2018-03-06,3969.5335925913964,0,3969.5335925913964,0
2018-03-07,3969.5335925913964,0,3969.5335925913964,0
2018-03-08,3969.5335925913964,0,3969.5335925913964,0
2018-03-09,3969.5335925913964,0,3969.5335925913964,0
2018-03-12,3969.5335925913964,0,3969.5335925913964,0
2018-03-13,3969.5335925913964,0,3969.5335925913964,0
2018-03-14,3969.5335925913964,0,3969.5335925913964,0
2018-03-15,3969.5335925913964,0,3969.5335925913964,0
2018-03-16,3969.5335925913964,0,3969.5335925913964,0
2018-03-19,3969.5335925913964,0,3969.5335925913964,0
2018-03-20,3969.5335925913964,0,3969.5335925913964,0
2018-03-21,3969.5335925913964,0,3969.5335925913964,0
2018-03-22,3969.5335925913964,0,3969.5335925913964,0
2018-03-23,3969.5335925913964,0,3969.5335925913964,0
2018-03-26,3969.5335925913964,0,3969.5335925913964,0
2018-03-27,3969.5335925913964,0,3969.5335925913964,0
2018-03-28,3969.5335925913964,0,3969.5335925913964,0
2018-03-29,3969.5335925913964,0,3969.5335925913964,0
2018-04-02,3969.5335925913964,0,3969.5335925913964,0
2018-04-03,3969.5335925913964,0,3969.5335925913964,0
2018-04-04,3969.5335925913964,0,3969.5335925913964,0
2018-04-05,3969.5335925913964,0,3969.5335925913964,0
2018-04-06,3969.5335925913964,0,3969.5335925913964,0
2018-04-09,3969.5335925913964,0,3969.5335925913964,0
2018-04-10,3969.5335925913964,0,3969.5335925913964,0
2018-04-11,3969.5335925913964,0,3969.5335925913964,0
2018-04-12,3969.5335925913964,0,3969.5335925913964,0
2018-04-13,3969.5335925913964,0,3969.5335925913964,0
2018-04-16,3969.5335925913964,0,3969.5335925913964,0
2018-04-17,3969.5335925913964,0,3969.5335925913964,0
2018-04-18,3969.5335925913964,0,3969.5335925913964,0
2018-04-19,3969.5335925913964,0,3969.5335925913964,0
2018-04-20,3969.5335925913964,0,3969.5335925913964,0
2018-04-23,3969.5335925913964,0,3969.5335925913964,0
2018-04-24,3969.5335925913964,0,3969.5335925913964,0
2018-04-25,3969.5335925913964,0,3969.5335925913964,0
2018-04-26,3969.5335925913964,0,3969.5335925913964,0
2018-04-27,3969.5335925913964,0,3969.5335925913964,0
2018-04-30,3969.5335925913964,0,3969.5335925913964,0
2018-05-01,3969.5335925913964,0,3969.5335925913964,0
2018-05-02,3969.5335925913964,0,3969.5335925913964,0
2018-05-03,3969.5335925913964,0,3969.5335925913964,0
2018-05-04,3969.5335925913964,0,3969.5335925913964,0
2018-05-07,3969.5335925913964,0,3969.5335925913964,0
2018-05-08,3969.5335925913964,0,3969.5335925913964,0
2018-05-09,3969.5335925913964,0,3969.5335925913964,0
2018-05-10,3969.5335925913964,0,3969.5335925913964,0
2018-05-11,3969.5335925913964,0,3969.5335925913964,0
2018-05-14,3969.5335925913964,0,3969.5335925913964,0
2018-05-15,3969.5335925913964,0,3969.5335925913964,0
2018-05-16,3969.5335925913964,0,3969.5335925913964,0
2018-05-17,3969.5335925913964,0,3969.5335925913964,0
2018-05-18,3969.5335925913964,0,3969.5335925913964,0
2018-05-21,3969.5335925913964,0,3969.5335925913964,0
2018-05-22,3969.5335925913964,0,3969.5335925913964,0
2018-05-23,3969.5335925913964,0,3969.5335925913964,0
2018-05-24,3969.5335925913964,0,3969.5335925913964,0
2018-05-25,3969.5335925913964,0,3969.5335925913964,0
2018-05-29,3969.5335925913964,0,3969.5335925913964,0
2018-05-30,3969.5335925913964,0,3969.5335925913964,0
2018-05-31,3969.5335925913964,0,3969.5335925913964,0
2018-06-01,3969.5335925913964,0,3969.5335925913964,0
2018-06-04,3969.5335925913964,0,3969.5335925913964,0
2018-06-05,3969.5335925913964,0,3969.5335925913964,0
2018-06-06,3969.5335925913964,0,3969.5335925913964,0
2018-06-07,3969.5335925913964,0,3969.5335925913964,0
2018-06-08,3969.5335925913964,0,3969.5335925913964,0
2018-06-11,3969.5335925913964,0,3969.5335925913964,0
2018-06-12,3969.5335925913964,0,3969.5335925913964,0
2018-06-13,3969.5335925913964,0,3969.5335925913964,0
2018-06-14,3969.5335925913964,0,3969.5335925913964,0
2018-06-15,3969.5335925913964,0,3969.5335925913964,0
2018-06-18,3969.5335925913964,0,3969.5335925913964,0
2018-06-19,3969.5335925913964,0,3969.5335925913964,0
2018-06-20,3969.5335925913964,0,3969.5335925913964,0
2018-06-21,3969.5335925913964,0,3969.5335925913964,0
2018-06-22,3969.5335925913964,0,3969.5335925913964,0
2018-06-25,3969.5335925913964,0,3969.5335925913964,0
2018-06-26,3969.5335925913964,0,3969.5335925913964,0
2018-06-27,3969.5335925913964,0,3969.5335925913964,0
2018-06-28,3969.5335925913964,0,3969.5335925913964,0
2018-06-29,3969.5335925913964,0,3969.5335925913964,0
2018-07-02,3969.5335925913964,0,3969.5335925913964,0
2018-07-03,3969.5335925913964,0,3969.5335925913964,0
2018-07-05,3969.5335925913964,0,3969.5335925913964,0
2018-07-06,3969.5335925913964,0,3969.5335925913964,0
2018-07-09,3969.5335925913964,0,3969.5335925913964,0
2018-07-10,3969.5335925913964,0,3969.5335925913964,0
2018-07-11,3969.5335925913964,0,3969.5335925913964,0
2018-07-12,3969.5335925913964,0,3969.5335925913964,0
2018-07-13,3969.5335925913964,0,3969.5335925913964,0
2018-07-16,3969.5335925913964,0,3969.5335925913964,0
2018-07-17,3969.5335925913964,0,3969.5335925913964,0
2018-07-18,3969.5335925913964,0,3969.5335925913964,0
2018-07-19,3969.5335925913964,0,3969.5335925913964,0
2018-07-20,3969.5335925913964,0,3969.5335925913964,0
2018-07-23,3969.5335925913964,0,3969.5335925913964,0
2018-07-24,3969.5335925913964,0,3969.5335925913964,0
2018-07-25,3969.5335925913964,0,3969.5335925913964,0
2018-07-26,3969.5335925913964,0,3969.5335925913964,0
2018-07-27,3969.5335925913964,0,3969.5335925913964,0
2018-07-30,3969.5335925913964,0,3969.5335925913964,0
2018-07-31,3969.5335925913964,0,3969.5335925913964,0
2018-08-01,3969.5335925913964,0,3969.5335925913964,0
2018-08-02,3969.5335925913964,0,3969.5335925913964,0
2018-08-03,3969.5335925913964,0,3969.5335925913964,0
2018-08-06,3969.5335925913964,0,3969.5335925913964,0
2018-08-07,3969.5335925913964,0,3969.5335925913964,0
2018-08-08,3969.5335925913964,0,3969.5335925913964,0
2018-08-09,3969.5335925913964,0,3969.5335925913964,0
2018-08-10,3969.5335925913964,0,3969.5335925913964,0
2018-08-13,3969.5335925913964,0,3969.5335925913964,0
2018-08-14,3969.5335925913964,0,3969.5335925913964,0
2018-08-15,3969.5335925913964,0,3969.5335925913964,0
2018-08-16,3969.5335925913964,0,3969.5335925913964,0
2018-08-17,3969.5335925913964,0,3969.5335925913964,0
2018-08-20,3969.5335925913964,0,3969.5335925913964,0
2018-08-21,3969.5335925913964,0,3969.5335925913964,0
2018-08-22,3969.5335925913964,0,3969.5335925913964,0
2018-08-23,3969.5335925913964,0,3969.5335925913964,0
2018-08-24,3969.5335925913964,0,3969.5335925913964,0
2018-08-27,3969.5335925913964,0,3969.5335925913964,0
2018-08-28,3969.5335925913964,0,3969.5335925913964,0
2018-08-29,3969.5335925913964,0,3969.5335925913964,0
2018-08-30,3969.5335925913964,0,3969.5335925913964,0
2018-08-31,3969.5335925913964,0,3969.5335925913964,0
2018-09-04,3969.5335925913964,0,3969.5335925913964,0
2018-09-05,3969.5335925913964,0,3969.5335925913964,0
2018-09-06,3969.5335925913964,0,3969.5335925913964,0
2018-09-07,3969.5335925913964,0,3969.5335925913964,0
2018-09-10,3969.5335925913964,0,3969.5335925913964,0
2018-09-11,3969.5335925913964,0,3969.5335925913964,0
2018-09-12,3969.5335925913964,0,3969.5335925913964,0
2018-09-13,3969.5335925913964,0,3969.5335925913964,0
2018-09-14,3969.5335925913964,0,3969.5335925913964,0
2018-09-17,3969.5335925913964,0,3969.5335925913964,0
2018-09-18,3969.5335925913964,0,3969.5335925913964,0
2018-09-19,3969.5335925913964,0,3969.5335925913964,0
2018-09-20,3969.5335925913964,0,3969.5335925913964,0
2018-09-21,3969.5335925913964,0,3969.5335925913964,0
2018-09-24,3969.5335925913964,0,3969.5335925913964,0
2018-09-25,3969.5335925913964,0,3969.5335925913964,0
2018-09-26,3969.5335925913964,0,3969.5335925913964,0
2018-09-27,3969.5335925913964,0,3969.5335925913964,0
2018-09-28,3969.5335925913964,0,3969.5335925913964,0
2018-10-01,3969.5335925913964,0,3969.5335925913964,0
2018-10-02,3969.5335925913964,0,3969.5335925913964,0
2018-10-03,3969.5335925913964,0,3969.5335925913964,0
2018-10-04,3969.5335925913964,0,3969.5335925913964,0
2018-10-05,3969.5335925913964,0,3969.5335925913964,0
2018-10-08,3969.5335925913964,0,3969.5335925913964,0
2018-10-09,3969.5335925913964,0,3969.5335925913964,0
2018-10-10,3969.5335925913964,0,3969.5335925913964,0
2018-10-11,3969.5335925913964,0,3969.5335925913964,0
2018-10-12,3969.5335925913964,0,3969.5335925913964,0
2018-10-15,3969.5335925913964,0,3969.5335925913964,0
2018-10-16,3969.5335925913964,0,3969.5335925913964,0
2018-10-17,3969.5335925913964,0,3969.5335925913964,0
2018-10-18,3969.5335925913964,0,3969.5335925913964,0
2018-10-19,3969.5335925913964,0,3969.5335925913964,0
2018-10-22,3969.5335925913964,0,3969.5335925913964,0
2018-10-23,3969.5335925913964,0,3969.5335925913964,0
2018-10-24,3969.5335925913964,0,3969.5335925913964,0
2018-10-25,3969.5335925913964,0,3969.5335925913964,0
2018-10-26,3969.5335925913964,0,3969.5335925913964,0
2018-10-29,3969.5335925913964,0,3969.5335925913964,0
2018-10-30,3969.5335925913964,0,3969.5335925913964,0
2018-10-31,3969.5335925913964,0,3969.5335925913964,0
2018-11-01,3969.5335925913964,0,3969.5335925913964,0
2018-11-02,3969.5335925913964,0,3969.5335925913964,0
2018-11-05,3969.5335925913964,0,3969.5335925913964,0
2018-11-06,3969.5335925913964,0,3969.5335925913964,0
2018-11-07,3969.5335925913964,0,3969.5335925913964,0
2018-11-08,3969.5335925913964,0,3969.5335925913964,0
2018-11-09,3969.5335925913964,0,3969.5335925913964,0
2018-11-12,3969.5335925913964,0,3969.5335925913964,0
2018-11-13,3969.5335925913964,0,3969.5335925913964,0
2018-11-14,3969.5335925913964,0,3969.5335925913964,0
2018-11-15,3969.5335925913964,0,3969.5335925913964,0
2018-11-16,3969.5335925913964,0,3969.5335925913964,0
2018-11-19,3969.5335925913964,0,3969.5335925913964,0
2018-11-20,3969.5335925913964,0,3969.5335925913964,0
2018-11-21,3969.5335925913964,0,3969.5335925913964,0
2018-11-23,3969.5335925913964,0,3969.5335925913964,0
2018-11-26,3969.5335925913964,0,3969.5335925913964,0
2018-11-27,3969.5335925913964,0,3969.5335925913964,0
2018-11-28,3969.5335925913964,0,3969.5335925913964,0
2018-11-29,3969.5335925913964,0,3969.5335925913964,0
2018-11-30,3969.5335925913964,0,3969.5335925913964,0
2018-12-03,3536.1737891309463,428.0598034604502,3964.2335925913967,1
2018-12-04,3536.1737891309463,360.54414599926616,3896.7179351302125,1
2018-12-06,3536.1737891309463,356.0827005180485,3892.256489648995,1
2018-12-07,3755.217698214451,0,3755.217698214451,0
2018-12-10,3755.217698214451,0,3755.217698214451,0
2018-12-11,3755.217698214451,0,3755.217698214451,0
2018-12-12,3755.217698214451,0,3755.217698214451,0
2018-12-13,3755.217698214451,0,3755.217698214451,0
2018-12-14,3755.217698214451,0,3755.217698214451,0
2018-12-17,3755.217698214451,0,3755.217698214451,0
2018-12-18,3755.217698214451,0,3755.217698214451,0
2018-12-19,3755.217698214451,0,3755.217698214451,0
2018-12-20,3755.217698214451,0,3755.217698214451,0
2018-12-21,3755.217698214451,0,3755.217698214451,0
2018-12-24,3755.217698214451,0,3755.217698214451,0
2018-12-26,3755.217698214451,0,3755.217698214451,0
2018-12-27,3755.217698214451,0,3755.217698214451,0
2018-12-28,3755.217698214451,0,3755.217698214451,0
2018-12-31,3755.217698214451,0,3755.217698214451,0
2019-01-02,3755.217698214451,0,3755.217698214451,0
2019-01-03,3755.217698214451,0,3755.217698214451,0
2019-01-04,3755.217698214451,0,3755.217698214451,0
2019-01-07,3755.217698214451,0,3755.217698214451,0
2019-01-08,3755.217698214451,0,3755.217698214451,0
2019-01-09,3755.217698214451,0,3755.217698214451,0
2019-01-10,3755.217698214451,0,3755.217698214451,0
2019-01-11,3755.217698214451,0,3755.217698214451,0
2019-01-14,3755.217698214451,0,3755.217698214451,0
2019-01-15,3755.217698214451,0,3755.217698214451,0
2019-01-16,3755.217698214451,0,3755.217698214451,0
2019-01-17,3320.4102091459863,429.50748906846457,3749.917698214451,1
2019-01-18,2883.378482865809,876.9305702275644,3760.309053093373,2
2019-01-22,2883.378482865809,831.1585793884383,3714.5370622542473,2
2019-01-23,2883.378482865809,843.6184163335241,3726.9968991993333,2
2019-01-24,2883.378482865809,852.0531620755811,3735.43164494139,2
2019-01-25,2883.378482865809,885.4554631477349,3768.833946013544,2
2019-01-28,2883.378482865809,860.5379261018647,3743.9164089676738,2
2019-01-29,2883.378482865809,856.6337950827104,3740.0122779485196,2
2019-01-30,2883.378482865809,909.0233855401642,3792.4018684059733,2
2019-01-31,2919.0373537243004,894.4145234514192,3813.4518771757193,2
2019-02-01,2919.0373537243004,901.9775337934508,3821.014887517751,2
2019-02-04,2961.865962132516,876.7757391367787,3838.6417012692946,2
2019-02-05,2961.865962132516,891.5587681128532,3853.424730245369,2
2019-02-06,2961.865962132516,889.4659178324605,3851.3318799649765,2
2019-02-07,2961.865962132516,856.3300523706382,3818.1960145031544,2
2019-02-08,2961.865962132516,865.3184106504043,3827.18437278292,2
2019-02-11,2961.865962132516,871.3339475543112,3833.199909686827,2
2019-02-12,2961.865962132516,913.2598855294179,3875.125847661934,2
2019-02-13,2996.3321446882355,879.3068659957655,3875.639010684001,2
2019-02-14,2996.3321446882355,868.8940230124238,3865.226167700659,2
2019-02-15,2996.3321446882355,910.2890762621271,3906.621220950363,2
2019-02-19,3034.9357439990636,877.9549645364696,3912.890708535533,2
2019-02-20,3034.9357439990636,893.102080774144,3928.037824773208,2
2019-02-21,3034.9357439990636,880.249326087506,3915.18507008657,2
2019-02-22,3034.9357439990636,910.1436351150205,3945.079379114084,2
2019-02-25,3034.9357439990636,906.2907937105724,3941.226537709636,2
2019-02-26,3034.9357439990636,903.6331806110841,3938.5689246101474,2
2019-02-27,3064.11879084437,873.5899357051153,3937.708726549485,2
2019-02-28,3064.11879084437,865.4362543924449,3929.5550452368147,2
2019-03-01,3064.11879084437,901.2780682778548,3965.3968591222247,2
2019-03-04,3064.11879084437,885.2150086536341,3949.333799498004,2
2019-03-05,3064.11879084437,882.8944470393822,3947.013237883752,2
2019-03-06,3064.11879084437,852.0530253803024,3916.1718162246725,2
2019-03-07,3064.11879084437,811.6242997855444,3875.743090629914,2
2019-03-08,3064.11879084437,806.775073972937,3870.893864817307,2
2019-03-11,3064.11879084437,898.114580578812,3962.233371423182,2
2019-03-12,3099.714479854013,876.0725488479455,3975.7870287019587,2
2019-03-13,3099.714479854013,904.6722765101116,4004.3867563641247,2
2019-03-14,3099.714479854013,903.6098875462923,4003.324367400305,2
2019-03-15,3136.7445237166276,883.0190888311013,4019.763612547729,2
2019-03-18,3136.7445237166276,896.8809730051771,4033.6254967218047,2
2019-03-19,3136.7445237166276,893.3184048449448,4030.0629285615723,2
2019-03-20,3136.7445237166276,882.5675299573472,4019.312053673975,2
2019-03-21,3169.1955159328077,878.0684159066652,4047.263931839473,2
2019-03-22,3169.1955159328077,783.0747712759631,3952.2702872087707,2
2019-03-25,3169.1955159328077,781.4256787864117,3950.6211947192196,2
2019-03-26,3169.1955159328077,827.3892451308128,3996.5847610636206,2
2019-03-27,3169.1955159328077,802.940199860499,3972.1357157933066,2
2019-03-28,3169.1955159328077,827.9310047518286,3997.1265206846365,2
2019-03-29,3169.1955159328077,866.9851237458776,4036.180639678685,2
2019-04-01,3200.0404217136193,880.6550454242682,4080.6954671378876,2
2019-04-02,3200.0404217136193,883.3326134381864,4083.3730351518057,2
2019-04-03,3200.0404217136193,888.629111955375,4088.6695336689945,2
2019-04-04,3200.0404217136193,899.4372199525021,4099.477641666122,2
2019-04-05,3233.6091625194313,883.577866795256,4117.187029314688,2
2019-04-08,3233.6091625194313,888.4365284554221,4122.045690974854,2
2019-04-09,3233.6091625194313,857.1940943103613,4090.8032568297926,2
2019-04-10,3233.6091625194313,882.3718944261241,4115.981056945555,2
2019-04-11,3233.6091625194313,887.9974583220079,4121.6066208414395,2
2019-04-12,3266.993700649775,883.7313679088112,4150.725068558586,2
2019-04-15,3266.993700649775,883.5383544151874,4150.532055064962,2
2019-04-16,3266.993700649775,889.5492013572266,4156.542902007001,2
2019-04-17,3266.993700649775,877.6003121768348,4144.594012826609,2
2019-04-18,3266.993700649775,892.9836814728794,4159.9773821226545,2
2019-04-22,3266.993700649775,904.1462512190676,4171.139951868842,2
2019-04-23,3312.373935857698,885.0158189529889,4197.389754810687,2
2019-04-24,3312.373935857698,868.5695120428836,4180.943447900581,2
2019-04-25,3312.373935857698,868.0400034191387,4180.413939276837,2
2019-04-26,3312.373935857698,893.9622752261951,4206.336211083893,2
2019-04-29,3312.373935857698,901.1424358107973,4213.516371668496,2
2019-04-30,3346.240870685858,866.6491437224408,4212.890014408299,2
2019-05-01,3346.240870685858,820.6004259528072,4166.841296638666,2
2019-05-02,3346.240870685858,815.1478615431841,4161.388732229042,2
2019-05-03,3346.240870685858,875.2511869849037,4221.492057670762,2
2019-05-06,3346.240870685858,836.5918031007652,4182.832673786624,2
2019-05-07,3346.240870685858,735.3372031953156,4081.5780738811736,2
2019-05-08,3346.240870685858,725.9773105393649,4072.218181225223,2
2019-05-09,3346.240870685858,707.5266669021829,4053.7675375880413,2
2019-05-10,3346.240870685858,740.7378114720202,4086.978682157878,2
2019-05-13,3788.2052531320205,0,3788.2052531320205,0
2019-05-14,3788.2052531320205,0,3788.2052531320205,0
2019-05-15,3788.2052531320205,0,3788.2052531320205,0
2019-05-16,3354.7902311954367,428.1150219365834,3782.9052531320203,1
2019-05-17,3354.7902311954367,416.4220575890283,3771.2122887844653,1
2019-05-20,3354.7902311954367,403.66471546343234,3758.454946658869,1
2019-05-21,3354.7902311954367,426.10494865902876,3780.8951798544654,1
2019-05-22,3354.7902311954367,422.437483788714,3777.2277149841507,1
2019-05-23,3354.7902311954367,388.6947678317739,3743.4849990272105,1
2019-05-24,3354.7902311954367,395.42877555027826,3750.219006745715,1
2019-05-28,3354.7902311954367,369.2990472125089,3724.0892784079456,1
2019-05-29,3354.7902311954367,345.7028566741329,3700.4930878695695,1
2019-05-30,3354.7902311954367,353.4809559761072,3708.2711871715437,1
2019-05-31,3626.6569153368378,0,3626.6569153368378,0
2019-06-03,3626.6569153368378,0,3626.6569153368378,0
2019-06-04,3626.6569153368378,0,3626.6569153368378,0
2019-06-05,3626.6569153368378,0,3626.6569153368378,0
2019-06-06,3626.6569153368378,0,3626.6569153368378,0
2019-06-07,3193.174920695228,428.18199464160926,3621.3569153368376,1
2019-06-10,2756.9202763602398,869.0468275975888,3625.967103957829,2
2019-06-11,2756.9202763602398,869.1349400870791,3626.055216447319,2
2019-06-12,2756.9202763602398,865.4276227077767,3622.3478990680164,2
2019-06-13,2756.9202763602398,879.4339965432492,3636.354272903489,2
2019-06-14,2756.9202763602398,881.5401557278165,3638.460432088056,2
2019-06-17,2756.9202763602398,889.7997056696361,3646.7199820298756,2
2019-06-18,2756.9202763602398,918.2100629135533,3675.130339273793,2
2019-06-19,2790.1646736718717,894.9014300946058,3685.0661037664777,2
2019-06-20,2827.714386488554,870.9839673908078,3698.6983538793615,2
2019-06-21,2827.714386488554,863.0305555333273,3690.744942021881,2
2019-06-24,2827.714386488554,863.3525808691743,3691.066967357728,2
2019-06-25,2827.714386488554,822.374367140118,3650.088753628672,2
2019-06-26,2827.714386488554,819.0490791043153,3646.763465592869,2
2019-06-27,2827.714386488554,838.8446829111324,3666.5590693996865,2
2019-06-28,2827.714386488554,868.4401503873503,3696.1545368759043,2
2019-07-01,2827.714386488554,910.5073143986235,3738.2217008871776,2
2019-07-02,2866.287420207072,888.412326245638,3754.6997464527103,2
2019-07-03,2900.3790838673067,877.1394611224338,3777.5185449897403,2
2019-07-05,2900.3790838673067,865.8205023360317,3766.199586203338,2
2019-07-08,2900.3790838673067,844.5776537401009,3744.9567376074074,2
2019-07-09,2900.3790838673067,850.2118612492211,3750.590945116528,2
2019-07-10,2900.3790838673067,881.6530915187154,3782.032175386022,2
2019-07-11,2900.3790838673067,893.3998964327195,3793.778980300026,2
2019-07-12,2900.3790838673067,917.4066394620432,3817.78572332935,2
2019-07-15,2930.8551926179007,885.5369987359776,3816.3921913538784,2
2019-07-16,2930.8551926179007,872.6648174543723,3803.520010072273,2
2019-07-17,2930.8551926179007,833.8940694073408,3764.7492620252415,2
2019-07-18,2930.8551926179007,857.1705035553549,3788.0256961732557,2
2019-07-19,2930.8551926179007,820.41872147609,3751.2739140939907,2
2019-07-22,2930.8551926179007,852.1589544120257,3783.0141470299263,2
2019-07-23,2930.8551926179007,897.4664251475076,3828.3216177654085,2
2019-07-24,2972.363360716758,876.3736662430069,3848.737026959765,2
2019-07-25,2972.363360716758,847.0365562728468,3819.399916989605,2
2019-07-26,2972.363360716758,887.636883897704,3860.000244614462,2
2019-07-29,2972.363360716758,880.0853256643659,3852.448686381124,2
2019-07-30,2972.363360716758,858.9235270325133,3831.2868877492715,2
2019-07-31,2972.363360716758,787.42038115752,3759.783741874278,2
2019-08-01,2972.363360716758,726.0072837952947,3698.370644512053,2
2019-08-02,2972.363360716758,665.6368271031994,3638.0001878199573,2
2019-08-05,3315.9015824536427,0,3315.9015824536427,0
2019-08-06,3315.9015824536427,0,3315.9015824536427,0
2019-08-07,3315.9015824536427,0,3315.9015824536427,0
2019-08-08,3315.9015824536427,0,3315.9015824536427,0
2019-08-09,3315.9015824536427,0,3315.9015824536427,0
2019-08-12,3315.9015824536427,0,3315.9015824536427,0
2019-08-13,3315.9015824536427,0,3315.9015824536427,0
2019-08-14,3315.9015824536427,0,3315.9015824536427,0
2019-08-15,3315.9015824536427,0,3315.9015824536427,0
2019-08-16,3315.9015824536427,0,3315.9015824536427,0
2019-08-19,3315.9015824536427,0,3315.9015824536427,0
2019-08-20,3315.9015824536427,0,3315.9015824536427,0
2019-08-21,3315.9015824536427,0,3315.9015824536427,0
2019-08-22,3315.9015824536427,0,3315.9015824536427,0
2019-08-23,3315.9015824536427,0,3315.9015824536427,0
2019-08-26,3315.9015824536427,0,3315.9015824536427,0
2019-08-27,3315.9015824536427,0,3315.9015824536427,0
2019-08-28,3315.9015824536427,0,3315.9015824536427,0
2019-08-29,3315.9015824536427,0,3315.9015824536427,0
2019-08-30,3315.9015824536427,0,3315.9015824536427,0
2019-09-03,3315.9015824536427,0,3315.9015824536427,0
2019-09-04,3315.9015824536427,0,3315.9015824536427,0
2019-09-05,3315.9015824536427,0,3315.9015824536427,0
2019-09-06,3315.9015824536427,0,3315.9015824536427,0
2019-09-09,3315.9015824536427,0,3315.9015824536427,0
2019-09-10,3315.9015824536427,0,3315.9015824536427,0
2019-09-11,3315.9015824536427,0,3315.9015824536427,0
2019-09-12,3315.9015824536427,0,3315.9015824536427,0
2019-09-13,3315.9015824536427,0,3315.9015824536427,0
2019-09-16,3315.9015824536427,0,3315.9015824536427,0
2019-09-17,3315.9015824536427,0,3315.9015824536427,0
2019-09-18,3315.9015824536427,0,3315.9015824536427,0
2019-09-19,3315.9015824536427,0,3315.9015824536427,0
2019-09-20,3315.9015824536427,0,3315.9015824536427,0
2019-09-23,3315.9015824536427,0,3315.9015824536427,0
2019-09-24,3315.9015824536427,0,3315.9015824536427,0
2019-09-25,3315.9015824536427,0,3315.9015824536427,0
2019-09-26,3315.9015824536427,0,3315.9015824536427,0
2019-09-27,3315.9015824536427,0,3315.9015824536427,0
2019-09-30,3315.9015824536427,0,3315.9015824536427,0
2019-10-01,3315.9015824536427,0,3315.9015824536427,0
2019-10-02,3315.9015824536427,0,3315.9015824536427,0
2019-10-03,3315.9015824536427,0,3315.9015824536427,0
2019-10-04,3315.9015824536427,0,3315.9015824536427,0
2019-10-07,3315.9015824536427,0,3315.9015824536427,0
2019-10-08,3315.9015824536427,0,3315.9015824536427,0
2019-10-09,3315.9015824536427,0,3315.9015824536427,0
2019-10-10,3315.9015824536427,0,3315.9015824536427,0
2019-10-11,3315.9015824536427,0,3315.9015824536427,0
2019-10-14,3315.9015824536427,0,3315.9015824536427,0
2019-10-15,3315.9015824536427,0,3315.9015824536427,0
2019-10-16,3315.9015824536427,0,3315.9015824536427,0
2019-10-17,3315.9015824536427,0,3315.9015824536427,0
2019-10-18,3315.9015824536427,0,3315.9015824536427,0
2019-10-21,3315.9015824536427,0,3315.9015824536427,0
2019-10-22,3315.9015824536427,0,3315.9015824536427,0
2019-10-23,3315.9015824536427,0,3315.9015824536427,0
2019-10-24,3315.9015824536427,0,3315.9015824536427,0
2019-10-25,3315.9015824536427,0,3315.9015824536427,0
2019-10-28,3315.9015824536427,0,3315.9015824536427,0
2019-10-29,3315.9015824536427,0,3315.9015824536427,0
2019-10-30,3315.9015824536427,0,3315.9015824536427,0
2019-10-31,3315.9015824536427,0,3315.9015824536427,0
2019-11-01,3315.9015824536427,0,3315.9015824536427,0
2019-11-04,3315.9015824536427,0,3315.9015824536427,0
2019-11-05,3315.9015824536427,0,3315.9015824536427,0
2019-11-06,3315.9015824536427,0,3315.9015824536427,0
2019-11-07,3315.9015824536427,0,3315.9015824536427,0
2019-11-08,3315.9015824536427,0,3315.9015824536427,0
2019-11-11,3315.9015824536427,0,3315.9015824536427,0
2019-11-12,3315.9015824536427,0,3315.9015824536427,0
2019-11-13,3315.9015824536427,0,3315.9015824536427,0
2019-11-14,3315.9015824536427,0,3315.9015824536427,0
2019-11-15,3315.9015824536427,0,3315.9015824536427,0
2019-11-18,3315.9015824536427,0,3315.9015824536427,0
2019-11-19,3315.9015824536427,0,3315.9015824536427,0
2019-11-20,3315.9015824536427,0,3315.9015824536427,0
2019-11-21,3315.9015824536427,0,3315.9015824536427,0
2019-11-22,3315.9015824536427,0,3315.9015824536427,0
2019-11-25,3315.9015824536427,0,3315.9015824536427,0
2019-11-26,3315.9015824536427,0,3315.9015824536427,0
2019-11-27,3315.9015824536427,0,3315.9015824536427,0
2019-11-29,3315.9015824536427,0,3315.9015824536427,0
2019-12-02,3315.9015824536427,0,3315.9015824536427,0
2019-12-03,3315.9015824536427,0,3315.9015824536427,0
2019-12-04,3315.9015824536427,0,3315.9015824536427,0
2019-12-05,3315.9015824536427,0,3315.9015824536427,0
2019-12-06,3315.9015824536427,0,3315.9015824536427,0
2019-12-09,3315.9015824536427,0,3315.9015824536427,0
2019-12-10,3315.9015824536427,0,3315.9015824536427,0
2019-12-11,3315.9015824536427,0,3315.9015824536427,0
2019-12-12,3315.9015824536427,0,3315.9015824536427,0
2019-12-13,3315.9015824536427,0,3315.9015824536427,0
2019-12-16,3315.9015824536427,0,3315.9015824536427,0
2019-12-17,3315.9015824536427,0,3315.9015824536427,0
2019-12-18,3315.9015824536427,0,3315.9015824536427,0
2019-12-19,3315.9015824536427,0,3315.9015824536427,0
2019-12-20,3315.9015824536427,0,3315.9015824536427,0
2019-12-23,3315.9015824536427,0,3315.9015824536427,0
2019-12-24,3315.9015824536427,0,3315.9015824536427,0
2019-12-26,3315.9015824536427,0,3315.9015824536427,0
2019-12-27,3315.9015824536427,0,3315.9015824536427,0
2019-12-30,3315.9015824536427,0,3315.9015824536427,0
2019-12-31,3315.9015824536427,0,3315.9015824536427,0
2020-01-02,3315.9015824536427,0,3315.9015824536427,0
2020-01-03,3315.9015824536427,0,3315.9015824536427,0
2020-01-06,3315.9015824536427,0,3315.9015824536427,0
2020-01-07,3315.9015824536427,0,3315.9015824536427,0
2020-01-08,3315.9015824536427,0,3315.9015824536427,0
2020-01-09,3315.9015824536427,0,3315.9015824536427,0
2020-01-10,3315.9015824536427,0,3315.9015824536427,0
2020-01-13,3315.9015824536427,0,3315.9015824536427,0
2020-01-14,3315.9015824536427,0,3315.9015824536427,0
2020-01-15,3315.9015824536427,0,3315.9015824536427,0
2020-01-16,3315.9015824536427,0,3315.9015824536427,0
2020-01-17,3315.9015824536427,0,3315.9015824536427,0
2020-01-21,3315.9015824536427,0,3315.9015824536427,0
2020-01-22,3315.9015824536427,0,3315.9015824536427,0
2020-01-23,3315.9015824536427,0,3315.9015824536427,0
2020-01-24,3315.9015824536427,0,3315.9015824536427,0
2020-01-27,3315.9015824536427,0,3315.9015824536427,0
2020-01-28,3315.9015824536427,0,3315.9015824536427,0
2020-01-29,3315.9015824536427,0,3315.9015824536427,0
2020-01-30,3315.9015824536427,0,3315.9015824536427,0
2020-01-31,3315.9015824536427,0,3315.9015824536427,0
2020-02-03,3315.9015824536427,0,3315.9015824536427,0
2020-02-04,3315.9015824536427,0,3315.9015824536427,0
2020-02-05,3315.9015824536427,0,3315.9015824536427,0
2020-02-06,3315.9015824536427,0,3315.9015824536427,0
2020-02-07,3315.9015824536427,0,3315.9015824536427,0
2020-02-10,3315.9015824536427,0,3315.9015824536427,0
2020-02-11,3315.9015824536427,0,3315.9015824536427,0
2020-02-12,3315.9015824536427,0,3315.9015824536427,0
2020-02-13,3315.9015824536427,0,3315.9015824536427,0
2020-02-14,3315.9015824536427,0,3315.9015824536427,0
2020-02-18,3315.9015824536427,0,3315.9015824536427,0
2020-02-19,3315.9015824536427,0,3315.9015824536427,0
2020-02-20,3315.9015824536427,0,3315.9015824536427,0
2020-02-21,3315.9015824536427,0,3315.9015824536427,0
2020-02-24,3315.9015824536427,0,3315.9015824536427,0
2020-02-25,3315.9015824536427,0,3315.9015824536427,0
2020-02-26,3315.9015824536427,0,3315.9015824536427,0
2020-02-27,3315.9015824536427,0,3315.9015824536427,0
2020-02-28,3315.9015824536427,0,3315.9015824536427,0
2020-03-02,3315.9015824536427,0,3315.9015824536427,0
2020-03-03,3315.9015824536427,0,3315.9015824536427,0
2020-03-04,3315.9015824536427,0,3315.9015824536427,0
2020-03-05,3315.9015824536427,0,3315.9015824536427,0
2020-03-06,3315.9015824536427,0,3315.9015824536427,0
2020-03-09,3315.9015824536427,0,3315.9015824536427,0
2020-03-10,3315.9015824536427,0,3315.9015824536427,0
2020-03-11,3315.9015824536427,0,3315.9015824536427,0
2020-03-12,3315.9015824536427,0,3315.9015824536427,0
2020-03-13,3315.9015824536427,0,3315.9015824536427,0
2020-03-16,3315.9015824536427,0,3315.9015824536427,0
2020-03-17,3315.9015824536427,0,3315.9015824536427,0
2020-03-18,3315.9015824536427,0,3315.9015824536427,0
2020-03-19,3315.9015824536427,0,3315.9015824536427,0
2020-03-20,3315.9015824536427,0,3315.9015824536427,0
2020-03-23,3315.9015824536427,0,3315.9015824536427,0
2020-03-24,3315.9015824536427,0,3315.9015824536427,0
2020-03-25,3315.9015824536427,0,3315.9015824536427,0
2020-03-26,3315.9015824536427,0,3315.9015824536427,0
2020-03-27,3315.9015824536427,0,3315.9015824536427,0
2020-03-30,3315.9015824536427,0,3315.9015824536427,0
2020-03-31,3315.9015824536427,0,3315.9015824536427,0
2020-04-01,3315.9015824536427,0,3315.9015824536427,0
2020-04-02,3315.9015824536427,0,3315.9015824536427,0
2020-04-03,3315.9015824536427,0,3315.9015824536427,0
2020-04-06,3315.9015824536427,0,3315.9015824536427,0
2020-04-07,3315.9015824536427,0,3315.9015824536427,0
2020-04-08,3315.9015824536427,0,3315.9015824536427,0
2020-04-09,3315.9015824536427,0,3315.9015824536427,0
2020-04-13,3315.9015824536427,0,3315.9015824536427,0
2020-04-14,3315.9015824536427,0,3315.9015824536427,0
2020-04-15,3315.9015824536427,0,3315.9015824536427,0
2020-04-16,3315.9015824536427,0,3315.9015824536427,0
2020-04-17,3315.9015824536427,0,3315.9015824536427,0
2020-04-20,3315.9015824536427,0,3315.9015824536427,0
2020-04-21,3315.9015824536427,0,3315.9015824536427,0
2020-04-22,3315.9015824536427,0,3315.9015824536427,0
2020-04-23,3315.9015824536427,0,3315.9015824536427,0
2020-04-24,3315.9015824536427,0,3315.9015824536427,0
2020-04-27,3315.9015824536427,0,3315.9015824536427,0
2020-04-28,3315.9015824536427,0,3315.9015824536427,0
2020-04-29,3315.9015824536427,0,3315.9015824536427,0
2020-04-30,3315.9015824536427,0,3315.9015824536427,0
2020-05-01,3315.9015824536427,0,3315.9015824536427,0
2020-05-04,3315.9015824536427,0,3315.9015824536427,0
2020-05-05,3315.9015824536427,0,3315.9015824536427,0
2020-05-06,3315.9015824536427,0,3315.9015824536427,0
2020-05-07,3315.9015824536427,0,3315.9015824536427,0
2020-05-08,2876.185080815534,434.41650163810834,3310.6015824536425,1
2020-05-11,2436.1790038677946,869.7863721647508,3305.9653760325455,2
2020-05-12,2436.1790038677946,839.6592956777312,3275.838299545526,2
2020-05-13,2436.1790038677946,811.7590435313275,3247.9380473991223,2
2020-05-14,2436.1790038677946,826.9271024614695,3263.106106329264,2
2020-05-15,2436.1790038677946,832.468019091587,3268.6470229593815,2
2020-05-18,2436.1790038677946,880.9273135164858,3317.1063173842804,2
2020-05-19,2436.1790038677946,865.4362812580493,3301.615285125844,2
2020-05-20,2436.1790038677946,893.537624221257,3329.7166280890515,2
2020-05-21,2436.1790038677946,881.007923801355,3317.1869276691496,2
2020-05-22,2436.1790038677946,889.0908226084384,3325.269826476233,2
2020-05-26,2436.1790038677946,913.1126162925881,3349.2916201603825,2
2020-05-27,2436.1790038677946,932.3072565712657,3368.48626043906,2
2020-05-28,2436.1790038677946,929.6714344203951,3365.8504382881897,2
2020-05-29,2466.8513121337865,904.1345325753284,3370.9858447091146,2
2020-06-01,2497.684768709513,873.914053933953,3371.5988226434656,2
2020-06-02,2497.684768709513,885.7571407761334,3383.441909485646,2
2020-06-03,2497.684768709513,903.3851428970514,3401.0699116065643,2
2020-06-04,2497.684768709513,900.5268855729221,3398.211654282435,2
2020-06-05,2497.684768709513,928.1621014471767,3425.8468701566894,2
2020-06-08,2497.684768709513,935.6098769627786,3433.294645672291,2
2020-06-09,2497.684768709513,926.1446912498315,3423.829459959344,2
2020-06-10,2497.684768709513,923.8185564780949,3421.5033251876075,2
2020-06-11,2497.684768709513,851.3551478487585,3349.039916558271,2
2020-06-12,2497.684768709513,864.248984113432,3361.933752822945,2
2020-06-15,2497.684768709513,876.6510565026216,3374.3358252121343,2
2020-06-16,2497.684768709513,899.6173107308778,3397.3020794403906,2
2020-06-17,2497.684768709513,897.9935940798114,3395.678362789324,2
2020-06-18,2497.684768709513,901.7117765139091,3399.396545223422,2
2020-06-19,2497.684768709513,892.5556709733612,3390.2404396828742,2
2020-06-22,2497.684768709513,917.0741696307189,3414.758938340232,2
2020-06-23,2497.684768709513,926.8268707952245,3424.511639504737,2
2020-06-24,2497.684768709513,888.9163939085258,3386.601162618039,2
2020-06-25,2497.684768709513,915.0258496641214,3412.710618373634,2
2020-06-26,2497.684768709513,869.8827200345634,3367.5674887440764,2
2020-06-29,2497.684768709513,929.924966860489,3427.6097355700017,2
2020-06-30,3458.853076207991,0,3458.853076207991,0
2020-07-01,3018.7147532493163,434.83832295867444,3453.5530762079907,1
2020-07-02,2579.6903585920704,871.9174260721388,3451.6077846642092,2
2020-07-06,2579.6903585920704,891.6062877874701,3471.2966463795406,2
2020-07-07,2579.6903585920704,877.2762293504861,3456.9665879425565,2
2020-07-08,2579.6903585920704,889.5011633155079,3469.191521907578,2
2020-07-09,2579.6903585920704,881.2701960672562,3460.9605546593266,2
2020-07-10,2579.6903585920704,898.9248106473738,3478.615169239444,2
2020-07-13,2579.6903585920704,880.6004644260377,3460.2908230181083,2
2020-07-14,2579.6903585920704,902.4488664802668,3482.1392250723375,2
2020-07-15,2579.6903585920704,918.7654421095665,3498.4558007016367,2
2020-07-16,2579.6903585920704,916.7620135280097,3496.4523721200803,2
2020-07-17,2579.6903585920704,931.032477738906,3510.7228363309764,2
2020-07-20,3091.8667015288884,432.2682587248664,3524.134960253755,1
2020-07-21,2655.960973671299,864.0063750237132,3519.9673486950123,2
2020-07-22,2655.960973671299,874.5340450445888,3530.495018715888,2
2020-07-23,2655.960973671299,851.5020031519398,3507.462976823239,2
2020-07-24,2655.960973671299,840.5920103194035,3496.5529839907026,2
2020-07-27,2655.960973671299,858.4823535838893,3514.4433272551887,2
2020-07-28,2655.960973671299,844.6819324319762,3500.6429061032754,2
2020-07-29,2655.960973671299,873.3124385135952,3529.2734121848944,2
2020-07-30,2655.960973671299,865.4785449418923,3521.4395186131915,2
2020-07-31,2655.960973671299,881.5604402390022,3537.5214139103014,2
2020-08-03,2655.960973671299,899.5842374962876,3555.545211167587,2
2020-08-04,2655.960973671299,909.7992373624244,3565.7602110337234,2
2020-08-05,2655.960973671299,925.0886320037282,3581.049605675027,2
2020-08-06,2690.2906189552446,896.4573299196189,3586.7479488748636,2
2020-08-07,2723.128938447078,861.6696756435573,3584.798614090635,2
2020-08-10,2723.128938447078,869.53019910991,3592.659137556988,2
2020-08-11,2723.128938447078,848.897212456481,3572.026150903559,2
2020-08-12,2723.128938447078,881.5684094905833,3604.697347937661,2
2020-08-13,2723.128938447078,880.0276556875062,3603.1565941345843,2
2020-08-14,2723.128938447078,881.5335363607027,3604.6624748077807,2
2020-08-17,2723.128938447078,895.2458295100066,3618.3747679570843,2
2020-08-18,2723.128938447078,900.4762905446327,3623.6052289917106,2
2020-08-19,2723.128938447078,889.4272319790857,3612.5561704261636,2
2020-08-20,2723.128938447078,896.4604427973932,3619.589381244471,2
2020-08-21,2723.128938447078,905.7680112603691,3628.8969497074468,2
2020-08-24,2723.128938447078,930.5738785249687,3653.7028169720465,2
2020-08-25,3225.6107402121256,430.0762818664751,3655.687022078601,1
2020-08-26,2791.14578692843,866.318523149873,3657.4643100783032,2
2020-08-27,2791.14578692843,866.5211021969824,3657.666889125412,2
2020-08-28,2791.14578692843,882.1891664285353,3673.3349533569653,2
2020-08-31,2791.14578692843,871.492927757123,3662.638714685553,2
2020-09-01,2791.14578692843,883.6769405486535,3674.8227274770834,2
2020-09-02,2791.14578692843,901.7799187131601,3692.92570564159,2
2020-09-03,2791.14578692843,845.4348553877892,3636.5806423162194,2
2020-09-04,2791.14578692843,830.9331649075134,3622.0789518359434,2
2020-09-08,2791.14578692843,755.082627709379,3546.228414637809,2
2020-09-09,2791.14578692843,814.3771970595922,3605.522983988022,2
2020-09-10,2791.14578692843,758.5774845470767,3549.7232714755064,2
2020-09-11,2791.14578692843,760.2815267445152,3551.4273136729453,2
2020-09-14,2791.14578692843,813.2468053664354,3604.3925922948656,2
2020-09-15,2791.14578692843,834.4873181599085,3625.633105088338,2
2020-09-16,2791.14578692843,819.82920618358,3610.97499311201,2
2020-09-17,2791.14578692843,787.1349196851014,3578.2807066135315,2
2020-09-18,2791.14578692843,732.3734700330675,3523.5192569614974,2
2020-09-21,3078.02668204458,342.77229220554375,3420.7989742501236,1
2020-09-22,3078.02668204458,383.0778271906041,3461.104509235184,1
2020-09-23,3327.2667192455,0,3327.2667192455,0
2020-09-24,3327.2667192455,0,3327.2667192455,0
2020-09-25,3327.2667192455,0,3327.2667192455,0
2020-09-28,3327.2667192455,0,3327.2667192455,0
2020-09-29,3327.2667192455,0,3327.2667192455,0
2020-09-30,2888.0824409459797,433.8842782995201,3321.9667192455,1
2020-10-01,2449.882055240461,870.2398954197889,3320.1219506602497,2
2020-10-02,2449.882055240461,855.4264391510217,3305.308494391483,2
2020-10-05,2449.882055240461,880.3827653880787,3330.2648206285394,2
2020-10-06,2449.882055240461,859.8231183877459,3309.705173628207,2
2020-10-07,2449.882055240461,885.3839915953231,3335.266046835784,2
2020-10-08,2449.882055240461,900.0703210422607,3349.9523762827216,2
2020-10-09,2449.882055240461,915.4475935865214,3365.3296488269825,2
2020-10-12,2482.149900577946,896.0860635627021,3378.2359641406483,2
2020-10-13,2482.149900577946,886.4740406712813,3368.6239412492273,2
2020-10-14,2482.149900577946,877.4540803013814,3359.6039808793275,2
2020-10-15,2482.149900577946,874.9285878554438,3357.07848843339,2
2020-10-16,2482.149900577946,875.2571307725575,3357.4070313505035,2
2020-10-19,2482.149900577946,846.7527856001439,3328.90268617809,2
2020-10-20,2482.149900577946,856.6246425902407,3338.774543168187,2
2020-10-21,2482.149900577946,855.0653639302773,3337.2152645082233,2
2020-10-22,2482.149900577946,867.9863210076228,3350.136221585569,2
2020-10-23,2482.149900577946,877.8961766920993,3360.0460772700453,2
2020-10-26,2482.149900577946,835.9799584046286,3318.1298589825747,2
2020-10-27,2482.149900577946,829.8083549680968,3311.958255546043,2
2020-10-28,2698.6607984848324,398.96255661495417,3097.6233550997867,1
2020-10-29,2698.6607984848324,423.07523787092475,3121.7360363557573,1
2020-10-30,2698.6607984848324,405.4539473965008,3104.114745881333,1
2020-11-02,2698.6607984848324,452.765934329673,3151.426732814505,1
2020-11-03,3185.5577945762175,0,3185.5577945762175,0
2020-11-04,3185.5577945762175,0,3185.5577945762175,0
2020-11-05,3185.5577945762175,0,3185.5577945762175,0
2020-11-06,3185.5577945762175,0,3185.5577945762175,0
2020-11-09,3185.5577945762175,0,3185.5577945762175,0
2020-11-10,3185.5577945762175,0,3185.5577945762175,0
2020-11-11,3185.5577945762175,0,3185.5577945762175,0
2020-11-12,3185.5577945762175,0,3185.5577945762175,0
2020-11-13,3185.5577945762175,0,3185.5577945762175,0
2020-11-16,3185.5577945762175,0,3185.5577945762175,0
2020-11-17,3185.5577945762175,0,3185.5577945762175,0
2020-11-18,3185.5577945762175,0,3185.5577945762175,0
2020-11-19,3185.5577945762175,0,3185.5577945762175,0
2020-11-20,3185.5577945762175,0,3185.5577945762175,0
2020-11-23,3185.5577945762175,0,3185.5577945762175,0
2020-11-24,3185.5577945762175,0,3185.5577945762175,0
2020-11-25,3185.5577945762175,0,3185.5577945762175,0
2020-11-27,3185.5577945762175,0,3185.5577945762175,0
2020-11-30,3185.5577945762175,0,3185.5577945762175,0
2020-12-01,3185.5577945762175,0,3185.5577945762175,0
2020-12-02,3185.5577945762175,0,3185.5577945762175,0
2020-12-03,3185.5577945762175,0,3185.5577945762175,0
2020-12-04,3185.5577945762175,0,3185.5577945762175,0
2020-12-07,3185.5577945762175,0,3185.5577945762175,0
2020-12-08,3185.5577945762175,0,3185.5577945762175,0
2020-12-09,3185.5577945762175,0,3185.5577945762175,0
2020-12-10,3185.5577945762175,0,3185.5577945762175,0
2020-12-11,3185.5577945762175,0,3185.5577945762175,0
2020-12-14,3185.5577945762175,0,3185.5577945762175,0
2020-12-15,3185.5577945762175,0,3185.5577945762175,0
2020-12-16,3185.5577945762175,0,3185.5577945762175,0
2020-12-17,3185.5577945762175,0,3185.5577945762175,0
2020-12-18,3185.5577945762175,0,3185.5577945762175,0
2020-12-21,3185.5577945762175,0,3185.5577945762175,0
2020-12-22,3185.5577945762175,0,3185.5577945762175,0
2020-12-23,3185.5577945762175,0,3185.5577945762175,0
2020-12-24,3185.5577945762175,0,3185.5577945762175,0
2020-12-28,3185.5577945762175,0,3185.5577945762175,0
2020-12-29,3185.5577945762175,0,3185.5577945762175,0
2020-12-30,3185.5577945762175,0,3185.5577945762175,0
2020-12-31,3185.5577945762175,0,3185.5577945762175,0
2021-01-04,3185.5577945762175,0,3185.5577945762175,0
2021-01-05,3185.5577945762175,0,3185.5577945762175,0
2021-01-06,3185.5577945762175,0,3185.5577945762175,0
2021-01-07,3185.5577945762175,0,3185.5577945762175,0
2021-01-08,3185.5577945762175,0,3185.5577945762175,0
2021-01-11,3185.5577945762175,0,3185.5577945762175,0
2021-01-12,3185.5577945762175,0,3185.5577945762175,0
2021-01-13,3185.5577945762175,0,3185.5577945762175,0
2021-01-14,3185.5577945762175,0,3185.5577945762175,0
2021-01-15,3185.5577945762175,0,3185.5577945762175,0
2021-01-19,3185.5577945762175,0,3185.5577945762175,0
2021-01-20,3185.5577945762175,0,3185.5577945762175,0
2021-01-21,3185.5577945762175,0,3185.5577945762175,0
2021-01-22,3185.5577945762175,0,3185.5577945762175,0
2021-01-25,3185.5577945762175,0,3185.5577945762175,0
2021-01-26,3185.5577945762175,0,3185.5577945762175,0
2021-01-27,3185.5577945762175,0,3185.5577945762175,0
2021-01-28,3185.5577945762175,0,3185.5577945762175,0
2021-01-29,3185.5577945762175,0,3185.5577945762175,0
2021-02-01,3185.5577945762175,0,3185.5577945762175,0
2021-02-02,3185.5577945762175,0,3185.5577945762175,0
2021-02-03,3185.5577945762175,0,3185.5577945762175,0
2021-02-04,3185.5577945762175,0,3185.5577945762175,0
2021-02-05,3185.5577945762175,0,3185.5577945762175,0
2021-02-08,3185.5577945762175,0,3185.5577945762175,0
2021-02-09,3185.5577945762175,0,3185.5577945762175,0
2021-02-10,3185.5577945762175,0,3185.5577945762175,0
2021-02-11,3185.5577945762175,0,3185.5577945762175,0
2021-02-12,3185.5577945762175,0,3185.5577945762175,0
2021-02-16,3185.5577945762175,0,3185.5577945762175,0
2021-02-17,3185.5577945762175,0,3185.5577945762175,0
2021-02-18,3185.5577945762175,0,3185.5577945762175,0
2021-02-19,3185.5577945762175,0,3185.5577945762175,0
2021-02-22,3185.5577945762175,0,3185.5577945762175,0
2021-02-23,3185.5577945762175,0,3185.5577945762175,0
2021-02-24,3185.5577945762175,0,3185.5577945762175,0
2021-02-25,3185.5577945762175,0,3185.5577945762175,0
2021-02-26,3185.5577945762175,0,3185.5577945762175,0
2021-03-01,3185.5577945762175,0,3185.5577945762175,0
2021-03-02,3185.5577945762175,0,3185.5577945762175,0
2021-03-03,3185.5577945762175,0,3185.5577945762175,0
2021-03-04,3185.5577945762175,0,3185.5577945762175,0
2021-03-05,3185.5577945762175,0,3185.5577945762175,0
2021-03-08,3185.5577945762175,0,3185.5577945762175,0
2021-03-09,3185.5577945762175,0,3185.5577945762175,0
2021-03-10,3185.5577945762175,0,3185.5577945762175,0
2021-03-11,3185.5577945762175,0,3185.5577945762175,0
2021-03-12,3185.5577945762175,0,3185.5577945762175,0
2021-03-15,3185.5577945762175,0,3185.5577945762175,0
2021-03-16,3185.5577945762175,0,3185.5577945762175,0
2021-03-17,3185.5577945762175,0,3185.5577945762175,0
2021-03-18,3185.5577945762175,0,3185.5577945762175,0
2021-03-19,3185.5577945762175,0,3185.5577945762175,0
2021-03-22,3185.5577945762175,0,3185.5577945762175,0
2021-03-23,3185.5577945762175,0,3185.5577945762175,0
2021-03-24,3185.5577945762175,0,3185.5577945762175,0
2021-03-25,3185.5577945762175,0,3185.5577945762175,0
2021-03-26,3185.5577945762175,0,3185.5577945762175,0
2021-03-29,3185.5577945762175,0,3185.5577945762175,0
2021-03-30,3185.5577945762175,0,3185.5577945762175,0
2021-03-31,3185.5577945762175,0,3185.5577945762175,0
2021-04-01,3185.5577945762175,0,3185.5577945762175,0
2021-04-05,3185.5577945762175,0,3185.5577945762175,0
2021-04-06,3185.5577945762175,0,3185.5577945762175,0
2021-04-07,3185.5577945762175,0,3185.5577945762175,0
2021-04-08,3185.5577945762175,0,3185.5577945762175,0
2021-04-09,3185.5577945762175,0,3185.5577945762175,0
2021-04-12,3185.5577945762175,0,3185.5577945762175,0
2021-04-13,3185.5577945762175,0,3185.5577945762175,0
2021-04-14,3185.5577945762175,0,3185.5577945762175,0
2021-04-15,3185.5577945762175,0,3185.5577945762175,0
2021-04-16,3185.5577945762175,0,3185.5577945762175,0
2021-04-19,3185.5577945762175,0,3185.5577945762175,0
2021-04-20,3185.5577945762175,0,3185.5577945762175,0
2021-04-21,3185.5577945762175,0,3185.5577945762175,0
2021-04-22,3185.5577945762175,0,3185.5577945762175,0
2021-04-23,3185.5577945762175,0,3185.5577945762175,0
2021-04-26,3185.5577945762175,0,3185.5577945762175,0
2021-04-27,3185.5577945762175,0,3185.5577945762175,0
2021-04-28,3185.5577945762175,0,3185.5577945762175,0
2021-04-29,3185.5577945762175,0,3185.5577945762175,0
2021-04-30,3185.5577945762175,0,3185.5577945762175,0
2021-05-03,3185.5577945762175,0,3185.5577945762175,0
2021-05-04,3185.5577945762175,0,3185.5577945762175,0
2021-05-05,3185.5577945762175,0,3185.5577945762175,0
2021-05-06,3185.5577945762175,0,3185.5577945762175,0
2021-05-07,3185.5577945762175,0,3185.5577945762175,0
2021-05-10,3185.5577945762175,0,3185.5577945762175,0
2021-05-11,3185.5577945762175,0,3185.5577945762175,0
2021-05-12,3185.5577945762175,0,3185.5577945762175,0
2021-05-13,3185.5577945762175,0,3185.5577945762175,0
2021-05-14,3185.5577945762175,0,3185.5577945762175,0
2021-05-17,3185.5577945762175,0,3185.5577945762175,0
2021-05-18,3185.5577945762175,0,3185.5577945762175,0
2021-05-19,3185.5577945762175,0,3185.5577945762175,0
2021-05-20,3185.5577945762175,0,3185.5577945762175,0
2021-05-21,3185.5577945762175,0,3185.5577945762175,0
2021-05-24,3185.5577945762175,0,3185.5577945762175,0
2021-05-25,3185.5577945762175,0,3185.5577945762175,0
2021-05-26,3185.5577945762175,0,3185.5577945762175,0
2021-05-27,3185.5577945762175,0,3185.5577945762175,0
2021-05-28,3185.5577945762175,0,3185.5577945762175,0
2021-06-01,3185.5577945762175,0,3185.5577945762175,0
2021-06-02,3185.5577945762175,0,3185.5577945762175,0
2021-06-03,3185.5577945762175,0,3185.5577945762175,0
2021-06-04,3185.5577945762175,0,3185.5577945762175,0
2021-06-07,3185.5577945762175,0,3185.5577945762175,0
2021-06-08,3185.5577945762175,0,3185.5577945762175,0
2021-06-09,3185.5577945762175,0,3185.5577945762175,0
2021-06-10,3185.5577945762175,0,3185.5577945762175,0
2021-06-11,3185.5577945762175,0,3185.5577945762175,0
2021-06-14,3185.5577945762175,0,3185.5577945762175,0
2021-06-15,3185.5577945762175,0,3185.5577945762175,0
2021-06-16,3185.5577945762175,0,3185.5577945762175,0
2021-06-17,3185.5577945762175,0,3185.5577945762175,0
2021-06-18,3185.5577945762175,0,3185.5577945762175,0
2021-06-21,3185.5577945762175,0,3185.5577945762175,0
2021-06-22,3185.5577945762175,0,3185.5577945762175,0
2021-06-23,3185.5577945762175,0,3185.5577945762175,0
2021-06-24,3185.5577945762175,0,3185.5577945762175,0
2021-06-25,3185.5577945762175,0,3185.5577945762175,0
2021-06-28,3185.5577945762175,0,3185.5577945762175,0
2021-06-29,3185.5577945762175,0,3185.5577945762175,0
2021-06-30,3185.5577945762175,0,3185.5577945762175,0
2021-07-01,3185.5577945762175,0,3185.5577945762175,0
2021-07-02,3185.5577945762175,0,3185.5577945762175,0
2021-07-06,3185.5577945762175,0,3185.5577945762175,0
2021-07-07,2755.5786195002374,424.67917507597974,3180.2577945762173,1
2021-07-08,2325.647747843094,828.6445512490388,3154.2922990921325,2
2021-07-09,2325.647747843094,877.1712914943387,3202.8190393374325,2
2021-07-12,2325.647747843094,890.5271285798576,3216.1748764229515,2
2021-07-13,2325.647747843094,876.1268187539699,3201.7745665970638,2
2021-07-14,2325.647747843094,887.1320091064567,3212.7797569495506,2
2021-07-15,2325.647747843094,875.0052745530716,3200.6530223961654,2
2021-07-16,2325.647747843094,844.4217524102896,3170.0695002533835,2
2021-07-19,2325.647747843094,773.6983447069576,3099.3460925500513,2
2021-07-20,2325.647747843094,840.8566002384106,3166.5043480815043,2
2021-07-21,2325.647747843094,881.0171955698166,3206.6649434129104,2
2021-07-22,2325.647747843094,891.3217041202465,3216.9694519633404,2
2021-07-23,2361.6582170135653,880.1654559569145,3241.8236729704795,2
2021-07-26,2361.6582170135653,891.0053646490546,3252.66358166262,2
2021-07-27,2361.6582170135653,869.1487181271953,3230.8069351407603,2
2021-07-28,2361.6582170135653,878.5318573194352,3240.1900743330007,2
2021-07-29,2396.542715869224,856.068494455468,3252.6112103246924,2
2021-07-30,2396.542715869224,838.3521283822333,3234.8948442514575,2
2021-08-02,2396.542715869224,829.7926838580124,3226.3353997272366,2
2021-08-03,2396.542715869224,864.1496844004848,3260.6924002697087,2
2021-08-04,2396.542715869224,852.6592571279721,3249.201972997196,2
2021-08-05,2396.542715869224,877.682639658272,3274.225355527496,2
2021-08-06,2396.542715869224,894.3584410838959,3290.90115695312,2
2021-08-09,2396.542715869224,895.3287461457386,3291.8714620149626,2
2021-08-10,2396.542715869224,900.7299257891162,3297.2726416583405,2
2021-08-11,2396.542715869224,913.3181273998325,3309.8608432690567,2
2021-08-12,2439.1359952383973,883.2370855340394,3322.373080772437,2
2021-08-13,2439.1359952383973,891.0767676471124,3330.2127628855096,2
2021-08-16,2478.5156179211517,853.6436896684777,3332.1593075896294,2
2021-08-17,2478.5156179211517,820.4000442225108,3298.9156621436623,2
2021-08-18,2478.5156179211517,771.4164692414698,3249.9320871626214,2
2021-08-19,2478.5156179211517,775.7714923989369,3254.2871103200887,2
2021-08-20,2478.5156179211517,814.8553170115931,3293.3709349327446,2
2021-08-23,2478.5156179211517,857.13328768568,3335.6489056068317,2
2021-08-24,2478.5156179211517,863.4432806143451,3341.9588985354967,2
2021-08-25,2478.5156179211517,876.0735957073962,3354.589213628548,2
2021-08-26,2478.5156179211517,844.48265194858,3322.9982698697318,2
2021-08-27,2478.5156179211517,893.5550105454048,3372.0706284665566,2
2021-08-30,2512.845708442749,875.70104834451,3388.5467567872593,2
2021-08-31,2512.845708442749,871.5748283881346,3384.420536830884,2
2021-09-01,2512.845708442749,877.8105439166332,3390.656252359382,2
2021-09-02,2512.845708442749,885.9912751365848,3398.8369835793337,2
2021-09-03,2512.845708442749,887.7028676329858,3400.5485760757347,2
2021-09-07,2512.845708442749,876.5440840673449,3389.389792510094,2
2021-09-08,2512.845708442749,877.392866703756,3390.2385751465054,2
2021-09-09,2512.845708442749,859.5612046950237,3372.406913137773,2
2021-09-10,2512.845708442749,819.8589573324612,3332.7046657752103,2
2021-09-13,2512.845708442749,854.4516522896472,3367.2973607323966,2
2021-09-14,2512.845708442749,833.7437521767221,3346.589460619471,2
2021-09-15,2561.5783498400106,832.4325492200416,3394.010899060052,2
2021-09-16,2561.5783498400106,825.3674338980801,3386.9457837380905,2
2021-09-17,2561.5783498400106,780.1256169093278,3341.703966749338,2
2021-09-20,2561.5783498400106,679.2308533079563,3240.809203147967,2
2021-09-21,2561.5783498400106,667.2867817324118,3228.8651315724223,2
2021-09-22,2561.5783498400106,739.4503164278049,3301.0286662678154,2
2021-09-23,2561.5783498400106,818.316218748241,3379.894568588252,2
2021-09-24,2561.5783498400106,835.9923202373536,3397.5706700773644,2
2021-09-27,2561.5783498400106,829.0217312359871,3390.600081075998,2
2021-09-28,2561.5783498400106,652.0193998521961,3213.597749692207,2
2021-09-29,2561.5783498400106,669.8980206424039,3231.4763704824145,2
2021-09-30,2742.8221320920816,338.2023817686701,3081.0245138607515,1
2021-10-01,2742.8221320920816,371.43233814603605,3114.2544702381174,1
2021-10-04,2742.8221320920816,328.6875006333844,3071.509632725466,1
2021-10-05,2742.8221320920816,364.61102109840624,3107.4331531904877,1
2021-10-06,2742.8221320920816,378.7403857699985,3121.5625178620803,1
2021-10-07,2742.8221320920816,408.3218607436635,3151.143992835745,1
2021-10-08,2742.8221320920816,408.07735656425876,3150.8994886563405,1
2021-10-11,2742.8221320920816,388.734585699693,3131.5567177917746,1
2021-10-12,2742.8221320920816,382.4963796067877,3125.3185116988693,1
2021-10-13,2742.8221320920816,404.38770776696344,3147.209839859045,1
2021-10-14,2782.455590093422,424.83096100181825,3207.28655109524,1
2021-10-15,2353.3571116441467,861.285012625271,3214.6421242694178,2
2021-10-18,2353.3571116441467,874.6341008630409,3227.991212507188,2
2021-10-19,2353.3571116441467,899.5291984861624,3252.886310130309,2
2021-10-20,2353.3571116441467,911.2105459145959,3264.5676575587427,2
2021-10-21,2390.939158957297,879.3700033167773,3270.3091622740744,2
2021-10-22,2390.939158957297,874.3801851893877,3265.3193441466847,2
2021-10-25,2423.839876000392,854.8086996163718,3278.648575616764,2
2021-10-26,2423.839876000392,856.0493700732807,3279.8892460736724,2
2021-10-27,2423.839876000392,833.8131537379113,3257.6530297383033,2
2021-10-28,2423.839876000392,868.7298740119318,3292.5697500123238,2
2021-10-29,2423.839876000392,877.9742510425635,3301.8141270429555,2
2021-11-01,2423.839876000392,887.5435715643916,3311.3834475647836,2
2021-11-02,2423.839876000392,902.4562595615471,3326.296135561939,2
2021-11-03,2458.922403149793,886.0228131978225,3344.9452163476153,2
2021-11-04,2493.446250483717,854.474133570335,3347.920384054052,2
2021-11-05,2493.446250483717,859.0635452109353,3352.5097956946524,2
2021-11-08,2493.446250483717,860.5104196826132,3353.9566701663302,2
2021-11-09,2493.446250483717,847.9512858904229,3341.39753637414,2
2021-11-10,2493.446250483717,816.6073902726424,3310.0536407563595,2
2021-11-11,2493.446250483717,825.5284668049014,3318.974717288618,2
2021-11-12,2493.446250483717,862.31291492265,3355.759165406367,2
2021-11-15,2493.446250483717,867.2985638384318,3360.744814322149,2
2021-11-16,2493.446250483717,883.396938154759,3376.843188638476,2
2021-11-17,2493.446250483717,871.474066880161,3364.920317363878,2
2021-11-18,2493.446250483717,881.0567722177581,3374.503022701475,2
2021-11-19,2493.446250483717,877.2513955263548,3370.697646010072,2
2021-11-22,2493.446250483717,867.3266303510118,3360.7728808347288,2
2021-11-23,2493.446250483717,875.410152256866,3368.856402740583,2
2021-11-24,2493.446250483717,893.8308920025428,3387.27714248626,2
2021-11-26,2493.446250483717,759.6930674737507,3253.139317957468,2
2021-11-29,2493.446250483717,854.4345798773477,3347.880830361065,2
2021-11-30,2493.446250483717,736.8644541657488,3230.310704649466,2
2021-12-01,2493.446250483717,641.8197683676595,3135.2660188513764,2
2021-12-02,2493.446250483717,758.5216049932058,3251.9678554769225,2
2021-12-03,2493.446250483717,693.1076850780357,3186.553935561753,2
2021-12-06,2493.446250483717,853.961282299425,3347.407532783142,2
2021-12-07,3051.68645824619,426.2672637914804,3477.95372203767,1
2021-12-08,2620.4672106343196,859.6180696466477,3480.0852802809673,2
2021-12-09,2620.4672106343196,837.6413030571314,3458.1085136914508,2
2021-12-10,2620.4672106343196,873.0931882525311,3493.5603988868506,2
2021-12-13,2620.4672106343196,846.4305056887597,3466.8977163230793,2
2021-12-14,2620.4672106343196,820.8348369503256,3441.302047584645,2
2021-12-15,2620.4672106343196,875.9950528250357,3496.462263459355,2
2021-12-16,2620.4672106343196,848.8264189105706,3469.2936295448903,2
2021-12-17,2620.4672106343196,815.307992526644,3435.7752031609634,2
2021-12-20,2620.4672106343196,771.9257706734538,3392.3929813077734,2
2021-12-21,2620.4672106343196,843.1111940688722,3463.578404703192,2
2021-12-22,2620.4672106343196,889.7606701927344,3510.227880827054,2
2021-12-23,2620.4672106343196,912.925454148192,3533.3926647825115,2
2021-12-27,3141.824392230374,424.6793603512742,3566.5037525816483,1
2021-12-28,2712.837395309588,847.8829100533403,3560.7203053629282,2
2021-12-29,2712.837395309588,856.6637574581832,3569.501152767771,2
2021-12-30,2712.837395309588,846.7263419825783,3559.5637372921665,2
2021-12-31,2712.837395309588,840.4597829062794,3553.2971782158675,2
2022-01-03,2712.837395309588,868.8730553802657,3581.7104506898536,2
2022-01-04,2712.837395309588,866.4533896054536,3579.2907849150415,2
2022-01-05,2712.837395309588,781.9347702747066,3494.7721655842943,2
2022-01-06,2712.837395309588,778.6966250741699,3491.5340203837577,2
2022-01-07,2712.837395309588,762.8453638695277,3475.6827591791157,2
2022-01-10,2712.837395309588,754.9089040497591,3467.746299359347,2
2022-01-11,2712.837395309588,806.6241316253922,3519.46152693498,2
2022-01-12,2712.837395309588,827.1408444195629,3539.978239729151,2
2022-01-13,2712.837395309588,740.5012170235835,3453.3386123331716,2
2022-01-14,2712.837395309588,749.9142355998146,3462.7516309094026,2
2022-01-18,3272.8409276663906,0,3272.8409276663906,0
2022-01-19,3272.8409276663906,0,3272.8409276663906,0
2022-01-20,3272.8409276663906,0,3272.8409276663906,0
2022-01-21,3272.8409276663906,0,3272.8409276663906,0
2022-01-24,3272.8409276663906,0,3272.8409276663906,0
2022-01-25,3272.8409276663906,0,3272.8409276663906,0
2022-01-26,3272.8409276663906,0,3272.8409276663906,0
2022-01-27,3272.8409276663906,0,3272.8409276663906,0
2022-01-28,3272.8409276663906,0,3272.8409276663906,0
2022-01-31,3272.8409276663906,0,3272.8409276663906,0
2022-02-01,3272.8409276663906,0,3272.8409276663906,0
2022-02-02,3272.8409276663906,0,3272.8409276663906,0
2022-02-03,3272.8409276663906,0,3272.8409276663906,0
2022-02-04,3272.8409276663906,0,3272.8409276663906,0
2022-02-07,3272.8409276663906,0,3272.8409276663906,0
2022-02-08,3272.8409276663906,0,3272.8409276663906,0
2022-02-09,3272.8409276663906,0,3272.8409276663906,0
2022-02-10,3272.8409276663906,0,3272.8409276663906,0
2022-02-11,3272.8409276663906,0,3272.8409276663906,0
2022-02-14,3272.8409276663906,0,3272.8409276663906,0
2022-02-15,3272.8409276663906,0,3272.8409276663906,0
2022-02-16,3272.8409276663906,0,3272.8409276663906,0
2022-02-17,3272.8409276663906,0,3272.8409276663906,0
2022-02-18,3272.8409276663906,0,3272.8409276663906,0
2022-02-22,3272.8409276663906,0,3272.8409276663906,0
2022-02-23,3272.8409276663906,0,3272.8409276663906,0
2022-02-24,3272.8409276663906,0,3272.8409276663906,0
2022-02-25,3272.8409276663906,0,3272.8409276663906,0
2022-02-28,3272.8409276663906,0,3272.8409276663906,0
2022-03-01,3272.8409276663906,0,3272.8409276663906,0
2022-03-02,3272.8409276663906,0,3272.8409276663906,0
2022-03-03,3272.8409276663906,0,3272.8409276663906,0
2022-03-04,3272.8409276663906,0,3272.8409276663906,0
2022-03-07,3272.8409276663906,0,3272.8409276663906,0
2022-03-08,3272.8409276663906,0,3272.8409276663906,0
2022-03-09,3272.8409276663906,0,3272.8409276663906,0
2022-03-10,3272.8409276663906,0,3272.8409276663906,0
2022-03-11,3272.8409276663906,0,3272.8409276663906,0
2022-03-14,3272.8409276663906,0,3272.8409276663906,0
2022-03-15,3272.8409276663906,0,3272.8409276663906,0
2022-03-16,3272.8409276663906,0,3272.8409276663906,0
2022-03-17,3272.8409276663906,0,3272.8409276663906,0
2022-03-18,2837.646000004989,429.894927661401,3267.5409276663904,1
2022-03-21,2404.532035367474,858.6429748148021,3263.175010182276,2
2022-03-22,2404.532035367474,880.0038217025616,3284.5358570700355,2
2022-03-23,2404.532035367474,857.7830461401447,3262.3150815076187,2
2022-03-24,2404.532035367474,890.4124880144877,3294.9445233819615,2
2022-03-25,2404.532035367474,903.7248317330829,3308.2568671005565,2
2022-03-28,2404.532035367474,925.6990839340751,3330.231119301549,2
2022-03-29,2918.732621618395,423.7403098355031,3342.472931453898,1
2022-03-30,2487.2752698922327,840.8037778079731,3328.0790477002056,2
2022-03-31,2487.2752698922327,789.8988679515539,3277.1741378437864,2
2022-04-01,2487.2752698922327,803.9142553131796,3291.1895252054123,2
2022-04-04,2487.2752698922327,836.9348276511018,3324.2100975433345,2
2022-04-05,2487.2752698922327,785.2201702579578,3272.4954401501905,2
2022-04-06,2487.2752698922327,744.3808551043389,3231.6561249965716,2
2022-04-07,2487.2752698922327,762.55916062252,3249.834430514753,2
2022-04-08,2487.2752698922327,751.2144127533986,3238.4896826456315,2
2022-04-11,2767.075332604704,344.9865850322283,3112.061917636932,1
2022-04-12,2767.075332604704,330.93014265052716,3098.005475255231,1
2022-04-13,2334.7508581940133,790.3936672766363,3125.1445254706496,2
2022-04-14,2334.7508581940133,730.1785650369993,3064.9294232310126,2
2022-04-18,2334.7508581940133,725.2367710186348,3059.9876292126482,2
2022-04-19,2334.7508581940133,809.1583009031397,3143.909159097153,2
2022-04-20,2334.7508581940133,812.6563647383676,3147.407222932381,2
2022-04-21,2334.7508581940133,727.2192659860864,3061.9701241800994,2
2022-04-22,2494.906029099375,367.9572754400141,2862.863304539389,1
2022-04-25,2494.906029099375,375.78110486348635,2870.687133962861,1
2022-04-26,2725.5282322834837,0,2725.5282322834837,0
2022-04-27,2725.5282322834837,0,2725.5282322834837,0
2022-04-28,2725.5282322834837,0,2725.5282322834837,0
2022-04-29,2725.5282322834837,0,2725.5282322834837,0
2022-05-02,2725.5282322834837,0,2725.5282322834837,0
2022-05-03,2725.5282322834837,0,2725.5282322834837,0
2022-05-04,2725.5282322834837,0,2725.5282322834837,0
2022-05-05,2725.5282322834837,0,2725.5282322834837,0
2022-05-06,2725.5282322834837,0,2725.5282322834837,0
2022-05-09,2725.5282322834837,0,2725.5282322834837,0
2022-05-10,2725.5282322834837,0,2725.5282322834837,0
2022-05-11,2725.5282322834837,0,2725.5282322834837,0
2022-05-12,2725.5282322834837,0,2725.5282322834837,0
2022-05-13,2725.5282322834837,0,2725.5282322834837,0
2022-05-16,2725.5282322834837,0,2725.5282322834837,0
2022-05-17,2725.5282322834837,0,2725.5282322834837,0
2022-05-18,2725.5282322834837,0,2725.5282322834837,0
2022-05-19,2725.5282322834837,0,2725.5282322834837,0
2022-05-20,2725.5282322834837,0,2725.5282322834837,0
2022-05-23,2725.5282322834837,0,2725.5282322834837,0
2022-05-24,2725.5282322834837,0,2725.5282322834837,0
2022-05-25,2725.5282322834837,0,2725.5282322834837,0
2022-05-26,2725.5282322834837,0,2725.5282322834837,0
2022-05-27,2725.5282322834837,0,2725.5282322834837,0
2022-05-31,2725.5282322834837,0,2725.5282322834837,0
2022-06-01,2725.5282322834837,0,2725.5282322834837,0
2022-06-02,2725.5282322834837,0,2725.5282322834837,0
2022-06-03,2725.5282322834837,0,2725.5282322834837,0
2022-06-06,2725.5282322834837,0,2725.5282322834837,0
2022-06-07,2725.5282322834837,0,2725.5282322834837,0
2022-06-08,2725.5282322834837,0,2725.5282322834837,0
2022-06-09,2725.5282322834837,0,2725.5282322834837,0
2022-06-10,2725.5282322834837,0,2725.5282322834837,0
2022-06-13,2725.5282322834837,0,2725.5282322834837,0
2022-06-14,2725.5282322834837,0,2725.5282322834837,0
2022-06-15,2725.5282322834837,0,2725.5282322834837,0
2022-06-16,2725.5282322834837,0,2725.5282322834837,0
2022-06-17,2725.5282322834837,0,2725.5282322834837,0
2022-06-21,2725.5282322834837,0,2725.5282322834837,0
2022-06-22,2725.5282322834837,0,2725.5282322834837,0
2022-06-23,2725.5282322834837,0,2725.5282322834837,0
2022-06-24,2725.5282322834837,0,2725.5282322834837,0
2022-06-27,2725.5282322834837,0,2725.5282322834837,0
2022-06-28,2725.5282322834837,0,2725.5282322834837,0
2022-06-29,2725.5282322834837,0,2725.5282322834837,0
2022-06-30,2725.5282322834837,0,2725.5282322834837,0
2022-07-01,2725.5282322834837,0,2725.5282322834837,0
2022-07-05,2725.5282322834837,0,2725.5282322834837,0
2022-07-06,2725.5282322834837,0,2725.5282322834837,0
2022-07-07,2725.5282322834837,0,2725.5282322834837,0
2022-07-08,2725.5282322834837,0,2725.5282322834837,0
2022-07-11,2725.5282322834837,0,2725.5282322834837,0
2022-07-12,2725.5282322834837,0,2725.5282322834837,0
2022-07-13,2725.5282322834837,0,2725.5282322834837,0
2022-07-14,2725.5282322834837,0,2725.5282322834837,0
2022-07-15,2725.5282322834837,0,2725.5282322834837,0
2022-07-18,2725.5282322834837,0,2725.5282322834837,0
2022-07-19,2725.5282322834837,0,2725.5282322834837,0
2022-07-20,2725.5282322834837,0,2725.5282322834837,0
2022-07-21,2725.5282322834837,0,2725.5282322834837,0
2022-07-22,2725.5282322834837,0,2725.5282322834837,0
2022-07-25,2725.5282322834837,0,2725.5282322834837,0
2022-07-26,2725.5282322834837,0,2725.5282322834837,0
2022-07-27,2725.5282322834837,0,2725.5282322834837,0
2022-07-28,2725.5282322834837,0,2725.5282322834837,0
2022-07-29,2725.5282322834837,0,2725.5282322834837,0
2022-08-01,2725.5282322834837,0,2725.5282322834837,0
2022-08-02,2725.5282322834837,0,2725.5282322834837,0
2022-08-03,2725.5282322834837,0,2725.5282322834837,0
2022-08-04,2725.5282322834837,0,2725.5282322834837,0
2022-08-05,2725.5282322834837,0,2725.5282322834837,0
2022-08-08,2725.5282322834837,0,2725.5282322834837,0
2022-08-09,2725.5282322834837,0,2725.5282322834837,0
2022-08-10,2725.5282322834837,0,2725.5282322834837,0
2022-08-11,2725.5282322834837,0,2725.5282322834837,0
2022-08-12,2725.5282322834837,0,2725.5282322834837,0
2022-08-15,2725.5282322834837,0,2725.5282322834837,0
2022-08-16,2725.5282322834837,0,2725.5282322834837,0
2022-08-17,2725.5282322834837,0,2725.5282322834837,0
2022-08-18,2725.5282322834837,0,2725.5282322834837,0
2022-08-19,2725.5282322834837,0,2725.5282322834837,0
2022-08-22,2725.5282322834837,0,2725.5282322834837,0
2022-08-23,2725.5282322834837,0,2725.5282322834837,0
2022-08-24,2725.5282322834837,0,2725.5282322834837,0
2022-08-25,2725.5282322834837,0,2725.5282322834837,0
2022-08-26,2725.5282322834837,0,2725.5282322834837,0
2022-08-29,2725.5282322834837,0,2725.5282322834837,0
2022-08-30,2725.5282322834837,0,2725.5282322834837,0
2022-08-31,2725.5282322834837,0,2725.5282322834837,0
2022-09-01,2725.5282322834837,0,2725.5282322834837,0
2022-09-02,2725.5282322834837,0,2725.5282322834837,0
2022-09-06,2725.5282322834837,0,2725.5282322834837,0
2022-09-07,2725.5282322834837,0,2725.5282322834837,0
2022-09-08,2725.5282322834837,0,2725.5282322834837,0
2022-09-09,2725.5282322834837,0,2725.5282322834837,0
2022-09-12,2725.5282322834837,0,2725.5282322834837,0
2022-09-13,2725.5282322834837,0,2725.5282322834837,0
2022-09-14,2725.5282322834837,0,2725.5282322834837,0
2022-09-15,2725.5282322834837,0,2725.5282322834837,0
2022-09-16,2725.5282322834837,0,2725.5282322834837,0
2022-09-19,2725.5282322834837,0,2725.5282322834837,0
2022-09-20,2725.5282322834837,0,2725.5282322834837,0
2022-09-21,2725.5282322834837,0,2725.5282322834837,0
2022-09-22,2725.5282322834837,0,2725.5282322834837,0
2022-09-23,2725.5282322834837,0,2725.5282322834837,0
2022-09-26,2725.5282322834837,0,2725.5282322834837,0
2022-09-27,2725.5282322834837,0,2725.5282322834837,0
2022-09-28,2725.5282322834837,0,2725.5282322834837,0
2022-09-29,2725.5282322834837,0,2725.5282322834837,0
2022-09-30,2725.5282322834837,0,2725.5282322834837,0
2022-10-03,2725.5282322834837,0,2725.5282322834837,0
2022-10-04,2725.5282322834837,0,2725.5282322834837,0
2022-10-05,2725.5282322834837,0,2725.5282322834837,0
2022-10-06,2725.5282322834837,0,2725.5282322834837,0
2022-10-07,2725.5282322834837,0,2725.5282322834837,0
2022-10-10,2725.5282322834837,0,2725.5282322834837,0
2022-10-11,2725.5282322834837,0,2725.5282322834837,0
2022-10-12,2725.5282322834837,0,2725.5282322834837,0
2022-10-13,2725.5282322834837,0,2725.5282322834837,0
2022-10-14,2725.5282322834837,0,2725.5282322834837,0
2022-10-17,2725.5282322834837,0,2725.5282322834837,0
2022-10-18,2725.5282322834837,0,2725.5282322834837,0
2022-10-19,2725.5282322834837,0,2725.5282322834837,0
2022-10-20,2725.5282322834837,0,2725.5282322834837,0
2022-10-21,2725.5282322834837,0,2725.5282322834837,0
2022-10-24,2725.5282322834837,0,2725.5282322834837,0
2022-10-25,2725.5282322834837,0,2725.5282322834837,0
2022-10-26,2725.5282322834837,0,2725.5282322834837,0
2022-10-27,2725.5282322834837,0,2725.5282322834837,0
2022-10-28,2725.5282322834837,0,2725.5282322834837,0
2022-10-31,2725.5282322834837,0,2725.5282322834837,0
2022-11-01,2725.5282322834837,0,2725.5282322834837,0
2022-11-02,2725.5282322834837,0,2725.5282322834837,0
2022-11-03,2725.5282322834837,0,2725.5282322834837,0
2022-11-04,2725.5282322834837,0,2725.5282322834837,0
2022-11-07,2725.5282322834837,0,2725.5282322834837,0
2022-11-08,2725.5282322834837,0,2725.5282322834837,0
2022-11-09,2725.5282322834837,0,2725.5282322834837,0
2022-11-10,2725.5282322834837,0,2725.5282322834837,0
2022-11-11,2725.5282322834837,0,2725.5282322834837,0
2022-11-14,2725.5282322834837,0,2725.5282322834837,0
2022-11-15,2725.5282322834837,0,2725.5282322834837,0
2022-11-16,2725.5282322834837,0,2725.5282322834837,0
2022-11-17,2725.5282322834837,0,2725.5282322834837,0
2022-11-18,2725.5282322834837,0,2725.5282322834837,0
2022-11-21,2725.5282322834837,0,2725.5282322834837,0
2022-11-22,2725.5282322834837,0,2725.5282322834837,0
2022-11-23,2725.5282322834837,0,2725.5282322834837,0
2022-11-25,2725.5282322834837,0,2725.5282322834837,0
2022-11-28,2725.5282322834837,0,2725.5282322834837,0
2022-11-29,2725.5282322834837,0,2725.5282322834837,0
2022-11-30,2725.5282322834837,0,2725.5282322834837,0
2022-12-01,2725.5282322834837,0,2725.5282322834837,0
2022-12-02,2725.5282322834837,0,2725.5282322834837,0
2022-12-05,2725.5282322834837,0,2725.5282322834837,0
2022-12-06,2725.5282322834837,0,2725.5282322834837,0
2022-12-07,2725.5282322834837,0,2725.5282322834837,0
2022-12-08,2725.5282322834837,0,2725.5282322834837,0
2022-12-09,2725.5282322834837,0,2725.5282322834837,0
2022-12-12,2725.5282322834837,0,2725.5282322834837,0
2022-12-13,2725.5282322834837,0,2725.5282322834837,0
2022-12-14,2725.5282322834837,0,2725.5282322834837,0
2022-12-15,2725.5282322834837,0,2725.5282322834837,0
2022-12-16,2725.5282322834837,0,2725.5282322834837,0
2022-12-19,2725.5282322834837,0,2725.5282322834837,0
2022-12-20,2725.5282322834837,0,2725.5282322834837,0
2022-12-21,2725.5282322834837,0,2725.5282322834837,0
2022-12-22,2725.5282322834837,0,2725.5282322834837,0
2022-12-23,2725.5282322834837,0,2725.5282322834837,0
2022-12-27,2725.5282322834837,0,2725.5282322834837,0
2022-12-28,2725.5282322834837,0,2725.5282322834837,0
2022-12-29,2725.5282322834837,0,2725.5282322834837,0
2022-12-30,2725.5282322834837,0,2725.5282322834837,0
2023-01-03,2725.5282322834837,0,2725.5282322834837,0
2023-01-04,2725.5282322834837,0,2725.5282322834837,0
2023-01-05,2725.5282322834837,0,2725.5282322834837,0
2023-01-06,2725.5282322834837,0,2725.5282322834837,0
2023-01-09,2725.5282322834837,0,2725.5282322834837,0
2023-01-10,2293.5189339470644,426.70929833641935,2720.2282322834835,1
2023-01-11,1860.2748804304215,866.4467792350663,2726.721659665488,2
2023-01-12,1860.2748804304215,885.0337765340712,2745.308656964493,2
2023-01-13,1860.2748804304215,896.6641141611155,2756.9389945915373,2
2023-01-17,1860.2748804304215,893.0695747063864,2753.344455136808,2
2023-01-18,1860.2748804304215,854.8924922064159,2715.167372636837,2
2023-01-19,1860.2748804304215,834.2703496763775,2694.545230106799,2
2023-01-20,1860.2748804304215,886.5907823621499,2746.865662792571,2
2023-01-23,1860.2748804304215,915.6561932107288,2775.9310736411503,2
2023-01-24,1891.8987465126722,883.0132604302513,2774.9120069429237,2
2023-01-25,1891.8987465126722,885.2205398324643,2777.1192863451365,2
2023-01-26,1928.200303637767,867.3893109136344,2795.5896145514016,2
2023-01-27,1928.200303637767,875.2948411713369,2803.495144809104,2
2023-01-30,1928.200303637767,839.4451827344753,2767.6454863722424,2
2023-01-31,1928.200303637767,878.9229919247382,2807.1232955625055,2
2023-02-01,1928.200303637767,910.8167761151421,2839.017079752909,2
2023-02-02,1964.0790888016882,886.2231531053425,2850.3022419070307,2
2023-02-03,1964.0790888016882,867.2516855915419,2831.33077439323,2
2023-02-06,1964.0790888016882,849.4025031538712,2813.4815919555595,2
2023-02-07,1964.0790888016882,887.2058505379605,2851.2849393396486,2
2023-02-08,1964.0790888016882,856.0402684360724,2820.1193572377606,2
2023-02-09,1964.0790888016882,826.0325501897782,2790.1116389914664,2
2023-02-10,1964.0790888016882,835.3116426490217,2799.3907314507096,2
2023-02-13,1964.0790888016882,875.2420006242878,2839.321089425976,2
2023-02-14,1998.2457430483114,845.541146996456,2843.7868900447675,2
2023-02-15,1998.2457430483114,859.3526750723058,2857.598418120617,2
2023-02-16,1998.2457430483114,805.0524902364614,2803.298233284773,2
2023-02-17,1998.2457430483114,795.777790343638,2794.0235333919495,2
2023-02-21,1998.2457430483114,689.4293104416761,2687.6750534899875,2
2023-02-22,1998.2457430483114,671.2578570938916,2669.503600142203,2
2023-02-23,1998.2457430483114,712.160050516593,2710.4057935649043,2
2023-02-24,2262.728756551891,344.89846802853776,2607.6272245804284,1
2023-02-27,1828.6938159732324,780.3499467928901,2609.0437627661227,2
2023-02-28,1828.6938159732324,767.8918089814545,2596.585624954687,2
2023-03-01,1828.6938159732324,736.5188563094548,2565.212672282687,2
2023-03-02,1828.6938159732324,783.1046588295053,2611.7984748027375,2
2023-03-03,1828.6938159732324,853.0913756626446,2681.785191635877,2
2023-03-06,1828.6938159732324,861.7579676134795,2690.451783586712,2
2023-03-07,1828.6938159732324,792.9561347070476,2621.64995068028,2
2023-03-08,1828.6938159732324,803.9218996870666,2632.615715660299,2
2023-03-09,2067.7961422538515,409.810873836291,2477.6070160901427,1
2023-03-10,2067.7961422538515,383.30904796755334,2451.105190221405,1
2023-03-13,2067.7961422538515,379.5265325762614,2447.322674830113,1
2023-03-14,2067.7961422538515,411.3606795652373,2479.1568218190887,1
2023-03-15,2067.7961422538515,397.02916855864174,2464.825310812493,1
2023-03-16,2067.7961422538515,430.4900686023899,2498.2862108562413,1
2023-03-17,2067.7961422538515,409.85079656361023,2477.646938817462,1
2023-03-20,2067.7961422538515,431.1185384957895,2498.914680749641,1
2023-03-21,2067.7961422538515,458.6194819575063,2526.4156242113577,1
2023-03-22,2067.7961422538515,435.6378977706413,2503.434040024493,1
2023-03-23,2067.7961422538515,442.3432958541007,2510.139438107952,1
2023-03-24,2067.7961422538515,456.9680018972434,2524.764144151095,1
2023-03-27,2542.0321184498284,0,2542.0321184498284,0
2023-03-28,2542.0321184498284,0,2542.0321184498284,0
2023-03-29,2112.098237293195,424.6338811566332,2536.7321184498282,1
2023-03-30,1681.314046930376,857.5579010268384,2538.8719479572146,2
2023-03-31,1681.314046930376,890.1455472145905,2571.4595941449666,2
2023-04-03,1681.314046930376,902.1089980175632,2583.423044947939,2
2023-04-04,1681.314046930376,890.3402769829654,2571.6543239133416,2
2023-04-05,1681.314046930376,886.5916035914438,2567.9056505218196,2
2023-04-06,1681.314046930376,900.0065323056532,2581.320579236029,2
2023-04-10,1681.314046930376,906.7859703687525,2588.1000172991285,2
2023-04-11,1681.314046930376,908.3503060291754,2589.6643529595513,2
2023-04-12,1681.314046930376,902.8587602540199,2584.172807184396,2
2023-04-13,2186.4084242988024,425.6999500250686,2612.108374323871,1
2023-04-14,1756.0745042649523,850.6119695466011,2606.6864738115537,2
2023-04-17,1756.0745042649523,864.4808550169912,2620.5553592819433,2
2023-04-18,1756.0745042649523,869.2269461210785,2625.301450386031,2
2023-04-19,1756.0745042649523,873.5416450607005,2629.6161493256527,2
2023-04-20,1756.0745042649523,852.2164574957528,2608.290961760705,2
2023-04-21,1756.0745042649523,859.7408663966562,2615.8153706616085,2
2023-04-24,1756.0745042649523,867.6360529170452,2623.7105571819975,2
2023-04-25,1756.0745042649523,796.7661930972781,2552.8406973622305,2
2023-04-26,1756.0745042649523,779.6257878253343,2535.700292090287,2
2023-04-27,1756.0745042649523,872.79627028215,2628.8707745471024,2
2023-04-28,1756.0745042649523,911.5225528675296,2667.597057132482,2
2023-05-01,1756.0745042649523,918.4030766951338,2674.477580960086,2
2023-05-02,1756.0745042649523,869.8220798675266,2625.896584132479,2
2023-05-03,1756.0745042649523,839.8809001819827,2595.955404446935,2
2023-05-04,1756.0745042649523,795.2440183139927,2551.318522578945,2
2023-05-05,1756.0745042649523,903.8335875711696,2659.908091836122,2
2023-05-08,1756.0745042649523,925.9995568508913,2682.0740611158435,2
2023-05-09,1756.0745042649523,910.8421029863536,2666.916607251306,2
2023-05-10,2264.152869666102,425.4456154725091,2689.598485138611,1
2023-05-11,1832.198008515467,850.197195936157,2682.395204451624,2
2023-05-12,1832.198008515467,845.9809030909241,2678.178911606391,2
2023-05-15,1832.198008515467,858.0037052949094,2690.2017138103765,2
2023-05-16,1832.198008515467,833.9555465382475,2666.1535550537146,2
2023-05-17,1832.198008515467,878.2199739630641,2710.4179824785315,2
2023-05-18,1832.198008515467,909.333606257394,2741.531614772861,2
2023-05-19,1832.198008515467,901.9820902708709,2734.180098786338,2
2023-05-22,1832.198008515467,906.284108430988,2738.482116946455,2
2023-05-23,1832.198008515467,869.8808928287292,2702.0789013441963,2
2023-05-24,1832.198008515467,839.4602093792201,2671.6582178946874,2
2023-05-25,1832.198008515467,874.7720729328926,2706.9700814483595,2
2023-05-26,1832.198008515467,918.5828536159157,2750.780862131383,2
2023-05-30,2336.7948733658195,425.0488621620718,2761.843735527891,1
2023-05-31,1905.505127473742,841.3512726525325,2746.856400126275,2
2023-06-01,1905.505127473742,884.3146201958291,2789.8197476695714,2
2023-06-02,1938.7929967832022,885.470651855492,2824.263648638694,2
2023-06-05,1938.7929967832022,883.6140680819988,2822.407064865201,2
2023-06-06,1973.6568891329202,857.928352229301,2831.5852413622215,2
2023-06-07,1973.6568891329202,845.0315071429472,2818.6883962758675,2
2023-06-08,1973.6568891329202,872.8446570926309,2846.501546225551,2
2023-06-09,1973.6568891329202,876.7242481335977,2850.3811372665177,2
2023-06-12,1973.6568891329202,898.7587623296129,2872.415651462533,2
2023-06-13,1973.6568891329202,921.6842645736676,2895.3411537065876,2
2023-06-14,2013.8135970769574,886.4933698485977,2900.306966925555,2
2023-06-15,2053.6714537123758,866.658559398526,2920.3300131109017,2
2023-06-16,2053.6714537123758,865.3640655467748,2919.0355192591505,2
2023-06-20,2053.6714537123758,850.3550522519774,2904.0265059643534,2
2023-06-21,2053.6714537123758,835.61007564645,2889.2815293588255,2
2023-06-22,2053.6714537123758,858.194211745571,2911.8656654579468,2
2023-06-23,2053.6714537123758,815.7635724730098,2869.4350261853856,2
2023-06-26,2053.6714537123758,786.5486674749675,2840.2201211873435,2
2023-06-27,2053.6714537123758,856.9166771688501,2910.588130881226,2
2023-06-28,2053.6714537123758,861.7052237635505,2915.376677475926,2
2023-06-29,2053.6714537123758,883.7089832602132,2937.380436972589,2
2023-06-30,2095.60196282266,879.6579285346105,2975.2598913572706,2
2023-07-03,2095.60196282266,891.8516691924459,2987.453632015106,2
2023-07-05,2095.60196282266,884.3621862192855,2979.9641490419453,2
2023-07-06,2095.60196282266,842.1313380576685,2937.7333008803284,2
2023-07-07,2095.60196282266,836.8956935604757,2932.4976563831356,2
2023-07-10,2095.60196282266,859.1081584335569,2954.710121256217,2
2023-07-11,2138.1128439030226,846.146544390301,2984.2593882933234,2
2023-07-12,2138.1128439030226,888.572048968372,3026.6848928713944,2
2023-07-13,2138.1128439030226,914.8665005454859,3052.9793444485085,2
2023-07-14,2138.1128439030226,917.7388265820248,3055.851670485047,2
2023-07-17,2178.81477419175,886.4888293803042,3065.3036035720543,2
2023-07-18,2219.45158419292,862.5003066021634,3081.9518907950833,2
2023-07-19,2219.45158419292,867.4749097366345,3086.9264939295545,2
2023-07-20,2219.45158419292,841.4239895126315,3060.8755737055517,2
2023-07-21,2219.45158419292,848.084602450406,3067.536186643326,2
2023-07-24,2219.45158419292,866.0509762803144,3085.5025604732346,2
2023-07-25,2219.45158419292,878.8950810271864,3098.3466652201064,2
2023-07-26,2219.45158419292,888.3246628150041,3107.776247007924,2
2023-07-27,2219.45158419292,852.0001634652444,3071.4517476581645,2
2023-07-28,2219.45158419292,903.1699022850844,3122.6214864780045,2
2023-07-31,2219.45158419292,913.0379164542105,3132.4895006471306,2
2023-08-01,2219.45158419292,904.315455899338,3123.767040092258,2
2023-08-02,2219.45158419292,826.4630858253711,3045.914670018291,2
2023-08-03,2219.45158419292,817.1944439449106,3036.646028137831,2
2023-08-04,2219.45158419292,779.3661328509273,2998.8177170438476,2
2023-08-07,2219.45158419292,853.879351263764,3073.330935456684,2
2023-08-08,2219.45158419292,832.3031707649236,3051.754754957844,2
2023-08-09,2219.45158419292,787.7248318705952,3007.1764160635153,2
2023-08-10,2219.45158419292,795.6030423371501,3015.05462653007,2
2023-08-11,2219.45158419292,802.3368450872454,3021.7884292801655,2
2023-08-14,2219.45158419292,876.0653055471153,3095.5168897400354,2
2023-08-15,2219.45158419292,755.7586162070165,2975.2102003999366,2
2023-08-16,2219.45158419292,644.757158771263,2864.2087429641833,2
2023-08-17,2696.4438193625365,0,2696.4438193625365,0
2023-08-18,2696.4438193625365,0,2696.4438193625365,0
2023-08-21,2696.4438193625365,0,2696.4438193625365,0
2023-08-22,2696.4438193625365,0,2696.4438193625365,0
2023-08-23,2696.4438193625365,0,2696.4438193625365,0
2023-08-24,2696.4438193625365,0,2696.4438193625365,0
2023-08-25,2696.4438193625365,0,2696.4438193625365,0
2023-08-28,2696.4438193625365,0,2696.4438193625365,0
2023-08-29,2265.705980298282,425.4378390642543,2691.1438193625363,1
2023-08-30,1838.0148057623321,857.7283455478266,2695.7431513101587,2
2023-08-31,1838.0148057623321,856.4523859046474,2694.4671916669795,2
2023-09-01,1838.0148057623321,869.885084188909,2707.899889951241,2
2023-09-05,1838.0148057623321,850.7668577518941,2688.7816635142262,2
2023-09-06,1838.0148057623321,816.4309535125881,2654.4457592749204,2
2023-09-07,1838.0148057623321,801.5014607435446,2639.516266505877,2
2023-09-08,1838.0148057623321,816.0283502020604,2654.0431559643926,2
2023-09-11,1838.0148057623321,857.4968787621665,2695.5116845244984,2
2023-09-12,1838.0148057623321,826.2739818207181,2664.28878758305,2
2023-09-13,1838.0148057623321,844.2217230265421,2682.2365287888742,2
2023-09-14,1838.0148057623321,896.7428147900698,2734.757620552402,2
2023-09-15,1838.0148057623321,824.0532547972606,2662.0680605595926,2
2023-09-18,1838.0148057623321,837.5706457282661,2675.585451490598,2
2023-09-19,1838.0148057623321,826.1185512038686,2664.1333569662006,2
2023-09-20,1838.0148057623321,741.9989479127778,2580.01375367511,2
2023-09-21,2341.598792624577,0,2341.598792624577,0
2023-09-22,2341.598792624577,0,2341.598792624577,0
2023-09-25,2341.598792624577,0,2341.598792624577,0
2023-09-26,2341.598792624577,0,2341.598792624577,0
2023-09-27,2341.598792624577,0,2341.598792624577,0
2023-09-28,2341.598792624577,0,2341.598792624577,0
2023-09-29,2341.598792624577,0,2341.598792624577,0
2023-10-02,2341.598792624577,0,2341.598792624577,0
2023-10-03,2341.598792624577,0,2341.598792624577,0
2023-10-04,2341.598792624577,0,2341.598792624577,0
2023-10-05,2341.598792624577,0,2341.598792624577,0
2023-10-06,2341.598792624577,0,2341.598792624577,0
2023-10-09,2341.598792624577,0,2341.598792624577,0
2023-10-10,2341.598792624577,0,2341.598792624577,0
2023-10-11,2341.598792624577,0,2341.598792624577,0
2023-10-12,2341.598792624577,0,2341.598792624577,0
2023-10-13,2341.598792624577,0,2341.598792624577,0
2023-10-16,2341.598792624577,0,2341.598792624577,0
2023-10-17,2341.598792624577,0,2341.598792624577,0
2023-10-18,2341.598792624577,0,2341.598792624577,0
2023-10-19,2341.598792624577,0,2341.598792624577,0
2023-10-20,2341.598792624577,0,2341.598792624577,0
2023-10-23,2341.598792624577,0,2341.598792624577,0
2023-10-24,2341.598792624577,0,2341.598792624577,0
2023-10-25,2341.598792624577,0,2341.598792624577,0
2023-10-26,2341.598792624577,0,2341.598792624577,0
2023-10-27,2341.598792624577,0,2341.598792624577,0
2023-10-30,2341.598792624577,0,2341.598792624577,0
2023-10-31,2341.598792624577,0,2341.598792624577,0
2023-11-01,2341.598792624577,0,2341.598792624577,0
2023-11-02,2341.598792624577,0,2341.598792624577,0
2023-11-03,2341.598792624577,0,2341.598792624577,0
2023-11-06,2341.598792624577,0,2341.598792624577,0
2023-11-07,2341.598792624577,0,2341.598792624577,0
2023-11-08,2341.598792624577,0,2341.598792624577,0
2023-11-09,2341.598792624577,0,2341.598792624577,0
2023-11-10,2341.598792624577,0,2341.598792624577,0
2023-11-13,2341.598792624577,0,2341.598792624577,0
2023-11-14,2341.598792624577,0,2341.598792624577,0
2023-11-15,2341.598792624577,0,2341.598792624577,0
2023-11-16,2341.598792624577,0,2341.598792624577,0
2023-11-17,2341.598792624577,0,2341.598792624577,0
2023-11-20,2341.598792624577,0,2341.598792624577,0
2023-11-21,2341.598792624577,0,2341.598792624577,0
2023-11-22,2341.598792624577,0,2341.598792624577,0
2023-11-24,2341.598792624577,0,2341.598792624577,0
2023-11-27,2341.598792624577,0,2341.598792624577,0
2023-11-28,2341.598792624577,0,2341.598792624577,0
2023-11-29,2341.598792624577,0,2341.598792624577,0
2023-11-30,2341.598792624577,0,2341.598792624577,0
2023-12-01,2341.598792624577,0,2341.598792624577,0
2023-12-04,2341.598792624577,0,2341.598792624577,0
2023-12-05,2341.598792624577,0,2341.598792624577,0
2023-12-06,2341.598792624577,0,2341.598792624577,0
2023-12-07,2341.598792624577,0,2341.598792624577,0
2023-12-08,2341.598792624577,0,2341.598792624577,0
2023-12-11,2341.598792624577,0,2341.598792624577,0
2023-12-12,2341.598792624577,0,2341.598792624577,0
2023-12-13,2341.598792624577,0,2341.598792624577,0
2023-12-14,2341.598792624577,0,2341.598792624577,0
2023-12-15,2341.598792624577,0,2341.598792624577,0
2023-12-18,2341.598792624577,0,2341.598792624577,0
2023-12-19,2341.598792624577,0,2341.598792624577,0
2023-12-20,2341.598792624577,0,2341.598792624577,0
2023-12-21,2341.598792624577,0,2341.598792624577,0
2023-12-22,2341.598792624577,0,2341.598792624577,0
2023-12-26,2341.598792624577,0,2341.598792624577,0
2023-12-27,2341.598792624577,0,2341.598792624577,0
2023-12-28,2341.598792624577,0,2341.598792624577,0
2023-12-29,2341.598792624577,0,2341.598792624577,0
2024-01-02,2341.598792624577,0,2341.598792624577,0
2024-01-03,2341.598792624577,0,2341.598792624577,0
2024-01-04,2341.598792624577,0,2341.598792624577,0
2024-01-05,2341.598792624577,0,2341.598792624577,0
2024-01-08,2341.598792624577,0,2341.598792624577,0
2024-01-09,2341.598792624577,0,2341.598792624577,0
2024-01-10,2341.598792624577,0,2341.598792624577,0
2024-01-11,2341.598792624577,0,2341.598792624577,0
2024-01-12,2341.598792624577,0,2341.598792624577,0
2024-01-16,2341.598792624577,0,2341.598792624577,0
2024-01-17,2341.598792624577,0,2341.598792624577,0
2024-01-18,2341.598792624577,0,2341.598792624577,0
2024-01-19,2341.598792624577,0,2341.598792624577,0
2024-01-22,2341.598792624577,0,2341.598792624577,0
2024-01-23,2341.598792624577,0,2341.598792624577,0
2024-01-24,2341.598792624577,0,2341.598792624577,0
2024-01-25,2341.598792624577,0,2341.598792624577,0
2024-01-26,2341.598792624577,0,2341.598792624577,0
2024-01-29,2341.598792624577,0,2341.598792624577,0
2024-01-30,2341.598792624577,0,2341.598792624577,0
2024-01-31,2341.598792624577,0,2341.598792624577,0
2024-02-01,2341.598792624577,0,2341.598792624577,0
2024-02-02,2341.598792624577,0,2341.598792624577,0
2024-02-05,2341.598792624577,0,2341.598792624577,0
2024-02-06,2341.598792624577,0,2341.598792624577,0
2024-02-07,2341.598792624577,0,2341.598792624577,0
2024-02-08,2341.598792624577,0,2341.598792624577,0
2024-02-09,2341.598792624577,0,2341.598792624577,0
2024-02-12,2341.598792624577,0,2341.598792624577,0
2024-02-13,2341.598792624577,0,2341.598792624577,0
2024-02-14,2341.598792624577,0,2341.598792624577,0
2024-02-15,2341.598792624577,0,2341.598792624577,0
2024-02-16,2341.598792624577,0,2341.598792624577,0
2024-02-20,2341.598792624577,0,2341.598792624577,0
2024-02-21,2341.598792624577,0,2341.598792624577,0
2024-02-22,2341.598792624577,0,2341.598792624577,0
2024-02-23,2341.598792624577,0,2341.598792624577,0
2024-02-26,2341.598792624577,0,2341.598792624577,0
2024-02-27,2341.598792624577,0,2341.598792624577,0
2024-02-28,2341.598792624577,0,2341.598792624577,0
2024-02-29,2341.598792624577,0,2341.598792624577,0
2024-03-01,2341.598792624577,0,2341.598792624577,0
2024-03-04,2341.598792624577,0,2341.598792624577,0
2024-03-05,2341.598792624577,0,2341.598792624577,0
2024-03-06,2341.598792624577,0,2341.598792624577,0
2024-03-07,2341.598792624577,0,2341.598792624577,0
2024-03-08,2341.598792624577,0,2341.598792624577,0
2024-03-11,2341.598792624577,0,2341.598792624577,0
2024-03-12,2341.598792624577,0,2341.598792624577,0
2024-03-13,2341.598792624577,0,2341.598792624577,0
2024-03-14,2341.598792624577,0,2341.598792624577,0
2024-03-15,2341.598792624577,0,2341.598792624577,0
2024-03-18,2341.598792624577,0,2341.598792624577,0
2024-03-19,2341.598792624577,0,2341.598792624577,0
2024-03-20,2341.598792624577,0,2341.598792624577,0
2024-03-21,2341.598792624577,0,2341.598792624577,0
2024-03-22,2341.598792624577,0,2341.598792624577,0
2024-03-25,2341.598792624577,0,2341.598792624577,0
2024-03-26,2341.598792624577,0,2341.598792624577,0
2024-03-27,2341.598792624577,0,2341.598792624577,0
2024-03-28,2341.598792624577,0,2341.598792624577,0
2024-04-01,2341.598792624577,0,2341.598792624577,0
2024-04-02,2341.598792624577,0,2341.598792624577,0
2024-04-03,2341.598792624577,0,2341.598792624577,0
2024-04-04,2341.598792624577,0,2341.598792624577,0
2024-04-05,2341.598792624577,0,2341.598792624577,0
2024-04-08,2341.598792624577,0,2341.598792624577,0
2024-04-09,2341.598792624577,0,2341.598792624577,0
2024-04-10,2341.598792624577,0,2341.598792624577,0
2024-04-11,2341.598792624577,0,2341.598792624577,0
2024-04-12,2341.598792624577,0,2341.598792624577,0
2024-04-15,2341.598792624577,0,2341.598792624577,0
2024-04-16,2341.598792624577,0,2341.598792624577,0
2024-04-17,2341.598792624577,0,2341.598792624577,0
2024-04-18,2341.598792624577,0,2341.598792624577,0
2024-04-19,2341.598792624577,0,2341.598792624577,0
2024-04-22,2341.598792624577,0,2341.598792624577,0
2024-04-23,2341.598792624577,0,2341.598792624577,0
2024-04-24,2341.598792624577,0,2341.598792624577,0
2024-04-25,2341.598792624577,0,2341.598792624577,0
2024-04-26,2341.598792624577,0,2341.598792624577,0
2024-04-29,2341.598792624577,0,2341.598792624577,0
2024-04-30,2341.598792624577,0,2341.598792624577,0
2024-05-01,2341.598792624577,0,2341.598792624577,0
2024-05-02,2341.598792624577,0,2341.598792624577,0
2024-05-03,2341.598792624577,0,2341.598792624577,0
2024-05-06,2341.598792624577,0,2341.598792624577,0
2024-05-07,2341.598792624577,0,2341.598792624577,0
2024-05-08,2341.598792624577,0,2341.598792624577,0
2024-05-09,2341.598792624577,0,2341.598792624577,0
2024-05-10,2341.598792624577,0,2341.598792624577,0
2024-05-13,2341.598792624577,0,2341.598792624577,0
2024-05-14,2341.598792624577,0,2341.598792624577,0
2024-05-15,1912.9067428700985,423.3920497544787,2336.2987926245773,1
2024-05-16,1483.6600649369861,843.5414171280001,2327.2014820649865,2
2024-05-17,1483.6600649369861,855.3407385454207,2339.000803482407,2
2024-05-20,1483.6600649369861,862.3909544489536,2346.05101938594,2
2024-05-21,1483.6600649369861,878.7648405406956,2362.424905477682,2
2024-05-22,1483.6600649369861,863.5345589641815,2347.1946239011677,2
2024-05-23,1483.6600649369861,822.591555318445,2306.251620255431,2
2024-05-24,1483.6600649369861,870.7549310266387,2354.4149959636247,2
2024-05-28,1483.6600649369861,869.1481191987862,2352.8081841357725,2
2024-05-29,1483.6600649369861,817.8430814434535,2301.50314638044,2
2024-05-30,1483.6600649369861,780.59860068784,2264.258665624826,2
2024-05-31,1483.6600649369861,850.5201058591467,2334.180170796133,2
2024-06-03,1483.6600649369861,865.6941156507698,2349.3541805877558,2
2024-06-04,1483.6600649369861,877.7909011698767,2361.450966106863,2
2024-06-05,1994.0051549653472,420.67581596636074,2414.680970931708,1
2024-06-06,1568.195660898058,841.697367205579,2409.893028103637,2
2024-06-07,1568.195660898058,842.1409288195179,2410.336589717576,2
2024-06-10,1568.195660898058,852.6161974996882,2420.811858397746,2
2024-06-11,1568.195660898058,864.7779626070828,2432.9736235051405,2
2024-06-12,1568.195660898058,908.1423668748832,2476.338027772941,2
2024-06-13,1568.195660898058,918.8969767746919,2487.09263767275,2
2024-06-14,1568.195660898058,910.9630338597362,2479.1586947577944,2
2024-06-17,2075.854009667365,422.26062954526924,2498.1146392126343,1
2024-06-18,1648.4910340834424,852.9514361550682,2501.4424702385104,2
2024-06-20,1648.4910340834424,833.7588758993746,2482.249909982817,2
2024-06-21,1648.4910340834424,828.6556530879523,2477.1466871713947,2
2024-06-24,1648.4910340834424,816.1140421094387,2464.605076192881,2
2024-06-25,1648.4910340834424,843.5808066177699,2492.0718407012123,2
2024-06-26,1648.4910340834424,856.9260303490609,2505.417064432503,2
2024-06-27,1648.4910340834424,867.6673121980826,2516.158346281525,2
2024-06-28,1648.4910340834424,846.7744811934765,2495.265515276919,2
2024-07-01,1648.4910340834424,872.2955330260163,2520.7865671094587,2
2024-07-02,1648.4910340834424,906.444209965975,2554.9352440494176,2
2024-07-03,1686.950770070669,882.4713921543555,2569.4221622250243,2
2024-07-05,1729.8141197620296,853.4044181127072,2583.2185378747367,2
2024-07-08,1729.8141197620296,864.0238979746143,2593.838017736644,2
2024-07-09,1729.8141197620296,867.2725295868574,2597.086649348887,2
2024-07-10,1729.8141197620296,901.4491391756344,2631.263258937664,2
2024-07-11,1729.8141197620296,871.8864051980148,2601.7005249600443,2
2024-07-12,1729.8141197620296,900.3020657938428,2630.116185555872,2
2024-07-15,1729.8141197620296,909.0712574968812,2638.885377258911,2
2024-07-16,1769.7224778564328,882.3859141702378,2652.1083920266706,2
2024-07-17,1769.7224778564328,813.2718389097035,2582.9943167661363,2
2024-07-18,1769.7224778564328,763.4844199667441,2533.206897823177,2
2024-07-19,1769.7224778564328,717.9154141566016,2487.6378920130346,2
2024-07-22,1769.7224778564328,795.538372455465,2565.2608503118977,2
2024-07-23,1769.7224778564328,789.6240315032458,2559.3465093596787,2
2024-07-24,1992.4217405925276,326.8963236464799,2319.3180642390075,1
2024-07-25,1992.4217405925276,284.18876765865093,2276.6105082511785,1
2024-07-26,1564.5835135778168,778.6080349921533,2343.19154856997,2
2024-07-29,1564.5835135778168,787.6367306291684,2352.220244206985,2
2024-07-30,1564.5835135778168,748.66803688343,2313.2515504612466,2
2024-07-31,1564.5835135778168,859.729996099169,2424.3135096769856,2
2024-08-01,1564.5835135778168,761.6312282808622,2326.214741858679,2
2024-08-02,1760.9148997783896,376.4098457399257,2137.3247455183155,1
2024-08-05,1988.091355354845,0,1988.091355354845,0
2024-08-06,1988.091355354845,0,1988.091355354845,0
2024-08-07,1988.091355354845,0,1988.091355354845,0
2024-08-08,1988.091355354845,0,1988.091355354845,0
2024-08-09,1988.091355354845,0,1988.091355354845,0
2024-08-12,1988.091355354845,0,1988.091355354845,0
2024-08-13,1988.091355354845,0,1988.091355354845,0
2024-08-14,1988.091355354845,0,1988.091355354845,0
2024-08-15,1988.091355354845,0,1988.091355354845,0
2024-08-16,1988.091355354845,0,1988.091355354845,0
2024-08-19,1988.091355354845,0,1988.091355354845,0
2024-08-20,1988.091355354845,0,1988.091355354845,0
2024-08-21,1988.091355354845,0,1988.091355354845,0
2024-08-22,1988.091355354845,0,1988.091355354845,0
2024-08-23,1988.091355354845,0,1988.091355354845,0
2024-08-26,1988.091355354845,0,1988.091355354845,0
2024-08-27,1988.091355354845,0,1988.091355354845,0
2024-08-28,1988.091355354845,0,1988.091355354845,0
2024-08-29,1988.091355354845,0,1988.091355354845,0
2024-08-30,1988.091355354845,0,1988.091355354845,0
2024-09-03,1988.091355354845,0,1988.091355354845,0
2024-09-04,1988.091355354845,0,1988.091355354845,0
2024-09-05,1988.091355354845,0,1988.091355354845,0
2024-09-06,1988.091355354845,0,1988.091355354845,0
2024-09-09,1988.091355354845,0,1988.091355354845,0
2024-09-10,1988.091355354845,0,1988.091355354845,0
2024-09-11,1988.091355354845,0,1988.091355354845,0
2024-09-12,1988.091355354845,0,1988.091355354845,0
2024-09-13,1988.091355354845,0,1988.091355354845,0
2024-09-16,1988.091355354845,0,1988.091355354845,0
2024-09-17,1988.091355354845,0,1988.091355354845,0
2024-09-18,1988.091355354845,0,1988.091355354845,0
2024-09-19,1988.091355354845,0,1988.091355354845,0
2024-09-20,1988.091355354845,0,1988.091355354845,0
2024-09-23,1988.091355354845,0,1988.091355354845,0
2024-09-24,1988.091355354845,0,1988.091355354845,0
2024-09-25,1988.091355354845,0,1988.091355354845,0
2024-09-26,1988.091355354845,0,1988.091355354845,0
2024-09-27,1988.091355354845,0,1988.091355354845,0
2024-09-30,1988.091355354845,0,1988.091355354845,0
2024-10-01,1988.091355354845,0,1988.091355354845,0
2024-10-02,1988.091355354845,0,1988.091355354845,0
2024-10-03,1988.091355354845,0,1988.091355354845,0
2024-10-04,1988.091355354845,0,1988.091355354845,0
2024-10-07,1988.091355354845,0,1988.091355354845,0
2024-10-08,1988.091355354845,0,1988.091355354845,0
2024-10-09,1988.091355354845,0,1988.091355354845,0
2024-10-10,1988.091355354845,0,1988.091355354845,0
2024-10-11,1988.091355354845,0,1988.091355354845,0
2024-10-14,1988.091355354845,0,1988.091355354845,0
2024-10-15,1988.091355354845,0,1988.091355354845,0
2024-10-16,1988.091355354845,0,1988.091355354845,0
2024-10-17,1988.091355354845,0,1988.091355354845,0
2024-10-18,1988.091355354845,0,1988.091355354845,0
2024-10-21,1988.091355354845,0,1988.091355354845,0
2024-10-22,1988.091355354845,0,1988.091355354845,0
2024-10-23,1988.091355354845,0,1988.091355354845,0
2024-10-24,1988.091355354845,0,1988.091355354845,0
2024-10-25,1988.091355354845,0,1988.091355354845,0
2024-10-28,1988.091355354845,0,1988.091355354845,0
2024-10-29,1988.091355354845,0,1988.091355354845,0
2024-10-30,1988.091355354845,0,1988.091355354845,0
2024-10-31,1988.091355354845,0,1988.091355354845,0
2024-11-01,1988.091355354845,0,1988.091355354845,0
2024-11-04,1988.091355354845,0,1988.091355354845,0
2024-11-05,1988.091355354845,0,1988.091355354845,0
2024-11-06,1988.091355354845,0,1988.091355354845,0
2024-11-07,1988.091355354845,0,1988.091355354845,0
2024-11-08,1988.091355354845,0,1988.091355354845,0
2024-11-11,1988.091355354845,0,1988.091355354845,0
2024-11-12,1988.091355354845,0,1988.091355354845,0
2024-11-13,1988.091355354845,0,1988.091355354845,0
2024-11-14,1988.091355354845,0,1988.091355354845,0
2024-11-15,1988.091355354845,0,1988.091355354845,0
2024-11-18,1988.091355354845,0,1988.091355354845,0
2024-11-19,1988.091355354845,0,1988.091355354845,0
2024-11-20,1988.091355354845,0,1988.091355354845,0
2024-11-21,1988.091355354845,0,1988.091355354845,0
2024-11-22,1988.091355354845,0,1988.091355354845,0
2024-11-25,1988.091355354845,0,1988.091355354845,0
2024-11-26,1988.091355354845,0,1988.091355354845,0
2024-11-27,1988.091355354845,0,1988.091355354845,0
2024-11-29,1988.091355354845,0,1988.091355354845,0
2024-12-02,1988.091355354845,0,1988.091355354845,0
2024-12-03,1988.091355354845,0,1988.091355354845,0
2024-12-04,1988.091355354845,0,1988.091355354845,0
2024-12-05,1988.091355354845,0,1988.091355354845,0
2024-12-06,1988.091355354845,0,1988.091355354845,0
2024-12-09,1988.091355354845,0,1988.091355354845,0
2024-12-10,1988.091355354845,0,1988.091355354845,0
2024-12-11,1988.091355354845,0,1988.091355354845,0
2024-12-12,1988.091355354845,0,1988.091355354845,0
2024-12-13,1988.091355354845,0,1988.091355354845,0
2024-12-16,1988.091355354845,0,1988.091355354845,0
2024-12-17,1988.091355354845,0,1988.091355354845,0
2024-12-18,1988.091355354845,0,1988.091355354845,0
2024-12-19,1988.091355354845,0,1988.091355354845,0
2024-12-20,1988.091355354845,0,1988.091355354845,0
2024-12-23,1988.091355354845,0,1988.091355354845,0
2024-12-24,1988.091355354845,0,1988.091355354845,0
2024-12-26,1988.091355354845,0,1988.091355354845,0
2024-12-27,1988.091355354845,0,1988.091355354845,0
2024-12-30,1988.091355354845,0,1988.091355354845,0
2024-12-31,1988.091355354845,0,1988.091355354845,0
2025-01-02,1988.091355354845,0,1988.091355354845,0
2025-01-03,1988.091355354845,0,1988.091355354845,0
2025-01-06,1988.091355354845,0,1988.091355354845,0
2025-01-07,1988.091355354845,0,1988.091355354845,0
2025-01-08,1988.091355354845,0,1988.091355354845,0
2025-01-10,1988.091355354845,0,1988.091355354845,0
2025-01-13,1988.091355354845,0,1988.091355354845,0
2025-01-14,1988.091355354845,0,1988.091355354845,0
2025-01-15,1988.091355354845,0,1988.091355354845,0
2025-01-16,1988.091355354845,0,1988.091355354845,0
2025-01-17,1988.091355354845,0,1988.091355354845,0
2025-01-21,1988.091355354845,0,1988.091355354845,0
2025-01-22,1988.091355354845,0,1988.091355354845,0
2025-01-23,1988.091355354845,0,1988.091355354845,0
2025-01-24,1988.091355354845,0,1988.091355354845,0
2025-01-27,1988.091355354845,0,1988.091355354845,0
2025-01-28,1988.091355354845,0,1988.091355354845,0
2025-01-29,1988.091355354845,0,1988.091355354845,0
2025-01-30,1988.091355354845,0,1988.091355354845,0
2025-01-31,1988.091355354845,0,1988.091355354845,0
2025-02-03,1988.091355354845,0,1988.091355354845,0
2025-02-04,1988.091355354845,0,1988.091355354845,0
2025-02-05,1988.091355354845,0,1988.091355354845,0
2025-02-06,1988.091355354845,0,1988.091355354845,0
2025-02-07,1988.091355354845,0,1988.091355354845,0
2025-02-10,1988.091355354845,0,1988.091355354845,0
2025-02-11,1988.091355354845,0,1988.091355354845,0
2025-02-12,1988.091355354845,0,1988.091355354845,0
2025-02-13,1988.091355354845,0,1988.091355354845,0
2025-02-14,1988.091355354845,0,1988.091355354845,0
2025-02-18,1988.091355354845,0,1988.091355354845,0
2025-02-19,1988.091355354845,0,1988.091355354845,0
2025-02-20,1988.091355354845,0,1988.091355354845,0
2025-02-21,1988.091355354845,0,1988.091355354845,0
2025-02-24,1988.091355354845,0,1988.091355354845,0
2025-02-25,1988.091355354845,0,1988.091355354845,0
2025-02-26,1988.091355354845,0,1988.091355354845,0
2025-02-27,1988.091355354845,0,1988.091355354845,0
2025-02-28,1988.091355354845,0,1988.091355354845,0
2025-03-03,1988.091355354845,0,1988.091355354845,0
2025-03-04,1988.091355354845,0,1988.091355354845,0
2025-03-05,1988.091355354845,0,1988.091355354845,0
2025-03-06,1988.091355354845,0,1988.091355354845,0
2025-03-07,1988.091355354845,0,1988.091355354845,0
2025-03-10,1988.091355354845,0,1988.091355354845,0
2025-03-11,1988.091355354845,0,1988.091355354845,0
2025-03-12,1988.091355354845,0,1988.091355354845,0
2025-03-13,1988.091355354845,0,1988.091355354845,0
2025-03-14,1988.091355354845,0,1988.091355354845,0
2025-03-17,1988.091355354845,0,1988.091355354845,0
2025-03-18,1988.091355354845,0,1988.091355354845,0
2025-03-19,1988.091355354845,0,1988.091355354845,0
2025-03-20,1988.091355354845,0,1988.091355354845,0
2025-03-21,1988.091355354845,0,1988.091355354845,0
2025-03-24,1988.091355354845,0,1988.091355354845,0
2025-03-25,1988.091355354845,0,1988.091355354845,0
2025-03-26,1988.091355354845,0,1988.091355354845,0
2025-03-27,1988.091355354845,0,1988.091355354845,0
2025-03-28,1988.091355354845,0,1988.091355354845,0
2025-03-31,1988.091355354845,0,1988.091355354845,0
2025-04-01,1988.091355354845,0,1988.091355354845,0
2025-04-02,1988.091355354845,0,1988.091355354845,0
2025-04-03,1988.091355354845,0,1988.091355354845,0
2025-04-04,1988.091355354845,0,1988.091355354845,0
2025-04-07,1988.091355354845,0,1988.091355354845,0
2025-04-08,1988.091355354845,0,1988.091355354845,0
2025-04-09,1988.091355354845,0,1988.091355354845,0
2025-04-10,1988.091355354845,0,1988.091355354845,0
2025-04-11,1988.091355354845,0,1988.091355354845,0
2025-04-14,1988.091355354845,0,1988.091355354845,0
2025-04-15,1988.091355354845,0,1988.091355354845,0
2025-04-16,1988.091355354845,0,1988.091355354845,0
2025-04-17,1988.091355354845,0,1988.091355354845,0
2025-04-21,1988.091355354845,0,1988.091355354845,0
2025-04-22,1988.091355354845,0,1988.091355354845,0
2025-04-23,1988.091355354845,0,1988.091355354845,0
2025-04-24,1988.091355354845,0,1988.091355354845,0
2025-04-25,1988.091355354845,0,1988.091355354845,0
2025-04-28,1988.091355354845,0,1988.091355354845,0
2025-04-29,1988.091355354845,0,1988.091355354845,0
2025-04-30,1988.091355354845,0,1988.091355354845,0
2025-05-01,1553.247425769919,429.54392958492633,1982.791355354845,1
2025-05-02,1121.6376634937626,870.0454427330428,1991.6831062268054,2
2025-05-05,1121.6376634937626,858.0052942170867,1979.6429577108493,2
2025-05-06,1121.6376634937626,840.6248110542634,1962.2624745480261,2
2025-05-07,1121.6376634937626,853.1225181848413,1974.7601816786039,2
2025-05-08,1121.6376634937626,869.2981573819424,1990.9358208757048,2
2025-05-09,1121.6376634937626,871.6542613987571,1993.2919248925195,2
2025-05-12,1635.8088640909248,424.10068329839135,2059.9095473893162,1
2025-05-13,1208.2447570990653,856.230035233969,2064.474792333034,2
2025-05-14,1208.2447570990653,857.6346971186083,2065.879454217674,2
2025-05-15,1208.2447570990653,873.4390893591438,2081.6838464582092,2
2025-05-16,1208.2447570990653,894.2481657569388,2102.492922856004,2
2025-05-19,1208.2447570990653,894.8277332000671,2103.0724902991324,2
2025-05-20,1208.2447570990653,888.8851914291124,2097.129948528178,2
2025-05-21,1208.2447570990653,832.683224928941,2040.9279820280062,2
2025-05-22,1208.2447570990653,835.2732716386085,2043.5180287376738,2
2025-05-23,1208.2447570990653,806.998153466921,2015.2429105659862,2
2025-05-27,1208.2447570990653,891.9682983628604,2100.2130554619257,2
2025-05-28,1208.2447570990653,877.7321589284753,2085.9769160275405,2
2025-05-29,1208.2447570990653,892.7192545141124,2100.9640116131777,2
2025-05-30,1208.2447570990653,900.7673647779534,2109.0121218770187,2
2025-06-02,1246.750468521899,879.9420811763923,2126.6925496982913,2
2025-06-03,1284.6289840241045,857.1088754408734,2141.737859464978,2
2025-06-04,1284.6289840241045,858.9317176442464,2143.5607016683507,2
2025-06-05,1284.6289840241045,840.5275271295736,2125.1565111536784,2
2025-06-06,1284.6289840241045,880.0257074918107,2164.654691515915,2
2025-06-09,1284.6289840241045,884.495443912597,2169.1244279367015,2
2025-06-10,1284.6289840241045,900.6051067289746,2185.2340907530793,2
2025-06-11,1284.6289840241045,894.173639860891,2178.8026238849952,2
2025-06-12,1284.6289840241045,898.9724937251524,2183.601477749257,2
2025-06-13,1284.6289840241045,856.4142972024868,2141.0432812265913,2
2025-06-16,1284.6289840241045,896.6664484416001,2181.295432465705,2
2025-06-17,1284.6289840241045,863.0602027171803,2147.689186741285,2
2025-06-18,1284.6289840241045,873.6653571346139,2158.2943411587185,2
2025-06-20,1284.6289840241045,870.5830908187153,2155.2120748428197,2
2025-06-23,1284.6289840241045,913.6591429416917,2198.2881269657964,2
2025-06-24,1810.000477374907,423.47254379846646,2233.4730211733736,1
2025-06-25,1381.5131401957703,849.456053482784,2230.9691936785543,2
2025-06-26,1381.5131401957703,873.6825685653387,2255.195708761109,2
2025-06-27,1381.5131401957703,889.6900291079191,2271.2031693036897,2
2025-06-30,1381.5131401957703,902.7232970609746,2284.236437256745,2
2025-07-01,1381.5131401957703,901.5671429548007,2283.080283150571,2
2025-07-02,1381.5131401957703,914.5549633594783,2296.068103555249,2
2025-07-03,1884.7915269147254,421.7153263571049,2306.5068532718306,1
2025-07-07,1456.4862000739256,829.0175649671625,2285.503765041088,2
2025-07-08,1456.4862000739256,833.2798644823627,2289.7660645562883,2
2025-07-09,1456.4862000739256,860.7438001337712,2317.230000207697,2
2025-07-10,1456.4862000739256,872.0498234363873,2328.536023510313,2
2025-07-11,1456.4862000739256,858.587510791456,2315.0737108653816,2
2025-07-14,1456.4862000739256,862.4003152531714,2318.886515327097,2
2025-07-15,1456.4862000739256,850.060316203431,2306.5465162773567,2
2025-07-16,1456.4862000739256,864.5716286610195,2321.0578287349454,2
2025-07-17,1456.4862000739256,888.8791218426093,2345.365321916535,2
2025-07-18,1456.4862000739256,892.4387690159278,2348.924969089853,2
2025-07-21,1456.4862000739256,904.0130697467248,2360.4992698206506,2
2025-07-22,1456.4862000739256,910.9053038911889,2367.3915039651147,2
2025-07-23,1970.6174292114129,421.68526300099103,2392.302692212404,1
2025-07-24,1545.3197139266533,843.3828169745723,2388.7025309012256,2
2025-07-25,1545.3197139266533,861.6506680023946,2406.970381929048,2
2025-07-28,1545.3197139266533,866.0664748560009,2411.3861887826542,2
2025-07-29,1545.3197139266533,849.662943706302,2394.982657632955,2
2025-07-30,1545.3197139266533,851.0470781633173,2396.3667920899707,2
2025-07-31,1545.3197139266533,829.0962490335801,2374.4159629602336,2
2025-08-01,1545.3197139266533,744.7760676362577,2290.095781562911,2
2025-08-04,1545.3197139266533,824.3116524838626,2369.631366410516,2
2025-08-05,1545.3197139266533,802.5175540072695,2347.8372679339227,2
2025-08-06,1545.3197139266533,844.1807684210617,2389.5004823477148,2
2025-08-07,1545.3197139266533,845.2044193670317,2390.524133293685,2
2025-08-08,1545.3197139266533,892.3107767383542,2437.6304906650075,2
2025-08-11,1545.3197139266533,883.6255595615071,2428.9452734881606,2
2025-08-12,2056.7307444746184,419.5231451471898,2476.2538896218084,1
2025-08-13,1630.8736117223905,847.5436102808004,2478.417222003191,2
2025-08-14,1630.8736117223905,846.9728585334294,2477.84647025582,2
2025-08-15,1630.8736117223905,835.34375255268,2466.2173642750704,2
2025-08-18,1630.8736117223905,840.027553485281,2470.9011652076715,2
2025-08-19,1630.8736117223905,811.6724273570895,2442.54603907948,2
2025-08-20,1630.8736117223905,800.537446347235,2431.4110580696256,2
2025-08-21,1630.8736117223905,775.757185556435,2406.6307972788254,2
2025-08-22,1630.8736117223905,866.2733805896394,2497.14699231203,2
2025-08-25,1630.8736117223905,849.8338903334826,2480.707502055873,2
2025-08-26,1630.8736117223905,872.1139036002867,2502.987515322677,2
2025-08-27,1630.8736117223905,882.1313089440068,2513.004920666397,2
2025-08-28,1630.8736117223905,901.5213027156079,2532.3949144379985,2
2025-08-29,1630.8736117223905,870.6645070728911,2501.5381187952817,2
2025-09-02,1630.8736117223905,836.4415087001746,2467.315120422565,2
2025-09-03,1630.8736117223905,874.6678542237887,2505.5414659461794,2
2025-09-04,1669.3152364785908,879.4394409288607,2548.7546774074517,2
2025-09-05,1669.3152364785908,872.5175113734344,2541.832747852025,2
2025-09-08,1713.459754580793,843.001702918049,2556.461457498842,2
2025-09-09,1713.459754580793,854.4824892384042,2567.9422438191973,2
2025-09-10,1713.459754580793,863.2368532115763,2576.6966077923694,2
2025-09-11,1713.459754580793,895.6048692656125,2609.0646238464055,2
2025-09-12,1713.459754580793,895.8710060721927,2609.3307606529856,2
2025-09-15,1713.459754580793,905.5046009969402,2618.9643555777334,2
2025-09-16,1713.459754580793,898.7920352208264,2612.2517898016195,2
2025-09-17,1713.459754580793,904.7491685669542,2618.208923147747,2
2025-09-18,1713.459754580793,918.989928439047,2632.44968301984,2
2025-09-19,2219.9610155649734,419.7095682335828,2639.6705837985564,1
2025-09-22,1792.5651347013622,848.5187037189248,2641.083838420287,2
2025-09-23,1792.5651347013622,827.3503037640893,2619.9154384654516,2
2025-09-24,1792.5651347013622,820.6621396598734,2613.2272743612357,2
2025-09-25,1792.5651347013622,797.4960090903664,2590.0611437917287,2
2025-09-26,1792.5651347013622,833.2113270915414,2625.776461792904,2
2025-09-29,1792.5651347013622,841.8815074263123,2634.4466421276747,2
2025-09-30,1792.5651347013622,857.5406823098149,2650.1058170111774,2
2025-10-01,1792.5651347013622,871.142860995981,2663.707995697343,2
2025-10-02,1792.5651347013622,872.6489388799422,2665.2140735813045,2
2025-10-03,1792.5651347013622,875.3090370434592,2667.8741717448215,2
2025-10-06,1792.5651347013622,898.36952989276,2690.9346645941223,2
2025-10-07,1792.5651347013622,882.077588351666,2674.642723053028,2
2025-10-08,1792.5651347013622,912.1764654953338,2704.741600196696,2
2025-10-09,1792.5651347013622,907.1360286667868,2699.701163368149,2
2025-10-10,1792.5651347013622,753.1430575569686,2545.708192258331,2
2025-10-13,1792.5651347013622,859.5098058475528,2652.074940548915,2
2025-10-14,1792.5651347013622,844.5913924942062,2637.1565271955683,2
2025-10-15,1792.5651347013622,870.0090873823513,2662.5742220837137,2
2025-10-16,1792.5651347013622,819.1111530253323,2611.6762877266947,2
2025-10-17,1792.5651347013622,880.8169181653739,2673.382052866736,2
2025-10-20,2329.1808824186965,422.4432204205357,2751.6241028392324,1
2025-10-21,1902.5916160847732,845.2319567623476,2747.823572847121,2
2025-10-22,1902.5916160847732,826.6908879744136,2729.282504059187,2
2025-10-23,1902.5916160847732,852.1384154086547,2754.730031493428,2
2025-10-24,1902.5916160847732,881.4528211212107,2784.0444372059837,2
2025-10-27,1902.5916160847732,918.6056887425678,2821.197304827341,2
2025-10-28,1902.5916160847732,919.5512626984921,2822.1428787832656,2
2025-10-29,1902.5916160847732,917.5919046002832,2820.1835206850565,2
2025-10-30,1902.5916160847732,899.6844182594045,2802.276034344178,2
2025-10-31,1902.5916160847732,903.6133785338379,2806.204994618611,2
2025-11-03,1902.5916160847732,917.5525752850234,2820.1441913697968,2
2025-11-04,1902.5916160847732,877.5130036832238,2780.104619767997,2
2025-11-05,1902.5916160847732,898.0581572785155,2800.6497733632887,2
2025-11-06,1902.5916160847732,856.4344975475408,2759.0261136323143,2
2025-11-07,1902.5916160847732,867.040001840742,2769.6316179255155,2
2025-11-10,2405.9588509564364,422.6655820144117,2828.624432970848,1
2025-11-11,1978.4736532783638,849.2344729324344,2827.708126210798,2
2025-11-12,1978.4736532783638,850.6936718409008,2829.1673251192647,2
2025-11-13,1978.4736532783638,787.1726100385189,2765.6462633168826,2
2025-11-14,1978.4736532783638,785.8250922239392,2764.298745502303,2
2025-11-17,1978.4736532783638,745.6672809381104,2724.1409342164743,2
2025-11-18,1978.4736532783638,711.1104560113688,2689.5841092897326,2
2025-11-19,1978.4736532783638,724.7924579846455,2703.2661112630094,2
2025-11-20,2236.5005700038937,297.6025213265814,2534.103091330475,1
2025-11-21,2236.5005700038937,349.84873704008237,2586.3493070439763,1
2025-11-24,2236.5005700038937,388.69321513134025,2625.193785135234,1
2025-11-25,1807.6658365997062,838.0034879022332,2645.6693245019396,2
2025-11-26,1807.6658365997062,871.3359026129367,2679.001739212643,2
2025-11-28,1807.6658365997062,898.7014648365744,2706.3673014362803,2
2025-12-01,1807.6658365997062,885.3295952947904,2692.9954318944965,2
2025-12-02,1807.6658365997062,902.075323137899,2709.741159737605,2
2025-12-03,1846.7423731713434,873.1688183215467,2719.91119149289,2
2025-12-04,1846.7423731713434,880.2320941733726,2726.974467344716,2
2025-12-05,1846.7423731713434,890.3848902888442,2737.1272634601874,2
2025-12-08,1846.7423731713434,876.6727448317511,2723.4151180030944,2
2025-12-09,1846.7423731713434,874.2424354713023,2720.9848086426455,2
2025-12-10,1890.2956328013806,854.260110753934,2744.5557435553146,2
2025-12-11,1890.2956328013806,870.5939444994997,2760.8895773008803,2
2025-12-12,1890.2956328013806,825.7217668464989,2716.0173996478798,2
2025-12-15,1890.2956328013806,817.9904266268721,2708.286059428253,2
2025-12-16,1890.2956328013806,808.9899037412209,2699.2855365426017,2
2025-12-17,1890.2956328013806,743.0755291199773,2633.371161921358,2
2025-12-18,1890.2956328013806,791.1632355008521,2681.458868302233,2
2025-12-19,1890.2956328013806,851.358392666036,2741.6540254674164,2
2025-12-22,1890.2956328013806,896.1368873291085,2786.432520130489,2
2025-12-23,1934.1969957903389,865.7091239198862,2799.906119710225,2
2025-12-24,1934.1969957903389,885.2787946921808,2819.4757904825196,2
2025-12-26,1934.1969957903389,887.8297030708524,2822.026698861191,2
2025-12-29,1934.1969957903389,877.0341106429257,2811.2311064332644,2
2025-12-30,1934.1969957903389,873.3859182705402,2807.582914060879,2
2025-12-31,1934.1969957903389,836.2309406866486,2770.4279364769873,2
2026-01-02,1934.1969957903389,857.8747416641761,2792.0717374545147,2
2026-01-05,1978.2255066268208,845.7421919758203,2823.967698602641,2
2026-01-06,1978.2255066268208,872.5926156453994,2850.81812227222,2
2026-01-07,1978.2255066268208,856.336507323735,2834.562013950556,2
2026-01-08,1978.2255066268208,858.360573281037,2836.5860799078578,2
2026-01-09,1978.2255066268208,893.463611217861,2871.6891178446817,2
2026-01-12,1978.2255066268208,901.4609721387501,2879.686478765571,2
2026-01-13,1978.2255066268208,890.4120453078235,2868.6375519346443,2
2026-01-14,1978.2255066268208,867.9485996922978,2846.1741063191184,2
2026-01-15,1978.2255066268208,890.3300946849456,2868.5556013117666,2
2026-01-16,1978.2255066268208,892.3926873271214,2870.618193953942,2
2026-01-20,1978.2255066268208,770.6951733723059,2748.9206799991266,2
2026-01-21,1978.2255066268208,873.7126679938854,2851.9381746207064,2
2026-01-22,2029.147821920935,861.4428762966199,2890.5906982175547,2
2026-01-23,2029.147821920935,861.2673866629336,2890.4152085838687,2
2026-01-26,2029.147821920935,886.6642817517643,2915.8121036726993,2
2026-01-27,2064.4107347639024,858.6308556529204,2923.041590416823,2
2026-01-28,2064.4107347639024,859.8265937109445,2924.237328474847,2
2026-01-29,2064.4107347639024,853.5327650282411,2917.9434997921435,2
2026-01-30,2064.4107347639024,837.3916948123878,2901.8024295762903,2
2026-02-02,2064.4107347639024,868.0493516186232,2932.4600863825253,2
2026-02-03,2064.4107347639024,829.0007295451545,2893.411464309057,2
2026-02-04,2064.4107347639024,806.9517678809007,2871.362502644803,2
2026-02-05,2064.4107347639024,743.0041651956174,2807.41489995952,2
2026-02-06,2064.4107347639024,828.4864209380117,2892.897155701914,2
2026-02-09,2064.4107347639024,872.3712167062018,2936.781951470104,2
2026-02-10,2064.4107347639024,860.3516245072939,2924.762359271196,2
2026-02-11,2064.4107347639024,864.8699585734533,2929.280693337356,2
2026-02-12,2064.4107347639024,775.9085750686097,2840.319309832512,2
2026-02-13,2064.4107347639024,781.7991238399031,2846.2098586038055,2
2026-02-17,2064.4107347639024,804.3230841680283,2868.7338189319307,2
2026-02-18,2064.4107347639024,846.209800258275,2910.620535022177,2
2026-02-19,2064.4107347639024,833.7761780792334,2898.186912843136,2
2026-02-20,2098.6113767011475,846.6820013564857,2945.293378057633,2
2026-02-23,2098.6113767011475,800.2603623555473,2898.871739056695,2
2026-02-24,2098.6113767011475,851.0840277072773,2949.695404408425,2
2026-02-25,2135.76501426747,857.9804655334826,2993.745479800953,2
2026-02-26,2135.76501426747,840.3382473435215,2976.1032616109915,2
2026-02-27,2135.76501426747,822.6781885709443,2958.4432028384144,2
2026-03-02,2135.76501426747,820.6445805093722,2956.4095947768424,2
2026-03-03,2135.76501426747,785.6228457268458,2921.387859994316,2
2026-03-04,2135.76501426747,818.0181632077307,2953.783177475201,2
2026-03-05,2135.76501426747,792.7954809887808,2928.5604952562508,2
2026-03-06,2135.76501426747,745.7788164690868,2881.543830736557,2
2026-03-09,2135.76501426747,773.0325276327392,2908.7975419002096,2
2026-03-10,2135.76501426747,765.4150153110606,2901.1800295785306,2
2026-03-11,2135.76501426747,763.2613757259577,2899.026389993428,2
2026-03-12,2135.76501426747,686.5377630019509,2822.3027772694213,2
2026-03-13,2396.7239427675954,334.01919270866074,2730.743135476256,1
2026-03-16,2396.7239427675954,367.29588752693303,2764.019830294528,1
2026-03-17,2396.7239427675954,379.2895541100762,2776.0134968776715,1
2026-03-18,2396.7239427675954,323.1705758128328,2719.894518580428,1
2026-03-19,2396.7239427675954,305.6829080485386,2702.406850816134,1
2026-03-20,2583.291516659974,0,2583.291516659974,0
2026-03-23,2583.291516659974,0,2583.291516659974,0
2026-03-24,2583.291516659974,0,2583.291516659974,0
2026-03-25,2583.291516659974,0,2583.291516659974,0
2026-03-26,2583.291516659974,0,2583.291516659974,0
2026-03-27,2583.291516659974,0,2583.291516659974,0
2026-03-30,2583.291516659974,0,2583.291516659974,0
2026-03-31,2583.291516659974,0,2583.291516659974,0
2026-04-01,2583.291516659974,0,2583.291516659974,0
2026-04-02,2583.291516659974,0,2583.291516659974,0
2026-04-06,2583.291516659974,0,2583.291516659974,0
2026-04-07,2583.291516659974,0,2583.291516659974,0
2026-04-08,2157.8315095657945,420.1600070941794,2577.991516659974,1
2026-04-09,1734.718139863766,853.8398094414902,2588.5579493052564,2
2026-04-10,1734.718139863766,854.675213428169,2589.393353291935,2
2026-04-13,1734.718139863766,899.540542245471,2634.2586821092373,2
2026-04-14,2248.0608304564803,416.4904404381076,2664.551270894588,1
2026-04-15,1825.4750884872028,855.3391495458612,2680.814238033064,2
2026-04-16,1825.4750884872028,875.0184830549799,2700.4935715421825,2
2026-04-17,1871.6540956888769,875.8888502652582,2747.542945954135,2
2026-04-20,1871.6540956888769,875.3317760503869,2746.9858717392635,2
2026-04-21,1871.6540956888769,841.8612642618399,2713.5153599507166,2
2026-04-22,1921.5563648362443,860.3715393770102,2781.9279042132544,2
2026-04-23,1921.5563648362443,839.9495789173429,2761.5059437535874,2
2026-04-24,1959.565264511715,877.1437330532791,2836.708997564994,2
2026-04-27,2487.649011829345,439.77252823141623,2927.4215400607613,1
2026-04-28,2987.649011829345,0,2987.649011829345,0