date,cash,positionsValue,totalEquity,openPositionCount
2007-01-03,3300,0,3300,0
2007-01-04,3300,0,3300,0
2007-01-05,3300,0,3300,0
2007-01-08,3300,0,3300,0
2007-01-09,3300,0,3300,0
2007-01-10,3300,0,3300,0
2007-01-11,3300,0,3300,0
2007-01-12,3300,0,3300,0
2007-01-16,3300,0,3300,0
2007-01-17,3300,0,3300,0
2007-01-18,3300,0,3300,0
2007-01-19,3300,0,3300,0
2007-01-22,3300,0,3300,0
2007-01-23,3300,0,3300,0
2007-01-24,3300,0,3300,0
2007-01-25,3300,0,3300,0
2007-01-26,3300,0,3300,0
2007-01-29,3300,0,3300,0
2007-01-30,3300,0,3300,0
2007-01-31,3300,0,3300,0
2007-02-01,3300,0,3300,0
2007-02-02,3300,0,3300,0
2007-02-05,3300,0,3300,0
2007-02-06,3300,0,3300,0
2007-02-07,3300,0,3300,0
2007-02-08,3300,0,3300,0
2007-02-09,3300,0,3300,0
2007-02-12,3300,0,3300,0
2007-02-13,3300,0,3300,0
2007-02-14,3300,0,3300,0
2007-02-15,3300,0,3300,0
2007-02-16,3300,0,3300,0
2007-02-20,3300,0,3300,0
2007-02-21,3300,0,3300,0
2007-02-22,3300,0,3300,0
2007-02-23,3300,0,3300,0
2007-02-26,3300,0,3300,0
2007-02-27,3300,0,3300,0
2007-02-28,3300,0,3300,0
2007-03-01,3300,0,3300,0
2007-03-02,3300,0,3300,0
2007-03-05,3300,0,3300,0
2007-03-06,3300,0,3300,0
2007-03-07,3300,0,3300,0
2007-03-08,3300,0,3300,0
2007-03-09,3300,0,3300,0
2007-03-12,3300,0,3300,0
2007-03-13,3300,0,3300,0
2007-03-14,3300,0,3300,0
2007-03-15,3300,0,3300,0
2007-03-16,3300,0,3300,0
2007-03-19,3300,0,3300,0
2007-03-20,3300,0,3300,0
2007-03-21,2867.0375913044745,427.6624086955252,3294.7,1
2007-03-22,2438.872539474223,846.3810948622538,3285.2536343364764,2
2007-03-23,2438.872539474223,852.0618603384264,3290.934399812649,2
2007-03-26,2438.872539474223,858.4356985881357,3297.308238062358,2
2007-03-27,2438.872539474223,829.1674421838284,3268.039981658051,2
2007-03-28,2438.872539474223,776.7406487320943,3215.6131882063173,2
2007-03-29,2438.872539474223,796.7463008082468,3235.6188402824696,2
2007-03-30,2438.872539474223,795.2130803894057,3234.0856198636284,2
2007-04-02,2438.872539474223,814.9767825506519,3253.8493220248747,2
2007-04-03,2438.872539474223,873.367989892872,3312.2405293670945,2
2007-04-04,2438.872539474223,883.5545997756287,3322.4271392498513,2
2007-04-05,2438.872539474223,898.9183708514922,3337.7909103257152,2
2007-04-09,2438.872539474223,916.930934343392,3355.8034738176148,2
2007-04-10,2438.872539474223,935.3964671733445,3374.269006647567,2
2007-04-11,2438.872539474223,906.0291473954035,3344.9016868696262,2
2007-04-12,2438.872539474223,942.6869932484892,3381.559532722712,2
2007-04-13,2438.872539474223,961.8962196696538,3400.7687591438767,2
2007-04-16,3004.6219059991045,416.40018252339814,3421.0220885225026,1
2007-04-17,2578.6988036752305,841.8953622534009,3420.5941659286314,2
2007-04-18,2578.6988036752305,843.2650391710304,3421.963842846261,2
2007-04-19,2578.6988036752305,837.7162264046167,3416.4150300798474,2
2007-04-20,2578.6988036752305,883.7857798567302,3462.4845835319607,2
2007-04-23,2578.6988036752305,869.0137229513164,3447.7125266265466,2
2007-04-24,2578.6988036752305,868.7279505030588,3447.4267541782892,2
2007-04-25,2578.6988036752305,905.3046293085358,3484.0034329837663,2
2007-04-26,2578.6988036752305,910.272938392299,3488.9717420675297,2
2007-04-27,2578.6988036752305,916.5690436408731,3495.2678473161036,2
2007-04-30,2578.6988036752305,876.7783104195925,3455.477114094823,2
2007-05-01,2578.6988036752305,898.1193581929492,3476.8181618681797,2
2007-05-02,2578.6988036752305,927.6395634143471,3506.3383670895773,2
2007-05-03,2578.6988036752305,942.2779596122077,3520.976763287438,2
2007-05-04,2578.6988036752305,952.340695008364,3531.0394986835945,2
2007-05-07,2578.6988036752305,965.43816533777,3544.1369690130005,2
2007-05-08,2633.702879250403,904.9692398599341,3538.672119110337,2
2007-05-09,2698.5180113265596,847.9077716071089,3546.4257829336684,2
2007-05-10,2698.5180113265596,772.824803492966,3471.3428148195258,2
2007-05-11,2698.5180113265596,829.9152006999868,3528.4332120265462,2
2007-05-14,2698.5180113265596,815.6292880635722,3514.1472993901316,2
2007-05-15,2698.5180113265596,809.8584046863227,3508.376416012882,2
2007-05-16,2698.5180113265596,856.9841506122433,3555.502161938803,2
2007-05-17,2698.5180113265596,854.9264054860785,3553.4444168126383,2
2007-05-18,2698.5180113265596,892.3440053007928,3590.862016627352,2
2007-05-21,2698.5180113265596,899.4441819964304,3597.96219332299,2
2007-05-22,2698.5180113265596,902.9788291784605,3601.4968405050204,2
2007-05-23,2698.5180113265596,899.5791728781005,3598.09718420466,2
2007-05-24,2698.5180113265596,849.9186880848231,3548.4366994113825,2
2007-05-25,2698.5180113265596,887.8151299911792,3586.333141317739,2
2007-05-29,2698.5180113265596,909.1094841537674,3607.627495480327,2
2007-05-30,2698.5180113265596,948.8105438611807,3647.32855518774,2
2007-05-31,2698.5180113265596,951.8765865871645,3650.3945979137243,2
2007-06-01,2758.5071626591825,900.9076264775172,3659.4147891366997,2
2007-06-04,2815.665526305082,847.7004836806384,3663.3660099857207,2
2007-06-05,2815.665526305082,822.2309672790352,3637.8964935841173,2
2007-06-06,2815.665526305082,768.5825335868994,3584.2480598919815,2
2007-06-07,2815.665526305082,611.3260259067353,3426.991552211817,2
2007-06-08,2815.665526305082,725.8134367763887,3541.4789630814707,2
2007-06-11,2815.665526305082,735.8836849845261,3551.549211289608,2
2007-06-12,2815.665526305082,622.4173296142433,3438.082855919325,2
2007-06-13,2815.665526305082,767.4310938670576,3583.0966201721394,2
2007-06-14,2815.665526305082,807.6417917901693,3623.3073180952515,2
2007-06-15,2815.665526305082,842.9107564106332,3658.576282715715,2
2007-06-18,2815.665526305082,850.7380313515041,3666.403557656586,2
2007-06-19,2815.665526305082,870.3619915799145,3686.0275178849965,2
2007-06-20,2815.665526305082,764.7820180709975,3580.4475443760793,2
2007-06-21,2815.665526305082,816.6352887655279,3632.30081507061,2
2007-06-22,2815.665526305082,692.8075139713727,3508.473040276455,2
2007-06-25,2815.665526305082,654.0810764579344,3469.746602763016,2
2007-06-26,2815.665526305082,609.4677302016379,3425.13325650672,2
2007-06-27,2815.665526305082,734.8574704154619,3550.522996720544,2
2007-06-28,2815.665526305082,733.838733169883,3549.504259474965,2
2007-06-29,2815.665526305082,713.6216652407863,3529.287191545868,2
2007-07-02,2815.665526305082,867.3617574465397,3683.027283751622,2
2007-07-03,2815.665526305082,915.9794870953189,3731.645013400401,2
2007-07-05,2892.3855475677365,868.592154424985,3760.9777019927214,2
2007-07-06,2892.3855475677365,899.804386426568,3792.1899339943047,2
2007-07-09,2968.6060144909056,839.3760917092799,3807.9821062001856,2
2007-07-10,2968.6060144909056,767.6325934676555,3736.2386079585613,2
2007-07-11,2968.6060144909056,797.329704235355,3765.935718726261,2
2007-07-12,2968.6060144909056,874.6852531077241,3843.29126759863,2
2007-07-13,2968.6060144909056,888.8302667954345,3857.43628128634,2
2007-07-16,2968.6060144909056,885.7055411958104,3854.311555686716,2
2007-07-17,2968.6060144909056,887.3949627772706,3856.000977268176,2
2007-07-18,2968.6060144909056,880.2364524611133,3848.842466952019,2
2007-07-19,2968.6060144909056,903.2063189873352,3871.812333478241,2
2007-07-20,2968.6060144909056,850.0479287531202,3818.653943244026,2
2007-07-23,2968.6060144909056,877.745479650117,3846.3514941410226,2
2007-07-24,2968.6060144909056,777.2120402501218,3745.8180547410275,2
2007-07-25,2968.6060144909056,807.624342534617,3776.2303570255226,2
2007-07-26,2968.6060144909056,610.3164529118267,3578.9224674027323,2
2007-07-27,3404.204388523828,0,3404.204388523828,0
2007-07-30,3404.204388523828,0,3404.204388523828,0
2007-07-31,3404.204388523828,0,3404.204388523828,0
2007-08-01,3404.204388523828,0,3404.204388523828,0
2007-08-02,3404.204388523828,0,3404.204388523828,0
2007-08-03,3404.204388523828,0,3404.204388523828,0
2007-08-06,3404.204388523828,0,3404.204388523828,0
2007-08-07,3404.204388523828,0,3404.204388523828,0
2007-08-08,3404.204388523828,0,3404.204388523828,0
2007-08-09,3404.204388523828,0,3404.204388523828,0
2007-08-10,3404.204388523828,0,3404.204388523828,0
2007-08-13,3404.204388523828,0,3404.204388523828,0
2007-08-14,3404.204388523828,0,3404.204388523828,0
2007-08-15,3404.204388523828,0,3404.204388523828,0
2007-08-16,3404.204388523828,0,3404.204388523828,0
2007-08-17,3404.204388523828,0,3404.204388523828,0
2007-08-20,3404.204388523828,0,3404.204388523828,0
2007-08-21,3404.204388523828,0,3404.204388523828,0
2007-08-22,3404.204388523828,0,3404.204388523828,0
2007-08-23,3404.204388523828,0,3404.204388523828,0
2007-08-24,3404.204388523828,0,3404.204388523828,0
2007-08-27,3404.204388523828,0,3404.204388523828,0
2007-08-28,3404.204388523828,0,3404.204388523828,0
2007-08-29,3404.204388523828,0,3404.204388523828,0
2007-08-30,3404.204388523828,0,3404.204388523828,0
2007-08-31,3404.204388523828,0,3404.204388523828,0
2007-09-04,2986.737737964066,412.16665055976165,3398.904388523828,1
2007-09-05,2986.737737964066,396.3234970251463,3383.0612349892126,1
2007-09-06,2986.737737964066,402.040758206801,3388.778496170867,1
2007-09-07,2986.737737964066,376.48965295496805,3363.2273909190344,1
2007-09-10,2986.737737964066,373.2992191439848,3360.036957108051,1
2007-09-11,2986.737737964066,394.1194442426728,3380.857182206739,1
2007-09-12,2986.737737964066,394.1207041010145,3380.8584420650805,1
2007-09-13,2566.697882551395,821.4363558530231,3388.1342384044183,2
2007-09-14,2566.697882551395,821.8940424270784,3388.591924978474,2
2007-09-17,2566.697882551395,807.1818852526405,3373.8797678040355,2
2007-09-18,2566.697882551395,895.6834748114356,3462.381357362831,2
2007-09-19,2566.697882551395,910.4666255258878,3477.1645080772832,2
2007-09-20,2566.697882551395,898.3374065974035,3465.0352891487987,2
2007-09-21,2566.697882551395,918.6485420339072,3485.3464245853024,2
2007-09-24,2566.697882551395,915.5662529576539,3482.264135509049,2
2007-09-25,2566.697882551395,923.8795511803668,3490.577433731762,2
2007-09-26,2566.697882551395,943.9979006345287,3510.695783185924,2
2007-09-27,2632.1406848004785,885.4797263964967,3517.6204111969755,2
2007-09-28,2632.1406848004785,873.8362325486321,3505.9769173491104,2
2007-10-01,2632.1406848004785,909.5467293770446,3541.6874141775234,2
2007-10-02,2632.1406848004785,907.3817850166085,3539.522469817087,2
2007-10-03,2632.1406848004785,898.8591485708707,3530.9998333713493,2
2007-10-04,2699.5922997070275,833.58552336495,3533.1778230719774,2
2007-10-05,2699.5922997070275,871.6713537633307,3571.263653470358,2
2007-10-08,2699.5922997070275,863.9401595968895,3563.5324593039168,2
2007-10-09,2699.5922997070275,897.9803451908006,3597.572644897828,2
2007-10-10,2699.5922997070275,891.3960645525449,3590.9883642595723,2
2007-10-11,2699.5922997070275,863.6409461383248,3563.233245845352,2
2007-10-12,2699.5922997070275,886.7837719627644,3586.3760716697916,2
2007-10-15,2699.5922997070275,859.7087005592086,3559.301000266236,2
2007-10-16,2699.5922997070275,834.953652383937,3534.5459520909644,2
2007-10-17,2699.5922997070275,853.8104585160098,3553.4027582230374,2
2007-10-18,2699.5922997070275,854.6023498379875,3554.1946495450147,2
2007-10-19,2699.5922997070275,697.0187395967073,3396.6110393037347,2
2007-10-22,2699.5922997070275,732.4891000178734,3432.0813997249006,2
2007-10-23,2699.5922997070275,798.9844867678539,3498.5767864748814,2
2007-10-24,2699.5922997070275,786.8922603926812,3486.4845600997087,2
2007-10-25,2699.5922997070275,783.9173802736067,3483.5096799806342,2
2007-10-26,2699.5922997070275,877.4067898102156,3576.999089517243,2
2007-10-29,2764.6669584781525,848.6067860780154,3613.273744556168,2
2007-10-30,2764.6669584781525,820.6199106994682,3585.2868691776207,2
2007-10-31,2764.6669584781525,884.8198354778547,3649.486793956007,2
2007-11-01,2764.6669584781525,742.09425334344,3506.7612118215925,2
2007-11-02,2764.6669584781525,750.8737247258282,3515.5406832039807,2
2007-11-05,2764.6669584781525,721.8051638161654,3486.472122294318,2
2007-11-06,2764.6669584781525,840.1579405011192,3604.824898979272,2
2007-11-07,2946.231334550461,291.86719818128637,3238.098532731747,1
2007-11-08,2946.231334550461,287.9840629407631,3234.215397491224,1
2007-11-09,3163.4745783188123,0,3163.4745783188123,0
2007-11-12,3163.4745783188123,0,3163.4745783188123,0
2007-11-13,3163.4745783188123,0,3163.4745783188123,0
2007-11-14,3163.4745783188123,0,3163.4745783188123,0
2007-11-15,3163.4745783188123,0,3163.4745783188123,0
2007-11-16,3163.4745783188123,0,3163.4745783188123,0
2007-11-19,3163.4745783188123,0,3163.4745783188123,0
2007-11-20,3163.4745783188123,0,3163.4745783188123,0
2007-11-21,3163.4745783188123,0,3163.4745783188123,0
2007-11-23,3163.4745783188123,0,3163.4745783188123,0
2007-11-26,3163.4745783188123,0,3163.4745783188123,0
2007-11-27,3163.4745783188123,0,3163.4745783188123,0
2007-11-28,3163.4745783188123,0,3163.4745783188123,0
2007-11-29,3163.4745783188123,0,3163.4745783188123,0
2007-11-30,3163.4745783188123,0,3163.4745783188123,0
2007-12-03,3163.4745783188123,0,3163.4745783188123,0
2007-12-04,3163.4745783188123,0,3163.4745783188123,0
2007-12-05,3163.4745783188123,0,3163.4745783188123,0
2007-12-06,3163.4745783188123,0,3163.4745783188123,0
2007-12-07,3163.4745783188123,0,3163.4745783188123,0
2007-12-10,3163.4745783188123,0,3163.4745783188123,0
2007-12-11,3163.4745783188123,0,3163.4745783188123,0
2007-12-12,3163.4745783188123,0,3163.4745783188123,0
2007-12-13,3163.4745783188123,0,3163.4745783188123,0
2007-12-14,3163.4745783188123,0,3163.4745783188123,0
2007-12-17,3163.4745783188123,0,3163.4745783188123,0
2007-12-18,3163.4745783188123,0,3163.4745783188123,0
2007-12-19,3163.4745783188123,0,3163.4745783188123,0
2007-12-20,3163.4745783188123,0,3163.4745783188123,0
2007-12-21,3163.4745783188123,0,3163.4745783188123,0
2007-12-24,3163.4745783188123,0,3163.4745783188123,0
2007-12-26,3163.4745783188123,0,3163.4745783188123,0
2007-12-27,3163.4745783188123,0,3163.4745783188123,0
2007-12-28,3163.4745783188123,0,3163.4745783188123,0
2007-12-31,3163.4745783188123,0,3163.4745783188123,0
2008-01-02,3163.4745783188123,0,3163.4745783188123,0
2008-01-03,3163.4745783188123,0,3163.4745783188123,0
2008-01-04,3163.4745783188123,0,3163.4745783188123,0
2008-01-07,3163.4745783188123,0,3163.4745783188123,0
2008-01-08,3163.4745783188123,0,3163.4745783188123,0
2008-01-09,3163.4745783188123,0,3163.4745783188123,0
2008-01-10,3163.4745783188123,0,3163.4745783188123,0
2008-01-11,3163.4745783188123,0,3163.4745783188123,0
2008-01-14,3163.4745783188123,0,3163.4745783188123,0
2008-01-15,3163.4745783188123,0,3163.4745783188123,0
2008-01-16,3163.4745783188123,0,3163.4745783188123,0
2008-01-17,3163.4745783188123,0,3163.4745783188123,0
2008-01-18,3163.4745783188123,0,3163.4745783188123,0
2008-01-22,3163.4745783188123,0,3163.4745783188123,0
2008-01-23,3163.4745783188123,0,3163.4745783188123,0
2008-01-24,3163.4745783188123,0,3163.4745783188123,0
2008-01-25,3163.4745783188123,0,3163.4745783188123,0
2008-01-28,3163.4745783188123,0,3163.4745783188123,0
2008-01-29,3163.4745783188123,0,3163.4745783188123,0
2008-01-30,3163.4745783188123,0,3163.4745783188123,0
2008-01-31,3163.4745783188123,0,3163.4745783188123,0
2008-02-01,3163.4745783188123,0,3163.4745783188123,0
2008-02-04,3163.4745783188123,0,3163.4745783188123,0
2008-02-05,3163.4745783188123,0,3163.4745783188123,0
2008-02-06,3163.4745783188123,0,3163.4745783188123,0
2008-02-07,3163.4745783188123,0,3163.4745783188123,0
2008-02-08,3163.4745783188123,0,3163.4745783188123,0
2008-02-11,3163.4745783188123,0,3163.4745783188123,0
2008-02-12,3163.4745783188123,0,3163.4745783188123,0
2008-02-13,3163.4745783188123,0,3163.4745783188123,0
2008-02-14,3163.4745783188123,0,3163.4745783188123,0
2008-02-15,3163.4745783188123,0,3163.4745783188123,0
2008-02-19,3163.4745783188123,0,3163.4745783188123,0
2008-02-20,3163.4745783188123,0,3163.4745783188123,0
2008-02-21,3163.4745783188123,0,3163.4745783188123,0
2008-02-22,3163.4745783188123,0,3163.4745783188123,0
2008-02-25,3163.4745783188123,0,3163.4745783188123,0
2008-02-26,3163.4745783188123,0,3163.4745783188123,0
2008-02-27,3163.4745783188123,0,3163.4745783188123,0
2008-02-28,3163.4745783188123,0,3163.4745783188123,0
2008-02-29,3163.4745783188123,0,3163.4745783188123,0
2008-03-03,3163.4745783188123,0,3163.4745783188123,0
2008-03-04,3163.4745783188123,0,3163.4745783188123,0
2008-03-05,3163.4745783188123,0,3163.4745783188123,0
2008-03-06,3163.4745783188123,0,3163.4745783188123,0
2008-03-07,3163.4745783188123,0,3163.4745783188123,0
2008-03-10,3163.4745783188123,0,3163.4745783188123,0
2008-03-11,3163.4745783188123,0,3163.4745783188123,0
2008-03-12,3163.4745783188123,0,3163.4745783188123,0
2008-03-13,3163.4745783188123,0,3163.4745783188123,0
2008-03-14,3163.4745783188123,0,3163.4745783188123,0
2008-03-17,3163.4745783188123,0,3163.4745783188123,0
2008-03-18,3163.4745783188123,0,3163.4745783188123,0
2008-03-19,3163.4745783188123,0,3163.4745783188123,0
2008-03-20,3163.4745783188123,0,3163.4745783188123,0
2008-03-24,3163.4745783188123,0,3163.4745783188123,0
2008-03-25,3163.4745783188123,0,3163.4745783188123,0
2008-03-26,3163.4745783188123,0,3163.4745783188123,0
2008-03-27,3163.4745783188123,0,3163.4745783188123,0
2008-03-28,3163.4745783188123,0,3163.4745783188123,0
2008-03-31,3163.4745783188123,0,3163.4745783188123,0
2008-04-01,3163.4745783188123,0,3163.4745783188123,0
2008-04-02,3163.4745783188123,0,3163.4745783188123,0
2008-04-03,3163.4745783188123,0,3163.4745783188123,0
2008-04-04,3163.4745783188123,0,3163.4745783188123,0
2008-04-07,3163.4745783188123,0,3163.4745783188123,0
2008-04-08,3163.4745783188123,0,3163.4745783188123,0
2008-04-09,3163.4745783188123,0,3163.4745783188123,0
2008-04-10,3163.4745783188123,0,3163.4745783188123,0
2008-04-11,3163.4745783188123,0,3163.4745783188123,0
2008-04-14,3163.4745783188123,0,3163.4745783188123,0
2008-04-15,3163.4745783188123,0,3163.4745783188123,0
2008-04-16,3163.4745783188123,0,3163.4745783188123,0
2008-04-17,3163.4745783188123,0,3163.4745783188123,0
2008-04-18,3163.4745783188123,0,3163.4745783188123,0
2008-04-21,3163.4745783188123,0,3163.4745783188123,0
2008-04-22,3163.4745783188123,0,3163.4745783188123,0
2008-04-23,3163.4745783188123,0,3163.4745783188123,0
2008-04-24,3163.4745783188123,0,3163.4745783188123,0
2008-04-25,3163.4745783188123,0,3163.4745783188123,0
2008-04-28,3163.4745783188123,0,3163.4745783188123,0
2008-04-29,3163.4745783188123,0,3163.4745783188123,0
2008-04-30,3163.4745783188123,0,3163.4745783188123,0
2008-05-01,3163.4745783188123,0,3163.4745783188123,0
2008-05-02,3163.4745783188123,0,3163.4745783188123,0
2008-05-05,3163.4745783188123,0,3163.4745783188123,0
2008-05-06,3163.4745783188123,0,3163.4745783188123,0
2008-05-07,3163.4745783188123,0,3163.4745783188123,0
2008-05-08,3163.4745783188123,0,3163.4745783188123,0
2008-05-09,3163.4745783188123,0,3163.4745783188123,0
2008-05-12,3163.4745783188123,0,3163.4745783188123,0
2008-05-13,3163.4745783188123,0,3163.4745783188123,0
2008-05-14,3163.4745783188123,0,3163.4745783188123,0
2008-05-15,3163.4745783188123,0,3163.4745783188123,0
2008-05-16,3163.4745783188123,0,3163.4745783188123,0
2008-05-19,3163.4745783188123,0,3163.4745783188123,0
2008-05-20,3163.4745783188123,0,3163.4745783188123,0
2008-05-21,3163.4745783188123,0,3163.4745783188123,0
2008-05-22,3163.4745783188123,0,3163.4745783188123,0
2008-05-23,3163.4745783188123,0,3163.4745783188123,0
2008-05-27,3163.4745783188123,0,3163.4745783188123,0
2008-05-28,3163.4745783188123,0,3163.4745783188123,0
2008-05-29,3163.4745783188123,0,3163.4745783188123,0
2008-05-30,3163.4745783188123,0,3163.4745783188123,0
2008-06-02,3163.4745783188123,0,3163.4745783188123,0
2008-06-03,3163.4745783188123,0,3163.4745783188123,0
2008-06-04,3163.4745783188123,0,3163.4745783188123,0
2008-06-05,3163.4745783188123,0,3163.4745783188123,0
2008-06-06,3163.4745783188123,0,3163.4745783188123,0
2008-06-09,3163.4745783188123,0,3163.4745783188123,0
2008-06-10,3163.4745783188123,0,3163.4745783188123,0
2008-06-11,3163.4745783188123,0,3163.4745783188123,0
2008-06-12,3163.4745783188123,0,3163.4745783188123,0
2008-06-13,3163.4745783188123,0,3163.4745783188123,0
2008-06-16,3163.4745783188123,0,3163.4745783188123,0
2008-06-17,3163.4745783188123,0,3163.4745783188123,0
2008-06-18,3163.4745783188123,0,3163.4745783188123,0
2008-06-19,3163.4745783188123,0,3163.4745783188123,0
2008-06-20,3163.4745783188123,0,3163.4745783188123,0
2008-06-23,3163.4745783188123,0,3163.4745783188123,0
2008-06-24,3163.4745783188123,0,3163.4745783188123,0
2008-06-25,3163.4745783188123,0,3163.4745783188123,0
2008-06-26,3163.4745783188123,0,3163.4745783188123,0
2008-06-27,3163.4745783188123,0,3163.4745783188123,0
2008-06-30,3163.4745783188123,0,3163.4745783188123,0
2008-07-01,3163.4745783188123,0,3163.4745783188123,0
2008-07-02,3163.4745783188123,0,3163.4745783188123,0
2008-07-03,3163.4745783188123,0,3163.4745783188123,0
2008-07-07,3163.4745783188123,0,3163.4745783188123,0
2008-07-08,3163.4745783188123,0,3163.4745783188123,0
2008-07-09,3163.4745783188123,0,3163.4745783188123,0
2008-07-10,3163.4745783188123,0,3163.4745783188123,0
2008-07-11,3163.4745783188123,0,3163.4745783188123,0
2008-07-14,3163.4745783188123,0,3163.4745783188123,0
2008-07-15,3163.4745783188123,0,3163.4745783188123,0
2008-07-16,3163.4745783188123,0,3163.4745783188123,0
2008-07-17,3163.4745783188123,0,3163.4745783188123,0
2008-07-18,3163.4745783188123,0,3163.4745783188123,0
2008-07-21,3163.4745783188123,0,3163.4745783188123,0
2008-07-22,3163.4745783188123,0,3163.4745783188123,0
2008-07-23,3163.4745783188123,0,3163.4745783188123,0
2008-07-24,3163.4745783188123,0,3163.4745783188123,0
2008-07-25,3163.4745783188123,0,3163.4745783188123,0
2008-07-28,3163.4745783188123,0,3163.4745783188123,0
2008-07-29,3163.4745783188123,0,3163.4745783188123,0
2008-07-30,3163.4745783188123,0,3163.4745783188123,0
2008-07-31,3163.4745783188123,0,3163.4745783188123,0
2008-08-01,3163.4745783188123,0,3163.4745783188123,0
2008-08-04,3163.4745783188123,0,3163.4745783188123,0
2008-08-05,3163.4745783188123,0,3163.4745783188123,0
2008-08-06,3163.4745783188123,0,3163.4745783188123,0
2008-08-07,3163.4745783188123,0,3163.4745783188123,0
2008-08-08,3163.4745783188123,0,3163.4745783188123,0
2008-08-11,2739.1044310481584,419.0701472706536,3158.174578318812,1
2008-08-12,2739.1044310481584,400.87120871934053,3139.975639767499,1
2008-08-13,2739.1044310481584,395.94365541642736,3135.0480864645856,1
2008-08-14,2317.013496393289,822.860380350879,3139.8738767441682,2
2008-08-15,2317.013496393289,837.6390876139197,3154.652584007209,2
2008-08-18,2317.013496393289,786.4609522123637,3103.474448605653,2
2008-08-19,2317.013496393289,744.2778321118383,3061.2913285051272,2
2008-08-20,2317.013496393289,775.5408931729231,3092.554389566212,2
2008-08-21,2317.013496393289,787.6284642641263,3104.6419606574154,2
2008-08-22,2317.013496393289,835.117664908336,3152.131161301625,2
2008-08-25,2317.013496393289,743.9691133990923,3060.9826097923815,2
2008-08-26,2317.013496393289,766.8291978316347,3083.842694224924,2
2008-08-27,2317.013496393289,806.9478272679735,3123.9613236612627,2
2008-08-28,2317.013496393289,865.3307651389459,3182.344261532235,2
2008-08-29,2317.013496393289,810.233490466537,3127.2469868598264,2
2008-09-02,2317.013496393289,794.5753133562966,3111.588809749586,2
2008-09-03,2317.013496393289,789.3829923842702,3106.396488777559,2
2008-09-04,2552.7964440634223,283.7677987003183,2836.5642427637404,1
2008-09-05,2552.7964440634223,304.94463447007263,2857.741078533495,1
2008-09-08,2552.7964440634223,394.3198563814228,2947.1163004448454,1
2008-09-09,2775.0992988747666,0,2775.0992988747666,0
2008-09-10,2775.0992988747666,0,2775.0992988747666,0
2008-09-11,2775.0992988747666,0,2775.0992988747666,0
2008-09-12,2775.0992988747666,0,2775.0992988747666,0
2008-09-15,2775.0992988747666,0,2775.0992988747666,0
2008-09-16,2775.0992988747666,0,2775.0992988747666,0
2008-09-17,2775.0992988747666,0,2775.0992988747666,0
2008-09-18,2775.0992988747666,0,2775.0992988747666,0
2008-09-19,2775.0992988747666,0,2775.0992988747666,0
2008-09-22,2775.0992988747666,0,2775.0992988747666,0
2008-09-23,2775.0992988747666,0,2775.0992988747666,0
2008-09-24,2775.0992988747666,0,2775.0992988747666,0
2008-09-25,2775.0992988747666,0,2775.0992988747666,0
2008-09-26,2775.0992988747666,0,2775.0992988747666,0
2008-09-29,2775.0992988747666,0,2775.0992988747666,0
2008-09-30,2775.0992988747666,0,2775.0992988747666,0
2008-10-01,2775.0992988747666,0,2775.0992988747666,0
2008-10-02,2775.0992988747666,0,2775.0992988747666,0
2008-10-03,2775.0992988747666,0,2775.0992988747666,0
2008-10-06,2775.0992988747666,0,2775.0992988747666,0
2008-10-07,2775.0992988747666,0,2775.0992988747666,0
2008-10-08,2775.0992988747666,0,2775.0992988747666,0
2008-10-09,2775.0992988747666,0,2775.0992988747666,0
2008-10-10,2775.0992988747666,0,2775.0992988747666,0
2008-10-13,2775.0992988747666,0,2775.0992988747666,0
2008-10-14,2775.0992988747666,0,2775.0992988747666,0
2008-10-15,2775.0992988747666,0,2775.0992988747666,0
2008-10-16,2775.0992988747666,0,2775.0992988747666,0
2008-10-17,2775.0992988747666,0,2775.0992988747666,0
2008-10-20,2775.0992988747666,0,2775.0992988747666,0
2008-10-21,2775.0992988747666,0,2775.0992988747666,0
2008-10-22,2775.0992988747666,0,2775.0992988747666,0
2008-10-23,2775.0992988747666,0,2775.0992988747666,0
2008-10-24,2775.0992988747666,0,2775.0992988747666,0
2008-10-27,2775.0992988747666,0,2775.0992988747666,0
2008-10-28,2775.0992988747666,0,2775.0992988747666,0
2008-10-29,2775.0992988747666,0,2775.0992988747666,0
2008-10-30,2775.0992988747666,0,2775.0992988747666,0
2008-10-31,2775.0992988747666,0,2775.0992988747666,0
2008-11-03,2775.0992988747666,0,2775.0992988747666,0
2008-11-04,2775.0992988747666,0,2775.0992988747666,0
2008-11-05,2775.0992988747666,0,2775.0992988747666,0
2008-11-06,2775.0992988747666,0,2775.0992988747666,0
2008-11-07,2775.0992988747666,0,2775.0992988747666,0
2008-11-10,2775.0992988747666,0,2775.0992988747666,0
2008-11-11,2775.0992988747666,0,2775.0992988747666,0
2008-11-12,2775.0992988747666,0,2775.0992988747666,0
2008-11-13,2775.0992988747666,0,2775.0992988747666,0
2008-11-14,2775.0992988747666,0,2775.0992988747666,0
2008-11-17,2775.0992988747666,0,2775.0992988747666,0
2008-11-18,2775.0992988747666,0,2775.0992988747666,0
2008-11-19,2775.0992988747666,0,2775.0992988747666,0
2008-11-20,2775.0992988747666,0,2775.0992988747666,0
2008-11-21,2775.0992988747666,0,2775.0992988747666,0
2008-11-24,2775.0992988747666,0,2775.0992988747666,0
2008-11-25,2775.0992988747666,0,2775.0992988747666,0
2008-11-26,2775.0992988747666,0,2775.0992988747666,0
2008-11-28,2775.0992988747666,0,2775.0992988747666,0
2008-12-01,2775.0992988747666,0,2775.0992988747666,0
2008-12-02,2775.0992988747666,0,2775.0992988747666,0
2008-12-03,2775.0992988747666,0,2775.0992988747666,0
2008-12-04,2775.0992988747666,0,2775.0992988747666,0
2008-12-05,2775.0992988747666,0,2775.0992988747666,0
2008-12-08,2775.0992988747666,0,2775.0992988747666,0
2008-12-09,2775.0992988747666,0,2775.0992988747666,0
2008-12-10,2775.0992988747666,0,2775.0992988747666,0
2008-12-11,2775.0992988747666,0,2775.0992988747666,0
2008-12-12,2775.0992988747666,0,2775.0992988747666,0
2008-12-15,2775.0992988747666,0,2775.0992988747666,0
2008-12-16,2775.0992988747666,0,2775.0992988747666,0
2008-12-17,2775.0992988747666,0,2775.0992988747666,0
2008-12-18,2775.0992988747666,0,2775.0992988747666,0
2008-12-19,2775.0992988747666,0,2775.0992988747666,0
2008-12-22,2775.0992988747666,0,2775.0992988747666,0
2008-12-23,2775.0992988747666,0,2775.0992988747666,0
2008-12-24,2775.0992988747666,0,2775.0992988747666,0
2008-12-26,2775.0992988747666,0,2775.0992988747666,0
2008-12-29,2775.0992988747666,0,2775.0992988747666,0
2008-12-30,2775.0992988747666,0,2775.0992988747666,0
2008-12-31,2775.0992988747666,0,2775.0992988747666,0
2009-01-02,2775.0992988747666,0,2775.0992988747666,0
2009-01-05,2775.0992988747666,0,2775.0992988747666,0
2009-01-06,2775.0992988747666,0,2775.0992988747666,0
2009-01-07,2775.0992988747666,0,2775.0992988747666,0
2009-01-08,2775.0992988747666,0,2775.0992988747666,0
2009-01-09,2775.0992988747666,0,2775.0992988747666,0
2009-01-12,2775.0992988747666,0,2775.0992988747666,0
2009-01-13,2775.0992988747666,0,2775.0992988747666,0
2009-01-14,2775.0992988747666,0,2775.0992988747666,0
2009-01-15,2775.0992988747666,0,2775.0992988747666,0
2009-01-16,2775.0992988747666,0,2775.0992988747666,0
2009-01-20,2775.0992988747666,0,2775.0992988747666,0
2009-01-21,2775.0992988747666,0,2775.0992988747666,0
2009-01-22,2775.0992988747666,0,2775.0992988747666,0
2009-01-23,2775.0992988747666,0,2775.0992988747666,0
2009-01-26,2775.0992988747666,0,2775.0992988747666,0
2009-01-27,2775.0992988747666,0,2775.0992988747666,0
2009-01-28,2775.0992988747666,0,2775.0992988747666,0
2009-01-29,2775.0992988747666,0,2775.0992988747666,0
2009-01-30,2775.0992988747666,0,2775.0992988747666,0
2009-02-02,2775.0992988747666,0,2775.0992988747666,0
2009-02-03,2775.0992988747666,0,2775.0992988747666,0
2009-02-04,2775.0992988747666,0,2775.0992988747666,0
2009-02-05,2775.0992988747666,0,2775.0992988747666,0
2009-02-06,2775.0992988747666,0,2775.0992988747666,0
2009-02-09,2775.0992988747666,0,2775.0992988747666,0
2009-02-10,2775.0992988747666,0,2775.0992988747666,0
2009-02-11,2775.0992988747666,0,2775.0992988747666,0
2009-02-12,2775.0992988747666,0,2775.0992988747666,0
2009-02-13,2775.0992988747666,0,2775.0992988747666,0
2009-02-17,2775.0992988747666,0,2775.0992988747666,0
2009-02-18,2775.0992988747666,0,2775.0992988747666,0
2009-02-19,2775.0992988747666,0,2775.0992988747666,0
2009-02-20,2775.0992988747666,0,2775.0992988747666,0
2009-02-23,2775.0992988747666,0,2775.0992988747666,0
2009-02-24,2775.0992988747666,0,2775.0992988747666,0
2009-02-25,2775.0992988747666,0,2775.0992988747666,0
2009-02-26,2775.0992988747666,0,2775.0992988747666,0
2009-02-27,2775.0992988747666,0,2775.0992988747666,0
2009-03-02,2775.0992988747666,0,2775.0992988747666,0
2009-03-03,2775.0992988747666,0,2775.0992988747666,0
2009-03-04,2775.0992988747666,0,2775.0992988747666,0
2009-03-05,2775.0992988747666,0,2775.0992988747666,0
2009-03-06,2775.0992988747666,0,2775.0992988747666,0
2009-03-09,2775.0992988747666,0,2775.0992988747666,0
2009-03-10,2775.0992988747666,0,2775.0992988747666,0
2009-03-11,2775.0992988747666,0,2775.0992988747666,0
2009-03-12,2775.0992988747666,0,2775.0992988747666,0
2009-03-13,2775.0992988747666,0,2775.0992988747666,0
2009-03-16,2775.0992988747666,0,2775.0992988747666,0
2009-03-17,2775.0992988747666,0,2775.0992988747666,0
2009-03-18,2775.0992988747666,0,2775.0992988747666,0
2009-03-19,2775.0992988747666,0,2775.0992988747666,0
2009-03-20,2775.0992988747666,0,2775.0992988747666,0
2009-03-23,2775.0992988747666,0,2775.0992988747666,0
2009-03-24,2775.0992988747666,0,2775.0992988747666,0
2009-03-25,2775.0992988747666,0,2775.0992988747666,0
2009-03-26,2775.0992988747666,0,2775.0992988747666,0
2009-03-27,2775.0992988747666,0,2775.0992988747666,0
2009-03-30,2775.0992988747666,0,2775.0992988747666,0
2009-03-31,2775.0992988747666,0,2775.0992988747666,0
2009-04-01,2775.0992988747666,0,2775.0992988747666,0
2009-04-02,2775.0992988747666,0,2775.0992988747666,0
2009-04-03,2775.0992988747666,0,2775.0992988747666,0
2009-04-06,2775.0992988747666,0,2775.0992988747666,0
2009-04-07,2775.0992988747666,0,2775.0992988747666,0
2009-04-08,2775.0992988747666,0,2775.0992988747666,0
2009-04-09,2775.0992988747666,0,2775.0992988747666,0
2009-04-13,2775.0992988747666,0,2775.0992988747666,0
2009-04-14,2775.0992988747666,0,2775.0992988747666,0
2009-04-15,2775.0992988747666,0,2775.0992988747666,0
2009-04-16,2775.0992988747666,0,2775.0992988747666,0
2009-04-17,2775.0992988747666,0,2775.0992988747666,0
2009-04-20,2775.0992988747666,0,2775.0992988747666,0
2009-04-21,2775.0992988747666,0,2775.0992988747666,0
2009-04-22,2775.0992988747666,0,2775.0992988747666,0
2009-04-23,2775.0992988747666,0,2775.0992988747666,0
2009-04-24,2775.0992988747666,0,2775.0992988747666,0
2009-04-27,2775.0992988747666,0,2775.0992988747666,0
2009-04-28,2775.0992988747666,0,2775.0992988747666,0
2009-04-29,2775.0992988747666,0,2775.0992988747666,0
2009-04-30,2775.0992988747666,0,2775.0992988747666,0
2009-05-01,2775.0992988747666,0,2775.0992988747666,0
2009-05-04,2775.0992988747666,0,2775.0992988747666,0
2009-05-05,2775.0992988747666,0,2775.0992988747666,0
2009-05-06,2775.0992988747666,0,2775.0992988747666,0
2009-05-07,2775.0992988747666,0,2775.0992988747666,0
2009-05-08,2775.0992988747666,0,2775.0992988747666,0
2009-05-11,2775.0992988747666,0,2775.0992988747666,0
2009-05-12,2775.0992988747666,0,2775.0992988747666,0
2009-05-13,2775.0992988747666,0,2775.0992988747666,0
2009-05-14,2775.0992988747666,0,2775.0992988747666,0
2009-05-15,2775.0992988747666,0,2775.0992988747666,0
2009-05-18,2775.0992988747666,0,2775.0992988747666,0
2009-05-19,2337.102516291873,432.6967825828934,2769.7992988747665,1
2009-05-20,1902.629078310971,858.2587906101693,2760.88786892114,2
2009-05-21,1902.629078310971,832.3579434260523,2734.9870217370235,2
2009-05-22,1902.629078310971,830.4641441725131,2733.093222483484,2
2009-05-26,1902.629078310971,867.6681137135276,2770.2971920244986,2
2009-05-27,1902.629078310971,838.0237091725853,2740.6527874835565,2
2009-05-28,1902.629078310971,861.9010392892683,2764.5301176002395,2
2009-05-29,1902.629078310971,884.5009477937865,2787.1300261047572,2
2009-06-01,1902.629078310971,912.4731658077724,2815.1022441187433,2
2009-06-02,1902.629078310971,917.0937337277974,2819.722812038768,2
2009-06-03,1902.629078310971,901.7932397885286,2804.4223180994995,2
2009-06-04,1902.629078310971,917.2883556163318,2819.9174339273027,2
2009-06-05,1902.629078310971,919.0050179086152,2821.6340962195864,2
2009-06-08,1902.629078310971,925.9246930474783,2828.553771358449,2
2009-06-09,1902.629078310971,938.2830521363717,2840.912130447343,2
2009-06-10,1902.629078310971,938.0763583907617,2840.7054367017327,2
2009-06-11,1902.629078310971,949.0245750441579,2851.653653355129,2
2009-06-12,1902.629078310971,954.371328447147,2857.000406758118,2
2009-06-15,1902.629078310971,936.564334456237,2839.193412767208,2
2009-06-16,1902.629078310971,917.8264562352144,2820.4555345461854,2
2009-06-17,1902.629078310971,929.0814678809425,2831.7105461919136,2
2009-06-18,1902.629078310971,957.5869281662278,2860.216006477199,2
2009-06-19,1960.5197759285684,912.9897504288873,2873.509526357456,2
2009-06-22,1960.5197759285684,878.0691271331996,2838.588903061768,2
2009-06-23,2454.9272504323953,398.3825195593301,2853.3097699917253,1
2009-06-24,2022.4618396173576,831.7546290171986,2854.216468634556,2
2009-06-25,2022.4618396173576,869.5390632081907,2892.000902825548,2
2009-06-26,2022.4618396173576,868.7493282168637,2891.211167834221,2
2009-06-29,2022.4618396173576,886.456026421907,2908.9178660392645,2
2009-06-30,2022.4618396173576,871.6821418296017,2894.1439814469595,2
2009-07-01,2022.4618396173576,880.019166461356,2902.4810060787136,2
2009-07-02,2022.4618396173576,819.4269305775188,2841.888770194876,2
2009-07-06,2022.4618396173576,825.8084937920787,2848.2703334094363,2
2009-07-07,2022.4618396173576,753.6910634084527,2776.1529030258102,2
2009-07-08,2022.4618396173576,745.1849662420432,2767.646805859401,2
2009-07-09,2022.4618396173576,761.9419974457827,2784.40383706314,2
2009-07-10,2022.4618396173576,742.4605643113089,2764.9224039286664,2
2009-07-13,2022.4618396173576,853.7803082225155,2876.242147839873,2
2009-07-14,2022.4618396173576,879.1206595812887,2901.5824991986465,2
2009-07-15,2022.4618396173576,937.5467303052196,2960.0085699225774,2
2009-07-16,2022.4618396173576,955.4721941338348,2977.934033751192,2
2009-07-17,2022.4618396173576,965.2844163918646,2987.746256009222,2
2009-07-20,2575.7460447194985,426.7365494560131,3002.4825941755116,1
2009-07-21,2140.026143699445,861.0779114030897,3001.104055102535,2
2009-07-22,2140.026143699445,861.6743967342809,3001.700540433726,2
2009-07-23,2140.026143699445,896.7351936554733,3036.7613373549184,2
2009-07-24,2140.026143699445,902.8077474517864,3042.8338911512315,2
2009-07-27,2140.026143699445,905.5283778685907,3045.554521568036,2
2009-07-28,2140.026143699445,901.1825254006887,3041.208669100134,2
2009-07-29,2140.026143699445,894.8376972641886,3034.8638409636337,2
2009-07-30,2140.026143699445,910.9482318747116,3050.9743755741565,2
2009-07-31,2140.026143699445,911.4866014607843,3051.5127451602293,2
2009-08-03,2140.026143699445,933.3281893614774,3073.3543330609227,2
2009-08-04,2140.026143699445,940.9225639077597,3080.9487076072046,2
2009-08-05,2140.026143699445,941.0162740067886,3081.0424177062337,2
2009-08-06,2140.026143699445,935.4628844466247,3075.48902814607,2
2009-08-07,2140.026143699445,952.9738622582138,3093.0000059576587,2
2009-08-10,2140.026143699445,959.0137986967543,3099.0399423961994,2
2009-08-11,2140.026143699445,948.2330249847316,3088.259168684177,2
2009-08-12,2140.026143699445,963.5500294328028,3103.576173132248,2
2009-08-13,2196.6876282315548,910.9889632221705,3107.6765914537255,2
2009-08-14,2196.6876282315548,903.1417539408791,3099.8293821724337,2
2009-08-17,2196.6876282315548,861.4833510948386,3058.1709793263935,2
2009-08-18,2255.9727331854224,820.36082654506,3076.333559730482,2
2009-08-19,2255.9727331854224,834.8901563218117,3090.8628895072343,2
2009-08-20,2255.9727331854224,857.9705121344364,3113.9432453198588,2
2009-08-21,2255.9727331854224,887.8410272477113,3143.8137604331337,2
2009-08-24,2255.9727331854224,890.3052772702013,3146.2780104556236,2
2009-08-25,2255.9727331854224,895.8592408897302,3151.8319740751526,2
2009-08-26,2255.9727331854224,897.5556406086807,3153.528373794103,2
2009-08-27,2255.9727331854224,904.2352897235924,3160.2080229090147,2
2009-08-28,2255.9727331854224,903.2136045901848,3159.186337775607,2
2009-08-31,2255.9727331854224,892.6266579980169,3148.5993911834394,2
2009-09-01,2255.9727331854224,840.5337179455781,3096.5064511310006,2
2009-09-02,2255.9727331854224,834.4182283358223,3090.3909615212447,2
2009-09-03,2255.9727331854224,862.6188857154643,3118.5916189008867,2
2009-09-04,2255.9727331854224,900.8778719975871,3156.8506051830095,2
2009-09-08,2255.9727331854224,932.4172727890582,3188.3900059744806,2
2009-09-09,2255.9727331854224,954.6414522353878,3210.61418542081,2
2009-09-10,2312.331172468314,910.0332887717457,3222.3644612400594,2
2009-09-11,2312.331172468314,908.6581098301403,3220.9892822984543,2
2009-09-14,2378.6126861318903,851.1534888974783,3229.7661750293687,2
2009-09-15,2378.6126861318903,858.7620001271944,3237.3746862590847,2
2009-09-16,2378.6126861318903,883.961971989497,3262.574658121387,2
2009-09-17,2378.6126861318903,880.5328619925876,3259.145548124478,2
2009-09-18,2378.6126861318903,884.7276522354804,3263.340338367371,2
2009-09-21,2378.6126861318903,882.8378648710907,3261.4505510029812,2
2009-09-22,2378.6126861318903,898.7707058660517,3277.383391997942,2
2009-09-23,2378.6126861318903,882.2543289023229,3260.867015034213,2
2009-09-24,2378.6126861318903,859.7966326284077,3238.409318760298,2
2009-09-25,2378.6126861318903,845.5886181739114,3224.201304305802,2
2009-09-28,2378.6126861318903,890.5769604471772,3269.1896465790674,2
2009-09-29,2378.6126861318903,887.843251504599,3266.4559376364896,2
2009-09-30,2378.6126861318903,882.4349816052846,3261.047667737175,2
2009-10-01,2378.6126861318903,808.7767452641003,3187.389431395991,2
2009-10-02,2378.6126861318903,794.0466413700103,3172.6593275019004,2
2009-10-05,2378.6126861318903,856.7183834307616,3235.331069562652,2
2009-10-06,2378.6126861318903,902.4509399710098,3281.0636261029003,2
2009-10-07,2378.6126861318903,919.6797863358297,3298.29247246772,2
2009-10-08,2378.6126861318903,942.3419184256479,3320.954604557538,2
2009-10-09,2440.3759676903346,893.3551237990768,3333.7310914894115,2
2009-10-12,2440.3759676903346,911.9076530943403,3352.283620784675,2
2009-10-13,2496.6747491787946,848.6326229618495,3345.307372140644,2
2009-10-14,2496.6747491787946,880.9839919097153,3377.65874108851,2
2009-10-15,2496.6747491787946,893.061746874412,3389.736496053207,2
2009-10-16,2496.6747491787946,882.5522663905356,3379.2270155693304,2
2009-10-19,2496.6747491787946,902.0740216034533,3398.748770782248,2
2009-10-20,2496.6747491787946,896.9576898804686,3393.632439059263,2
2009-10-21,2496.6747491787946,875.5517486377622,3372.2264978165567,2
2009-10-22,2496.6747491787946,905.1131604165209,3401.787909595316,2
2009-10-23,2496.6747491787946,875.5587620259694,3372.233511204764,2
2009-10-26,2496.6747491787946,844.4575499023445,3341.132299081139,2
2009-10-27,2496.6747491787946,835.2093761952979,3331.8841253740925,2
2009-10-28,2496.6747491787946,763.3293703269945,3260.0041195057893,2
2009-10-29,2496.6747491787946,847.0763003881315,3343.751049566926,2
2009-10-30,2496.6747491787946,726.2885454610671,3222.9632946398615,2
2009-11-02,2496.6747491787946,763.7547324821426,3260.429481660937,2
2009-11-03,2496.6747491787946,777.0243602774219,3273.6991094562163,2
2009-11-04,2496.6747491787946,786.653161761031,3283.3279109398254,2
2009-11-05,2496.6747491787946,874.8488847088722,3371.5236338876666,2
2009-11-06,2496.6747491787946,896.7312803856985,3393.406029564493,2
2009-11-09,2560.987214887282,900.5153759078912,3461.502590795173,2
2009-11-10,2560.987214887282,905.3727604818425,3466.359975369124,2
2009-11-11,2625.0898693357203,845.7498814828182,3470.8397508185385,2
2009-11-12,2625.0898693357203,820.9684468690732,3446.0583162047933,2
2009-11-13,2625.0898693357203,835.9027405518848,3460.992609887605,2
2009-11-16,2625.0898693357203,869.1139543068346,3494.203823642555,2
2009-11-17,2625.0898693357203,873.9007066952814,3498.9905760310016,2
2009-11-18,2625.0898693357203,877.8579905165179,3502.9478598522383,2
2009-11-19,2625.0898693357203,845.4074313452768,3470.497300680997,2
2009-11-20,2625.0898693357203,839.8906380793601,3464.9805074150804,2
2009-11-23,2625.0898693357203,883.1237784706743,3508.213647806395,2
2009-11-24,2625.0898693357203,888.4146457931806,3513.504515128901,2
2009-11-25,2625.0898693357203,900.6942755773468,3525.7841449130674,2
2009-11-27,2625.0898693357203,841.9501990916406,3467.040068427361,2
2009-11-30,2625.0898693357203,861.8121097109015,3486.901979046622,2
2009-12-01,2625.0898693357203,909.8361314264023,3534.9260007621224,2
2009-12-02,2625.0898693357203,920.3338773886098,3545.42374672433,2
2009-12-03,2625.0898693357203,896.9779558621159,3522.067825197836,2
2009-12-04,2625.0898693357203,923.8903809774281,3548.9802503131486,2
2009-12-07,2625.0898693357203,933.650422985068,3558.7402923207883,2
2009-12-08,2625.0898693357203,904.4405268643886,3529.530396200109,2
2009-12-09,2625.0898693357203,932.3066231698443,3557.3964925055648,2
2009-12-10,2685.5830344618385,891.5154216268766,3577.098456088715,2
2009-12-11,2685.5830344618385,908.5456472134028,3594.1286816752413,2
2009-12-14,2752.848449466606,861.5127729149041,3614.36122238151,2
2009-12-15,2752.848449466606,849.2532853296427,3602.101734796249,2
2009-12-16,2752.848449466606,856.2840712208827,3609.1325206874885,2
2009-12-17,2752.848449466606,821.0381342796904,3573.8865837462963,2
2009-12-18,2752.848449466606,839.2087636305455,3592.0572130971514,2
2009-12-21,2752.848449466606,872.9658865582587,3625.8143360248646,2
2009-12-22,2752.848449466606,887.8694480677716,3640.7178975343777,2
2009-12-23,2752.848449466606,893.6347110538643,3646.48316052047,2
2009-12-24,2752.848449466606,907.4308654960341,3660.27931496264,2
2009-12-28,2752.848449466606,917.2869340881177,3670.1353835547234,2
2009-12-29,2752.848449466606,917.3942297973999,3670.242679264006,2
2009-12-30,2752.848449466606,921.438972180599,3674.2874216472046,2
2009-12-31,2752.848449466606,893.406248863999,3646.2546983306047,2
2010-01-04,2752.848449466606,950.451084419301,3703.299533885907,2
2010-01-05,2817.145564295927,891.8588306077997,3709.004394903727,2
2010-01-06,2817.145564295927,896.5211776868452,3713.6667419827727,2
2010-01-07,2817.145564295927,907.5260200769949,3724.671584372922,2
2010-01-08,2878.893305794568,851.998528338245,3730.8918341328126,2
2010-01-11,2878.893305794568,863.7838008179759,3742.677106612544,2
2010-01-12,2878.893305794568,833.0131931840496,3711.9064989786175,2
2010-01-13,2878.893305794568,861.7273322206728,3740.6206380152407,2
2010-01-14,2878.893305794568,871.4906076404268,3750.3839134349946,2
2010-01-15,2878.893305794568,838.2545332217644,3717.147839016332,2
2010-01-19,2878.893305794568,886.7132181237516,3765.6065239183195,2
2010-01-20,2878.893305794568,848.8136327328175,3727.7069385273853,2
2010-01-21,2878.893305794568,753.2633283502921,3632.1566341448597,2
2010-01-22,2878.893305794568,581.5361530138191,3460.4294588083867,2
2010-01-25,2878.893305794568,614.1831420525197,3493.0764478470874,2
2010-01-26,3144.99151538998,306.94285543747986,3451.93437082746,1
2010-01-27,3144.99151538998,329.2479498830211,3474.2394652730013,1
2010-01-28,3144.99151538998,271.1136456257407,3416.105161015721,1
2010-01-29,3363.1412591360936,0,3363.1412591360936,0
2010-02-01,3363.1412591360936,0,3363.1412591360936,0
2010-02-02,3363.1412591360936,0,3363.1412591360936,0
2010-02-03,3363.1412591360936,0,3363.1412591360936,0
2010-02-04,3363.1412591360936,0,3363.1412591360936,0
2010-02-05,3363.1412591360936,0,3363.1412591360936,0
2010-02-08,3363.1412591360936,0,3363.1412591360936,0
2010-02-09,3363.1412591360936,0,3363.1412591360936,0
2010-02-10,3363.1412591360936,0,3363.1412591360936,0
2010-02-11,3363.1412591360936,0,3363.1412591360936,0
2010-02-12,3363.1412591360936,0,3363.1412591360936,0
2010-02-16,3363.1412591360936,0,3363.1412591360936,0
2010-02-17,3363.1412591360936,0,3363.1412591360936,0
2010-02-18,3363.1412591360936,0,3363.1412591360936,0
2010-02-19,2935.736034651993,422.1052244841001,3357.8412591360934,1
2010-02-22,2935.736034651993,422.0953444223312,3357.831379074324,1
2010-02-23,2935.736034651993,402.7480799004973,3338.4841145524906,1
2010-02-24,2935.736034651993,418.9751396807079,3354.711174332701,1
2010-02-25,2935.736034651993,416.84965504031373,3352.585689692307,1
2010-02-26,2935.736034651993,420.80702858838777,3356.543063240381,1
2010-03-01,2511.3240091135654,856.5867864940774,3367.9107956076427,2
2010-03-02,2511.3240091135654,864.9420764041961,3376.2660855177614,2
2010-03-03,2511.3240091135654,868.927184430645,3380.2511935442103,2
2010-03-04,2511.3240091135654,880.3647289223575,3391.688738035923,2
2010-03-05,2511.3240091135654,919.303548700376,3430.627557813941,2
2010-03-08,2511.3240091135654,923.5229473885106,3434.846956502076,2
2010-03-09,2511.3240091135654,928.0934726903829,3439.4174818039482,2
2010-03-10,2511.3240091135654,933.3977958099927,3444.721804923558,2
2010-03-11,2511.3240091135654,945.055314220713,3456.3793233342785,2
2010-03-12,2563.6663489286875,891.7448841634275,3455.4112330921153,2
2010-03-15,2563.6663489286875,895.4595613090274,3459.125910237715,2
2010-03-16,2563.6663489286875,914.5127841828296,3478.1791331115173,2
2010-03-17,2563.6663489286875,931.502542367939,3495.1688912966265,2
2010-03-18,2563.6663489286875,935.2239681887181,3498.8903171174056,2
2010-03-19,2563.6663489286875,926.9435167153936,3490.609865644081,2
2010-03-22,2623.73498780196,876.4954346393292,3500.230422441289,2
2010-03-23,2623.73498780196,899.1022502052565,3522.8372380072165,2
2010-03-24,2623.73498780196,879.3943409273672,3503.1293287293274,2
2010-03-25,2623.73498780196,871.4218873658446,3495.1568751678046,2
2010-03-26,2623.73498780196,879.3280626429312,3503.063050444891,2
2010-03-29,2623.73498780196,901.167543970724,3524.9025317726837,2
2010-03-30,2623.73498780196,907.2995459719417,3531.034533773902,2
2010-03-31,2623.73498780196,898.95310093474,3522.6880887366997,2
2010-04-01,2623.73498780196,919.2806301519556,3543.0156179539154,2
2010-04-05,2683.9884001079704,882.0479897959249,3566.0363899038953,2
2010-04-06,2683.9884001079704,894.1457634032765,3578.1341635112467,2
2010-04-07,2683.9884001079704,877.812919949054,3561.8013200570244,2
2010-04-08,2683.9884001079704,890.3420426642864,3574.330442772257,2
2010-04-09,2683.9884001079704,911.4453466738948,3595.433746781865,2
2010-04-12,2683.9884001079704,927.5466877719148,3611.5350878798854,2
2010-04-13,2683.9884001079704,927.0547456107274,3611.043145718698,2
2010-04-14,2752.640267948205,877.1706675352443,3629.810935483449,2
2010-04-15,2752.640267948205,878.8257434813399,3631.466011429545,2
2010-04-16,2752.640267948205,813.0657443657318,3565.7060123139368,2
2010-04-19,2752.640267948205,838.7653903438375,3591.405658292042,2
2010-04-20,2752.640267948205,879.0373291429,3631.677597091105,2
2010-04-21,2752.640267948205,873.5069920065212,3626.147259954726,2
2010-04-22,2752.640267948205,881.7113557168466,3634.351623665051,2
2010-04-23,2752.640267948205,902.5487640631437,3655.1890320113484,2
2010-04-26,2752.640267948205,893.6615787214832,3646.301846669688,2
2010-04-27,2752.640267948205,775.3174353943882,3527.957703342593,2
2010-04-28,2752.640267948205,819.0878461460213,3571.728114094226,2
2010-04-29,2752.640267948205,884.6443514104452,3637.28461935865,2
2010-04-30,2752.640267948205,800.5311715912616,3553.1714395394665,2
2010-05-03,2752.640267948205,880.1604432790996,3632.8007112273044,2
2010-05-04,2752.640267948205,737.9872750191449,3490.6275429673497,2
2010-05-05,2752.640267948205,688.9454970023936,3441.5857649505983,2
2010-05-06,3132.066896893507,0,3132.066896893507,0
2010-05-07,3132.066896893507,0,3132.066896893507,0
2010-05-10,3132.066896893507,0,3132.066896893507,0
2010-05-11,3132.066896893507,0,3132.066896893507,0
2010-05-12,3132.066896893507,0,3132.066896893507,0
2010-05-13,3132.066896893507,0,3132.066896893507,0
2010-05-14,3132.066896893507,0,3132.066896893507,0
2010-05-17,3132.066896893507,0,3132.066896893507,0
2010-05-18,3132.066896893507,0,3132.066896893507,0
2010-05-19,3132.066896893507,0,3132.066896893507,0
2010-05-20,3132.066896893507,0,3132.066896893507,0
2010-05-21,3132.066896893507,0,3132.066896893507,0
2010-05-24,3132.066896893507,0,3132.066896893507,0
2010-05-25,3132.066896893507,0,3132.066896893507,0
2010-05-26,3132.066896893507,0,3132.066896893507,0
2010-05-27,3132.066896893507,0,3132.066896893507,0
2010-05-28,3132.066896893507,0,3132.066896893507,0
2010-06-01,3132.066896893507,0,3132.066896893507,0
2010-06-02,3132.066896893507,0,3132.066896893507,0
2010-06-03,3132.066896893507,0,3132.066896893507,0
2010-06-04,3132.066896893507,0,3132.066896893507,0
2010-06-07,3132.066896893507,0,3132.066896893507,0
2010-06-08,3132.066896893507,0,3132.066896893507,0
2010-06-09,3132.066896893507,0,3132.066896893507,0
2010-06-10,3132.066896893507,0,3132.066896893507,0
2010-06-11,3132.066896893507,0,3132.066896893507,0
2010-06-14,3132.066896893507,0,3132.066896893507,0
2010-06-15,3132.066896893507,0,3132.066896893507,0
2010-06-16,3132.066896893507,0,3132.066896893507,0
2010-06-17,3132.066896893507,0,3132.066896893507,0
2010-06-18,3132.066896893507,0,3132.066896893507,0
2010-06-21,3132.066896893507,0,3132.066896893507,0
2010-06-22,3132.066896893507,0,3132.066896893507,0
2010-06-23,3132.066896893507,0,3132.066896893507,0
2010-06-24,3132.066896893507,0,3132.066896893507,0
2010-06-25,3132.066896893507,0,3132.066896893507,0
2010-06-28,3132.066896893507,0,3132.066896893507,0
2010-06-29,3132.066896893507,0,3132.066896893507,0
2010-06-30,3132.066896893507,0,3132.066896893507,0
2010-07-01,3132.066896893507,0,3132.066896893507,0
2010-07-02,3132.066896893507,0,3132.066896893507,0
2010-07-06,3132.066896893507,0,3132.066896893507,0
2010-07-07,3132.066896893507,0,3132.066896893507,0
2010-07-08,3132.066896893507,0,3132.066896893507,0
2010-07-09,3132.066896893507,0,3132.066896893507,0
2010-07-12,3132.066896893507,0,3132.066896893507,0
2010-07-13,3132.066896893507,0,3132.066896893507,0
2010-07-14,3132.066896893507,0,3132.066896893507,0
2010-07-15,3132.066896893507,0,3132.066896893507,0
2010-07-16,3132.066896893507,0,3132.066896893507,0
2010-07-19,3132.066896893507,0,3132.066896893507,0
2010-07-20,3132.066896893507,0,3132.066896893507,0
2010-07-21,3132.066896893507,0,3132.066896893507,0
2010-07-22,3132.066896893507,0,3132.066896893507,0
2010-07-23,3132.066896893507,0,3132.066896893507,0
2010-07-26,3132.066896893507,0,3132.066896893507,0
2010-07-27,3132.066896893507,0,3132.066896893507,0
2010-07-28,3132.066896893507,0,3132.066896893507,0
2010-07-29,3132.066896893507,0,3132.066896893507,0
2010-07-30,3132.066896893507,0,3132.066896893507,0
2010-08-02,3132.066896893507,0,3132.066896893507,0
2010-08-03,3132.066896893507,0,3132.066896893507,0
2010-08-04,3132.066896893507,0,3132.066896893507,0
2010-08-05,3132.066896893507,0,3132.066896893507,0
2010-08-06,3132.066896893507,0,3132.066896893507,0
2010-08-09,3132.066896893507,0,3132.066896893507,0
2010-08-10,3132.066896893507,0,3132.066896893507,0
2010-08-11,3132.066896893507,0,3132.066896893507,0
2010-08-12,3132.066896893507,0,3132.066896893507,0
2010-08-13,3132.066896893507,0,3132.066896893507,0
2010-08-16,3132.066896893507,0,3132.066896893507,0
2010-08-17,3132.066896893507,0,3132.066896893507,0
2010-08-18,3132.066896893507,0,3132.066896893507,0
2010-08-19,3132.066896893507,0,3132.066896893507,0
2010-08-20,3132.066896893507,0,3132.066896893507,0
2010-08-23,3132.066896893507,0,3132.066896893507,0
2010-08-24,3132.066896893507,0,3132.066896893507,0
2010-08-25,3132.066896893507,0,3132.066896893507,0
2010-08-26,3132.066896893507,0,3132.066896893507,0
2010-08-27,3132.066896893507,0,3132.066896893507,0
2010-08-30,3132.066896893507,0,3132.066896893507,0
2010-08-31,3132.066896893507,0,3132.066896893507,0
2010-09-01,3132.066896893507,0,3132.066896893507,0
2010-09-02,3132.066896893507,0,3132.066896893507,0
2010-09-03,3132.066896893507,0,3132.066896893507,0
2010-09-07,3132.066896893507,0,3132.066896893507,0
2010-09-08,3132.066896893507,0,3132.066896893507,0
2010-09-09,3132.066896893507,0,3132.066896893507,0
2010-09-10,3132.066896893507,0,3132.066896893507,0
2010-09-13,3132.066896893507,0,3132.066896893507,0
2010-09-14,3132.066896893507,0,3132.066896893507,0
2010-09-15,3132.066896893507,0,3132.066896893507,0
2010-09-16,3132.066896893507,0,3132.066896893507,0
2010-09-17,3132.066896893507,0,3132.066896893507,0
2010-09-20,3132.066896893507,0,3132.066896893507,0
2010-09-21,3132.066896893507,0,3132.066896893507,0
2010-09-22,3132.066896893507,0,3132.066896893507,0
2010-09-23,3132.066896893507,0,3132.066896893507,0
2010-09-24,3132.066896893507,0,3132.066896893507,0
2010-09-27,3132.066896893507,0,3132.066896893507,0
2010-09-28,3132.066896893507,0,3132.066896893507,0
2010-09-29,3132.066896893507,0,3132.066896893507,0
2010-09-30,3132.066896893507,0,3132.066896893507,0
2010-10-01,3132.066896893507,0,3132.066896893507,0
2010-10-04,3132.066896893507,0,3132.066896893507,0
2010-10-05,3132.066896893507,0,3132.066896893507,0
2010-10-06,3132.066896893507,0,3132.066896893507,0
2010-10-07,3132.066896893507,0,3132.066896893507,0
2010-10-08,3132.066896893507,0,3132.066896893507,0
2010-10-11,3132.066896893507,0,3132.066896893507,0
2010-10-12,3132.066896893507,0,3132.066896893507,0
2010-10-13,3132.066896893507,0,3132.066896893507,0
2010-10-14,3132.066896893507,0,3132.066896893507,0
2010-10-15,3132.066896893507,0,3132.066896893507,0
2010-10-18,3132.066896893507,0,3132.066896893507,0
2010-10-19,3132.066896893507,0,3132.066896893507,0
2010-10-20,3132.066896893507,0,3132.066896893507,0
2010-10-21,3132.066896893507,0,3132.066896893507,0
2010-10-22,3132.066896893507,0,3132.066896893507,0
2010-10-25,3132.066896893507,0,3132.066896893507,0
2010-10-26,3132.066896893507,0,3132.066896893507,0
2010-10-27,3132.066896893507,0,3132.066896893507,0
2010-10-28,3132.066896893507,0,3132.066896893507,0
2010-10-29,3132.066896893507,0,3132.066896893507,0
2010-11-01,3132.066896893507,0,3132.066896893507,0
2010-11-02,3132.066896893507,0,3132.066896893507,0
2010-11-03,3132.066896893507,0,3132.066896893507,0
2010-11-04,3132.066896893507,0,3132.066896893507,0
2010-11-05,3132.066896893507,0,3132.066896893507,0
2010-11-08,3132.066896893507,0,3132.066896893507,0
2010-11-09,3132.066896893507,0,3132.066896893507,0
2010-11-10,3132.066896893507,0,3132.066896893507,0
2010-11-11,3132.066896893507,0,3132.066896893507,0
2010-11-12,3132.066896893507,0,3132.066896893507,0
2010-11-15,3132.066896893507,0,3132.066896893507,0
2010-11-16,3132.066896893507,0,3132.066896893507,0
2010-11-17,3132.066896893507,0,3132.066896893507,0
2010-11-18,3132.066896893507,0,3132.066896893507,0
2010-11-19,3132.066896893507,0,3132.066896893507,0
2010-11-22,3132.066896893507,0,3132.066896893507,0
2010-11-23,3132.066896893507,0,3132.066896893507,0
2010-11-24,3132.066896893507,0,3132.066896893507,0
2010-11-26,3132.066896893507,0,3132.066896893507,0
2010-11-29,3132.066896893507,0,3132.066896893507,0
2010-11-30,3132.066896893507,0,3132.066896893507,0
2010-12-01,3132.066896893507,0,3132.066896893507,0
2010-12-02,3132.066896893507,0,3132.066896893507,0
2010-12-03,3132.066896893507,0,3132.066896893507,0
2010-12-06,3132.066896893507,0,3132.066896893507,0
2010-12-07,3132.066896893507,0,3132.066896893507,0
2010-12-08,3132.066896893507,0,3132.066896893507,0
2010-12-09,3132.066896893507,0,3132.066896893507,0
2010-12-10,3132.066896893507,0,3132.066896893507,0
2010-12-13,3132.066896893507,0,3132.066896893507,0
2010-12-14,3132.066896893507,0,3132.066896893507,0
2010-12-15,3132.066896893507,0,3132.066896893507,0
2010-12-16,3132.066896893507,0,3132.066896893507,0
2010-12-17,3132.066896893507,0,3132.066896893507,0
2010-12-20,3132.066896893507,0,3132.066896893507,0
2010-12-21,3132.066896893507,0,3132.066896893507,0
2010-12-22,3132.066896893507,0,3132.066896893507,0
2010-12-23,3132.066896893507,0,3132.066896893507,0
2010-12-27,3132.066896893507,0,3132.066896893507,0
2010-12-28,3132.066896893507,0,3132.066896893507,0
2010-12-29,3132.066896893507,0,3132.066896893507,0
2010-12-30,3132.066896893507,0,3132.066896893507,0
2010-12-31,3132.066896893507,0,3132.066896893507,0
2011-01-03,3132.066896893507,0,3132.066896893507,0
2011-01-04,3132.066896893507,0,3132.066896893507,0
2011-01-05,3132.066896893507,0,3132.066896893507,0
2011-01-06,3132.066896893507,0,3132.066896893507,0
2011-01-07,3132.066896893507,0,3132.066896893507,0
2011-01-10,3132.066896893507,0,3132.066896893507,0
2011-01-11,3132.066896893507,0,3132.066896893507,0
2011-01-12,3132.066896893507,0,3132.066896893507,0
2011-01-13,2711.590746690455,415.17615020305175,3126.766896893507,1
2011-01-14,2289.2933049464136,847.8186075616413,3137.111912508055,2
2011-01-18,2289.2933049464136,854.4405917367719,3143.733896683186,2
2011-01-19,2289.2933049464136,809.3404939486006,3098.6337988950145,2
2011-01-20,2289.2933049464136,801.6980968594901,3090.9914018059035,2
2011-01-21,2289.2933049464136,809.8862346364615,3099.179539582875,2
2011-01-24,2289.2933049464136,840.3648201064098,3129.6581250528234,2
2011-01-25,2289.2933049464136,843.6299903420481,3132.9232952884618,2
2011-01-26,2289.2933049464136,867.92474202132,3157.2180469677337,2
2011-01-27,2289.2933049464136,882.226087089783,3171.5193920361967,2
2011-01-28,2289.2933049464136,787.7670007013289,3077.0603056477426,2
2011-01-31,2289.2933049464136,829.8269039331195,3119.120208879533,2
2011-02-01,2289.2933049464136,904.8514125871366,3194.14471753355,2
2011-02-02,2289.2933049464136,903.919013292478,3193.2123182388914,2
2011-02-03,2289.2933049464136,920.4513330196557,3209.7446379660696,2
2011-02-04,2289.2933049464136,939.1271463321714,3228.420451278585,2
2011-02-07,2348.2639868475026,898.0402966197606,3246.3042834672633,2
2011-02-08,2410.6429326098732,845.6216740554961,3256.2646066653692,2
2011-02-09,2410.6429326098732,836.8630233178451,3247.5059559277183,2
2011-02-10,2410.6429326098732,839.0626877921214,3249.7056204019946,2
2011-02-11,2410.6429326098732,861.3672910965099,3272.010223706383,2
2011-02-14,2410.6429326098732,871.4540320590787,3282.096964668952,2
2011-02-15,2410.6429326098732,859.787704030172,3270.430636640045,2
2011-02-16,2410.6429326098732,877.7630535866374,3288.4059861965106,2
2011-02-17,2410.6429326098732,889.2626570029474,3299.9055896128207,2
2011-02-18,2410.6429326098732,897.8520734489537,3308.495006058827,2
2011-02-22,2410.6429326098732,811.4928149204026,3222.1357475302757,2
2011-02-23,2410.6429326098732,782.6750765440231,3193.318009153896,2
2011-02-24,2410.6429326098732,781.9385724303447,3192.581505040218,2
2011-02-25,2410.6429326098732,840.298870126004,3250.941802735877,2
2011-02-28,2410.6429326098732,879.1752230330487,3289.8181556429217,2
2011-03-01,2410.6429326098732,794.5802546289432,3205.2231872388165,2
2011-03-02,2410.6429326098732,808.3279684610125,3218.9709010708857,2
2011-03-03,2410.6429326098732,902.8498565169108,3313.492789126784,2
2011-03-04,2410.6429326098732,877.3467354337939,3287.9896680436673,2
2011-03-07,2410.6429326098732,846.680807618148,3257.323740228021,2
2011-03-08,2410.6429326098732,908.2344224631319,3318.877355073005,2
2011-03-09,2410.6429326098732,911.5169786454987,3322.159911255372,2
2011-03-10,2410.6429326098732,783.769871233179,3194.412803843052,2
2011-03-11,2410.6429326098732,876.8028471745578,3287.445779784431,2
2011-03-14,2910.6429326098732,423.9752268570433,3334.6181594669165,1
2011-03-15,3228.0428837817526,0,3228.0428837817526,0
2011-03-16,3228.0428837817526,0,3228.0428837817526,0
2011-03-17,3228.0428837817526,0,3228.0428837817526,0
2011-03-18,3228.0428837817526,0,3228.0428837817526,0
2011-03-21,3228.0428837817526,0,3228.0428837817526,0
2011-03-22,3228.0428837817526,0,3228.0428837817526,0
2011-03-23,3228.0428837817526,0,3228.0428837817526,0
2011-03-24,2805.6279183411816,417.114965440571,3222.7428837817524,1
2011-03-25,2378.433129194312,844.2433090476084,3222.6764382419206,2
2011-03-28,2378.433129194312,831.6535369509132,3210.0866661452255,2
2011-03-29,2378.433129194312,859.0399317455773,3237.4730609398894,2
2011-03-30,2378.433129194312,880.2035305045731,3258.6366596988855,2
2011-03-31,2378.433129194312,877.2762489129968,3255.709378107309,2
2011-04-01,2378.433129194312,893.2384061386283,3271.6715353329405,2
2011-04-04,2378.433129194312,899.7449622167237,3278.178091411036,2
2011-04-05,2378.433129194312,903.75223655055,3282.1853657448623,2
2011-04-06,2378.433129194312,914.0231572416135,3292.456286435926,2
2011-04-07,2378.433129194312,911.7819684670217,3290.215097661334,2
2011-04-08,2378.433129194312,899.1741533513053,3277.6072825456176,2
2011-04-11,2378.433129194312,912.8267074046834,3291.2598365989957,2
2011-04-12,2378.433129194312,888.7986479597316,3267.231777154044,2
2011-04-13,2378.433129194312,895.1431759399245,3273.5763051342365,2
2011-04-14,2378.433129194312,905.9880421470247,3284.421171341337,2
2011-04-15,2378.433129194312,931.9657313240361,3310.3988605183486,2
2011-04-18,2378.433129194312,895.1492542253842,3273.5823834196963,2
2011-04-19,2378.433129194312,934.5749672237334,3313.0080964180456,2
2011-04-20,2935.1592474996028,412.3007793590151,3347.4600268586178,1
2011-04-21,2506.327632255507,847.6645497742684,3353.9921820297754,2
2011-04-25,2506.327632255507,838.4887778381689,3344.816410093676,2
2011-04-26,2506.327632255507,871.2072956171667,3377.5349278726735,2
2011-04-27,2506.327632255507,893.010235390047,3399.337867645554,2
2011-04-28,2506.327632255507,910.8523539814539,3417.1799862369608,2
2011-04-29,2506.327632255507,917.1300573161657,3423.4576895716727,2
2011-05-02,2506.327632255507,908.9791704328917,3415.306802688399,2
2011-05-03,2506.327632255507,897.002217237867,3403.3298494933742,2
2011-05-04,2506.327632255507,876.7473009030905,3383.0749331585976,2
2011-05-05,2506.327632255507,838.7174710418016,3345.0451032973087,2
2011-05-06,2506.327632255507,854.2788260976942,3360.606458353201,2
2011-05-09,2506.327632255507,890.2590841163596,3396.5867163718667,2
2011-05-10,2506.327632255507,929.2233287961305,3435.5509610516374,2
2011-05-11,2506.327632255507,889.903265888894,3396.230898144401,2
2011-05-12,2506.327632255507,919.9814908819613,3426.3091231374683,2
2011-05-13,2506.327632255507,886.5952382314981,3392.922870487005,2
2011-05-16,2506.327632255507,866.7761776048676,3373.103809860375,2
2011-05-17,2506.327632255507,879.1203531534933,3385.4479854090005,2
2011-05-18,2506.327632255507,939.0423971732553,3445.3700294287623,2
2011-05-19,2506.327632255507,960.2820810059484,3466.6097132614555,2
2011-05-20,2506.327632255507,928.3420804294426,3434.6697126849494,2
2011-05-23,2506.327632255507,905.0356500419687,3411.363282297476,2
2011-05-24,2506.327632255507,933.118090571638,3439.445722827145,2
2011-05-25,3491.9482653999275,0,3491.9482653999275,0
2011-05-26,3491.9482653999275,0,3491.9482653999275,0
2011-05-27,3062.880370479465,423.7678949204625,3486.6482653999274,1
2011-05-31,2640.3229789170136,861.0382948561595,3501.3612737731733,2
2011-06-01,2640.3229789170136,752.7322050829785,3393.055183999992,2
2011-06-02,2640.3229789170136,745.5058912502367,3385.8288701672504,2
2011-06-03,2640.3229789170136,678.4445852243231,3318.7675641413366,2
2011-06-06,2890.444204061717,324.6451154279647,3215.0893194896817,1
2011-06-07,2890.444204061717,319.9041399161203,3210.348343977837,1
2011-06-08,2890.444204061717,298.93882625310795,3189.3830303148247,1
2011-06-09,2890.444204061717,334.69117862481676,3225.1353826865334,1
2011-06-10,3152.249563595892,0,3152.249563595892,0
2011-06-13,3152.249563595892,0,3152.249563595892,0
2011-06-14,3152.249563595892,0,3152.249563595892,0
2011-06-15,3152.249563595892,0,3152.249563595892,0
2011-06-16,3152.249563595892,0,3152.249563595892,0
2011-06-17,3152.249563595892,0,3152.249563595892,0
2011-06-20,3152.249563595892,0,3152.249563595892,0
2011-06-21,3152.249563595892,0,3152.249563595892,0
2011-06-22,3152.249563595892,0,3152.249563595892,0
2011-06-23,3152.249563595892,0,3152.249563595892,0
2011-06-24,3152.249563595892,0,3152.249563595892,0
2011-06-27,3152.249563595892,0,3152.249563595892,0
2011-06-28,3152.249563595892,0,3152.249563595892,0
2011-06-29,3152.249563595892,0,3152.249563595892,0
2011-06-30,2725.0380429826205,421.91152061327165,3146.949563595892,1
2011-07-01,2297.786094051018,866.1248609403192,3163.9109549913373,2
2011-07-05,2297.786094051018,866.4471672397235,3164.2332612907417,2
2011-07-06,2297.786094051018,868.8181450212885,3166.604239072307,2
2011-07-07,2297.786094051018,900.650384190463,3198.4364782414814,2
2011-07-08,2297.786094051018,885.1951903688882,3182.9812844199064,2
2011-07-11,2297.786094051018,811.9710857962084,3109.7571798472263,2
2011-07-12,2297.786094051018,788.1038180422827,3085.889912093301,2
2011-07-13,2297.786094051018,801.9945367421872,3099.780630793205,2
2011-07-14,2297.786094051018,769.1595584323686,3066.9456524833868,2
2011-07-15,2297.786094051018,801.3156054085837,3099.101699459602,2
2011-07-18,2297.786094051018,755.4194160372876,3053.205510088306,2
2011-07-19,2297.786094051018,846.4472623657884,3144.2333564168066,2
2011-07-20,2297.786094051018,848.0265817221011,3145.8126757731193,2
2011-07-21,2297.786094051018,910.9352589084166,3208.7213529594346,2
2011-07-22,2297.786094051018,918.5224498359961,3216.3085438870144,2
2011-07-25,2297.786094051018,903.8479751090181,3201.6340691600362,2
2011-07-26,2297.786094051018,889.4914853632795,3187.2775794142976,2
2011-07-27,2297.786094051018,768.0873457601549,3065.873439811173,2
2011-07-28,2297.786094051018,744.0371030845008,3041.823197135519,2
2011-07-29,2297.786094051018,685.8777776597442,2983.6638717107626,2
2011-08-01,2569.669535349977,386.87049037404415,2956.5400257240212,1
2011-08-02,2747.1903118310584,0,2747.1903118310584,0
2011-08-03,2747.1903118310584,0,2747.1903118310584,0
2011-08-04,2747.1903118310584,0,2747.1903118310584,0
2011-08-05,2747.1903118310584,0,2747.1903118310584,0
2011-08-08,2747.1903118310584,0,2747.1903118310584,0
2011-08-09,2747.1903118310584,0,2747.1903118310584,0
2011-08-10,2747.1903118310584,0,2747.1903118310584,0
2011-08-11,2747.1903118310584,0,2747.1903118310584,0
2011-08-12,2747.1903118310584,0,2747.1903118310584,0
2011-08-15,2747.1903118310584,0,2747.1903118310584,0
2011-08-16,2747.1903118310584,0,2747.1903118310584,0
2011-08-17,2747.1903118310584,0,2747.1903118310584,0
2011-08-18,2747.1903118310584,0,2747.1903118310584,0
2011-08-19,2747.1903118310584,0,2747.1903118310584,0
2011-08-22,2747.1903118310584,0,2747.1903118310584,0
2011-08-23,2747.1903118310584,0,2747.1903118310584,0
2011-08-24,2747.1903118310584,0,2747.1903118310584,0
2011-08-25,2747.1903118310584,0,2747.1903118310584,0
2011-08-26,2747.1903118310584,0,2747.1903118310584,0
2011-08-29,2747.1903118310584,0,2747.1903118310584,0
2011-08-30,2747.1903118310584,0,2747.1903118310584,0
2011-08-31,2747.1903118310584,0,2747.1903118310584,0
2011-09-01,2747.1903118310584,0,2747.1903118310584,0
2011-09-02,2747.1903118310584,0,2747.1903118310584,0
2011-09-06,2747.1903118310584,0,2747.1903118310584,0
2011-09-07,2747.1903118310584,0,2747.1903118310584,0
2011-09-08,2747.1903118310584,0,2747.1903118310584,0
2011-09-09,2747.1903118310584,0,2747.1903118310584,0
2011-09-12,2747.1903118310584,0,2747.1903118310584,0
2011-09-13,2747.1903118310584,0,2747.1903118310584,0
2011-09-14,2747.1903118310584,0,2747.1903118310584,0
2011-09-15,2747.1903118310584,0,2747.1903118310584,0
2011-09-16,2747.1903118310584,0,2747.1903118310584,0
2011-09-19,2747.1903118310584,0,2747.1903118310584,0
2011-09-20,2747.1903118310584,0,2747.1903118310584,0
2011-09-21,2747.1903118310584,0,2747.1903118310584,0
2011-09-22,2747.1903118310584,0,2747.1903118310584,0
2011-09-23,2747.1903118310584,0,2747.1903118310584,0
2011-09-26,2747.1903118310584,0,2747.1903118310584,0
2011-09-27,2747.1903118310584,0,2747.1903118310584,0
2011-09-28,2747.1903118310584,0,2747.1903118310584,0
2011-09-29,2747.1903118310584,0,2747.1903118310584,0
2011-09-30,2747.1903118310584,0,2747.1903118310584,0
2011-10-03,2747.1903118310584,0,2747.1903118310584,0
2011-10-04,2747.1903118310584,0,2747.1903118310584,0
2011-10-05,2747.1903118310584,0,2747.1903118310584,0
2011-10-06,2747.1903118310584,0,2747.1903118310584,0
2011-10-07,2747.1903118310584,0,2747.1903118310584,0
2011-10-10,2747.1903118310584,0,2747.1903118310584,0
2011-10-11,2747.1903118310584,0,2747.1903118310584,0
2011-10-12,2747.1903118310584,0,2747.1903118310584,0
2011-10-13,2747.1903118310584,0,2747.1903118310584,0
2011-10-14,2747.1903118310584,0,2747.1903118310584,0
2011-10-17,2747.1903118310584,0,2747.1903118310584,0
2011-10-18,2747.1903118310584,0,2747.1903118310584,0
2011-10-19,2747.1903118310584,0,2747.1903118310584,0
2011-10-20,2747.1903118310584,0,2747.1903118310584,0
2011-10-21,2747.1903118310584,0,2747.1903118310584,0
2011-10-24,2747.1903118310584,0,2747.1903118310584,0
2011-10-25,2747.1903118310584,0,2747.1903118310584,0
2011-10-26,2747.1903118310584,0,2747.1903118310584,0
2011-10-27,2747.1903118310584,0,2747.1903118310584,0
2011-10-28,2747.1903118310584,0,2747.1903118310584,0
2011-10-31,2747.1903118310584,0,2747.1903118310584,0
2011-11-01,2747.1903118310584,0,2747.1903118310584,0
2011-11-02,2747.1903118310584,0,2747.1903118310584,0
2011-11-03,2747.1903118310584,0,2747.1903118310584,0
2011-11-04,2747.1903118310584,0,2747.1903118310584,0
2011-11-07,2747.1903118310584,0,2747.1903118310584,0
2011-11-08,2747.1903118310584,0,2747.1903118310584,0
2011-11-09,2747.1903118310584,0,2747.1903118310584,0
2011-11-10,2747.1903118310584,0,2747.1903118310584,0
2011-11-11,2747.1903118310584,0,2747.1903118310584,0
2011-11-14,2747.1903118310584,0,2747.1903118310584,0
2011-11-15,2747.1903118310584,0,2747.1903118310584,0
2011-11-16,2747.1903118310584,0,2747.1903118310584,0
2011-11-17,2747.1903118310584,0,2747.1903118310584,0
2011-11-18,2747.1903118310584,0,2747.1903118310584,0
2011-11-21,2747.1903118310584,0,2747.1903118310584,0
2011-11-22,2747.1903118310584,0,2747.1903118310584,0
2011-11-23,2747.1903118310584,0,2747.1903118310584,0
2011-11-25,2747.1903118310584,0,2747.1903118310584,0
2011-11-28,2747.1903118310584,0,2747.1903118310584,0
2011-11-29,2747.1903118310584,0,2747.1903118310584,0
2011-11-30,2747.1903118310584,0,2747.1903118310584,0
2011-12-01,2747.1903118310584,0,2747.1903118310584,0
2011-12-02,2747.1903118310584,0,2747.1903118310584,0
2011-12-05,2747.1903118310584,0,2747.1903118310584,0
2011-12-06,2747.1903118310584,0,2747.1903118310584,0
2011-12-07,2747.1903118310584,0,2747.1903118310584,0
2011-12-08,2747.1903118310584,0,2747.1903118310584,0
2011-12-09,2747.1903118310584,0,2747.1903118310584,0
2011-12-12,2747.1903118310584,0,2747.1903118310584,0
2011-12-13,2747.1903118310584,0,2747.1903118310584,0
2011-12-14,2747.1903118310584,0,2747.1903118310584,0
2011-12-15,2747.1903118310584,0,2747.1903118310584,0
2011-12-16,2747.1903118310584,0,2747.1903118310584,0
2011-12-19,2747.1903118310584,0,2747.1903118310584,0
2011-12-20,2747.1903118310584,0,2747.1903118310584,0
2011-12-21,2747.1903118310584,0,2747.1903118310584,0
2011-12-22,2747.1903118310584,0,2747.1903118310584,0
2011-12-23,2747.1903118310584,0,2747.1903118310584,0
2011-12-27,2747.1903118310584,0,2747.1903118310584,0
2011-12-28,2747.1903118310584,0,2747.1903118310584,0
2011-12-29,2747.1903118310584,0,2747.1903118310584,0
2011-12-30,2747.1903118310584,0,2747.1903118310584,0
2012-01-03,2747.1903118310584,0,2747.1903118310584,0
2012-01-04,2747.1903118310584,0,2747.1903118310584,0
2012-01-05,2747.1903118310584,0,2747.1903118310584,0
2012-01-06,2747.1903118310584,0,2747.1903118310584,0
2012-01-09,2747.1903118310584,0,2747.1903118310584,0
2012-01-10,2747.1903118310584,0,2747.1903118310584,0
2012-01-11,2747.1903118310584,0,2747.1903118310584,0
2012-01-12,2747.1903118310584,0,2747.1903118310584,0
2012-01-13,2747.1903118310584,0,2747.1903118310584,0
2012-01-17,2747.1903118310584,0,2747.1903118310584,0
2012-01-18,2747.1903118310584,0,2747.1903118310584,0
2012-01-19,2747.1903118310584,0,2747.1903118310584,0
2012-01-20,2747.1903118310584,0,2747.1903118310584,0
2012-01-23,2747.1903118310584,0,2747.1903118310584,0
2012-01-24,2747.1903118310584,0,2747.1903118310584,0
2012-01-25,2747.1903118310584,0,2747.1903118310584,0
2012-01-26,2747.1903118310584,0,2747.1903118310584,0
2012-01-27,2747.1903118310584,0,2747.1903118310584,0
2012-01-30,2747.1903118310584,0,2747.1903118310584,0
2012-01-31,2747.1903118310584,0,2747.1903118310584,0
2012-02-01,2747.1903118310584,0,2747.1903118310584,0
2012-02-02,2747.1903118310584,0,2747.1903118310584,0
2012-02-03,2747.1903118310584,0,2747.1903118310584,0
2012-02-06,2747.1903118310584,0,2747.1903118310584,0
2012-02-07,2747.1903118310584,0,2747.1903118310584,0
2012-02-08,2747.1903118310584,0,2747.1903118310584,0
2012-02-09,2747.1903118310584,0,2747.1903118310584,0
2012-02-10,2747.1903118310584,0,2747.1903118310584,0
2012-02-13,2747.1903118310584,0,2747.1903118310584,0
2012-02-14,2747.1903118310584,0,2747.1903118310584,0
2012-02-15,2747.1903118310584,0,2747.1903118310584,0
2012-02-16,2747.1903118310584,0,2747.1903118310584,0
2012-02-17,2747.1903118310584,0,2747.1903118310584,0
2012-02-21,2747.1903118310584,0,2747.1903118310584,0
2012-02-22,2747.1903118310584,0,2747.1903118310584,0
2012-02-23,2747.1903118310584,0,2747.1903118310584,0
2012-02-24,2747.1903118310584,0,2747.1903118310584,0
2012-02-27,2747.1903118310584,0,2747.1903118310584,0
2012-02-28,2747.1903118310584,0,2747.1903118310584,0
2012-02-29,2747.1903118310584,0,2747.1903118310584,0
2012-03-01,2747.1903118310584,0,2747.1903118310584,0
2012-03-02,2747.1903118310584,0,2747.1903118310584,0
2012-03-05,2747.1903118310584,0,2747.1903118310584,0
2012-03-06,2747.1903118310584,0,2747.1903118310584,0
2012-03-07,2747.1903118310584,0,2747.1903118310584,0
2012-03-08,2747.1903118310584,0,2747.1903118310584,0
2012-03-09,2747.1903118310584,0,2747.1903118310584,0
2012-03-12,2747.1903118310584,0,2747.1903118310584,0
2012-03-13,2747.1903118310584,0,2747.1903118310584,0
2012-03-14,2747.1903118310584,0,2747.1903118310584,0
2012-03-15,2747.1903118310584,0,2747.1903118310584,0
2012-03-16,2747.1903118310584,0,2747.1903118310584,0
2012-03-19,2747.1903118310584,0,2747.1903118310584,0
2012-03-20,2747.1903118310584,0,2747.1903118310584,0
2012-03-21,2747.1903118310584,0,2747.1903118310584,0
2012-03-22,2747.1903118310584,0,2747.1903118310584,0
2012-03-23,2747.1903118310584,0,2747.1903118310584,0
2012-03-26,2747.1903118310584,0,2747.1903118310584,0
2012-03-27,2747.1903118310584,0,2747.1903118310584,0
2012-03-28,2747.1903118310584,0,2747.1903118310584,0
2012-03-29,2747.1903118310584,0,2747.1903118310584,0
2012-03-30,2747.1903118310584,0,2747.1903118310584,0
2012-04-02,2747.1903118310584,0,2747.1903118310584,0
2012-04-03,2747.1903118310584,0,2747.1903118310584,0
2012-04-04,2747.1903118310584,0,2747.1903118310584,0
2012-04-05,2747.1903118310584,0,2747.1903118310584,0
2012-04-09,2326.949905613023,414.9404062180352,2741.890311831058,1
2012-04-10,2326.949905613023,384.13713637659583,2711.0870419896187,1
2012-04-11,2326.949905613023,397.8623988912407,2724.812304504264,1
2012-04-12,1908.5799550099455,839.3088673306793,2747.8888223406248,2
2012-04-13,1908.5799550099455,787.4054666049353,2695.9854216148806,2
2012-04-16,1908.5799550099455,786.1138719655038,2694.693826975449,2
2012-04-17,1908.5799550099455,844.9683911543627,2753.548346164308,2
2012-04-18,1908.5799550099455,832.4153181001623,2740.9952731101075,2
2012-04-19,1908.5799550099455,813.7510442640895,2722.330999274035,2
2012-04-20,1908.5799550099455,824.7925093642007,2733.372464374146,2
2012-04-23,1908.5799550099455,784.2973400951635,2692.8772951051087,2
2012-04-24,1908.5799550099455,807.087556287503,2715.6675112974485,2
2012-04-25,1908.5799550099455,872.8838923064761,2781.4638473164214,2
2012-04-26,1908.5799550099455,901.9680921380557,2810.5480471480014,2
2012-04-27,1908.5799550099455,911.3094893443383,2819.889444354284,2
2012-04-30,1908.5799550099455,904.766029107805,2813.3459841177505,2
2012-05-01,1908.5799550099455,929.351580779821,2837.9315357897667,2
2012-05-02,1908.5799550099455,925.3290252320724,2833.9089802420176,2
2012-05-03,1908.5799550099455,901.382950927145,2809.9629059370905,2
2012-05-04,1908.5799550099455,820.0473106817835,2728.627265691729,2
2012-05-07,1908.5799550099455,843.5220709904097,2752.102026000355,2
2012-05-08,1908.5799550099455,822.9200742366655,2731.500029246611,2
2012-05-09,1908.5799550099455,766.7896891247246,2675.36964413467,2
2012-05-10,1908.5799550099455,811.0534876051167,2719.6334426150624,2
2012-05-11,1908.5799550099455,782.3322855814984,2690.912240591444,2
2012-05-14,2290.779710869324,281.02534138855265,2571.8050522578765,1
2012-05-15,2513.3928861373847,0,2513.3928861373847,0
2012-05-16,2513.3928861373847,0,2513.3928861373847,0
2012-05-17,2513.3928861373847,0,2513.3928861373847,0
2012-05-18,2513.3928861373847,0,2513.3928861373847,0
2012-05-21,2513.3928861373847,0,2513.3928861373847,0
2012-05-22,2513.3928861373847,0,2513.3928861373847,0
2012-05-23,2513.3928861373847,0,2513.3928861373847,0
2012-05-24,2513.3928861373847,0,2513.3928861373847,0
2012-05-25,2513.3928861373847,0,2513.3928861373847,0
2012-05-29,2513.3928861373847,0,2513.3928861373847,0
2012-05-30,2513.3928861373847,0,2513.3928861373847,0
2012-05-31,2513.3928861373847,0,2513.3928861373847,0
2012-06-01,2513.3928861373847,0,2513.3928861373847,0
2012-06-04,2513.3928861373847,0,2513.3928861373847,0
2012-06-05,2513.3928861373847,0,2513.3928861373847,0
2012-06-06,2513.3928861373847,0,2513.3928861373847,0
2012-06-07,2513.3928861373847,0,2513.3928861373847,0
2012-06-08,2513.3928861373847,0,2513.3928861373847,0
2012-06-11,2513.3928861373847,0,2513.3928861373847,0
2012-06-12,2513.3928861373847,0,2513.3928861373847,0
2012-06-13,2513.3928861373847,0,2513.3928861373847,0
2012-06-14,2513.3928861373847,0,2513.3928861373847,0
2012-06-15,2513.3928861373847,0,2513.3928861373847,0
2012-06-18,2513.3928861373847,0,2513.3928861373847,0
2012-06-19,2096.0048475583517,412.0880385790329,2508.0928861373845,1
2012-06-20,1678.6836345472968,824.4152663966705,2503.0989009439672,2
2012-06-21,1678.6836345472968,715.8174520753164,2394.501086622613,2
2012-06-22,1678.6836345472968,761.4161199769069,2440.0997545242035,2
2012-06-25,1678.6836345472968,635.3694159788773,2314.053050526174,2
2012-06-26,1678.6836345472968,676.6619141190879,2355.3455486663847,2
2012-06-27,1678.6836345472968,747.0731773951761,2425.756811942473,2
2012-06-28,1678.6836345472968,733.6655411951704,2412.349175742467,2
2012-06-29,1678.6836345472968,852.9461954217102,2531.629829969007,2
2012-07-02,1678.6836345472968,869.9929762680715,2548.6766108153683,2
2012-07-03,1678.6836345472968,892.9211085138079,2571.6047430611047,2
2012-07-05,1678.6836345472968,877.6793446315655,2556.3629791788626,2
2012-07-06,1678.6836345472968,848.9504684756481,2527.634103022945,2
2012-07-09,1678.6836345472968,845.0823164342454,2523.765950981542,2
2012-07-10,1678.6836345472968,801.9094762117315,2480.5931107590286,2
2012-07-11,1678.6836345472968,810.6155838454445,2489.2992183927413,2
2012-07-12,1678.6836345472968,779.791598014705,2458.475232562002,2
2012-07-13,1678.6836345472968,890.2626448453448,2568.9462793926414,2
2012-07-16,1678.6836345472968,898.4630485537521,2577.146683101049,2
2012-07-17,1678.6836345472968,942.4130627242721,2621.0966972715687,2
2012-07-18,2164.3159504014707,483.19112422457863,2647.5070746260494,1
2012-07-19,2654.0118628043106,0,2654.0118628043106,0
2012-07-20,2654.0118628043106,0,2654.0118628043106,0
2012-07-23,2654.0118628043106,0,2654.0118628043106,0
2012-07-24,2654.0118628043106,0,2654.0118628043106,0
2012-07-25,2654.0118628043106,0,2654.0118628043106,0
2012-07-26,2654.0118628043106,0,2654.0118628043106,0
2012-07-27,2654.0118628043106,0,2654.0118628043106,0
2012-07-30,2654.0118628043106,0,2654.0118628043106,0
2012-07-31,2654.0118628043106,0,2654.0118628043106,0
2012-08-01,2654.0118628043106,0,2654.0118628043106,0
2012-08-02,2654.0118628043106,0,2654.0118628043106,0
2012-08-03,2654.0118628043106,0,2654.0118628043106,0
2012-08-06,2654.0118628043106,0,2654.0118628043106,0
2012-08-07,2654.0118628043106,0,2654.0118628043106,0
2012-08-08,2654.0118628043106,0,2654.0118628043106,0
2012-08-09,2654.0118628043106,0,2654.0118628043106,0
2012-08-10,2654.0118628043106,0,2654.0118628043106,0
2012-08-13,2654.0118628043106,0,2654.0118628043106,0
2012-08-14,2654.0118628043106,0,2654.0118628043106,0
2012-08-15,2654.0118628043106,0,2654.0118628043106,0
2012-08-16,2654.0118628043106,0,2654.0118628043106,0
2012-08-17,2654.0118628043106,0,2654.0118628043106,0
2012-08-20,2654.0118628043106,0,2654.0118628043106,0
2012-08-21,2654.0118628043106,0,2654.0118628043106,0
2012-08-22,2654.0118628043106,0,2654.0118628043106,0
2012-08-23,2654.0118628043106,0,2654.0118628043106,0
2012-08-24,2654.0118628043106,0,2654.0118628043106,0
2012-08-27,2654.0118628043106,0,2654.0118628043106,0
2012-08-28,2654.0118628043106,0,2654.0118628043106,0
2012-08-29,2654.0118628043106,0,2654.0118628043106,0
2012-08-30,2654.0118628043106,0,2654.0118628043106,0
2012-08-31,2654.0118628043106,0,2654.0118628043106,0
2012-09-04,2654.0118628043106,0,2654.0118628043106,0
2012-09-05,2654.0118628043106,0,2654.0118628043106,0
2012-09-06,2654.0118628043106,0,2654.0118628043106,0
2012-09-07,2654.0118628043106,0,2654.0118628043106,0
2012-09-10,2654.0118628043106,0,2654.0118628043106,0
2012-09-11,2654.0118628043106,0,2654.0118628043106,0
2012-09-12,2654.0118628043106,0,2654.0118628043106,0
2012-09-13,2654.0118628043106,0,2654.0118628043106,0
2012-09-14,2654.0118628043106,0,2654.0118628043106,0
2012-09-17,2654.0118628043106,0,2654.0118628043106,0
2012-09-18,2654.0118628043106,0,2654.0118628043106,0
2012-09-19,2654.0118628043106,0,2654.0118628043106,0
2012-09-20,2654.0118628043106,0,2654.0118628043106,0
2012-09-21,2654.0118628043106,0,2654.0118628043106,0
2012-09-24,2654.0118628043106,0,2654.0118628043106,0
2012-09-25,2654.0118628043106,0,2654.0118628043106,0
2012-09-26,2654.0118628043106,0,2654.0118628043106,0
2012-09-27,2654.0118628043106,0,2654.0118628043106,0
2012-09-28,2654.0118628043106,0,2654.0118628043106,0
2012-10-01,2654.0118628043106,0,2654.0118628043106,0
2012-10-02,2654.0118628043106,0,2654.0118628043106,0
2012-10-03,2654.0118628043106,0,2654.0118628043106,0
2012-10-04,2654.0118628043106,0,2654.0118628043106,0
2012-10-05,2654.0118628043106,0,2654.0118628043106,0
2012-10-08,2654.0118628043106,0,2654.0118628043106,0
2012-10-09,2654.0118628043106,0,2654.0118628043106,0
2012-10-10,2654.0118628043106,0,2654.0118628043106,0
2012-10-11,2654.0118628043106,0,2654.0118628043106,0
2012-10-12,2654.0118628043106,0,2654.0118628043106,0
2012-10-15,2654.0118628043106,0,2654.0118628043106,0
2012-10-16,2654.0118628043106,0,2654.0118628043106,0
2012-10-17,2654.0118628043106,0,2654.0118628043106,0
2012-10-18,2654.0118628043106,0,2654.0118628043106,0
2012-10-19,2654.0118628043106,0,2654.0118628043106,0
2012-10-22,2654.0118628043106,0,2654.0118628043106,0
2012-10-23,2654.0118628043106,0,2654.0118628043106,0
2012-10-24,2654.0118628043106,0,2654.0118628043106,0
2012-10-25,2654.0118628043106,0,2654.0118628043106,0
2012-10-26,2654.0118628043106,0,2654.0118628043106,0
2012-10-31,2654.0118628043106,0,2654.0118628043106,0
2012-11-01,2654.0118628043106,0,2654.0118628043106,0
2012-11-02,2654.0118628043106,0,2654.0118628043106,0
2012-11-05,2654.0118628043106,0,2654.0118628043106,0
2012-11-06,2654.0118628043106,0,2654.0118628043106,0
2012-11-07,2654.0118628043106,0,2654.0118628043106,0
2012-11-08,2654.0118628043106,0,2654.0118628043106,0
2012-11-09,2654.0118628043106,0,2654.0118628043106,0
2012-11-12,2654.0118628043106,0,2654.0118628043106,0
2012-11-13,2654.0118628043106,0,2654.0118628043106,0
2012-11-14,2654.0118628043106,0,2654.0118628043106,0
2012-11-15,2654.0118628043106,0,2654.0118628043106,0
2012-11-16,2654.0118628043106,0,2654.0118628043106,0
2012-11-19,2654.0118628043106,0,2654.0118628043106,0
2012-11-20,2654.0118628043106,0,2654.0118628043106,0
2012-11-21,2654.0118628043106,0,2654.0118628043106,0
2012-11-23,2654.0118628043106,0,2654.0118628043106,0
2012-11-26,2654.0118628043106,0,2654.0118628043106,0
2012-11-27,2654.0118628043106,0,2654.0118628043106,0
2012-11-28,2654.0118628043106,0,2654.0118628043106,0
2012-11-29,2654.0118628043106,0,2654.0118628043106,0
2012-11-30,2654.0118628043106,0,2654.0118628043106,0
2012-12-03,2654.0118628043106,0,2654.0118628043106,0
2012-12-04,2654.0118628043106,0,2654.0118628043106,0
2012-12-05,2654.0118628043106,0,2654.0118628043106,0
2012-12-06,2654.0118628043106,0,2654.0118628043106,0
2012-12-07,2654.0118628043106,0,2654.0118628043106,0
2012-12-10,2654.0118628043106,0,2654.0118628043106,0
2012-12-11,2654.0118628043106,0,2654.0118628043106,0
2012-12-12,2654.0118628043106,0,2654.0118628043106,0
2012-12-13,2654.0118628043106,0,2654.0118628043106,0
2012-12-14,2654.0118628043106,0,2654.0118628043106,0
2012-12-17,2654.0118628043106,0,2654.0118628043106,0
2012-12-18,2654.0118628043106,0,2654.0118628043106,0
2012-12-19,2654.0118628043106,0,2654.0118628043106,0
2012-12-20,2654.0118628043106,0,2654.0118628043106,0
2012-12-21,2654.0118628043106,0,2654.0118628043106,0
2012-12-24,2654.0118628043106,0,2654.0118628043106,0
2012-12-26,2654.0118628043106,0,2654.0118628043106,0
2012-12-27,2654.0118628043106,0,2654.0118628043106,0
2012-12-28,2654.0118628043106,0,2654.0118628043106,0
2012-12-31,2654.0118628043106,0,2654.0118628043106,0
2013-01-02,2654.0118628043106,0,2654.0118628043106,0
2013-01-03,2654.0118628043106,0,2654.0118628043106,0
2013-01-04,2654.0118628043106,0,2654.0118628043106,0
2013-01-07,2654.0118628043106,0,2654.0118628043106,0
2013-01-08,2654.0118628043106,0,2654.0118628043106,0
2013-01-09,2654.0118628043106,0,2654.0118628043106,0
2013-01-10,2654.0118628043106,0,2654.0118628043106,0
2013-01-11,2654.0118628043106,0,2654.0118628043106,0
2013-01-14,2654.0118628043106,0,2654.0118628043106,0
2013-01-15,2654.0118628043106,0,2654.0118628043106,0
2013-01-16,2654.0118628043106,0,2654.0118628043106,0
2013-01-17,2654.0118628043106,0,2654.0118628043106,0
2013-01-18,2654.0118628043106,0,2654.0118628043106,0
2013-01-22,2654.0118628043106,0,2654.0118628043106,0
2013-01-23,2654.0118628043106,0,2654.0118628043106,0
2013-01-24,2654.0118628043106,0,2654.0118628043106,0
2013-01-25,2654.0118628043106,0,2654.0118628043106,0
2013-01-28,2654.0118628043106,0,2654.0118628043106,0
2013-01-29,2654.0118628043106,0,2654.0118628043106,0
2013-01-30,2654.0118628043106,0,2654.0118628043106,0
2013-01-31,2654.0118628043106,0,2654.0118628043106,0
2013-02-01,2654.0118628043106,0,2654.0118628043106,0
2013-02-04,2654.0118628043106,0,2654.0118628043106,0
2013-02-05,2654.0118628043106,0,2654.0118628043106,0
2013-02-06,2654.0118628043106,0,2654.0118628043106,0
2013-02-07,2654.0118628043106,0,2654.0118628043106,0
2013-02-08,2654.0118628043106,0,2654.0118628043106,0
2013-02-11,2654.0118628043106,0,2654.0118628043106,0
2013-02-12,2654.0118628043106,0,2654.0118628043106,0
2013-02-13,2654.0118628043106,0,2654.0118628043106,0
2013-02-14,2654.0118628043106,0,2654.0118628043106,0
2013-02-15,2654.0118628043106,0,2654.0118628043106,0
2013-02-19,2654.0118628043106,0,2654.0118628043106,0
2013-02-20,2654.0118628043106,0,2654.0118628043106,0
2013-02-21,2654.0118628043106,0,2654.0118628043106,0
2013-02-22,2654.0118628043106,0,2654.0118628043106,0
2013-02-25,2654.0118628043106,0,2654.0118628043106,0
2013-02-26,2654.0118628043106,0,2654.0118628043106,0
2013-02-27,2654.0118628043106,0,2654.0118628043106,0
2013-02-28,2239.9159432450833,408.7959195592273,2648.711862804311,1
2013-03-01,1820.845479575975,828.0225995935037,2648.8680791694787,2
2013-03-04,1820.845479575975,860.3833702660971,2681.228849842072,2
2013-03-05,1820.845479575975,898.4732747770661,2719.318754353041,2
2013-03-06,1820.845479575975,902.9526764539446,2723.7981560299195,2
2013-03-07,1820.845479575975,915.1387803896594,2735.9842599656345,2
2013-03-08,1820.845479575975,933.3695367523144,2754.2150163282895,2
2013-03-11,1820.845479575975,957.7883109999264,2778.6337905759015,2
2013-03-12,1820.845479575975,948.0613492963009,2768.906828872276,2
2013-03-13,1820.845479575975,957.6567591406651,2778.50223871664,2
2013-03-14,2362.014971267194,424.3155505943559,2786.33052186155,1
2013-03-15,1936.4179312894753,841.2585210438913,2777.676452333367,2
2013-03-18,1936.4179312894753,793.4491304919028,2729.867061781378,2
2013-03-19,1936.4179312894753,773.0853216335013,2709.5032529229766,2
2013-03-20,1936.4179312894753,825.6411822704713,2762.0591135599466,2
2013-03-21,1936.4179312894753,767.0158221465584,2703.433753436034,2
2013-03-22,1936.4179312894753,813.3752602797234,2749.793191569199,2
2013-03-25,1936.4179312894753,797.082651458441,2733.5005827479163,2
2013-03-26,1936.4179312894753,853.2887170592192,2789.706648348694,2
2013-03-27,1936.4179312894753,848.3026916019196,2784.7206228913947,2
2013-03-28,1936.4179312894753,876.6407630614086,2813.058694350884,2
2013-04-01,1936.4179312894753,856.5041872177435,2792.922118507219,2
2013-04-02,1936.4179312894753,896.8081280118554,2833.2260593013307,2
2013-04-03,1936.4179312894753,823.5548746458331,2759.9728059353083,2
2013-04-04,1936.4179312894753,857.3337281459646,2793.75165943544,2
2013-04-05,1936.4179312894753,833.4741169827687,2769.892048272244,2
2013-04-08,1936.4179312894753,900.9750818055077,2837.393013094983,2
2013-04-09,1936.4179312894753,930.4932534566788,2866.911184746154,2
2013-04-10,2482.9872483451168,423.5783232810576,2906.5655716261745,1
2013-04-11,2060.1282863840374,849.9727413574931,2910.1010277415307,2
2013-04-12,2060.1282863840374,840.3736402381601,2900.5019266221975,2
2013-04-15,2060.1282863840374,653.5611166299987,2713.689403014036,2
2013-04-16,2060.1282863840374,778.7330205696542,2838.8613069536914,2
2013-04-17,2060.1282863840374,650.3187174367206,2710.4470038207583,2
2013-04-18,2060.1282863840374,579.444076190834,2639.5723625748715,2
2013-04-19,2060.1282863840374,673.4573250688868,2733.5856114529242,2
2013-04-22,2060.1282863840374,721.9120356656084,2782.040322049646,2
2013-04-23,2060.1282863840374,808.4668857547297,2868.5951721387673,2
2013-04-24,2060.1282863840374,809.3439166022961,2869.4722029863333,2
2013-04-25,2060.1282863840374,835.9050438947834,2896.033330278821,2
2013-04-26,2060.1282863840374,827.9557480546525,2888.0840344386897,2
2013-04-29,2060.1282863840374,877.0196659275052,2937.1479523115427,2
2013-04-30,2060.1282863840374,895.4002946743515,2955.528581058389,2
2013-05-01,2060.1282863840374,838.1190175259196,2898.247303909957,2
2013-05-02,2060.1282863840374,904.4528366731911,2964.5811230572285,2
2013-05-03,2060.1282863840374,954.465647266099,3014.5939336501365,2
2013-05-06,2124.4681839152977,903.4564921849535,3027.9246761002514,2
2013-05-07,2190.8289534769656,847.7310542278474,3038.560007704813,2
2013-05-08,2190.8289534769656,867.5352465871555,3058.364200064121,2
2013-05-09,2190.8289534769656,849.1868415287449,3040.0157950057105,2
2013-05-10,2190.8289534769656,874.0250667101277,3064.8540201870933,2
2013-05-13,2190.8289534769656,880.4449423676468,3071.2738958446125,2
2013-05-14,2190.8289534769656,913.2733164940346,3104.102269971,2
2013-05-15,2190.8289534769656,928.2960705518185,3119.125024028784,2
2013-05-16,2190.8289534769656,914.7628724093453,3105.5918258863107,2
2013-05-17,2190.8289534769656,948.1034337845833,3138.9323872615487,2
2013-05-20,2190.8289534769656,948.4758085441566,3139.3047620211223,2
2013-05-21,2190.8289534769656,951.047320266568,3141.8762737435336,2
2013-05-22,2190.8289534769656,931.6392190203055,3122.468172497271,2
2013-05-23,2190.8289534769656,924.6681404213864,3115.497093898352,2
2013-05-24,2190.8289534769656,927.6593076346511,3118.488261111617,2
2013-05-28,2190.8289534769656,954.6665283679755,3145.495481844941,2
2013-05-29,2190.8289534769656,939.3612028681573,3130.190156345123,2
2013-05-30,2190.8289534769656,956.3640912240393,3147.193044701005,2
2013-05-31,2190.8289534769656,899.2431006824853,3090.072054159451,2
2013-06-03,2190.8289534769656,945.613900130202,3136.4428536071673,2
2013-06-04,2190.8289534769656,936.0126815339961,3126.841635010962,2
2013-06-05,2190.8289534769656,856.9460075667695,3047.774961043735,2
2013-06-06,2190.8289534769656,934.3622754286239,3125.1912289055895,2
2013-06-07,2756.9144283000433,415.7835242698848,3172.697952569928,1
2013-06-10,2337.5486415414116,829.7077567819979,3167.2563983234095,2
2013-06-11,2337.5486415414116,779.2106787547503,3116.759320296162,2
2013-06-12,2337.5486415414116,735.7769087527281,3073.3255502941397,2
2013-06-13,2337.5486415414116,810.7765355152696,3148.3251770566812,2
2013-06-14,2337.5486415414116,781.8189362488994,3119.367577790311,2
2013-06-17,2337.5486415414116,819.8743857435726,3157.423027284984,2
2013-06-18,2337.5486415414116,852.7424995389811,3190.2911410803927,2
2013-06-19,2337.5486415414116,795.4107478866487,3132.95938942806,2
2013-06-20,2337.5486415414116,587.6642358670409,2925.2128774084526,2
2013-06-21,2337.5486415414116,613.4503888282381,2950.9990303696495,2
2013-06-24,2810.116896589213,0,2810.116896589213,0
2013-06-25,2810.116896589213,0,2810.116896589213,0
2013-06-26,2810.116896589213,0,2810.116896589213,0
2013-06-27,2810.116896589213,0,2810.116896589213,0
2013-06-28,2810.116896589213,0,2810.116896589213,0
2013-07-01,2810.116896589213,0,2810.116896589213,0
2013-07-02,2810.116896589213,0,2810.116896589213,0
2013-07-03,2810.116896589213,0,2810.116896589213,0
2013-07-05,2389.4243063626855,415.39259022652715,2804.816896589213,1
2013-07-08,1970.416968245982,841.0182981345258,2811.4352663805075,2
2013-07-09,1970.416968245982,871.1252054927734,2841.542173738755,2
2013-07-10,1970.416968245982,874.7042754140249,2845.1212436600067,2
2013-07-11,1970.416968245982,914.8408421731313,2885.2578104191134,2
2013-07-12,1970.416968245982,925.129363186285,2895.546331432267,2
2013-07-15,1970.416968245982,934.7719842938823,2905.188952539864,2
2013-07-16,1970.416968245982,923.2314018972836,2893.6483701432653,2
2013-07-17,1970.416968245982,937.7547863284004,2908.1717545743822,2
2013-07-18,1970.416968245982,949.2645468570078,2919.6815151029896,2
2013-07-19,2040.2127670558368,888.7328670565141,2928.945634112351,2
2013-07-22,2102.1630838133397,834.4444042689145,2936.6074880822543,2
2013-07-23,2102.1630838133397,822.4752516717324,2924.6383354850723,2
2013-07-24,2102.1630838133397,798.1796165979777,2900.3427004113173,2
2013-07-25,2102.1630838133397,815.2657079695448,2917.428791782884,2
2013-07-26,2102.1630838133397,823.6564540629814,2925.819537876321,2
2013-07-29,2102.1630838133397,800.2187786585043,2902.381862471844,2
2013-07-30,2102.1630838133397,803.9988651818771,2906.161948995217,2
2013-07-31,2102.1630838133397,804.2748983573447,2906.4379821706843,2
2013-08-01,2102.1630838133397,877.0478986731289,2979.2109824864683,2
2013-08-02,2102.1630838133397,899.1618122149555,3001.3248960282954,2
2013-08-05,2102.1630838133397,904.6829182029683,3006.846002016308,2
2013-08-06,2102.1630838133397,868.7270342466763,2970.890118060016,2
2013-08-07,2102.1630838133397,846.9446957981822,2949.107779611522,2
2013-08-08,2102.1630838133397,876.8946053483744,2979.057689161714,2
2013-08-09,2102.1630838133397,851.6516546775506,2953.8147384908902,2
2013-08-12,2102.1630838133397,867.0132690754601,2969.1763528887996,2
2013-08-13,2102.1630838133397,897.839300945614,3000.0023847589537,2
2013-08-14,2102.1630838133397,859.34316007978,2961.5062438931195,2
2013-08-15,2102.1630838133397,690.6182448296107,2792.7813286429505,2
2013-08-16,2102.1630838133397,644.6665192603514,2746.829603073691,2
2013-08-19,2102.1630838133397,537.5923520042701,2639.75543581761,2
2013-08-20,2102.1630838133397,616.122969731847,2718.2860535451864,2
2013-08-21,2586.564697858453,0,2586.564697858453,0
2013-08-22,2586.564697858453,0,2586.564697858453,0
2013-08-23,2586.564697858453,0,2586.564697858453,0
2013-08-26,2586.564697858453,0,2586.564697858453,0
2013-08-27,2586.564697858453,0,2586.564697858453,0
2013-08-28,2586.564697858453,0,2586.564697858453,0
2013-08-29,2586.564697858453,0,2586.564697858453,0
2013-08-30,2586.564697858453,0,2586.564697858453,0
2013-09-03,2586.564697858453,0,2586.564697858453,0
2013-09-04,2586.564697858453,0,2586.564697858453,0
2013-09-05,2586.564697858453,0,2586.564697858453,0
2013-09-06,2586.564697858453,0,2586.564697858453,0
2013-09-09,2586.564697858453,0,2586.564697858453,0
2013-09-10,2586.564697858453,0,2586.564697858453,0
2013-09-11,2586.564697858453,0,2586.564697858453,0
2013-09-12,2586.564697858453,0,2586.564697858453,0
2013-09-13,2586.564697858453,0,2586.564697858453,0
2013-09-16,2586.564697858453,0,2586.564697858453,0
2013-09-17,2586.564697858453,0,2586.564697858453,0
2013-09-18,2586.564697858453,0,2586.564697858453,0
2013-09-19,2586.564697858453,0,2586.564697858453,0
2013-09-20,2586.564697858453,0,2586.564697858453,0
2013-09-23,2586.564697858453,0,2586.564697858453,0
2013-09-24,2586.564697858453,0,2586.564697858453,0
2013-09-25,2586.564697858453,0,2586.564697858453,0
2013-09-26,2586.564697858453,0,2586.564697858453,0
2013-09-27,2586.564697858453,0,2586.564697858453,0
2013-09-30,2586.564697858453,0,2586.564697858453,0
2013-10-01,2586.564697858453,0,2586.564697858453,0
2013-10-02,2586.564697858453,0,2586.564697858453,0
2013-10-03,2586.564697858453,0,2586.564697858453,0
2013-10-04,2586.564697858453,0,2586.564697858453,0
2013-10-07,2586.564697858453,0,2586.564697858453,0
2013-10-08,2586.564697858453,0,2586.564697858453,0
2013-10-09,2586.564697858453,0,2586.564697858453,0
2013-10-10,2586.564697858453,0,2586.564697858453,0
2013-10-11,2586.564697858453,0,2586.564697858453,0
2013-10-14,2586.564697858453,0,2586.564697858453,0
2013-10-15,2586.564697858453,0,2586.564697858453,0
2013-10-16,2586.564697858453,0,2586.564697858453,0
2013-10-17,2586.564697858453,0,2586.564697858453,0
2013-10-18,2586.564697858453,0,2586.564697858453,0
2013-10-21,2586.564697858453,0,2586.564697858453,0
2013-10-22,2586.564697858453,0,2586.564697858453,0
2013-10-23,2586.564697858453,0,2586.564697858453,0
2013-10-24,2586.564697858453,0,2586.564697858453,0
2013-10-25,2586.564697858453,0,2586.564697858453,0
2013-10-28,2586.564697858453,0,2586.564697858453,0
2013-10-29,2586.564697858453,0,2586.564697858453,0
2013-10-30,2586.564697858453,0,2586.564697858453,0
2013-10-31,2586.564697858453,0,2586.564697858453,0
2013-11-01,2586.564697858453,0,2586.564697858453,0
2013-11-04,2586.564697858453,0,2586.564697858453,0
2013-11-05,2586.564697858453,0,2586.564697858453,0
2013-11-06,2586.564697858453,0,2586.564697858453,0
2013-11-07,2586.564697858453,0,2586.564697858453,0
2013-11-08,2586.564697858453,0,2586.564697858453,0
2013-11-11,2586.564697858453,0,2586.564697858453,0
2013-11-12,2586.564697858453,0,2586.564697858453,0
2013-11-13,2586.564697858453,0,2586.564697858453,0
2013-11-14,2586.564697858453,0,2586.564697858453,0
2013-11-15,2586.564697858453,0,2586.564697858453,0
2013-11-18,2586.564697858453,0,2586.564697858453,0
2013-11-19,2586.564697858453,0,2586.564697858453,0
2013-11-20,2586.564697858453,0,2586.564697858453,0
2013-11-21,2586.564697858453,0,2586.564697858453,0
2013-11-22,2586.564697858453,0,2586.564697858453,0
2013-11-25,2586.564697858453,0,2586.564697858453,0
2013-11-26,2586.564697858453,0,2586.564697858453,0
2013-11-27,2586.564697858453,0,2586.564697858453,0
2013-11-29,2586.564697858453,0,2586.564697858453,0
2013-12-02,2586.564697858453,0,2586.564697858453,0
2013-12-03,2586.564697858453,0,2586.564697858453,0
2013-12-04,2586.564697858453,0,2586.564697858453,0
2013-12-05,2586.564697858453,0,2586.564697858453,0
2013-12-06,2586.564697858453,0,2586.564697858453,0
2013-12-09,2586.564697858453,0,2586.564697858453,0
2013-12-10,2586.564697858453,0,2586.564697858453,0
2013-12-11,2586.564697858453,0,2586.564697858453,0
2013-12-12,2586.564697858453,0,2586.564697858453,0
2013-12-13,2586.564697858453,0,2586.564697858453,0
2013-12-16,2586.564697858453,0,2586.564697858453,0
2013-12-17,2586.564697858453,0,2586.564697858453,0
2013-12-18,2586.564697858453,0,2586.564697858453,0
2013-12-19,2586.564697858453,0,2586.564697858453,0
2013-12-20,2586.564697858453,0,2586.564697858453,0
2013-12-23,2586.564697858453,0,2586.564697858453,0
2013-12-24,2586.564697858453,0,2586.564697858453,0
2013-12-26,2586.564697858453,0,2586.564697858453,0
2013-12-27,2586.564697858453,0,2586.564697858453,0
2013-12-30,2586.564697858453,0,2586.564697858453,0
2013-12-31,2586.564697858453,0,2586.564697858453,0
2014-01-02,2586.564697858453,0,2586.564697858453,0
2014-01-03,2586.564697858453,0,2586.564697858453,0
2014-01-06,2586.564697858453,0,2586.564697858453,0
2014-01-07,2586.564697858453,0,2586.564697858453,0
2014-01-08,2586.564697858453,0,2586.564697858453,0
2014-01-09,2586.564697858453,0,2586.564697858453,0
2014-01-10,2586.564697858453,0,2586.564697858453,0
2014-01-13,2586.564697858453,0,2586.564697858453,0
2014-01-14,2586.564697858453,0,2586.564697858453,0
2014-01-15,2586.564697858453,0,2586.564697858453,0
2014-01-16,2586.564697858453,0,2586.564697858453,0
2014-01-17,2586.564697858453,0,2586.564697858453,0
2014-01-21,2586.564697858453,0,2586.564697858453,0
2014-01-22,2586.564697858453,0,2586.564697858453,0
2014-01-23,2586.564697858453,0,2586.564697858453,0
2014-01-24,2586.564697858453,0,2586.564697858453,0
2014-01-27,2586.564697858453,0,2586.564697858453,0
2014-01-28,2586.564697858453,0,2586.564697858453,0
2014-01-29,2586.564697858453,0,2586.564697858453,0
2014-01-30,2586.564697858453,0,2586.564697858453,0
2014-01-31,2586.564697858453,0,2586.564697858453,0
2014-02-03,2586.564697858453,0,2586.564697858453,0
2014-02-04,2586.564697858453,0,2586.564697858453,0
2014-02-05,2586.564697858453,0,2586.564697858453,0
2014-02-06,2586.564697858453,0,2586.564697858453,0
2014-02-07,2586.564697858453,0,2586.564697858453,0
2014-02-10,2586.564697858453,0,2586.564697858453,0
2014-02-11,2586.564697858453,0,2586.564697858453,0
2014-02-12,2586.564697858453,0,2586.564697858453,0
2014-02-13,2586.564697858453,0,2586.564697858453,0
2014-02-14,2586.564697858453,0,2586.564697858453,0
2014-02-18,2586.564697858453,0,2586.564697858453,0
2014-02-19,2586.564697858453,0,2586.564697858453,0
2014-02-20,2586.564697858453,0,2586.564697858453,0
2014-02-21,2586.564697858453,0,2586.564697858453,0
2014-02-24,2586.564697858453,0,2586.564697858453,0
2014-02-25,2586.564697858453,0,2586.564697858453,0
2014-02-26,2586.564697858453,0,2586.564697858453,0
2014-02-27,2586.564697858453,0,2586.564697858453,0
2014-02-28,2586.564697858453,0,2586.564697858453,0
2014-03-03,2586.564697858453,0,2586.564697858453,0
2014-03-04,2586.564697858453,0,2586.564697858453,0
2014-03-05,2586.564697858453,0,2586.564697858453,0
2014-03-06,2586.564697858453,0,2586.564697858453,0
2014-03-07,2586.564697858453,0,2586.564697858453,0
2014-03-10,2586.564697858453,0,2586.564697858453,0
2014-03-11,2586.564697858453,0,2586.564697858453,0
2014-03-12,2586.564697858453,0,2586.564697858453,0
2014-03-13,2586.564697858453,0,2586.564697858453,0
2014-03-14,2586.564697858453,0,2586.564697858453,0
2014-03-17,2586.564697858453,0,2586.564697858453,0
2014-03-18,2586.564697858453,0,2586.564697858453,0
2014-03-19,2586.564697858453,0,2586.564697858453,0
2014-03-20,2586.564697858453,0,2586.564697858453,0
2014-03-21,2586.564697858453,0,2586.564697858453,0
2014-03-24,2586.564697858453,0,2586.564697858453,0
2014-03-25,2586.564697858453,0,2586.564697858453,0
2014-03-26,2586.564697858453,0,2586.564697858453,0
2014-03-27,2586.564697858453,0,2586.564697858453,0
2014-03-28,2586.564697858453,0,2586.564697858453,0
2014-03-31,2586.564697858453,0,2586.564697858453,0
2014-04-01,2586.564697858453,0,2586.564697858453,0
2014-04-02,2586.564697858453,0,2586.564697858453,0
2014-04-03,2586.564697858453,0,2586.564697858453,0
2014-04-04,2586.564697858453,0,2586.564697858453,0
2014-04-07,2586.564697858453,0,2586.564697858453,0
2014-04-08,2586.564697858453,0,2586.564697858453,0
2014-04-09,2586.564697858453,0,2586.564697858453,0
2014-04-10,2586.564697858453,0,2586.564697858453,0
2014-04-11,2586.564697858453,0,2586.564697858453,0
2014-04-14,2586.564697858453,0,2586.564697858453,0
2014-04-15,2586.564697858453,0,2586.564697858453,0
2014-04-16,2586.564697858453,0,2586.564697858453,0
2014-04-17,2586.564697858453,0,2586.564697858453,0
2014-04-21,2586.564697858453,0,2586.564697858453,0
2014-04-22,2586.564697858453,0,2586.564697858453,0
2014-04-23,2586.564697858453,0,2586.564697858453,0
2014-04-24,2586.564697858453,0,2586.564697858453,0
2014-04-25,2586.564697858453,0,2586.564697858453,0
2014-04-28,2174.2078564364247,407.05684142202824,2581.264697858453,1
2014-04-29,1762.4974915799537,825.4673956913887,2587.9648872713424,2
2014-04-30,1762.4974915799537,842.334646092921,2604.8321376728745,2
2014-05-01,1762.4974915799537,844.7384034609684,2607.235895040922,2
2014-05-02,1762.4974915799537,843.9170391102132,2606.414530690167,2
2014-05-05,1762.4974915799537,853.1616010418077,2615.6590926217614,2
2014-05-06,1762.4974915799537,805.183428473196,2567.6809200531497,2
2014-05-07,1762.4974915799537,840.0032518869441,2602.500743466898,2
2014-05-08,1762.4974915799537,834.7914443113477,2597.2889358913017,2
2014-05-09,1762.4974915799537,850.422772526085,2612.9202641060388,2
2014-05-12,1762.4974915799537,909.5758320089717,2672.0733235889256,2
2014-05-13,1762.4974915799537,915.6372764624397,2678.1347680423933,2
2014-05-14,1762.4974915799537,900.0093109016336,2662.5068024815873,2
2014-05-15,1762.4974915799537,841.7718336527251,2604.269325232679,2
2014-05-16,1762.4974915799537,876.4268492948032,2638.924340874757,2
2014-05-19,1762.4974915799537,909.5109168929653,2672.0084084729187,2
2014-05-20,1762.4974915799537,872.4600767314539,2634.9575683114076,2
2014-05-21,1762.4974915799537,933.441838369884,2695.939329949838,2
2014-05-22,1762.4974915799537,946.3310654937478,2708.8285570737016,2
2014-05-23,1824.5612376746187,901.8614879439531,2726.422725618572,2
2014-05-27,1906.1290666500206,843.9478161460279,2750.0768827960483,2
2014-05-28,1906.1290666500206,837.5981858243501,2743.7272524743707,2
2014-05-29,1906.1290666500206,866.5659254881156,2772.694992138136,2
2014-05-30,1906.1290666500206,878.7768370918933,2784.905903741914,2
2014-06-02,1906.1290666500206,885.7696983589806,2791.898765009001,2
2014-06-03,1906.1290666500206,882.6059791127725,2788.735045762793,2
2014-06-04,1906.1290666500206,890.1547175190473,2796.283784169068,2
2014-06-05,1906.1290666500206,921.279917738859,2827.4089843888796,2
2014-06-06,1906.1290666500206,948.786378042742,2854.9154446927623,2
2014-06-09,1978.528152523478,874.8558515269008,2853.3840040503787,2
2014-06-10,1978.528152523478,877.8297002869499,2856.357852810428,2
2014-06-11,1978.528152523478,855.3321314448012,2833.860283968279,2
2014-06-12,1978.528152523478,806.8903361704859,2785.418488693964,2
2014-06-13,1978.528152523478,831.4969712675058,2810.025123790984,2
2014-06-16,1978.528152523478,838.7706166221892,2817.2987691456674,2
2014-06-17,1978.528152523478,859.9992090600065,2838.5273615834844,2
2014-06-18,2042.1517942957837,845.380576805659,2887.5323711014425,2
2014-06-19,2042.1517942957837,854.4498194053278,2896.6016137011115,2
2014-06-20,2042.1517942957837,862.5290433294385,2904.680837625222,2
2014-06-23,2042.1517942957837,866.8682908154196,2909.020085111203,2
2014-06-24,2042.1517942957837,814.3960107309517,2856.5478050267357,2
2014-06-25,2042.1517942957837,854.4619717683911,2896.613766064175,2
2014-06-26,2042.1517942957837,849.6741032816999,2891.8258975774834,2
2014-06-27,2042.1517942957837,869.460175882258,2911.6119701780417,2
2014-06-30,2042.1517942957837,873.5374260047274,2915.689220300511,2
2014-07-01,2042.1517942957837,918.0173440398614,2960.169138335645,2
2014-07-02,2042.1517942957837,929.6862086202595,2971.8380029160435,2
2014-07-03,2105.4913837958225,888.52090100748,2994.0122848033025,2
2014-07-07,2105.4913837958225,865.3398513690515,2970.8312351648738,2
2014-07-08,2105.4913837958225,817.7141472987714,2923.205531094594,2
2014-07-09,2105.4913837958225,853.6225536330476,2959.11393742887,2
2014-07-10,2105.4913837958225,820.305791879623,2925.7971756754455,2
2014-07-11,2105.4913837958225,838.8325652975029,2944.3239490933256,2
2014-07-14,2105.4913837958225,881.9294363053641,2987.4208201011866,2
2014-07-15,2105.4913837958225,874.2621441650249,2979.7535279608474,2
2014-07-16,2183.5422650161177,825.492027563367,3009.034292579485,2
2014-07-17,2183.5422650161177,708.5421304229726,2892.0843954390903,2
2014-07-18,2183.5422650161177,804.7245769853195,2988.266842001437,2
2014-07-21,2183.5422650161177,786.0302439202667,2969.572508936384,2
2014-07-22,2183.5422650161177,829.7300409680016,3013.272305984119,2
2014-07-23,2183.5422650161177,853.6872947504494,3037.229559766567,2
2014-07-24,2183.5422650161177,855.7525042302892,3039.2947692464068,2
2014-07-25,2183.5422650161177,815.4495138505748,2998.9917788666926,2
2014-07-28,2183.5422650161177,831.3702182188547,3014.9124832349726,2
2014-07-29,2183.5422650161177,789.8748110688551,2973.417076084973,2
2014-07-30,2183.5422650161177,794.8374733748075,2978.379738390925,2
2014-07-31,2428.7545382360854,264.94215457628343,2693.696692812369,1
2014-08-01,2428.7545382360854,245.49091961238645,2674.2454578484717,1
2014-08-04,2428.7545382360854,289.686021065684,2718.4405593017696,1
2014-08-05,2649.302491275716,0,2649.302491275716,0
2014-08-06,2649.302491275716,0,2649.302491275716,0
2014-08-07,2649.302491275716,0,2649.302491275716,0
2014-08-08,2649.302491275716,0,2649.302491275716,0
2014-08-11,2649.302491275716,0,2649.302491275716,0
2014-08-12,2649.302491275716,0,2649.302491275716,0
2014-08-13,2649.302491275716,0,2649.302491275716,0
2014-08-14,2649.302491275716,0,2649.302491275716,0
2014-08-15,2649.302491275716,0,2649.302491275716,0
2014-08-18,2229.853514601755,414.14897667396104,2644.002491275716,1
2014-08-19,1810.3279993096205,841.1983961706301,2651.5263954802504,2
2014-08-20,1810.3279993096205,859.098169941517,2669.4261692511373,2
2014-08-21,1810.3279993096205,873.514863476629,2683.8428627862495,2
2014-08-22,1810.3279993096205,870.7657960603499,2681.0937953699704,2
2014-08-25,1810.3279993096205,893.1532424848939,2703.4812417945145,2
2014-08-26,1810.3279993096205,900.2927148814242,2710.6207141910445,2
2014-08-27,1810.3279993096205,900.8139216074527,2711.141920917073,2
2014-08-28,1810.3279993096205,893.2635068100783,2703.591506119699,2
2014-08-29,1810.3279993096205,907.6137991524711,2717.9417984620914,2
2014-09-02,1810.3279993096205,915.5855021956679,2725.9135015052884,2
2014-09-03,1810.3279993096205,914.7898864668443,2725.117885776465,2
2014-09-04,1810.3279993096205,909.0582223462405,2719.386221655861,2
2014-09-05,1810.3279993096205,937.16267507674,2747.4906743863603,2
2014-09-08,1810.3279993096205,932.9254929534591,2743.2534922630794,2
2014-09-09,1810.3279993096205,901.1339461332027,2711.461945442823,2
2014-09-10,1810.3279993096205,929.9298951137079,2740.2578944233283,2
2014-09-11,1810.3279993096205,939.8578152055397,2750.18581451516,2
2014-09-12,1810.3279993096205,915.1897272836463,2725.517726593267,2
2014-09-15,1810.3279993096205,927.096840422889,2737.4248397325096,2
2014-09-16,1888.3340497562244,890.5056179993888,2778.8396677556134,2
2014-09-17,1959.2526960573355,822.9075406188286,2782.160236676164,2
2014-09-18,1959.2526960573355,854.1965022668837,2813.449198324219,2
2014-09-19,1959.2526960573355,852.6233373277936,2811.876033385129,2
2014-09-22,1959.2526960573355,799.8252075924079,2759.0779036497433,2
2014-09-23,1959.2526960573355,758.497342631938,2717.7500386892734,2
2014-09-24,1959.2526960573355,817.5285452411856,2776.7812412985213,2
2014-09-25,1959.2526960573355,691.8455013877285,2651.098197445064,2
2014-09-26,1959.2526960573355,761.1218628444107,2720.3745589017462,2
2014-09-29,1959.2526960573355,740.5442546419742,2699.7969506993095,2
2014-09-30,1959.2526960573355,720.012081809007,2679.2647778663422,2
2014-10-01,1959.2526960573355,566.3818770624658,2525.634573119801,2
2014-10-02,1959.2526960573355,564.6677287585376,2523.920424815873,2
2014-10-03,1959.2526960573355,707.0679677756431,2666.3206638329784,2
2014-10-06,1959.2526960573355,685.9578449664027,2645.210541023738,2
2014-10-07,2198.1230732986837,238.55771858466,2436.6807918833438,1
2014-10-08,2198.1230732986837,358.58271803600843,2556.705791334692,1
2014-10-09,2409.3017972383504,0,2409.3017972383504,0
2014-10-10,2409.3017972383504,0,2409.3017972383504,0
2014-10-13,2409.3017972383504,0,2409.3017972383504,0
2014-10-14,2409.3017972383504,0,2409.3017972383504,0
2014-10-15,2409.3017972383504,0,2409.3017972383504,0
2014-10-16,2409.3017972383504,0,2409.3017972383504,0
2014-10-17,2409.3017972383504,0,2409.3017972383504,0
2014-10-20,2409.3017972383504,0,2409.3017972383504,0
2014-10-21,2409.3017972383504,0,2409.3017972383504,0
2014-10-22,2409.3017972383504,0,2409.3017972383504,0
2014-10-23,2409.3017972383504,0,2409.3017972383504,0
2014-10-24,2409.3017972383504,0,2409.3017972383504,0
2014-10-27,2409.3017972383504,0,2409.3017972383504,0
2014-10-28,2409.3017972383504,0,2409.3017972383504,0
2014-10-29,2409.3017972383504,0,2409.3017972383504,0
2014-10-30,2409.3017972383504,0,2409.3017972383504,0
2014-10-31,2409.3017972383504,0,2409.3017972383504,0
2014-11-03,2409.3017972383504,0,2409.3017972383504,0
2014-11-04,2409.3017972383504,0,2409.3017972383504,0
2014-11-05,2409.3017972383504,0,2409.3017972383504,0
2014-11-06,2409.3017972383504,0,2409.3017972383504,0
2014-11-07,2409.3017972383504,0,2409.3017972383504,0
2014-11-10,2409.3017972383504,0,2409.3017972383504,0
2014-11-11,2409.3017972383504,0,2409.3017972383504,0
2014-11-12,2409.3017972383504,0,2409.3017972383504,0
2014-11-13,2409.3017972383504,0,2409.3017972383504,0
2014-11-14,2409.3017972383504,0,2409.3017972383504,0
2014-11-17,2409.3017972383504,0,2409.3017972383504,0
2014-11-18,2409.3017972383504,0,2409.3017972383504,0
2014-11-19,2409.3017972383504,0,2409.3017972383504,0
2014-11-20,2409.3017972383504,0,2409.3017972383504,0
2014-11-21,2409.3017972383504,0,2409.3017972383504,0
2014-11-24,2409.3017972383504,0,2409.3017972383504,0
2014-11-25,2409.3017972383504,0,2409.3017972383504,0
2014-11-26,2409.3017972383504,0,2409.3017972383504,0
2014-11-28,2409.3017972383504,0,2409.3017972383504,0
2014-12-01,2409.3017972383504,0,2409.3017972383504,0
2014-12-02,2409.3017972383504,0,2409.3017972383504,0
2014-12-03,2409.3017972383504,0,2409.3017972383504,0
2014-12-04,2409.3017972383504,0,2409.3017972383504,0
2014-12-05,2409.3017972383504,0,2409.3017972383504,0
2014-12-08,2409.3017972383504,0,2409.3017972383504,0
2014-12-09,2409.3017972383504,0,2409.3017972383504,0
2014-12-10,2409.3017972383504,0,2409.3017972383504,0
2014-12-11,2409.3017972383504,0,2409.3017972383504,0
2014-12-12,2409.3017972383504,0,2409.3017972383504,0
2014-12-15,2409.3017972383504,0,2409.3017972383504,0
2014-12-16,2409.3017972383504,0,2409.3017972383504,0
2014-12-17,2409.3017972383504,0,2409.3017972383504,0
2014-12-18,2409.3017972383504,0,2409.3017972383504,0
2014-12-19,2409.3017972383504,0,2409.3017972383504,0
2014-12-22,2409.3017972383504,0,2409.3017972383504,0
2014-12-23,2409.3017972383504,0,2409.3017972383504,0
2014-12-24,2409.3017972383504,0,2409.3017972383504,0
2014-12-26,2409.3017972383504,0,2409.3017972383504,0
2014-12-29,2409.3017972383504,0,2409.3017972383504,0
2014-12-30,2409.3017972383504,0,2409.3017972383504,0
2014-12-31,2409.3017972383504,0,2409.3017972383504,0
2015-01-02,2409.3017972383504,0,2409.3017972383504,0
2015-01-05,2409.3017972383504,0,2409.3017972383504,0
2015-01-06,2409.3017972383504,0,2409.3017972383504,0
2015-01-07,2409.3017972383504,0,2409.3017972383504,0
2015-01-08,2409.3017972383504,0,2409.3017972383504,0
2015-01-09,2409.3017972383504,0,2409.3017972383504,0
2015-01-12,2409.3017972383504,0,2409.3017972383504,0
2015-01-13,2409.3017972383504,0,2409.3017972383504,0
2015-01-14,2409.3017972383504,0,2409.3017972383504,0
2015-01-15,2409.3017972383504,0,2409.3017972383504,0
2015-01-16,2409.3017972383504,0,2409.3017972383504,0
2015-01-20,2409.3017972383504,0,2409.3017972383504,0
2015-01-21,2409.3017972383504,0,2409.3017972383504,0
2015-01-22,2409.3017972383504,0,2409.3017972383504,0
2015-01-23,2409.3017972383504,0,2409.3017972383504,0
2015-01-26,2409.3017972383504,0,2409.3017972383504,0
2015-01-27,2409.3017972383504,0,2409.3017972383504,0
2015-01-28,2409.3017972383504,0,2409.3017972383504,0
2015-01-29,2409.3017972383504,0,2409.3017972383504,0
2015-01-30,2409.3017972383504,0,2409.3017972383504,0
2015-02-02,2409.3017972383504,0,2409.3017972383504,0
2015-02-03,2409.3017972383504,0,2409.3017972383504,0
2015-02-04,2409.3017972383504,0,2409.3017972383504,0
2015-02-05,2409.3017972383504,0,2409.3017972383504,0
2015-02-06,2409.3017972383504,0,2409.3017972383504,0
2015-02-09,2409.3017972383504,0,2409.3017972383504,0
2015-02-10,2409.3017972383504,0,2409.3017972383504,0
2015-02-11,2409.3017972383504,0,2409.3017972383504,0
2015-02-12,2409.3017972383504,0,2409.3017972383504,0
2015-02-13,2409.3017972383504,0,2409.3017972383504,0
2015-02-17,2409.3017972383504,0,2409.3017972383504,0
2015-02-18,2409.3017972383504,0,2409.3017972383504,0
2015-02-19,2409.3017972383504,0,2409.3017972383504,0
2015-02-20,2409.3017972383504,0,2409.3017972383504,0
2015-02-23,2409.3017972383504,0,2409.3017972383504,0
2015-02-24,2409.3017972383504,0,2409.3017972383504,0
2015-02-25,2409.3017972383504,0,2409.3017972383504,0
2015-02-26,2409.3017972383504,0,2409.3017972383504,0
2015-02-27,2409.3017972383504,0,2409.3017972383504,0
2015-03-02,2409.3017972383504,0,2409.3017972383504,0
2015-03-03,2409.3017972383504,0,2409.3017972383504,0
2015-03-04,2409.3017972383504,0,2409.3017972383504,0
2015-03-05,2409.3017972383504,0,2409.3017972383504,0
2015-03-06,2409.3017972383504,0,2409.3017972383504,0
2015-03-09,2409.3017972383504,0,2409.3017972383504,0
2015-03-10,2409.3017972383504,0,2409.3017972383504,0
2015-03-11,2409.3017972383504,0,2409.3017972383504,0
2015-03-12,2409.3017972383504,0,2409.3017972383504,0
2015-03-13,2409.3017972383504,0,2409.3017972383504,0
2015-03-16,2409.3017972383504,0,2409.3017972383504,0
2015-03-17,2409.3017972383504,0,2409.3017972383504,0
2015-03-18,2409.3017972383504,0,2409.3017972383504,0
2015-03-19,2409.3017972383504,0,2409.3017972383504,0
2015-03-20,2409.3017972383504,0,2409.3017972383504,0
2015-03-23,2409.3017972383504,0,2409.3017972383504,0
2015-03-24,2409.3017972383504,0,2409.3017972383504,0
2015-03-25,2409.3017972383504,0,2409.3017972383504,0
2015-03-26,2409.3017972383504,0,2409.3017972383504,0
2015-03-27,2409.3017972383504,0,2409.3017972383504,0
2015-03-30,2409.3017972383504,0,2409.3017972383504,0
2015-03-31,2409.3017972383504,0,2409.3017972383504,0
2015-04-01,2409.3017972383504,0,2409.3017972383504,0
2015-04-02,2409.3017972383504,0,2409.3017972383504,0
2015-04-06,2409.3017972383504,0,2409.3017972383504,0
2015-04-07,2409.3017972383504,0,2409.3017972383504,0
2015-04-08,2409.3017972383504,0,2409.3017972383504,0
2015-04-09,2409.3017972383504,0,2409.3017972383504,0
2015-04-10,2409.3017972383504,0,2409.3017972383504,0
2015-04-13,2409.3017972383504,0,2409.3017972383504,0
2015-04-14,2409.3017972383504,0,2409.3017972383504,0
2015-04-15,2409.3017972383504,0,2409.3017972383504,0
2015-04-16,2409.3017972383504,0,2409.3017972383504,0
2015-04-17,2409.3017972383504,0,2409.3017972383504,0
2015-04-20,2409.3017972383504,0,2409.3017972383504,0
2015-04-21,2409.3017972383504,0,2409.3017972383504,0
2015-04-22,2409.3017972383504,0,2409.3017972383504,0
2015-04-23,2409.3017972383504,0,2409.3017972383504,0
2015-04-24,2409.3017972383504,0,2409.3017972383504,0
2015-04-27,2409.3017972383504,0,2409.3017972383504,0
2015-04-28,2409.3017972383504,0,2409.3017972383504,0
2015-04-29,2409.3017972383504,0,2409.3017972383504,0
2015-04-30,2409.3017972383504,0,2409.3017972383504,0
2015-05-01,2409.3017972383504,0,2409.3017972383504,0
2015-05-04,2409.3017972383504,0,2409.3017972383504,0
2015-05-05,2409.3017972383504,0,2409.3017972383504,0
2015-05-06,2409.3017972383504,0,2409.3017972383504,0
2015-05-07,2409.3017972383504,0,2409.3017972383504,0
2015-05-08,2409.3017972383504,0,2409.3017972383504,0
2015-05-11,2409.3017972383504,0,2409.3017972383504,0
2015-05-12,2409.3017972383504,0,2409.3017972383504,0
2015-05-13,2409.3017972383504,0,2409.3017972383504,0
2015-05-14,2409.3017972383504,0,2409.3017972383504,0
2015-05-15,2409.3017972383504,0,2409.3017972383504,0
2015-05-18,2409.3017972383504,0,2409.3017972383504,0
2015-05-19,2409.3017972383504,0,2409.3017972383504,0
2015-05-20,2409.3017972383504,0,2409.3017972383504,0
2015-05-21,2409.3017972383504,0,2409.3017972383504,0
2015-05-22,2409.3017972383504,0,2409.3017972383504,0
2015-05-26,2409.3017972383504,0,2409.3017972383504,0
2015-05-27,2409.3017972383504,0,2409.3017972383504,0
2015-05-28,2409.3017972383504,0,2409.3017972383504,0
2015-05-29,2409.3017972383504,0,2409.3017972383504,0
2015-06-01,2409.3017972383504,0,2409.3017972383504,0
2015-06-02,2409.3017972383504,0,2409.3017972383504,0
2015-06-03,2409.3017972383504,0,2409.3017972383504,0
2015-06-04,2409.3017972383504,0,2409.3017972383504,0
2015-06-05,2409.3017972383504,0,2409.3017972383504,0
2015-06-08,2409.3017972383504,0,2409.3017972383504,0
2015-06-09,2409.3017972383504,0,2409.3017972383504,0
2015-06-10,1994.5956896131318,409.40610762521885,2404.0017972383507,1
2015-06-11,1586.0110376221535,819.1563991544215,2405.167436776575,2
2015-06-12,1586.0110376221535,774.9309234146708,2360.941961036824,2
2015-06-15,1586.0110376221535,740.425755765105,2326.4367933872586,2
2015-06-16,1586.0110376221535,776.7183326916318,2362.7293703137852,2
2015-06-17,1586.0110376221535,790.6463303218779,2376.6573679440316,2
2015-06-18,1586.0110376221535,853.8169196575475,2439.827957279701,2
2015-06-19,1586.0110376221535,822.1129495669363,2408.12398718909,2
2015-06-22,1586.0110376221535,872.0574389326732,2458.0684765548267,2
2015-06-23,1586.0110376221535,886.0534374927962,2472.06447511495,2
2015-06-24,1586.0110376221535,836.7141251808359,2422.7251628029894,2
2015-06-25,1586.0110376221535,813.5247738942933,2399.5358115164468,2
2015-06-26,1586.0110376221535,813.5760195350581,2399.5870571572113,2
2015-06-29,1586.0110376221535,601.2761987651572,2187.2872363873107,2
2015-06-30,1586.0110376221535,633.7364047864846,2219.747442408638,2
2015-07-01,1586.0110376221535,719.4800079900965,2305.4910456122498,2
2015-07-02,1586.0110376221535,714.4790451280849,2300.4900827502383,2
2015-07-06,1586.0110376221535,675.6840076654584,2261.6950452876117,2
2015-07-07,1586.0110376221535,760.1617700151397,2346.1728076372933,2
2015-07-08,1586.0110376221535,511.0038905053685,2097.014928127522,2
2015-07-09,1586.0110376221535,544.0894141992878,2130.1004518214413,2
2015-07-10,1586.0110376221535,750.2544506420495,2336.2654882642028,2
2015-07-13,2074.3147944008924,463.96235259307804,2538.2771469939703,1
2015-07-14,2563.36954823501,0,2563.36954823501,0
2015-07-15,2563.36954823501,0,2563.36954823501,0
2015-07-16,2563.36954823501,0,2563.36954823501,0
2015-07-17,2563.36954823501,0,2563.36954823501,0
2015-07-20,2563.36954823501,0,2563.36954823501,0
2015-07-21,2563.36954823501,0,2563.36954823501,0
2015-07-22,2563.36954823501,0,2563.36954823501,0
2015-07-23,2563.36954823501,0,2563.36954823501,0
2015-07-24,2563.36954823501,0,2563.36954823501,0
2015-07-27,2563.36954823501,0,2563.36954823501,0
2015-07-28,2563.36954823501,0,2563.36954823501,0
2015-07-29,2563.36954823501,0,2563.36954823501,0
2015-07-30,2563.36954823501,0,2563.36954823501,0
2015-07-31,2563.36954823501,0,2563.36954823501,0
2015-08-03,2563.36954823501,0,2563.36954823501,0
2015-08-04,2563.36954823501,0,2563.36954823501,0
2015-08-05,2563.36954823501,0,2563.36954823501,0
2015-08-06,2563.36954823501,0,2563.36954823501,0
2015-08-07,2563.36954823501,0,2563.36954823501,0
2015-08-10,2563.36954823501,0,2563.36954823501,0
2015-08-11,2563.36954823501,0,2563.36954823501,0
2015-08-12,2563.36954823501,0,2563.36954823501,0
2015-08-13,2563.36954823501,0,2563.36954823501,0
2015-08-14,2563.36954823501,0,2563.36954823501,0
2015-08-17,2563.36954823501,0,2563.36954823501,0
2015-08-18,2563.36954823501,0,2563.36954823501,0
2015-08-19,2563.36954823501,0,2563.36954823501,0
2015-08-20,2563.36954823501,0,2563.36954823501,0
2015-08-21,2563.36954823501,0,2563.36954823501,0
2015-08-24,2563.36954823501,0,2563.36954823501,0
2015-08-25,2563.36954823501,0,2563.36954823501,0
2015-08-26,2563.36954823501,0,2563.36954823501,0
2015-08-27,2563.36954823501,0,2563.36954823501,0
2015-08-28,2563.36954823501,0,2563.36954823501,0
2015-08-31,2563.36954823501,0,2563.36954823501,0
2015-09-01,2563.36954823501,0,2563.36954823501,0
2015-09-02,2563.36954823501,0,2563.36954823501,0
2015-09-03,2563.36954823501,0,2563.36954823501,0
2015-09-04,2563.36954823501,0,2563.36954823501,0
2015-09-08,2563.36954823501,0,2563.36954823501,0
2015-09-09,2563.36954823501,0,2563.36954823501,0
2015-09-10,2563.36954823501,0,2563.36954823501,0
2015-09-11,2563.36954823501,0,2563.36954823501,0
2015-09-14,2563.36954823501,0,2563.36954823501,0
2015-09-15,2563.36954823501,0,2563.36954823501,0
2015-09-16,2563.36954823501,0,2563.36954823501,0
2015-09-17,2563.36954823501,0,2563.36954823501,0
2015-09-18,2563.36954823501,0,2563.36954823501,0
2015-09-21,2563.36954823501,0,2563.36954823501,0
2015-09-22,2563.36954823501,0,2563.36954823501,0
2015-09-23,2563.36954823501,0,2563.36954823501,0
2015-09-24,2563.36954823501,0,2563.36954823501,0
2015-09-25,2563.36954823501,0,2563.36954823501,0
2015-09-28,2563.36954823501,0,2563.36954823501,0
2015-09-29,2563.36954823501,0,2563.36954823501,0
2015-09-30,2563.36954823501,0,2563.36954823501,0
2015-10-01,2563.36954823501,0,2563.36954823501,0
2015-10-02,2563.36954823501,0,2563.36954823501,0
2015-10-05,2563.36954823501,0,2563.36954823501,0
2015-10-06,2563.36954823501,0,2563.36954823501,0
2015-10-07,2563.36954823501,0,2563.36954823501,0
2015-10-08,2563.36954823501,0,2563.36954823501,0
2015-10-09,2563.36954823501,0,2563.36954823501,0
2015-10-12,2563.36954823501,0,2563.36954823501,0
2015-10-13,2563.36954823501,0,2563.36954823501,0
2015-10-14,2563.36954823501,0,2563.36954823501,0
2015-10-15,2563.36954823501,0,2563.36954823501,0
2015-10-16,2563.36954823501,0,2563.36954823501,0
2015-10-19,2563.36954823501,0,2563.36954823501,0
2015-10-20,2563.36954823501,0,2563.36954823501,0
2015-10-21,2563.36954823501,0,2563.36954823501,0
2015-10-22,2563.36954823501,0,2563.36954823501,0
2015-10-23,2563.36954823501,0,2563.36954823501,0
2015-10-26,2563.36954823501,0,2563.36954823501,0
2015-10-27,2563.36954823501,0,2563.36954823501,0
2015-10-28,2563.36954823501,0,2563.36954823501,0
2015-10-29,2563.36954823501,0,2563.36954823501,0
2015-10-30,2563.36954823501,0,2563.36954823501,0
2015-11-02,2563.36954823501,0,2563.36954823501,0
2015-11-03,2563.36954823501,0,2563.36954823501,0
2015-11-04,2563.36954823501,0,2563.36954823501,0
2015-11-05,2563.36954823501,0,2563.36954823501,0
2015-11-06,2563.36954823501,0,2563.36954823501,0
2015-11-09,2563.36954823501,0,2563.36954823501,0
2015-11-10,2563.36954823501,0,2563.36954823501,0
2015-11-11,2563.36954823501,0,2563.36954823501,0
2015-11-12,2563.36954823501,0,2563.36954823501,0
2015-11-13,2563.36954823501,0,2563.36954823501,0
2015-11-16,2563.36954823501,0,2563.36954823501,0
2015-11-17,2563.36954823501,0,2563.36954823501,0
2015-11-18,2563.36954823501,0,2563.36954823501,0
2015-11-19,2563.36954823501,0,2563.36954823501,0
2015-11-20,2563.36954823501,0,2563.36954823501,0
2015-11-23,2563.36954823501,0,2563.36954823501,0
2015-11-24,2563.36954823501,0,2563.36954823501,0
2015-11-25,2563.36954823501,0,2563.36954823501,0
2015-11-27,2563.36954823501,0,2563.36954823501,0
2015-11-30,2563.36954823501,0,2563.36954823501,0
2015-12-01,2563.36954823501,0,2563.36954823501,0
2015-12-02,2563.36954823501,0,2563.36954823501,0
2015-12-03,2563.36954823501,0,2563.36954823501,0
2015-12-04,2563.36954823501,0,2563.36954823501,0
2015-12-07,2563.36954823501,0,2563.36954823501,0
2015-12-08,2563.36954823501,0,2563.36954823501,0
2015-12-09,2563.36954823501,0,2563.36954823501,0
2015-12-10,2563.36954823501,0,2563.36954823501,0
2015-12-11,2563.36954823501,0,2563.36954823501,0
2015-12-14,2563.36954823501,0,2563.36954823501,0
2015-12-15,2563.36954823501,0,2563.36954823501,0
2015-12-16,2563.36954823501,0,2563.36954823501,0
2015-12-17,2563.36954823501,0,2563.36954823501,0
2015-12-18,2563.36954823501,0,2563.36954823501,0
2015-12-21,2563.36954823501,0,2563.36954823501,0
2015-12-22,2563.36954823501,0,2563.36954823501,0
2015-12-23,2563.36954823501,0,2563.36954823501,0
2015-12-24,2563.36954823501,0,2563.36954823501,0
2015-12-28,2563.36954823501,0,2563.36954823501,0
2015-12-29,2563.36954823501,0,2563.36954823501,0
2015-12-30,2563.36954823501,0,2563.36954823501,0
2015-12-31,2563.36954823501,0,2563.36954823501,0
2016-01-04,2563.36954823501,0,2563.36954823501,0
2016-01-05,2563.36954823501,0,2563.36954823501,0
2016-01-06,2563.36954823501,0,2563.36954823501,0
2016-01-07,2563.36954823501,0,2563.36954823501,0
2016-01-08,2563.36954823501,0,2563.36954823501,0
2016-01-11,2563.36954823501,0,2563.36954823501,0
2016-01-12,2563.36954823501,0,2563.36954823501,0
2016-01-13,2563.36954823501,0,2563.36954823501,0
2016-01-14,2563.36954823501,0,2563.36954823501,0
2016-01-15,2563.36954823501,0,2563.36954823501,0
2016-01-19,2563.36954823501,0,2563.36954823501,0
2016-01-20,2563.36954823501,0,2563.36954823501,0
2016-01-21,2563.36954823501,0,2563.36954823501,0
2016-01-22,2563.36954823501,0,2563.36954823501,0
2016-01-25,2563.36954823501,0,2563.36954823501,0
2016-01-26,2563.36954823501,0,2563.36954823501,0
2016-01-27,2563.36954823501,0,2563.36954823501,0
2016-01-28,2563.36954823501,0,2563.36954823501,0
2016-01-29,2563.36954823501,0,2563.36954823501,0
2016-02-01,2563.36954823501,0,2563.36954823501,0
2016-02-02,2563.36954823501,0,2563.36954823501,0
2016-02-03,2563.36954823501,0,2563.36954823501,0
2016-02-04,2563.36954823501,0,2563.36954823501,0
2016-02-05,2563.36954823501,0,2563.36954823501,0
2016-02-08,2563.36954823501,0,2563.36954823501,0
2016-02-09,2563.36954823501,0,2563.36954823501,0
2016-02-10,2563.36954823501,0,2563.36954823501,0
2016-02-11,2563.36954823501,0,2563.36954823501,0
2016-02-12,2563.36954823501,0,2563.36954823501,0
2016-02-16,2563.36954823501,0,2563.36954823501,0
2016-02-17,2563.36954823501,0,2563.36954823501,0
2016-02-18,2563.36954823501,0,2563.36954823501,0
2016-02-19,2563.36954823501,0,2563.36954823501,0
2016-02-22,2563.36954823501,0,2563.36954823501,0
2016-02-23,2563.36954823501,0,2563.36954823501,0
2016-02-24,2563.36954823501,0,2563.36954823501,0
2016-02-25,2563.36954823501,0,2563.36954823501,0
2016-02-26,2563.36954823501,0,2563.36954823501,0
2016-02-29,2563.36954823501,0,2563.36954823501,0
2016-03-01,2563.36954823501,0,2563.36954823501,0
2016-03-02,2563.36954823501,0,2563.36954823501,0
2016-03-03,2563.36954823501,0,2563.36954823501,0
2016-03-04,2563.36954823501,0,2563.36954823501,0
2016-03-07,2563.36954823501,0,2563.36954823501,0
2016-03-08,2563.36954823501,0,2563.36954823501,0
2016-03-09,2563.36954823501,0,2563.36954823501,0
2016-03-10,2563.36954823501,0,2563.36954823501,0
2016-03-11,2563.36954823501,0,2563.36954823501,0
2016-03-14,2563.36954823501,0,2563.36954823501,0
2016-03-15,2563.36954823501,0,2563.36954823501,0
2016-03-16,2151.0258309243563,407.0437173106534,2558.0695482350097,1
2016-03-17,1733.5126674430655,834.9261536984102,2568.4388211414757,2
2016-03-18,1733.5126674430655,856.5152666603133,2590.027934103379,2
2016-03-21,1733.5126674430655,867.1838771820219,2600.6965446250874,2
2016-03-22,1733.5126674430655,861.8982010707291,2595.4108685137944,2
2016-03-23,1733.5126674430655,830.8181694948207,2564.3308369378865,2
2016-03-24,1733.5126674430655,832.492878083405,2566.0055455264705,2
2016-03-28,1733.5126674430655,838.2332918416168,2571.7459592846826,2
2016-03-29,1733.5126674430655,891.3206228179081,2624.8332902609736,2
2016-03-30,1733.5126674430655,911.8834348493673,2645.3961022924327,2
2016-03-31,1733.5126674430655,904.0724825334539,2637.5851499765195,2
2016-04-01,1733.5126674430655,935.7290319987931,2669.2416994418586,2
2016-04-04,1733.5126674430655,926.8514680039734,2660.364135447039,2
2016-04-05,1733.5126674430655,880.3271615911885,2613.839829034254,2
2016-04-06,1733.5126674430655,936.6794012480997,2670.1920686911653,2
2016-04-07,1733.5126674430655,875.4246046804592,2608.937272123525,2
2016-04-08,1733.5126674430655,901.7247190936168,2635.2373865366826,2
2016-04-11,1733.5126674430655,901.0019401961995,2634.514607639265,2
2016-04-12,1799.4125608173915,884.7001476593518,2684.112708476743,2
2016-04-13,1879.759428998935,838.7947269137978,2718.5541559127328,2
2016-04-14,1879.759428998935,841.8309976827504,2721.590426681685,2
2016-04-15,1879.759428998935,840.0131642134777,2719.7725932124126,2
2016-04-18,1879.759428998935,873.3941813337549,2753.15361033269,2
2016-04-19,1879.759428998935,887.4250395648169,2767.1844685637516,2
2016-04-20,1879.759428998935,891.6562567231047,2771.4156857220396,2
2016-04-21,1879.759428998935,867.9135436737449,2747.67297267268,2
2016-04-22,1879.759428998935,878.3875221278847,2758.1469511268197,2
2016-04-25,1879.759428998935,869.1253946022591,2748.884823601194,2
2016-04-26,1879.759428998935,880.900461362813,2760.659890361748,2
2016-04-27,1879.759428998935,892.5111303758765,2772.2705593748115,2
2016-04-28,1879.759428998935,839.7753635955013,2719.534792594436,2
2016-04-29,1879.759428998935,811.027626728023,2690.787055726958,2
2016-05-02,1879.759428998935,873.083087583946,2752.842516582881,2
2016-05-03,1879.759428998935,819.2054579266376,2698.9648869255725,2
2016-05-04,1879.759428998935,777.2058100914663,2656.965239090401,2
2016-05-05,1879.759428998935,779.9924989313058,2659.7519279302405,2
2016-05-06,1879.759428998935,820.3524235150016,2700.1118525139364,2
2016-05-09,1879.759428998935,848.1484000970504,2727.907829095985,2
2016-05-10,1952.9749646299645,861.5899186398049,2814.5648832697693,2
2016-05-11,1952.9749646299645,794.2453502447016,2747.220314874666,2
2016-05-12,1952.9749646299645,801.3556427440543,2754.3306073740187,2
2016-05-13,1952.9749646299645,716.1981073254015,2669.173071955366,2
2016-05-16,1952.9749646299645,852.3059478427549,2805.280912472719,2
2016-05-17,1952.9749646299645,768.4917399027534,2721.466704532718,2
2016-05-18,2427.9750134580836,348.7736387467862,2776.74865220487,1
2016-05-19,2427.9750134580836,327.39741825009645,2755.37243170818,1
2016-05-20,2427.9750134580836,359.88827553045655,2787.8632889885403,1
2016-05-23,2427.9750134580836,349.3060140907758,2777.2810275488596,1
2016-05-24,2016.3682040634517,809.7257473491461,2826.0939514125976,2
2016-05-25,2016.3682040634517,850.4343258547906,2866.8025299182423,2
2016-05-26,2016.3682040634517,856.9328802554776,2873.3010843189295,2
2016-05-27,2016.3682040634517,881.6893079088845,2898.057511972336,2
2016-05-31,2016.3682040634517,878.084794859542,2894.4529989229936,2
2016-06-01,2016.3682040634517,886.5149124035311,2902.8831164669828,2
2016-06-02,2016.3682040634517,908.0058170325291,2924.374021095981,2
2016-06-03,2016.3682040634517,903.1643143993188,2919.5325184627704,2
2016-06-06,2016.3682040634517,933.462368351501,2949.8305724149527,2
2016-06-07,2091.244760502483,857.101873478523,2948.346633981006,2
2016-06-08,2091.244760502483,871.3279117019729,2962.572672204456,2
2016-06-09,2091.244760502483,862.055294650329,2953.300055152812,2
2016-06-10,2091.244760502483,808.2874961901038,2899.532256692587,2
2016-06-13,2091.244760502483,757.9121703540039,2849.156930856487,2
2016-06-14,2091.244760502483,746.0541861552286,2837.298946657712,2
2016-06-15,2091.244760502483,733.36740491753,2824.6121654200133,2
2016-06-16,2091.244760502483,762.9402615985889,2854.185022101072,2
2016-06-17,2091.244760502483,738.0608567326974,2829.3056172351808,2
2016-06-20,2091.244760502483,797.6780028209106,2888.9227633233936,2
2016-06-21,2091.244760502483,817.7159357858354,2908.9606962883186,2
2016-06-22,2091.244760502483,801.1256516619845,2892.370412164468,2
2016-06-23,2167.9229641097963,807.2301124387436,2975.15307654854,2
2016-06-24,2167.9229641097963,506.24508904245715,2674.1680531522534,2
2016-06-27,2507.423606944789,0,2507.423606944789,0
2016-06-28,2507.423606944789,0,2507.423606944789,0
2016-06-29,2507.423606944789,0,2507.423606944789,0
2016-06-30,2507.423606944789,0,2507.423606944789,0
2016-07-01,2507.423606944789,0,2507.423606944789,0
2016-07-05,2507.423606944789,0,2507.423606944789,0
2016-07-06,2507.423606944789,0,2507.423606944789,0
2016-07-07,2507.423606944789,0,2507.423606944789,0
2016-07-08,2507.423606944789,0,2507.423606944789,0
2016-07-11,2507.423606944789,0,2507.423606944789,0
2016-07-12,2507.423606944789,0,2507.423606944789,0
2016-07-13,2507.423606944789,0,2507.423606944789,0
2016-07-14,2507.423606944789,0,2507.423606944789,0
2016-07-15,2507.423606944789,0,2507.423606944789,0
2016-07-18,2507.423606944789,0,2507.423606944789,0
2016-07-19,2507.423606944789,0,2507.423606944789,0
2016-07-20,2507.423606944789,0,2507.423606944789,0
2016-07-21,2507.423606944789,0,2507.423606944789,0
2016-07-22,2507.423606944789,0,2507.423606944789,0
2016-07-25,2507.423606944789,0,2507.423606944789,0
2016-07-26,2507.423606944789,0,2507.423606944789,0
2016-07-27,2507.423606944789,0,2507.423606944789,0
2016-07-28,2507.423606944789,0,2507.423606944789,0
2016-07-29,2507.423606944789,0,2507.423606944789,0
2016-08-01,2507.423606944789,0,2507.423606944789,0
2016-08-02,2507.423606944789,0,2507.423606944789,0
2016-08-03,2507.423606944789,0,2507.423606944789,0
2016-08-04,2507.423606944789,0,2507.423606944789,0
2016-08-05,2507.423606944789,0,2507.423606944789,0
2016-08-08,2507.423606944789,0,2507.423606944789,0
2016-08-09,2507.423606944789,0,2507.423606944789,0
2016-08-10,2507.423606944789,0,2507.423606944789,0
2016-08-11,2507.423606944789,0,2507.423606944789,0
2016-08-12,2507.423606944789,0,2507.423606944789,0
2016-08-15,2507.423606944789,0,2507.423606944789,0
2016-08-16,2507.423606944789,0,2507.423606944789,0
2016-08-17,2507.423606944789,0,2507.423606944789,0
2016-08-18,2507.423606944789,0,2507.423606944789,0
2016-08-19,2507.423606944789,0,2507.423606944789,0
2016-08-22,2507.423606944789,0,2507.423606944789,0
2016-08-23,2507.423606944789,0,2507.423606944789,0
2016-08-24,2507.423606944789,0,2507.423606944789,0
2016-08-25,2507.423606944789,0,2507.423606944789,0
2016-08-26,2507.423606944789,0,2507.423606944789,0
2016-08-29,2507.423606944789,0,2507.423606944789,0
2016-08-30,2507.423606944789,0,2507.423606944789,0
2016-08-31,2507.423606944789,0,2507.423606944789,0
2016-09-01,2507.423606944789,0,2507.423606944789,0
2016-09-02,2507.423606944789,0,2507.423606944789,0
2016-09-06,2507.423606944789,0,2507.423606944789,0
2016-09-07,2507.423606944789,0,2507.423606944789,0
2016-09-08,2507.423606944789,0,2507.423606944789,0
2016-09-09,2507.423606944789,0,2507.423606944789,0
2016-09-12,2507.423606944789,0,2507.423606944789,0
2016-09-13,2507.423606944789,0,2507.423606944789,0
2016-09-14,2507.423606944789,0,2507.423606944789,0
2016-09-15,2507.423606944789,0,2507.423606944789,0
2016-09-16,2507.423606944789,0,2507.423606944789,0
2016-09-19,2507.423606944789,0,2507.423606944789,0
2016-09-20,2507.423606944789,0,2507.423606944789,0
2016-09-21,2507.423606944789,0,2507.423606944789,0
2016-09-22,2507.423606944789,0,2507.423606944789,0
2016-09-23,2507.423606944789,0,2507.423606944789,0
2016-09-26,2507.423606944789,0,2507.423606944789,0
2016-09-27,2507.423606944789,0,2507.423606944789,0
2016-09-28,2507.423606944789,0,2507.423606944789,0
2016-09-29,2507.423606944789,0,2507.423606944789,0
2016-09-30,2507.423606944789,0,2507.423606944789,0
2016-10-03,2507.423606944789,0,2507.423606944789,0
2016-10-04,2507.423606944789,0,2507.423606944789,0
2016-10-05,2507.423606944789,0,2507.423606944789,0
2016-10-06,2507.423606944789,0,2507.423606944789,0
2016-10-07,2507.423606944789,0,2507.423606944789,0
2016-10-10,2507.423606944789,0,2507.423606944789,0
2016-10-11,2507.423606944789,0,2507.423606944789,0
2016-10-12,2507.423606944789,0,2507.423606944789,0
2016-10-13,2507.423606944789,0,2507.423606944789,0
2016-10-14,2507.423606944789,0,2507.423606944789,0
2016-10-17,2507.423606944789,0,2507.423606944789,0
2016-10-18,2507.423606944789,0,2507.423606944789,0
2016-10-19,2507.423606944789,0,2507.423606944789,0
2016-10-20,2507.423606944789,0,2507.423606944789,0
2016-10-21,2507.423606944789,0,2507.423606944789,0
2016-10-24,2507.423606944789,0,2507.423606944789,0
2016-10-25,2507.423606944789,0,2507.423606944789,0
2016-10-26,2507.423606944789,0,2507.423606944789,0
2016-10-27,2507.423606944789,0,2507.423606944789,0
2016-10-28,2507.423606944789,0,2507.423606944789,0
2016-10-31,2507.423606944789,0,2507.423606944789,0
2016-11-01,2507.423606944789,0,2507.423606944789,0
2016-11-02,2507.423606944789,0,2507.423606944789,0
2016-11-03,2507.423606944789,0,2507.423606944789,0
2016-11-04,2507.423606944789,0,2507.423606944789,0
2016-11-07,2507.423606944789,0,2507.423606944789,0
2016-11-08,2507.423606944789,0,2507.423606944789,0
2016-11-09,2507.423606944789,0,2507.423606944789,0
2016-11-10,2507.423606944789,0,2507.423606944789,0
2016-11-11,2507.423606944789,0,2507.423606944789,0
2016-11-14,2507.423606944789,0,2507.423606944789,0
2016-11-15,2507.423606944789,0,2507.423606944789,0
2016-11-16,2507.423606944789,0,2507.423606944789,0
2016-11-17,2507.423606944789,0,2507.423606944789,0
2016-11-18,2507.423606944789,0,2507.423606944789,0
2016-11-21,2507.423606944789,0,2507.423606944789,0
2016-11-22,2507.423606944789,0,2507.423606944789,0
2016-11-23,2507.423606944789,0,2507.423606944789,0
2016-11-25,2507.423606944789,0,2507.423606944789,0
2016-11-28,2507.423606944789,0,2507.423606944789,0
2016-11-29,2507.423606944789,0,2507.423606944789,0
2016-11-30,2507.423606944789,0,2507.423606944789,0
2016-12-01,2507.423606944789,0,2507.423606944789,0
2016-12-02,2507.423606944789,0,2507.423606944789,0
2016-12-05,2507.423606944789,0,2507.423606944789,0
2016-12-06,2507.423606944789,0,2507.423606944789,0
2016-12-07,2507.423606944789,0,2507.423606944789,0
2016-12-08,2507.423606944789,0,2507.423606944789,0
2016-12-09,2507.423606944789,0,2507.423606944789,0
2016-12-12,2507.423606944789,0,2507.423606944789,0
2016-12-13,2507.423606944789,0,2507.423606944789,0
2016-12-14,2507.423606944789,0,2507.423606944789,0
2016-12-15,2507.423606944789,0,2507.423606944789,0
2016-12-16,2507.423606944789,0,2507.423606944789,0
2016-12-19,2507.423606944789,0,2507.423606944789,0
2016-12-20,2507.423606944789,0,2507.423606944789,0
2016-12-21,2507.423606944789,0,2507.423606944789,0
2016-12-22,2507.423606944789,0,2507.423606944789,0
2016-12-23,2507.423606944789,0,2507.423606944789,0
2016-12-27,2507.423606944789,0,2507.423606944789,0
2016-12-28,2507.423606944789,0,2507.423606944789,0
2016-12-29,2507.423606944789,0,2507.423606944789,0
2016-12-30,2507.423606944789,0,2507.423606944789,0
2017-01-03,2507.423606944789,0,2507.423606944789,0
2017-01-04,2507.423606944789,0,2507.423606944789,0
2017-01-05,2507.423606944789,0,2507.423606944789,0
2017-01-06,2507.423606944789,0,2507.423606944789,0
2017-01-09,2507.423606944789,0,2507.423606944789,0
2017-01-10,2507.423606944789,0,2507.423606944789,0
2017-01-11,2507.423606944789,0,2507.423606944789,0
2017-01-12,2507.423606944789,0,2507.423606944789,0
2017-01-13,2507.423606944789,0,2507.423606944789,0
2017-01-17,2507.423606944789,0,2507.423606944789,0
2017-01-18,2507.423606944789,0,2507.423606944789,0
2017-01-19,2507.423606944789,0,2507.423606944789,0
2017-01-20,2507.423606944789,0,2507.423606944789,0
2017-01-23,2507.423606944789,0,2507.423606944789,0
2017-01-24,2507.423606944789,0,2507.423606944789,0
2017-01-25,2507.423606944789,0,2507.423606944789,0
2017-01-26,2507.423606944789,0,2507.423606944789,0
2017-01-27,2507.423606944789,0,2507.423606944789,0
2017-01-30,2507.423606944789,0,2507.423606944789,0
2017-01-31,2507.423606944789,0,2507.423606944789,0
2017-02-01,2507.423606944789,0,2507.423606944789,0
2017-02-02,2507.423606944789,0,2507.423606944789,0
2017-02-03,2507.423606944789,0,2507.423606944789,0
2017-02-06,2507.423606944789,0,2507.423606944789,0
2017-02-07,2507.423606944789,0,2507.423606944789,0
2017-02-08,2507.423606944789,0,2507.423606944789,0
2017-02-09,2507.423606944789,0,2507.423606944789,0
2017-02-10,2507.423606944789,0,2507.423606944789,0
2017-02-13,2507.423606944789,0,2507.423606944789,0
2017-02-14,2507.423606944789,0,2507.423606944789,0
2017-02-15,2507.423606944789,0,2507.423606944789,0
2017-02-16,2507.423606944789,0,2507.423606944789,0
2017-02-17,2507.423606944789,0,2507.423606944789,0
2017-02-21,2507.423606944789,0,2507.423606944789,0
2017-02-22,2507.423606944789,0,2507.423606944789,0
2017-02-23,2507.423606944789,0,2507.423606944789,0
2017-02-24,2507.423606944789,0,2507.423606944789,0
2017-02-27,2507.423606944789,0,2507.423606944789,0
2017-02-28,2507.423606944789,0,2507.423606944789,0
2017-03-01,2507.423606944789,0,2507.423606944789,0
2017-03-02,2507.423606944789,0,2507.423606944789,0
2017-03-03,2507.423606944789,0,2507.423606944789,0
2017-03-06,2090.1822018360376,411.94140510875104,2502.1236069447887,1
2017-03-07,1682.7371925427694,804.7870643957303,2487.5242569385,2
2017-03-08,1682.7371925427694,786.97386072118,2469.7110532639495,2
2017-03-09,1682.7371925427694,788.6337896353332,2471.3709821781026,2
2017-03-10,1682.7371925427694,816.5267277327331,2499.2639202755026,2
2017-03-13,1682.7371925427694,827.270017907572,2510.0072104503415,2
2017-03-14,1682.7371925427694,795.8115024382373,2478.5486949810065,2
2017-03-15,1682.7371925427694,855.8742776700676,2538.611470212837,2
2017-03-16,1682.7371925427694,855.2280753630764,2537.965267905846,2
2017-03-17,1682.7371925427694,848.908666434032,2531.6458589768017,2
2017-03-20,1682.7371925427694,843.2764491777582,2526.0136417205276,2
2017-03-21,1682.7371925427694,730.0974189007462,2412.8346114435158,2
2017-03-22,1682.7371925427694,746.382131298092,2429.1193238408614,2
2017-03-23,1682.7371925427694,735.4433556155861,2418.1805481583556,2
2017-03-24,1682.7371925427694,729.8625859412375,2412.599778484007,2
2017-03-27,1682.7371925427694,728.0468397394621,2410.7840322822317,2
2017-03-28,1682.7371925427694,820.2646533252964,2503.001845868066,2
2017-03-29,1682.7371925427694,837.5324856744658,2520.269678217235,2
2017-03-30,1682.7371925427694,867.5817308934863,2550.318923436256,2
2017-03-31,1682.7371925427694,842.5026651822077,2525.239857724977,2
2017-04-03,1682.7371925427694,852.5899823810173,2535.3271749237865,2
2017-04-04,1682.7371925427694,878.9499647259368,2561.687157268706,2
2017-04-05,1682.7371925427694,841.8422667426462,2524.5794592854154,2
2017-04-06,1682.7371925427694,888.3369672977178,2571.0741598404875,2
2017-04-07,1682.7371925427694,892.9627714552082,2575.6999639979776,2
2017-04-10,2259.5995298433654,400.75601901043143,2660.355548853797,1
2017-04-11,1850.4248589588558,798.1207099771061,2648.545568935962,2
2017-04-12,1850.4248589588558,777.0477575201568,2627.4726164790127,2
2017-04-13,1850.4248589588558,740.4704048122,2590.895263771056,2
2017-04-17,1850.4248589588558,796.1204150291564,2646.545273988012,2
2017-04-18,1850.4248589588558,782.7537617023652,2633.178620661221,2
2017-04-19,1850.4248589588558,770.06397507119,2620.488834030046,2
2017-04-20,1850.4248589588558,820.1008660509536,2670.5257250098093,2
2017-04-21,1850.4248589588558,801.0268067967843,2651.45166575564,2
2017-04-24,1850.4248589588558,910.8998297946714,2761.324688753527,2
2017-04-25,1850.4248589588558,937.8352467739427,2788.2601057327984,2
2017-04-26,1850.4248589588558,938.2921419114782,2788.7170008703342,2
2017-04-27,1850.4248589588558,950.0359496764027,2800.460808635258,2
2017-04-28,1850.4248589588558,941.3233468755723,2791.748205834428,2
2017-05-01,2398.9347359585267,410.15919133699936,2809.093927295526,1
2017-05-02,1983.1248069078788,821.6260868136814,2804.7508937215603,2
2017-05-03,1983.1248069078788,813.5606480894467,2796.6854549973255,2
2017-05-04,1983.1248069078788,821.6507183971019,2804.775525304981,2
2017-05-05,1983.1248069078788,846.421899089923,2829.546705997802,2
2017-05-08,1983.1248069078788,865.3861716278417,2848.5109785357204,2
2017-05-09,1983.1248069078788,858.0287682074442,2841.153575115323,2
2017-05-10,1983.1248069078788,862.9501231861766,2846.074930094055,2
2017-05-11,1983.1248069078788,845.4886150109089,2828.613421918788,2
2017-05-12,1983.1248069078788,841.0782974135618,2824.2031043214406,2
2017-05-15,1983.1248069078788,879.8207625135774,2862.945569421456,2
2017-05-16,1983.1248069078788,875.1835965302835,2858.3084034381623,2
2017-05-17,1983.1248069078788,682.4897518840075,2665.6145587918863,2
2017-05-18,1983.1248069078788,723.52582775695,2706.650634664829,2
2017-05-19,1983.1248069078788,807.6756615481713,2790.80046845605,2
2017-05-22,1983.1248069078788,877.3768194858188,2860.5016263936977,2
2017-05-23,1983.1248069078788,898.7902619379591,2881.915068845838,2
2017-05-24,1983.1248069078788,930.6652418586,2913.790048766479,2
2017-05-25,1983.1248069078788,956.4106325926259,2939.5354395005047,2
2017-05-26,2052.261982092116,889.2127436811005,2941.4747257732165,2
2017-05-30,2120.2924072240435,815.0234125529394,2935.3158197769826,2
2017-05-31,2120.2924072240435,812.7373891027339,2933.0297963267776,2
2017-06-01,2120.2924072240435,868.7078023636823,2989.0002095877257,2
2017-06-02,2120.2924072240435,891.8240455590453,3012.116452783089,2
2017-06-05,2120.2924072240435,887.0984980128312,3007.3909052368745,2
2017-06-06,2120.2924072240435,868.375319321776,2988.6677265458193,2
2017-06-07,2120.2924072240435,880.4474874770563,3000.7398947010997,2
2017-06-08,2120.2924072240435,888.4164430620839,3008.7088502861275,2
2017-06-09,2120.2924072240435,877.8436182468741,2998.1360254709175,2
2017-06-12,2120.2924072240435,869.9150348167478,2990.207442040791,2
2017-06-13,2120.2924072240435,913.672723034829,3033.9651302588727,2
2017-06-14,2120.2924072240435,909.1692656008332,3029.4616728248766,2
2017-06-15,2120.2924072240435,897.3939561429409,3017.6863633669846,2
2017-06-16,2120.2924072240435,911.8226440936681,3032.1150513177117,2
2017-06-19,2120.2924072240435,959.9240400510687,3080.216447275112,2
2017-06-20,2120.2924072240435,933.0898174275112,3053.3822246515547,2
2017-06-21,2120.2924072240435,938.0225899794148,3058.314997203458,2
2017-06-22,2120.2924072240435,946.1513151842906,3066.443722408334,2
2017-06-23,2190.2560721288833,887.9784514346093,3078.2345235634925,2
2017-06-26,2259.791000020985,824.5391914395136,3084.3301914604986,2
2017-06-27,2259.791000020985,750.6582340124296,3010.4492340334145,2
2017-06-28,2259.791000020985,829.8163457403916,3089.6073457613766,2
2017-06-29,2259.791000020985,749.2605699775388,3009.0515699985235,2
2017-06-30,2259.791000020985,764.7930983099209,3024.584098330906,2
2017-07-03,2259.791000020985,786.0506452015237,3045.8416452225088,2
2017-07-05,2259.791000020985,802.6300503784014,3062.4210503993863,2
2017-07-06,2259.791000020985,707.4122974664448,2967.2032974874296,2
2017-07-07,2259.791000020985,779.7109264306897,3039.5019264516745,2
2017-07-10,2259.791000020985,795.6695098725241,3055.460509893509,2
2017-07-11,2259.791000020985,794.1478888961711,3053.938888917156,2
2017-07-12,2259.791000020985,868.8035994663711,3128.594599487356,2
2017-07-13,2259.791000020985,893.2759771484552,3153.06697716944,2
2017-07-14,2259.791000020985,931.5209538117397,3191.3119538327246,2
2017-07-17,2259.791000020985,941.0207382507873,3200.8117382717724,2
2017-07-18,2259.791000020985,948.1874051944096,3207.9784052153946,2
2017-07-19,2821.1417000770753,403.6055605710402,3224.7472606481156,1
2017-07-20,2411.2058159351454,809.8216457252768,3221.027461660422,2
2017-07-21,2411.2058159351454,811.7054773398215,3222.9112932749667,2
2017-07-24,2411.2058159351454,805.962230467911,3217.1680464030565,2
2017-07-25,2411.2058159351454,830.25750887792,3241.4633248130654,2
2017-07-26,2411.2058159351454,831.1895078196699,3242.3953237548153,2
2017-07-27,2411.2058159351454,817.3870293412094,3228.5928452763546,2
2017-07-28,2411.2058159351454,805.9686407693753,3217.1744567045207,2
2017-07-31,2411.2058159351454,806.1216805766264,3217.3274965117716,2
2017-08-01,2411.2058159351454,831.424048840169,3242.6298647753147,2
2017-08-02,2411.2058159351454,834.8893680962025,3246.095184031348,2
2017-08-03,2411.2058159351454,817.1010251632133,3228.3068410983587,2
2017-08-04,2411.2058159351454,842.8773979802158,3254.0832139153613,2
2017-08-07,2411.2058159351454,869.4444986002238,3280.650314535369,2
2017-08-08,2411.2058159351454,836.1587994616713,3247.3646153968166,2
2017-08-09,2411.2058159351454,835.1559379876825,3246.361753922828,2
2017-08-10,2411.2058159351454,628.6143555023983,3039.8201714375436,2
2017-08-11,2411.2058159351454,648.7770705939213,3059.9828865290665,2
2017-08-14,2411.2058159351454,813.8603388918685,3225.066154827014,2
2017-08-15,2411.2058159351454,820.3909514062357,3231.596767341381,2
2017-08-16,2411.2058159351454,851.0083762796498,3262.2141922147953,2
2017-08-17,2411.2058159351454,571.9582652271797,2983.164081162325,2
2017-08-18,2411.2058159351454,532.8949229398384,2944.100738874984,2
2017-08-21,2411.2058159351454,560.3375814066216,2971.543397341767,2
2017-08-22,2411.2058159351454,887.3762765755488,3298.582092510694,2
2017-08-23,2850.306206560146,405.3448621962158,3255.651068756362,1
2017-08-24,3238.7059135913955,0,3238.7059135913955,0
2017-08-25,3238.7059135913955,0,3238.7059135913955,0
2017-08-28,3238.7059135913955,0,3238.7059135913955,0
2017-08-29,3238.7059135913955,0,3238.7059135913955,0
2017-08-30,2833.4571536348585,399.948759956537,3233.4059135913953,1
2017-08-31,2419.343346941262,830.497247861399,3249.840594802661,2
2017-09-01,2419.343346941262,850.3023231307669,3269.645670072029,2
2017-09-05,2419.343346941262,781.3193208979442,3200.6626678392063,2
2017-09-06,2419.343346941262,809.9657738733874,3229.3091208146498,2
2017-09-07,2419.343346941262,811.3532629567133,3230.6966098979756,2
2017-09-08,2419.343346941262,796.1841461373203,3215.5274930785827,2
2017-09-11,2419.343346941262,887.3918016596122,3306.7351486008743,2
2017-09-12,2419.343346941262,908.585161780366,3327.928508721628,2
2017-09-13,2419.343346941262,916.2219732026231,3335.5653201438854,2
2017-09-14,2419.343346941262,915.7435802229438,3335.086927164206,2
2017-09-15,2419.343346941262,931.0606211888712,3350.4039681301333,2
2017-09-18,2419.343346941262,947.5679864776773,3366.9113334189396,2
2017-09-19,2490.21439656773,877.0996062863551,3367.314002854085,2
2017-09-20,2490.21439656773,888.6121020196218,3378.826498587352,2
2017-09-21,2490.21439656773,876.510532738443,3366.724929306173,2
2017-09-22,2490.21439656773,884.0653575389927,3374.279754106723,2
2017-09-25,2490.21439656773,872.1604374461624,3362.3748340138927,2
2017-09-26,2562.573007300128,797.6756001423382,3360.2486074424664,2
2017-09-27,2562.573007300128,833.2964336802526,3395.8694409803807,2
2017-09-28,2562.573007300128,848.7088624124283,3411.2818697125567,2
2017-09-29,2562.573007300128,874.6388344480047,3437.211841748133,2
2017-10-02,2562.573007300128,904.0061420318306,3466.579149331959,2
2017-10-03,2562.573007300128,915.8406735948349,3478.4136808949634,2
2017-10-04,2562.573007300128,922.0431632436469,3484.6161705437753,2
2017-10-05,2562.573007300128,952.0054175990599,3514.578424899188,2
2017-10-06,2562.573007300128,944.5948304536284,3507.1678377537564,2
2017-10-09,2562.573007300128,938.2136398624882,3500.7866471626166,2
2017-10-10,2562.573007300128,953.0482452475411,3515.6212525476694,2
2017-10-11,2638.347662535094,881.9761435539858,3520.32380608908,2
2017-10-12,2638.347662535094,874.6342760100149,3512.981938545109,2
2017-10-13,2712.3203239431846,804.7129026003965,3517.033226543581,2
2017-10-16,2712.3203239431846,816.8411932546242,3529.1615171978087,2
2017-10-17,2712.3203239431846,817.0874531019435,3529.407777045128,2
2017-10-18,2712.3203239431846,827.6375124448265,3539.957836388011,2
2017-10-19,2712.3203239431846,832.0857346221572,3544.406058565342,2
2017-10-20,2712.3203239431846,868.4863390851533,3580.806663028338,2
2017-10-23,2712.3203239431846,832.7197208720797,3545.040044815264,2
2017-10-24,2712.3203239431846,844.7186514697535,3557.0389754129383,2
2017-10-25,2712.3203239431846,812.9611103484856,3525.28143429167,2
2017-10-26,2712.3203239431846,824.3079828859067,3536.6283068290913,2
2017-10-27,2712.3203239431846,904.8396023381779,3617.1599262813625,2
2017-10-30,2712.3203239431846,885.5739047218076,3597.894228664992,2
2017-10-31,2712.3203239431846,901.5275255228637,3613.8478494660485,2
2017-11-01,2712.3203239431846,915.2371954599106,3627.5575194030953,2
2017-11-02,2712.3203239431846,925.8338035721563,3638.154127515341,2
2017-11-03,2712.3203239431846,957.2186561857884,3669.538980128973,2
2017-11-06,3262.820523866042,413.7722899185213,3676.5928137845635,1
2017-11-07,2848.307539642648,819.0283483643312,3667.335888006979,2
2017-11-08,2848.307539642648,831.7101958342462,3680.017735476894,2
2017-11-09,2848.307539642648,796.3207711909142,3644.628310833562,2
2017-11-10,2848.307539642648,781.382981275388,3629.690520918036,2
2017-11-13,2848.307539642648,789.3942616414499,3637.701801284098,2
2017-11-14,2848.307539642648,772.1904503634164,3620.4979900060644,2
2017-11-15,2848.307539642648,716.0738460476366,3564.3813856902843,2
2017-11-16,2848.307539642648,792.958697858549,3641.266237501197,2
2017-11-17,2848.307539642648,777.7398797071335,3626.047419349781,2
2017-11-20,2848.307539642648,804.5611472475932,3652.8686868902414,2
2017-11-21,2848.307539642648,873.9871564579566,3722.2946961006046,2
2017-11-22,2848.307539642648,869.4663566028254,3717.773896245473,2
2017-11-24,2848.307539642648,895.1727382361348,3743.4802778787825,2
2017-11-27,2848.307539642648,902.9859846799386,3751.2935243225866,2
2017-11-28,2848.307539642648,953.8859191860254,3802.193458828673,2
2017-11-29,2848.307539642648,948.3341951169116,3796.6417347595598,2
2017-11-30,3403.8959751697494,406.814496975214,3810.710472144963,1
2017-12-01,2998.804829567276,800.0558713842756,3798.8607009515517,2
2017-12-04,2998.804829567276,793.524592193296,3792.329421760572,2
2017-12-05,2998.804829567276,771.6519018796482,3770.456731446924,2
2017-12-06,2998.804829567276,775.0371702768368,3773.841999844113,2
2017-12-07,2998.804829567276,810.3957131389088,3809.200542706185,2
2017-12-08,2998.804829567276,860.6811794747425,3859.486009042019,2
2017-12-11,2998.804829567276,892.0074186131715,3890.8122481804476,2
2017-12-12,2998.804829567276,892.8090254828213,3891.6138550500973,2
2017-12-13,2998.804829567276,888.7151738615163,3887.5200034287923,2
2017-12-14,2998.804829567276,861.9066798342374,3860.7115094015135,2
2017-12-15,2998.804829567276,931.8802709161114,3930.6851004833875,2
2017-12-18,2998.804829567276,958.7524343704622,3957.5572639377383,2
2017-12-19,2998.804829567276,944.8071302669281,3943.6119598342043,2
2017-12-20,2998.804829567276,950.3542899236338,3949.1591194909097,2
2017-12-21,2998.804829567276,962.1446007879777,3960.9494303552538,2
2017-12-22,2998.804829567276,961.2056143362702,3960.0104439035463,2
2017-12-26,3559.5872473312897,404.03441276969403,3963.6216601009837,1
2017-12-27,3149.119712802074,810.8894187788884,3960.0091315809623,2
2017-12-28,3149.119712802074,828.2105601373864,3977.3302729394604,2
2017-12-29,3149.119712802074,782.4735400989894,3931.5932529010634,2
2018-01-02,3149.119712802074,862.8174388677576,4011.9371516698316,2
2018-01-03,3149.119712802074,910.3975986325463,4059.5173114346203,2
2018-01-04,3149.119712802074,928.3428820398792,4077.4625948419534,2
2018-01-05,3149.119712802074,952.9446790187121,4102.064391820786,2
2018-01-08,3149.119712802074,959.9019938207358,4109.02170662281,2
2018-01-09,3149.119712802074,958.1859857489012,4107.305698550976,2
2018-01-10,3149.119712802074,961.5536436589534,4110.673356461028,2
2018-01-11,3717.031829966778,400.5842556685991,4117.616085635377,1
2018-01-12,3302.595255277291,830.3440259925736,4132.939281269864,2
2018-01-16,3302.595255277291,792.8099580090695,4095.405213286361,2
2018-01-17,3302.595255277291,846.6677093372795,4149.262964614571,2
2018-01-18,3302.595255277291,836.1108945361955,4138.706149813486,2
2018-01-19,3302.595255277291,873.3511144838079,4175.946369761099,2
2018-01-22,3302.595255277291,918.0254318978566,4220.620687175147,2
2018-01-23,3302.595255277291,927.1454462602553,4229.740701537547,2
2018-01-24,3302.595255277291,923.0484618112598,4225.643717088551,2
2018-01-25,3302.595255277291,926.6010323914186,4229.196287668709,2
2018-01-26,3383.55454908792,877.106176762275,4260.660725850195,2
2018-01-29,3383.55454908792,824.7347025181607,4208.28925160608,2
2018-01-30,3383.55454908792,741.1748049280213,4124.729354015941,2
2018-01-31,3383.55454908792,755.1141119223527,4138.668661010272,2
2018-02-01,3383.55454908792,751.4635821763238,4135.0181312642435,2
2018-02-02,3157.7458299999435,763.3287526472302,3921.074582647174,2
2018-02-05,3320.672814008721,229.59630734529242,3550.269121354014,1
2018-02-06,3320.672814008721,351.381653206532,3672.054467215253,1
2018-02-07,3320.672814008721,312.27264862225326,3632.9454626309744,1
2018-02-08,3495.0823969263574,0,3495.0823969263574,0
2018-02-09,3495.0823969263574,0,3495.0823969263574,0
2018-02-12,3495.0823969263574,0,3495.0823969263574,0
2018-02-13,3495.0823969263574,0,3495.0823969263574,0
2018-02-14,3495.0823969263574,0,3495.0823969263574,0
2018-02-15,3495.0823969263574,0,3495.0823969263574,0
2018-02-16,3495.0823969263574,0,3495.0823969263574,0
2018-02-20,3495.0823969263574,0,3495.0823969263574,0
2018-02-21,3495.0823969263574,0,3495.0823969263574,0
2018-02-22,3495.0823969263574,0,3495.0823969263574,0
2018-02-23,3495.0823969263574,0,3495.0823969263574,0
2018-02-26,3495.0823969263574,0,3495.0823969263574,0
2018-02-27,3495.0823969263574,0,3495.0823969263574,0
2018-02-28,3495.0823969263574,0,3495.0823969263574,0
2018-03-01,3495.0823969263574,0,3495.0823969263574,0
2018-03-02,3495.0823969263574,0,3495.0823969263574,0
2018-03-05,3495.0823969263574,0,3495.0823969263574,0
2018-03-06,3495.0823969263574,0,3495.0823969263574,0
2018-03-07,3495.0823969263574,0,3495.0823969263574,0
2018-03-08,3495.0823969263574,0,3495.0823969263574,0
2018-03-09,3495.0823969263574,0,3495.0823969263574,0
2018-03-12,3495.0823969263574,0,3495.0823969263574,0
2018-03-13,3495.0823969263574,0,3495.0823969263574,0
2018-03-14,3495.0823969263574,0,3495.0823969263574,0
2018-03-15,3495.0823969263574,0,3495.0823969263574,0
2018-03-16,3495.0823969263574,0,3495.0823969263574,0
2018-03-19,3495.0823969263574,0,3495.0823969263574,0
2018-03-20,3495.0823969263574,0,3495.0823969263574,0
2018-03-21,3495.0823969263574,0,3495.0823969263574,0
2018-03-22,3495.0823969263574,0,3495.0823969263574,0
2018-03-23,3495.0823969263574,0,3495.0823969263574,0
2018-03-26,3495.0823969263574,0,3495.0823969263574,0
2018-03-27,3495.0823969263574,0,3495.0823969263574,0
2018-03-28,3495.0823969263574,0,3495.0823969263574,0
2018-03-29,3495.0823969263574,0,3495.0823969263574,0
2018-04-02,3495.0823969263574,0,3495.0823969263574,0
2018-04-03,3495.0823969263574,0,3495.0823969263574,0
2018-04-04,3495.0823969263574,0,3495.0823969263574,0
2018-04-05,3495.0823969263574,0,3495.0823969263574,0
2018-04-06,3495.0823969263574,0,3495.0823969263574,0
2018-04-09,3495.0823969263574,0,3495.0823969263574,0
2018-04-10,3495.0823969263574,0,3495.0823969263574,0
2018-04-11,3495.0823969263574,0,3495.0823969263574,0
2018-04-12,3495.0823969263574,0,3495.0823969263574,0
2018-04-13,3495.0823969263574,0,3495.0823969263574,0
2018-04-16,3495.0823969263574,0,3495.0823969263574,0
2018-04-17,3495.0823969263574,0,3495.0823969263574,0
2018-04-18,3495.0823969263574,0,3495.0823969263574,0
2018-04-19,3495.0823969263574,0,3495.0823969263574,0
2018-04-20,3495.0823969263574,0,3495.0823969263574,0
2018-04-23,3495.0823969263574,0,3495.0823969263574,0
2018-04-24,3495.0823969263574,0,3495.0823969263574,0
2018-04-25,3495.0823969263574,0,3495.0823969263574,0
2018-04-26,3495.0823969263574,0,3495.0823969263574,0
2018-04-27,3495.0823969263574,0,3495.0823969263574,0
2018-04-30,3495.0823969263574,0,3495.0823969263574,0
2018-05-01,3495.0823969263574,0,3495.0823969263574,0
2018-05-02,3495.0823969263574,0,3495.0823969263574,0
2018-05-03,3495.0823969263574,0,3495.0823969263574,0
2018-05-04,3495.0823969263574,0,3495.0823969263574,0
2018-05-07,3495.0823969263574,0,3495.0823969263574,0
2018-05-08,3495.0823969263574,0,3495.0823969263574,0
2018-05-09,3495.0823969263574,0,3495.0823969263574,0
2018-05-10,3495.0823969263574,0,3495.0823969263574,0
2018-05-11,3495.0823969263574,0,3495.0823969263574,0
2018-05-14,3495.0823969263574,0,3495.0823969263574,0
2018-05-15,3495.0823969263574,0,3495.0823969263574,0
2018-05-16,3495.0823969263574,0,3495.0823969263574,0
2018-05-17,3495.0823969263574,0,3495.0823969263574,0
2018-05-18,3495.0823969263574,0,3495.0823969263574,0
2018-05-21,3495.0823969263574,0,3495.0823969263574,0
2018-05-22,3495.0823969263574,0,3495.0823969263574,0
2018-05-23,3495.0823969263574,0,3495.0823969263574,0
2018-05-24,3495.0823969263574,0,3495.0823969263574,0
2018-05-25,3495.0823969263574,0,3495.0823969263574,0
2018-05-29,3495.0823969263574,0,3495.0823969263574,0
2018-05-30,3495.0823969263574,0,3495.0823969263574,0
2018-05-31,3495.0823969263574,0,3495.0823969263574,0
2018-06-01,3495.0823969263574,0,3495.0823969263574,0
2018-06-04,3495.0823969263574,0,3495.0823969263574,0
2018-06-05,3495.0823969263574,0,3495.0823969263574,0
2018-06-06,3495.0823969263574,0,3495.0823969263574,0
2018-06-07,3495.0823969263574,0,3495.0823969263574,0
2018-06-08,3495.0823969263574,0,3495.0823969263574,0
2018-06-11,3495.0823969263574,0,3495.0823969263574,0
2018-06-12,3495.0823969263574,0,3495.0823969263574,0
2018-06-13,3495.0823969263574,0,3495.0823969263574,0
2018-06-14,3495.0823969263574,0,3495.0823969263574,0
2018-06-15,3495.0823969263574,0,3495.0823969263574,0
2018-06-18,3495.0823969263574,0,3495.0823969263574,0
2018-06-19,3495.0823969263574,0,3495.0823969263574,0
2018-06-20,3495.0823969263574,0,3495.0823969263574,0
2018-06-21,3495.0823969263574,0,3495.0823969263574,0
2018-06-22,3495.0823969263574,0,3495.0823969263574,0
2018-06-25,3495.0823969263574,0,3495.0823969263574,0
2018-06-26,3495.0823969263574,0,3495.0823969263574,0
2018-06-27,3495.0823969263574,0,3495.0823969263574,0
2018-06-28,3495.0823969263574,0,3495.0823969263574,0
2018-06-29,3495.0823969263574,0,3495.0823969263574,0
2018-07-02,3495.0823969263574,0,3495.0823969263574,0
2018-07-03,3495.0823969263574,0,3495.0823969263574,0
2018-07-05,3495.0823969263574,0,3495.0823969263574,0
2018-07-06,3495.0823969263574,0,3495.0823969263574,0
2018-07-09,3495.0823969263574,0,3495.0823969263574,0
2018-07-10,3495.0823969263574,0,3495.0823969263574,0
2018-07-11,3495.0823969263574,0,3495.0823969263574,0
2018-07-12,3495.0823969263574,0,3495.0823969263574,0
2018-07-13,3495.0823969263574,0,3495.0823969263574,0
2018-07-16,3495.0823969263574,0,3495.0823969263574,0
2018-07-17,3495.0823969263574,0,3495.0823969263574,0
2018-07-18,3495.0823969263574,0,3495.0823969263574,0
2018-07-19,3495.0823969263574,0,3495.0823969263574,0
2018-07-20,3495.0823969263574,0,3495.0823969263574,0
2018-07-23,3495.0823969263574,0,3495.0823969263574,0
2018-07-24,3495.0823969263574,0,3495.0823969263574,0
2018-07-25,3495.0823969263574,0,3495.0823969263574,0
2018-07-26,3495.0823969263574,0,3495.0823969263574,0
2018-07-27,3495.0823969263574,0,3495.0823969263574,0
2018-07-30,3495.0823969263574,0,3495.0823969263574,0
2018-07-31,3495.0823969263574,0,3495.0823969263574,0
2018-08-01,3495.0823969263574,0,3495.0823969263574,0
2018-08-02,3495.0823969263574,0,3495.0823969263574,0
2018-08-03,3495.0823969263574,0,3495.0823969263574,0
2018-08-06,3495.0823969263574,0,3495.0823969263574,0
2018-08-07,3495.0823969263574,0,3495.0823969263574,0
2018-08-08,3495.0823969263574,0,3495.0823969263574,0
2018-08-09,3495.0823969263574,0,3495.0823969263574,0
2018-08-10,3495.0823969263574,0,3495.0823969263574,0
2018-08-13,3495.0823969263574,0,3495.0823969263574,0
2018-08-14,3495.0823969263574,0,3495.0823969263574,0
2018-08-15,3495.0823969263574,0,3495.0823969263574,0
2018-08-16,3495.0823969263574,0,3495.0823969263574,0
2018-08-17,3495.0823969263574,0,3495.0823969263574,0
2018-08-20,3495.0823969263574,0,3495.0823969263574,0
2018-08-21,3495.0823969263574,0,3495.0823969263574,0
2018-08-22,3495.0823969263574,0,3495.0823969263574,0
2018-08-23,3495.0823969263574,0,3495.0823969263574,0
2018-08-24,3495.0823969263574,0,3495.0823969263574,0
2018-08-27,3495.0823969263574,0,3495.0823969263574,0
2018-08-28,3495.0823969263574,0,3495.0823969263574,0
2018-08-29,3495.0823969263574,0,3495.0823969263574,0
2018-08-30,3495.0823969263574,0,3495.0823969263574,0
2018-08-31,3495.0823969263574,0,3495.0823969263574,0
2018-09-04,3495.0823969263574,0,3495.0823969263574,0
2018-09-05,3495.0823969263574,0,3495.0823969263574,0
2018-09-06,3495.0823969263574,0,3495.0823969263574,0
2018-09-07,3495.0823969263574,0,3495.0823969263574,0
2018-09-10,3495.0823969263574,0,3495.0823969263574,0
2018-09-11,3495.0823969263574,0,3495.0823969263574,0
2018-09-12,3495.0823969263574,0,3495.0823969263574,0
2018-09-13,3495.0823969263574,0,3495.0823969263574,0
2018-09-14,3495.0823969263574,0,3495.0823969263574,0
2018-09-17,3495.0823969263574,0,3495.0823969263574,0
2018-09-18,3495.0823969263574,0,3495.0823969263574,0
2018-09-19,3495.0823969263574,0,3495.0823969263574,0
2018-09-20,3495.0823969263574,0,3495.0823969263574,0
2018-09-21,3495.0823969263574,0,3495.0823969263574,0
2018-09-24,3495.0823969263574,0,3495.0823969263574,0
2018-09-25,3495.0823969263574,0,3495.0823969263574,0
2018-09-26,3495.0823969263574,0,3495.0823969263574,0
2018-09-27,3495.0823969263574,0,3495.0823969263574,0
2018-09-28,3495.0823969263574,0,3495.0823969263574,0
2018-10-01,3495.0823969263574,0,3495.0823969263574,0
2018-10-02,3495.0823969263574,0,3495.0823969263574,0
2018-10-03,3495.0823969263574,0,3495.0823969263574,0
2018-10-04,3495.0823969263574,0,3495.0823969263574,0
2018-10-05,3495.0823969263574,0,3495.0823969263574,0
2018-10-08,3495.0823969263574,0,3495.0823969263574,0
2018-10-09,3495.0823969263574,0,3495.0823969263574,0
2018-10-10,3495.0823969263574,0,3495.0823969263574,0
2018-10-11,3495.0823969263574,0,3495.0823969263574,0
2018-10-12,3495.0823969263574,0,3495.0823969263574,0
2018-10-15,3495.0823969263574,0,3495.0823969263574,0
2018-10-16,3495.0823969263574,0,3495.0823969263574,0
2018-10-17,3495.0823969263574,0,3495.0823969263574,0
2018-10-18,3495.0823969263574,0,3495.0823969263574,0
2018-10-19,3495.0823969263574,0,3495.0823969263574,0
2018-10-22,3495.0823969263574,0,3495.0823969263574,0
2018-10-23,3495.0823969263574,0,3495.0823969263574,0
2018-10-24,3495.0823969263574,0,3495.0823969263574,0
2018-10-25,3495.0823969263574,0,3495.0823969263574,0
2018-10-26,3495.0823969263574,0,3495.0823969263574,0
2018-10-29,3495.0823969263574,0,3495.0823969263574,0
2018-10-30,3495.0823969263574,0,3495.0823969263574,0
2018-10-31,3495.0823969263574,0,3495.0823969263574,0
2018-11-01,3495.0823969263574,0,3495.0823969263574,0
2018-11-02,3495.0823969263574,0,3495.0823969263574,0
2018-11-05,3495.0823969263574,0,3495.0823969263574,0
2018-11-06,3495.0823969263574,0,3495.0823969263574,0
2018-11-07,3495.0823969263574,0,3495.0823969263574,0
2018-11-08,3495.0823969263574,0,3495.0823969263574,0
2018-11-09,3495.0823969263574,0,3495.0823969263574,0
2018-11-12,3495.0823969263574,0,3495.0823969263574,0
2018-11-13,3495.0823969263574,0,3495.0823969263574,0
2018-11-14,3495.0823969263574,0,3495.0823969263574,0
2018-11-15,3495.0823969263574,0,3495.0823969263574,0
2018-11-16,3495.0823969263574,0,3495.0823969263574,0
2018-11-19,3495.0823969263574,0,3495.0823969263574,0
2018-11-20,3495.0823969263574,0,3495.0823969263574,0
2018-11-21,3495.0823969263574,0,3495.0823969263574,0
2018-11-23,3495.0823969263574,0,3495.0823969263574,0
2018-11-26,3495.0823969263574,0,3495.0823969263574,0
2018-11-27,3495.0823969263574,0,3495.0823969263574,0
2018-11-28,3495.0823969263574,0,3495.0823969263574,0
2018-11-29,3495.0823969263574,0,3495.0823969263574,0
2018-11-30,3495.0823969263574,0,3495.0823969263574,0
2018-12-03,3086.762528168074,403.0198687582832,3489.7823969263573,1
2018-12-04,3086.762528168074,279.45554466303406,3366.2180728311077,1
2018-12-06,3086.762528168074,268.27091571538233,3355.033443883456,1
2018-12-07,3263.779683568802,0,3263.779683568802,0
2018-12-10,3263.779683568802,0,3263.779683568802,0
2018-12-11,3263.779683568802,0,3263.779683568802,0
2018-12-12,3263.779683568802,0,3263.779683568802,0
2018-12-13,3263.779683568802,0,3263.779683568802,0
2018-12-14,3263.779683568802,0,3263.779683568802,0
2018-12-17,3263.779683568802,0,3263.779683568802,0
2018-12-18,3263.779683568802,0,3263.779683568802,0
2018-12-19,3263.779683568802,0,3263.779683568802,0
2018-12-20,3263.779683568802,0,3263.779683568802,0
2018-12-21,3263.779683568802,0,3263.779683568802,0
2018-12-24,3263.779683568802,0,3263.779683568802,0
2018-12-26,3263.779683568802,0,3263.779683568802,0
2018-12-27,3263.779683568802,0,3263.779683568802,0
2018-12-28,3263.779683568802,0,3263.779683568802,0
2018-12-31,3263.779683568802,0,3263.779683568802,0
2019-01-02,3263.779683568802,0,3263.779683568802,0
2019-01-03,3263.779683568802,0,3263.779683568802,0
2019-01-04,3263.779683568802,0,3263.779683568802,0
2019-01-07,3263.779683568802,0,3263.779683568802,0
2019-01-08,3263.779683568802,0,3263.779683568802,0
2019-01-09,3263.779683568802,0,3263.779683568802,0
2019-01-10,3263.779683568802,0,3263.779683568802,0
2019-01-11,3263.779683568802,0,3263.779683568802,0
2019-01-14,3263.779683568802,0,3263.779683568802,0
2019-01-15,3263.779683568802,0,3263.779683568802,0
2019-01-16,3263.779683568802,0,3263.779683568802,0
2019-01-17,2851.9201407525316,406.5595428162702,3258.4796835688016,1
2019-01-18,2443.8707246867334,830.0514379727354,3273.922162659469,2
2019-01-22,2443.8707246867334,772.2856521158008,3216.1563768025344,2
2019-01-23,2443.8707246867334,783.5471537668795,3227.417878453613,2
2019-01-24,2443.8707246867334,791.4521950712817,3235.322919758015,2
2019-01-25,2443.8707246867334,832.1179138531554,3275.9886385398886,2
2019-01-28,2443.8707246867334,797.099375623229,3240.9701003099626,2
2019-01-29,2443.8707246867334,790.6755332491535,3234.546257935887,2
2019-01-30,2443.8707246867334,860.9889916867908,3304.859716373524,2
2019-01-31,2443.8707246867334,898.3058712743457,3342.1765959610793,2
2019-02-01,2443.8707246867334,907.5686962827174,3351.439420969451,2
2019-02-04,2443.8707246867334,937.3252727489296,3381.1959974356632,2
2019-02-05,2515.5277329029946,872.8366793015905,3388.3644122045853,2
2019-02-06,2515.5277329029946,869.4265051866712,3384.9542380896655,2
2019-02-07,2515.5277329029946,829.1383023565689,3344.6660352595636,2
2019-02-08,2515.5277329029946,838.8947057265742,3354.4224386295687,2
2019-02-11,2515.5277329029946,849.2090078378668,3364.7367407408615,2
2019-02-12,2593.0125082941317,816.9826343572006,3409.9951426513326,2
2019-02-13,2593.0125082941317,829.0303413913285,3422.04284968546,2
2019-02-14,2593.0125082941317,815.4687069623776,3408.481215256509,2
2019-02-15,2593.0125082941317,868.6831334160565,3461.6956417101883,2
2019-02-19,2593.0125082941317,883.1080272179864,3476.1205355121183,2
2019-02-20,2593.0125082941317,900.6525762615006,3493.6650845556323,2
2019-02-21,2593.0125082941317,887.0330927612489,3480.0456010553808,2
2019-02-22,2593.0125082941317,920.8798703248787,3513.8923786190103,2
2019-02-25,2593.0125082941317,920.3115326765785,3513.3240409707105,2
2019-02-26,2593.0125082941317,918.7852618334666,3511.7977701275986,2
2019-02-27,2593.0125082941317,926.1234986028514,3519.1360068969834,2
2019-02-28,2593.0125082941317,921.4874054764623,3514.499913770594,2
2019-03-01,2675.158665567242,866.6271382503297,3541.785803817572,2
2019-03-04,2675.158665567242,848.7065426303539,3523.865208197596,2
2019-03-05,2675.158665567242,845.5522680194523,3520.7109335866944,2
2019-03-06,2675.158665567242,809.4254477106947,3484.584113277937,2
2019-03-07,2675.158665567242,748.6049421566506,3423.763607723893,2
2019-03-08,2675.158665567242,733.8532119504148,3409.011877517657,2
2019-03-11,2675.158665567242,858.7739970725158,3533.932662639758,2
2019-03-12,2753.639629732802,794.9800401191794,3548.6196698519816,2
2019-03-13,2753.639629732802,836.7433898361718,3590.383019568974,2
2019-03-14,2753.639629732802,833.3829007573981,3587.0225304902,2
2019-03-15,2753.639629732802,866.3500029615114,3619.9896326943135,2
2019-03-18,2753.639629732802,887.5615499774715,3641.201179710273,2
2019-03-19,2753.639629732802,884.6035873056926,3638.2432170384945,2
2019-03-20,2753.639629732802,871.244352784711,3624.883982517513,2
2019-03-21,2753.639629732802,918.4166018839541,3672.056231616756,2
2019-03-22,2753.639629732802,810.3493837870332,3563.989013519835,2
2019-03-25,2753.639629732802,816.8956653001196,3570.5352950329216,2
2019-03-26,2753.639629732802,878.6171619041247,3632.2567916369267,2
2019-03-27,2753.639629732802,853.7232365004779,3607.36286623328,2
2019-03-28,2753.639629732802,888.5074515098286,3642.1470812426305,2
2019-03-29,2753.639629732802,932.9575425895941,3686.597172322396,2
2019-04-01,2844.6991732520146,880.0369836181249,3724.7361568701394,2
2019-04-02,2844.6991732520146,882.8417900639655,3727.54096331598,2
2019-04-03,2917.339618915074,810.1310150622993,3727.4706339773734,2
2019-04-04,2917.339618915074,822.5271500560851,3739.866768971159,2
2019-04-05,2917.339618915074,852.536269564272,3769.875888479346,2
2019-04-08,2917.339618915074,858.1996587141318,3775.5392776292056,2
2019-04-09,2917.339618915074,820.9721814967174,3738.3118004117914,2
2019-04-10,2917.339618915074,849.275324089831,3766.614943004905,2
2019-04-11,2917.339618915074,854.8545846712152,3772.1942035862894,2
2019-04-12,2917.339618915074,898.4993864396178,3815.839005354692,2
2019-04-15,2917.339618915074,900.6127212739336,3817.9523401890074,2
2019-04-16,2917.339618915074,907.7412159771352,3825.080834892209,2
2019-04-17,2917.339618915074,896.3782277609039,3813.717846675978,2
2019-04-18,2917.339618915074,913.3756229393583,3830.7152418544324,2
2019-04-22,2917.339618915074,929.7834503089853,3847.1230692240592,2
2019-04-23,2992.497761398115,879.4138148179095,3871.9115762160245,2
2019-04-24,2992.497761398115,864.4833864384699,3856.981147836585,2
2019-04-25,2992.497761398115,864.6341075305024,3857.131868928617,2
2019-04-26,3066.245375718174,810.4867093082028,3876.732085026377,2
2019-04-29,3066.245375718174,816.0471065602374,3882.292482278411,2
2019-04-30,3066.245375718174,822.3793943716905,3888.6247700898643,2
2019-05-01,3066.245375718174,767.688650673547,3833.934026391721,2
2019-05-02,3066.245375718174,757.4243182174073,3823.669693935581,2
2019-05-03,3066.245375718174,829.9291204318215,3896.1744961499953,2
2019-05-06,3066.245375718174,786.3464326177032,3852.591808335877,2
2019-05-07,3066.245375718174,655.2102539958626,3721.455629714036,2
2019-05-08,3066.245375718174,632.715818212165,3698.9611939303386,2
2019-05-09,3066.245375718174,590.0675630741532,3656.3129387923273,2
2019-05-10,3066.245375718174,640.5084115704227,3706.7537872885964,2
2019-05-13,3408.822481471538,0,3408.822481471538,0
2019-05-14,3408.822481471538,0,3408.822481471538,0
2019-05-15,3408.822481471538,0,3408.822481471538,0
2019-05-16,3002.1559052730677,401.3665761984704,3403.522481471538,1
2019-05-17,3002.1559052730677,386.3678378066922,3388.5237430797597,1
2019-05-20,3002.1559052730677,367.8822906137796,3370.0381958868475,1
2019-05-21,3002.1559052730677,394.43985463566236,3396.59575990873,1
2019-05-22,3002.1559052730677,387.7782020187482,3389.934107291816,1
2019-05-23,3002.1559052730677,346.89299977450645,3349.048905047574,1
2019-05-24,3002.1559052730677,351.7395890771155,3353.895494350183,1
2019-05-28,3002.1559052730677,300.4666428349907,3302.6225481080583,1
2019-05-29,3002.1559052730677,251.61776971296774,3253.7736749860355,1
2019-05-30,3002.1559052730677,265.1410868439541,3267.2969921170215,1
2019-05-31,3189.510479658347,0,3189.510479658347,0
2019-06-03,3189.510479658347,0,3189.510479658347,0
2019-06-04,3189.510479658347,0,3189.510479658347,0
2019-06-05,3189.510479658347,0,3189.510479658347,0
2019-06-06,3189.510479658347,0,3189.510479658347,0
2019-06-07,3189.510479658347,0,3189.510479658347,0
2019-06-10,3189.510479658347,0,3189.510479658347,0
2019-06-11,3189.510479658347,0,3189.510479658347,0
2019-06-12,3189.510479658347,0,3189.510479658347,0
2019-06-13,3189.510479658347,0,3189.510479658347,0
2019-06-14,3189.510479658347,0,3189.510479658347,0
2019-06-17,3189.510479658347,0,3189.510479658347,0
2019-06-18,3189.510479658347,0,3189.510479658347,0
2019-06-19,3189.510479658347,0,3189.510479658347,0
2019-06-20,3189.510479658347,0,3189.510479658347,0
2019-06-21,3189.510479658347,0,3189.510479658347,0
2019-06-24,3189.510479658347,0,3189.510479658347,0
2019-06-25,3189.510479658347,0,3189.510479658347,0
2019-06-26,3189.510479658347,0,3189.510479658347,0
2019-06-27,3189.510479658347,0,3189.510479658347,0
2019-06-28,3189.510479658347,0,3189.510479658347,0
2019-07-01,3189.510479658347,0,3189.510479658347,0
2019-07-02,3189.510479658347,0,3189.510479658347,0
2019-07-03,3189.510479658347,0,3189.510479658347,0
2019-07-05,3189.510479658347,0,3189.510479658347,0
2019-07-08,3189.510479658347,0,3189.510479658347,0
2019-07-09,3189.510479658347,0,3189.510479658347,0
2019-07-10,3189.510479658347,0,3189.510479658347,0
2019-07-11,3189.510479658347,0,3189.510479658347,0
2019-07-12,3189.510479658347,0,3189.510479658347,0
2019-07-15,3189.510479658347,0,3189.510479658347,0
2019-07-16,3189.510479658347,0,3189.510479658347,0
2019-07-17,3189.510479658347,0,3189.510479658347,0
2019-07-18,3189.510479658347,0,3189.510479658347,0
2019-07-19,3189.510479658347,0,3189.510479658347,0
2019-07-22,3189.510479658347,0,3189.510479658347,0
2019-07-23,3189.510479658347,0,3189.510479658347,0
2019-07-24,3189.510479658347,0,3189.510479658347,0
2019-07-25,3189.510479658347,0,3189.510479658347,0
2019-07-26,3189.510479658347,0,3189.510479658347,0
2019-07-29,3189.510479658347,0,3189.510479658347,0
2019-07-30,3189.510479658347,0,3189.510479658347,0
2019-07-31,3189.510479658347,0,3189.510479658347,0
2019-08-01,3189.510479658347,0,3189.510479658347,0
2019-08-02,3189.510479658347,0,3189.510479658347,0
2019-08-05,3189.510479658347,0,3189.510479658347,0
2019-08-06,3189.510479658347,0,3189.510479658347,0
2019-08-07,3189.510479658347,0,3189.510479658347,0
2019-08-08,3189.510479658347,0,3189.510479658347,0
2019-08-09,3189.510479658347,0,3189.510479658347,0
2019-08-12,3189.510479658347,0,3189.510479658347,0
2019-08-13,3189.510479658347,0,3189.510479658347,0
2019-08-14,3189.510479658347,0,3189.510479658347,0
2019-08-15,3189.510479658347,0,3189.510479658347,0
2019-08-16,3189.510479658347,0,3189.510479658347,0
2019-08-19,3189.510479658347,0,3189.510479658347,0
2019-08-20,3189.510479658347,0,3189.510479658347,0
2019-08-21,3189.510479658347,0,3189.510479658347,0
2019-08-22,3189.510479658347,0,3189.510479658347,0
2019-08-23,3189.510479658347,0,3189.510479658347,0
2019-08-26,3189.510479658347,0,3189.510479658347,0
2019-08-27,3189.510479658347,0,3189.510479658347,0
2019-08-28,3189.510479658347,0,3189.510479658347,0
2019-08-29,3189.510479658347,0,3189.510479658347,0
2019-08-30,3189.510479658347,0,3189.510479658347,0
2019-09-03,3189.510479658347,0,3189.510479658347,0
2019-09-04,3189.510479658347,0,3189.510479658347,0
2019-09-05,3189.510479658347,0,3189.510479658347,0
2019-09-06,3189.510479658347,0,3189.510479658347,0
2019-09-09,3189.510479658347,0,3189.510479658347,0
2019-09-10,3189.510479658347,0,3189.510479658347,0
2019-09-11,3189.510479658347,0,3189.510479658347,0
2019-09-12,3189.510479658347,0,3189.510479658347,0
2019-09-13,3189.510479658347,0,3189.510479658347,0
2019-09-16,3189.510479658347,0,3189.510479658347,0
2019-09-17,3189.510479658347,0,3189.510479658347,0
2019-09-18,3189.510479658347,0,3189.510479658347,0
2019-09-19,3189.510479658347,0,3189.510479658347,0
2019-09-20,3189.510479658347,0,3189.510479658347,0
2019-09-23,3189.510479658347,0,3189.510479658347,0
2019-09-24,3189.510479658347,0,3189.510479658347,0
2019-09-25,3189.510479658347,0,3189.510479658347,0
2019-09-26,3189.510479658347,0,3189.510479658347,0
2019-09-27,3189.510479658347,0,3189.510479658347,0
2019-09-30,3189.510479658347,0,3189.510479658347,0
2019-10-01,3189.510479658347,0,3189.510479658347,0
2019-10-02,3189.510479658347,0,3189.510479658347,0
2019-10-03,3189.510479658347,0,3189.510479658347,0
2019-10-04,3189.510479658347,0,3189.510479658347,0
2019-10-07,3189.510479658347,0,3189.510479658347,0
2019-10-08,3189.510479658347,0,3189.510479658347,0
2019-10-09,3189.510479658347,0,3189.510479658347,0
2019-10-10,3189.510479658347,0,3189.510479658347,0
2019-10-11,3189.510479658347,0,3189.510479658347,0
2019-10-14,3189.510479658347,0,3189.510479658347,0
2019-10-15,3189.510479658347,0,3189.510479658347,0
2019-10-16,3189.510479658347,0,3189.510479658347,0
2019-10-17,3189.510479658347,0,3189.510479658347,0
2019-10-18,3189.510479658347,0,3189.510479658347,0
2019-10-21,3189.510479658347,0,3189.510479658347,0
2019-10-22,3189.510479658347,0,3189.510479658347,0
2019-10-23,3189.510479658347,0,3189.510479658347,0
2019-10-24,3189.510479658347,0,3189.510479658347,0
2019-10-25,3189.510479658347,0,3189.510479658347,0
2019-10-28,3189.510479658347,0,3189.510479658347,0
2019-10-29,3189.510479658347,0,3189.510479658347,0
2019-10-30,3189.510479658347,0,3189.510479658347,0
2019-10-31,3189.510479658347,0,3189.510479658347,0
2019-11-01,3189.510479658347,0,3189.510479658347,0
2019-11-04,3189.510479658347,0,3189.510479658347,0
2019-11-05,3189.510479658347,0,3189.510479658347,0
2019-11-06,3189.510479658347,0,3189.510479658347,0
2019-11-07,3189.510479658347,0,3189.510479658347,0
2019-11-08,3189.510479658347,0,3189.510479658347,0
2019-11-11,3189.510479658347,0,3189.510479658347,0
2019-11-12,3189.510479658347,0,3189.510479658347,0
2019-11-13,3189.510479658347,0,3189.510479658347,0
2019-11-14,3189.510479658347,0,3189.510479658347,0
2019-11-15,3189.510479658347,0,3189.510479658347,0
2019-11-18,3189.510479658347,0,3189.510479658347,0
2019-11-19,3189.510479658347,0,3189.510479658347,0
2019-11-20,3189.510479658347,0,3189.510479658347,0
2019-11-21,3189.510479658347,0,3189.510479658347,0
2019-11-22,3189.510479658347,0,3189.510479658347,0
2019-11-25,3189.510479658347,0,3189.510479658347,0
2019-11-26,3189.510479658347,0,3189.510479658347,0
2019-11-27,3189.510479658347,0,3189.510479658347,0
2019-11-29,3189.510479658347,0,3189.510479658347,0
2019-12-02,3189.510479658347,0,3189.510479658347,0
2019-12-03,3189.510479658347,0,3189.510479658347,0
2019-12-04,3189.510479658347,0,3189.510479658347,0
2019-12-05,3189.510479658347,0,3189.510479658347,0
2019-12-06,3189.510479658347,0,3189.510479658347,0
2019-12-09,3189.510479658347,0,3189.510479658347,0
2019-12-10,3189.510479658347,0,3189.510479658347,0
2019-12-11,3189.510479658347,0,3189.510479658347,0
2019-12-12,3189.510479658347,0,3189.510479658347,0
2019-12-13,3189.510479658347,0,3189.510479658347,0
2019-12-16,3189.510479658347,0,3189.510479658347,0
2019-12-17,3189.510479658347,0,3189.510479658347,0
2019-12-18,3189.510479658347,0,3189.510479658347,0
2019-12-19,3189.510479658347,0,3189.510479658347,0
2019-12-20,3189.510479658347,0,3189.510479658347,0
2019-12-23,3189.510479658347,0,3189.510479658347,0
2019-12-24,3189.510479658347,0,3189.510479658347,0
2019-12-26,3189.510479658347,0,3189.510479658347,0
2019-12-27,3189.510479658347,0,3189.510479658347,0
2019-12-30,3189.510479658347,0,3189.510479658347,0
2019-12-31,3189.510479658347,0,3189.510479658347,0
2020-01-02,3189.510479658347,0,3189.510479658347,0
2020-01-03,3189.510479658347,0,3189.510479658347,0
2020-01-06,3189.510479658347,0,3189.510479658347,0
2020-01-07,3189.510479658347,0,3189.510479658347,0
2020-01-08,3189.510479658347,0,3189.510479658347,0
2020-01-09,3189.510479658347,0,3189.510479658347,0
2020-01-10,3189.510479658347,0,3189.510479658347,0
2020-01-13,3189.510479658347,0,3189.510479658347,0
2020-01-14,3189.510479658347,0,3189.510479658347,0
2020-01-15,3189.510479658347,0,3189.510479658347,0
2020-01-16,3189.510479658347,0,3189.510479658347,0
2020-01-17,3189.510479658347,0,3189.510479658347,0
2020-01-21,3189.510479658347,0,3189.510479658347,0
2020-01-22,3189.510479658347,0,3189.510479658347,0
2020-01-23,3189.510479658347,0,3189.510479658347,0
2020-01-24,3189.510479658347,0,3189.510479658347,0
2020-01-27,3189.510479658347,0,3189.510479658347,0
2020-01-28,3189.510479658347,0,3189.510479658347,0
2020-01-29,3189.510479658347,0,3189.510479658347,0
2020-01-30,3189.510479658347,0,3189.510479658347,0
2020-01-31,3189.510479658347,0,3189.510479658347,0
2020-02-03,3189.510479658347,0,3189.510479658347,0
2020-02-04,2785.2861696037176,398.92431005462896,3184.2104796583467,1
2020-02-05,2381.1660180701515,822.6439888111677,3203.810006881319,2
2020-02-06,2381.1660180701515,837.9664233759449,3219.1324414460964,2
2020-02-07,2381.1660180701515,813.7363589664624,3194.902377036614,2
2020-02-10,2381.1660180701515,849.9625184406653,3231.128536510817,2
2020-02-11,2381.1660180701515,856.6055176395054,3237.7715357096567,2
2020-02-12,2381.1660180701515,894.5829006603806,3275.748918730532,2
2020-02-13,2381.1660180701515,887.2828574866801,3268.448875556832,2
2020-02-14,2381.1660180701515,900.6354981317262,3281.801516201878,2
2020-02-18,2381.1660180701515,889.7951943753021,3270.9612124454534,2
2020-02-19,2381.1660180701515,912.6080394378682,3293.7740575080197,2
2020-02-20,2381.1660180701515,891.7852656711186,3272.9512837412703,2
2020-02-21,2381.1660180701515,839.8214313151861,3220.9874493853376,2
2020-02-24,2381.1660180701515,563.5452798657568,2944.711297935908,2
2020-02-25,2675.20112799701,0,2675.20112799701,0
2020-02-26,2675.20112799701,0,2675.20112799701,0
2020-02-27,2675.20112799701,0,2675.20112799701,0
2020-02-28,2675.20112799701,0,2675.20112799701,0
2020-03-02,2675.20112799701,0,2675.20112799701,0
2020-03-03,2675.20112799701,0,2675.20112799701,0
2020-03-04,2675.20112799701,0,2675.20112799701,0
2020-03-05,2675.20112799701,0,2675.20112799701,0
2020-03-06,2675.20112799701,0,2675.20112799701,0
2020-03-09,2675.20112799701,0,2675.20112799701,0
2020-03-10,2675.20112799701,0,2675.20112799701,0
2020-03-11,2675.20112799701,0,2675.20112799701,0
2020-03-12,2675.20112799701,0,2675.20112799701,0
2020-03-13,2675.20112799701,0,2675.20112799701,0
2020-03-16,2675.20112799701,0,2675.20112799701,0
2020-03-17,2675.20112799701,0,2675.20112799701,0
2020-03-18,2675.20112799701,0,2675.20112799701,0
2020-03-19,2675.20112799701,0,2675.20112799701,0
2020-03-20,2675.20112799701,0,2675.20112799701,0
2020-03-23,2675.20112799701,0,2675.20112799701,0
2020-03-24,2675.20112799701,0,2675.20112799701,0
2020-03-25,2675.20112799701,0,2675.20112799701,0
2020-03-26,2675.20112799701,0,2675.20112799701,0
2020-03-27,2675.20112799701,0,2675.20112799701,0
2020-03-30,2675.20112799701,0,2675.20112799701,0
2020-03-31,2675.20112799701,0,2675.20112799701,0
2020-04-01,2675.20112799701,0,2675.20112799701,0
2020-04-02,2675.20112799701,0,2675.20112799701,0
2020-04-03,2675.20112799701,0,2675.20112799701,0
2020-04-06,2675.20112799701,0,2675.20112799701,0
2020-04-07,2675.20112799701,0,2675.20112799701,0
2020-04-08,2675.20112799701,0,2675.20112799701,0
2020-04-09,2675.20112799701,0,2675.20112799701,0
2020-04-13,2675.20112799701,0,2675.20112799701,0
2020-04-14,2675.20112799701,0,2675.20112799701,0
2020-04-15,2675.20112799701,0,2675.20112799701,0
2020-04-16,2675.20112799701,0,2675.20112799701,0
2020-04-17,2675.20112799701,0,2675.20112799701,0
2020-04-20,2675.20112799701,0,2675.20112799701,0
2020-04-21,2675.20112799701,0,2675.20112799701,0
2020-04-22,2675.20112799701,0,2675.20112799701,0
2020-04-23,2675.20112799701,0,2675.20112799701,0
2020-04-24,2675.20112799701,0,2675.20112799701,0
2020-04-27,2675.20112799701,0,2675.20112799701,0
2020-04-28,2675.20112799701,0,2675.20112799701,0
2020-04-29,2675.20112799701,0,2675.20112799701,0
2020-04-30,2675.20112799701,0,2675.20112799701,0
2020-05-01,2675.20112799701,0,2675.20112799701,0
2020-05-04,2675.20112799701,0,2675.20112799701,0
2020-05-05,2675.20112799701,0,2675.20112799701,0
2020-05-06,2675.20112799701,0,2675.20112799701,0
2020-05-07,2675.20112799701,0,2675.20112799701,0
2020-05-08,2675.20112799701,0,2675.20112799701,0
2020-05-11,2675.20112799701,0,2675.20112799701,0
2020-05-12,2675.20112799701,0,2675.20112799701,0
2020-05-13,2675.20112799701,0,2675.20112799701,0
2020-05-14,2675.20112799701,0,2675.20112799701,0
2020-05-15,2675.20112799701,0,2675.20112799701,0
2020-05-18,2675.20112799701,0,2675.20112799701,0
2020-05-19,2675.20112799701,0,2675.20112799701,0
2020-05-20,2675.20112799701,0,2675.20112799701,0
2020-05-21,2675.20112799701,0,2675.20112799701,0
2020-05-22,2675.20112799701,0,2675.20112799701,0
2020-05-26,2675.20112799701,0,2675.20112799701,0
2020-05-27,2675.20112799701,0,2675.20112799701,0
2020-05-28,2675.20112799701,0,2675.20112799701,0
2020-05-29,2675.20112799701,0,2675.20112799701,0
2020-06-01,2675.20112799701,0,2675.20112799701,0
2020-06-02,2675.20112799701,0,2675.20112799701,0
2020-06-03,2675.20112799701,0,2675.20112799701,0
2020-06-04,2675.20112799701,0,2675.20112799701,0
2020-06-05,2675.20112799701,0,2675.20112799701,0
2020-06-08,2675.20112799701,0,2675.20112799701,0
2020-06-09,2675.20112799701,0,2675.20112799701,0
2020-06-10,2675.20112799701,0,2675.20112799701,0
2020-06-11,2675.20112799701,0,2675.20112799701,0
2020-06-12,2675.20112799701,0,2675.20112799701,0
2020-06-15,2675.20112799701,0,2675.20112799701,0
2020-06-16,2675.20112799701,0,2675.20112799701,0
2020-06-17,2675.20112799701,0,2675.20112799701,0
2020-06-18,2675.20112799701,0,2675.20112799701,0
2020-06-19,2675.20112799701,0,2675.20112799701,0
2020-06-22,2675.20112799701,0,2675.20112799701,0
2020-06-23,2675.20112799701,0,2675.20112799701,0
2020-06-24,2675.20112799701,0,2675.20112799701,0
2020-06-25,2675.20112799701,0,2675.20112799701,0
2020-06-26,2675.20112799701,0,2675.20112799701,0
2020-06-29,2675.20112799701,0,2675.20112799701,0
2020-06-30,2675.20112799701,0,2675.20112799701,0
2020-07-01,2675.20112799701,0,2675.20112799701,0
2020-07-02,2675.20112799701,0,2675.20112799701,0
2020-07-06,2675.20112799701,0,2675.20112799701,0
2020-07-07,2675.20112799701,0,2675.20112799701,0
2020-07-08,2675.20112799701,0,2675.20112799701,0
2020-07-09,2675.20112799701,0,2675.20112799701,0
2020-07-10,2675.20112799701,0,2675.20112799701,0
2020-07-13,2675.20112799701,0,2675.20112799701,0
2020-07-14,2675.20112799701,0,2675.20112799701,0
2020-07-15,2675.20112799701,0,2675.20112799701,0
2020-07-16,2675.20112799701,0,2675.20112799701,0
2020-07-17,2675.20112799701,0,2675.20112799701,0
2020-07-20,2675.20112799701,0,2675.20112799701,0
2020-07-21,2675.20112799701,0,2675.20112799701,0
2020-07-22,2675.20112799701,0,2675.20112799701,0
2020-07-23,2675.20112799701,0,2675.20112799701,0
2020-07-24,2675.20112799701,0,2675.20112799701,0
2020-07-27,2675.20112799701,0,2675.20112799701,0
2020-07-28,2675.20112799701,0,2675.20112799701,0
2020-07-29,2675.20112799701,0,2675.20112799701,0
2020-07-30,2675.20112799701,0,2675.20112799701,0
2020-07-31,2675.20112799701,0,2675.20112799701,0
2020-08-03,2675.20112799701,0,2675.20112799701,0
2020-08-04,2675.20112799701,0,2675.20112799701,0
2020-08-05,2675.20112799701,0,2675.20112799701,0
2020-08-06,2675.20112799701,0,2675.20112799701,0
2020-08-07,2675.20112799701,0,2675.20112799701,0
2020-08-10,2675.20112799701,0,2675.20112799701,0
2020-08-11,2675.20112799701,0,2675.20112799701,0
2020-08-12,2675.20112799701,0,2675.20112799701,0
2020-08-13,2675.20112799701,0,2675.20112799701,0
2020-08-14,2675.20112799701,0,2675.20112799701,0
2020-08-17,2675.20112799701,0,2675.20112799701,0
2020-08-18,2675.20112799701,0,2675.20112799701,0
2020-08-19,2675.20112799701,0,2675.20112799701,0
2020-08-20,2675.20112799701,0,2675.20112799701,0
2020-08-21,2675.20112799701,0,2675.20112799701,0
2020-08-24,2675.20112799701,0,2675.20112799701,0
2020-08-25,2675.20112799701,0,2675.20112799701,0
2020-08-26,2675.20112799701,0,2675.20112799701,0
2020-08-27,2675.20112799701,0,2675.20112799701,0
2020-08-28,2675.20112799701,0,2675.20112799701,0
2020-08-31,2675.20112799701,0,2675.20112799701,0
2020-09-01,2675.20112799701,0,2675.20112799701,0
2020-09-02,2675.20112799701,0,2675.20112799701,0
2020-09-03,2675.20112799701,0,2675.20112799701,0
2020-09-04,2675.20112799701,0,2675.20112799701,0
2020-09-08,2675.20112799701,0,2675.20112799701,0
2020-09-09,2675.20112799701,0,2675.20112799701,0
2020-09-10,2675.20112799701,0,2675.20112799701,0
2020-09-11,2675.20112799701,0,2675.20112799701,0
2020-09-14,2675.20112799701,0,2675.20112799701,0
2020-09-15,2675.20112799701,0,2675.20112799701,0
2020-09-16,2675.20112799701,0,2675.20112799701,0
2020-09-17,2675.20112799701,0,2675.20112799701,0
2020-09-18,2675.20112799701,0,2675.20112799701,0
2020-09-21,2675.20112799701,0,2675.20112799701,0
2020-09-22,2675.20112799701,0,2675.20112799701,0
2020-09-23,2675.20112799701,0,2675.20112799701,0
2020-09-24,2675.20112799701,0,2675.20112799701,0
2020-09-25,2675.20112799701,0,2675.20112799701,0
2020-09-28,2675.20112799701,0,2675.20112799701,0
2020-09-29,2675.20112799701,0,2675.20112799701,0
2020-09-30,2675.20112799701,0,2675.20112799701,0
2020-10-01,2675.20112799701,0,2675.20112799701,0
2020-10-02,2675.20112799701,0,2675.20112799701,0
2020-10-05,2675.20112799701,0,2675.20112799701,0
2020-10-06,2675.20112799701,0,2675.20112799701,0
2020-10-07,2675.20112799701,0,2675.20112799701,0
2020-10-08,2675.20112799701,0,2675.20112799701,0
2020-10-09,2675.20112799701,0,2675.20112799701,0
2020-10-12,2675.20112799701,0,2675.20112799701,0
2020-10-13,2675.20112799701,0,2675.20112799701,0
2020-10-14,2675.20112799701,0,2675.20112799701,0
2020-10-15,2675.20112799701,0,2675.20112799701,0
2020-10-16,2675.20112799701,0,2675.20112799701,0
2020-10-19,2675.20112799701,0,2675.20112799701,0
2020-10-20,2675.20112799701,0,2675.20112799701,0
2020-10-21,2675.20112799701,0,2675.20112799701,0
2020-10-22,2675.20112799701,0,2675.20112799701,0
2020-10-23,2675.20112799701,0,2675.20112799701,0
2020-10-26,2675.20112799701,0,2675.20112799701,0
2020-10-27,2675.20112799701,0,2675.20112799701,0
2020-10-28,2675.20112799701,0,2675.20112799701,0
2020-10-29,2675.20112799701,0,2675.20112799701,0
2020-10-30,2675.20112799701,0,2675.20112799701,0
2020-11-02,2675.20112799701,0,2675.20112799701,0
2020-11-03,2675.20112799701,0,2675.20112799701,0
2020-11-04,2254.862430344564,415.0386976524459,2669.90112799701,1
2020-11-05,1836.850145388121,843.2419606153331,2680.0921060034543,2
2020-11-06,1836.850145388121,845.2132462485167,2682.063391636638,2
2020-11-09,1836.850145388121,865.1676144364529,2702.017759824574,2
2020-11-10,1836.850145388121,865.9001040173337,2702.7502494054547,2
2020-11-11,1836.850145388121,883.8387299939342,2720.6888753820554,2
2020-11-12,1836.850145388121,861.9199951790591,2698.77014056718,2
2020-11-13,1836.850145388121,893.5058986460291,2730.3560440341503,2
2020-11-16,1836.850145388121,918.2862205844337,2755.136365972555,2
2020-11-17,1836.850145388121,912.9117391256734,2749.7618845137945,2
2020-11-18,1836.850145388121,891.880232928284,2728.730378316405,2
2020-11-19,1836.850145388121,904.3416034049549,2741.191748793076,2
2020-11-20,1836.850145388121,892.3172551685013,2729.1674005566224,2
2020-11-23,1836.850145388121,917.0587645607282,2753.908909948849,2
2020-11-24,1836.850145388121,948.4210543097955,2785.2711996979165,2
2020-11-25,1836.850145388121,952.5182496972309,2789.368395085352,2
2020-11-27,1916.8485322174568,878.3670458378979,2795.215578055355,2
2020-11-30,1916.8485322174568,876.5610656674037,2793.4095978848604,2
2020-12-01,1996.5744122078281,814.5451095089868,2811.119521716815,2
2020-12-02,1996.5744122078281,818.912014500735,2815.486426708563,2
2020-12-03,1996.5744122078281,817.2207666614383,2813.7951788692662,2
2020-12-04,1996.5744122078281,842.8617210124444,2839.4361332202725,2
2020-12-07,1996.5744122078281,838.6584109319216,2835.2328231397496,2
2020-12-08,1996.5744122078281,849.7240932689338,2846.298505476762,2
2020-12-09,1996.5744122078281,822.6506143288276,2819.2250265366556,2
2020-12-10,1996.5744122078281,818.9023129181962,2815.4767251260246,2
2020-12-11,1996.5744122078281,813.6038390654988,2810.178251273327,2
2020-12-14,1996.5744122078281,798.3699165351097,2794.9443287429376,2
2020-12-15,1996.5744122078281,845.4551186546339,2842.029530862462,2
2020-12-16,1996.5744122078281,854.4382806381805,2851.0126928460086,2
2020-12-17,1996.5744122078281,875.3706886405823,2871.94510084841,2
2020-12-18,1996.5744122078281,871.3641743139235,2867.938586521752,2
2020-12-21,1996.5744122078281,851.3607459924373,2847.9351582002655,2
2020-12-22,1996.5744122078281,853.3034193012355,2849.8778315090635,2
2020-12-23,1996.5744122078281,865.4010566983238,2861.975468906152,2
2020-12-24,1996.5744122078281,893.7289726635256,2890.303384871354,2
2020-12-28,1996.5744122078281,945.2761346781801,2941.8505468860085,2
2020-12-29,1996.5744122078281,941.4692089163698,2938.0436211241977,2
2020-12-30,2069.616626961644,877.359587951549,2946.976214913193,2
2020-12-31,2142.1037065676805,818.2283871794752,2960.332093747156,2
2021-01-04,2142.1037065676805,774.8285306485955,2916.932237216276,2
2021-01-05,2142.1037065676805,794.1490252551318,2936.252731822812,2
2021-01-06,2142.1037065676805,809.9842882658222,2952.0879948335028,2
2021-01-07,2142.1037065676805,853.7415640227579,2995.8452705904383,2
2021-01-08,2142.1037065676805,870.5738234519544,3012.677530019635,2
2021-01-11,2142.1037065676805,850.0135784018894,2992.11728496957,2
2021-01-12,2142.1037065676805,855.4344956164825,2997.5382021841633,2
2021-01-13,2142.1037065676805,867.9942715458551,3010.0979781135356,2
2021-01-14,2142.1037065676805,855.9352623431139,2998.038968910794,2
2021-01-15,2142.1037065676805,833.7840713582494,2975.88777792593,2
2021-01-19,2142.1037065676805,872.4945416483692,3014.59824821605,2
2021-01-20,2142.1037065676805,918.625726445493,3060.7294330131735,2
2021-01-21,2142.1037065676805,925.5883128792541,3067.692019446935,2
2021-01-22,2142.1037065676805,920.9117991371819,3063.0155057048623,2
2021-01-25,2142.1037065676805,938.1623355440902,3080.2660421117707,2
2021-01-26,2142.1037065676805,943.7990795232085,3085.902786090889,2
2021-01-27,2142.1037065676805,817.9116638704172,2960.0153704380978,2
2021-01-28,2142.1037065676805,883.6846875244369,3025.7883940921174,2
2021-01-29,2142.1037065676805,804.2522399233803,2946.355946491061,2
2021-02-01,2624.111239923108,461.1171049735461,3085.228344896654,1
2021-02-02,2706.03336875201,407.2899363493704,3113.3233051013804,1
2021-02-03,2298.418766617011,811.7696064493146,3110.1883730663258,2
2021-02-04,2298.418766617011,841.0942885239905,3139.5130551410016,2
2021-02-05,2298.418766617011,853.7669350616923,3152.1857016787035,2
2021-02-08,2298.418766617011,870.9820267366254,3169.4007933536363,2
2021-02-09,2298.418766617011,868.2774916477314,3166.6962582647425,2
2021-02-10,2298.418766617011,867.3292128710855,3165.7479794880965,2
2021-02-11,2298.418766617011,875.7359202701323,3174.1546868871433,2
2021-02-12,2298.418766617011,894.0692487157839,3192.488015332795,2
2021-02-16,2298.418766617011,893.2153246441317,3191.6340912611427,2
2021-02-17,2298.418766617011,894.9781886755361,3193.3969552925473,2
2021-02-18,2298.418766617011,882.9119268960148,3181.330693513026,2
2021-02-19,2298.418766617011,884.1265311565181,3182.545297773529,2
2021-02-22,2298.418766617011,866.6633874445197,3165.0821540615307,2
2021-02-23,2298.418766617011,875.9157438587883,3174.334510475799,2
2021-02-24,2298.418766617011,918.8885488223953,3217.307315439406,2
2021-02-25,2298.418766617011,816.113983025697,3114.532749642708,2
2021-02-26,2298.418766617011,804.4083880627127,3102.8271546797237,2
2021-03-01,2298.418766617011,924.3427492240503,3222.7615158410613,2
2021-03-02,2298.418766617011,906.9201979512947,3205.3389645683055,2
2021-03-03,2298.418766617011,852.2155613150836,3150.6343279320945,2
2021-03-04,2298.418766617011,777.8576912327907,3076.276457849802,2
2021-03-05,2298.418766617011,918.240076128075,3216.658842745086,2
2021-03-08,2793.492587760631,472.4890578907287,3265.98164565136,1
2021-03-09,2879.621624821541,406.6612317925063,3286.2828566140474,1
2021-03-10,2469.5611667111243,819.7626725518802,3289.3238392630046,2
2021-03-11,2469.5611667111243,846.1402416346332,3315.7014083457575,2
2021-03-12,2469.5611667111243,853.4929253737132,3323.0540920848375,2
2021-03-15,2469.5611667111243,874.2251435596501,3343.7863102707743,2
2021-03-16,2469.5611667111243,873.6703639268214,3343.231530637946,2
2021-03-17,2469.5611667111243,884.8551027145426,3354.416269425667,2
2021-03-18,2469.5611667111243,838.4222706737745,3307.983437384899,2
2021-03-19,2469.5611667111243,840.6979027385319,3310.259069449656,2
2021-03-22,2469.5611667111243,877.8238930644882,3347.3850597756127,2
2021-03-23,2469.5611667111243,849.1441460589414,3318.7053127700656,2
2021-03-24,2469.5611667111243,828.4768697418144,3298.0380364529387,2
2021-03-25,2469.5611667111243,856.2671007403949,3325.8282674515194,2
2021-03-26,2469.5611667111243,910.5913671480153,3380.1525338591396,2
2021-03-29,2469.5611667111243,906.5958920358781,3376.1570587470023,2
2021-03-30,2469.5611667111243,911.7683853664864,3381.329552077611,2
2021-03-31,2469.5611667111243,926.4520293926398,3396.013196103764,2
2021-04-01,2552.190964212626,876.5278918580176,3428.7188560706436,2
2021-04-05,2639.7298830427862,821.232144900388,3460.9620279431742,2
2021-04-06,2639.7298830427862,817.7070702699922,3457.4369533127783,2
2021-04-07,2639.7298830427862,828.8414469820935,3468.57133002488,2
2021-04-08,2639.7298830427862,845.640132352655,3485.3700153954414,2
2021-04-09,2639.7298830427862,872.2169246178132,3511.9468076605995,2
2021-04-12,2639.7298830427862,875.774402138768,3515.504285181554,2
2021-04-13,2639.7298830427862,889.1227546320642,3528.8526376748505,2
2021-04-14,2639.7298830427862,877.3350540892395,3517.064937132026,2
2021-04-15,2639.7298830427862,911.6724654338946,3551.402348476681,2
2021-04-16,2639.7298830427862,924.741417714262,3564.471300757048,2
2021-04-19,2639.7298830427862,913.8720006039034,3553.6018836466897,2
2021-04-20,2639.7298830427862,888.7783762332888,3528.508259276075,2
2021-04-21,2639.7298830427862,924.8194489401343,3564.5493319829206,2
2021-04-22,2639.7298830427862,896.2944571859374,3536.0243402287238,2
2021-04-23,2639.7298830427862,937.5498998863022,3577.2797829290885,2
2021-04-26,2721.753472709942,863.5093875766333,3585.2628602865752,2
2021-04-27,2721.753472709942,866.021736471907,3587.775209181849,2
2021-04-28,2721.753472709942,868.0227687256298,3589.7762414355716,2
2021-04-29,2721.753472709942,888.1585985020791,3609.912071212021,2
2021-04-30,2721.753472709942,865.3302304140475,3587.0837031239894,2
2021-05-03,2801.952430862707,799.6643048556236,3601.6167357183303,2
2021-05-04,2801.952430862707,769.754199244413,3571.70663010712,2
2021-05-05,2801.952430862707,773.5534996979609,3575.505930560668,2
2021-05-06,2801.952430862707,809.5625201952998,3611.514951058007,2
2021-05-07,2801.952430862707,847.7384817649693,3649.690912627676,2
2021-05-10,2801.952430862707,795.4746250281473,3597.4270558908543,2
2021-05-11,2801.952430862707,752.4828943597427,3554.4353252224496,2
2021-05-12,2801.952430862707,570.1877787377441,3372.1402096004513,2
2021-05-13,2801.952430862707,702.9796585882906,3504.9320894509974,2
2021-05-14,2801.952430862707,788.5010486072389,3590.4534794699457,2
2021-05-17,2801.952430862707,776.1527094316975,3578.1051402944045,2
2021-05-18,2801.952430862707,722.2505155038959,3524.202946366603,2
2021-05-19,2801.952430862707,702.1605150678766,3504.1129459305835,2
2021-05-20,2801.952430862707,772.64204443524,3574.5944752979467,2
2021-05-21,2801.952430862707,773.1493566956971,3575.101787558404,2
2021-05-24,2801.952430862707,857.7917987095007,3659.7442295722076,2
2021-05-25,2801.952430862707,850.3171989731158,3652.269629835823,2
2021-05-26,2801.952430862707,883.470948563076,3685.423379425783,2
2021-05-27,2801.952430862707,906.1500002156894,3708.1024310783964,2
2021-05-28,2801.952430862707,921.2647557691823,3723.2171866318895,2
2021-06-01,2901.9387246256865,851.4138278540379,3753.352552479724,2
2021-06-02,2901.9387246256865,867.795616728755,3769.7343413544413,2
2021-06-03,2901.9387246256865,857.4278252998205,3759.366549925507,2
2021-06-04,2993.280210327268,808.0764366654435,3801.3566469927114,2
2021-06-07,2993.280210327268,807.3168424734818,3800.5970528007497,2
2021-06-08,2993.280210327268,805.3143779447155,3798.5945882719834,2
2021-06-09,2993.280210327268,794.4400203909396,3787.7202307182074,2
2021-06-10,2993.280210327268,825.6357954062296,3818.9160057334975,2
2021-06-11,2993.280210327268,838.8191148102209,3832.099325137489,2
2021-06-14,2993.280210327268,846.0892335873041,3839.369443914572,2
2021-06-15,2993.280210327268,835.2615252904072,3828.541735617675,2
2021-06-16,2993.280210327268,806.0785542619271,3799.358764589195,2
2021-06-17,2993.280210327268,808.4451791544609,3801.7253894817286,2
2021-06-18,2993.280210327268,726.9784073192639,3720.258617646532,2
2021-06-21,2993.280210327268,821.5804303256207,3814.860640652889,2
2021-06-22,2993.280210327268,860.4870662972601,3853.7672766245278,2
2021-06-23,2993.280210327268,863.3589321577908,3856.639142485059,2
2021-06-24,2993.280210327268,897.3094179598298,3890.5896282870976,2
2021-06-25,2993.280210327268,918.7651543051384,3912.0453646324063,2
2021-06-28,3077.219545897774,853.4546437830943,3930.674189680868,2
2021-06-29,3077.219545897774,856.411991135785,3933.6315370335587,2
2021-06-30,3077.219545897774,867.1301147706135,3944.3496606683875,2
2021-07-01,3161.773713701336,800.8054324307138,3962.5791461320496,2
2021-07-02,3161.773713701336,835.6427230923686,3997.4164367937046,2
2021-07-06,3161.773713701336,822.7769343928926,3984.5506480942286,2
2021-07-07,3161.773713701336,839.1305113552321,4000.904225056568,2
2021-07-08,3161.773713701336,789.7696958400147,3951.5434095413507,2
2021-07-09,3161.773713701336,852.7509854545059,4014.524699155842,2
2021-07-12,3161.773713701336,872.1571725714214,4033.9308862727576,2
2021-07-13,3161.773713701336,854.133764667759,4015.907478369095,2
2021-07-14,3161.773713701336,868.0814152528462,4029.855128954182,2
2021-07-15,3161.773713701336,852.5595066633826,4014.3332203647187,2
2021-07-16,3161.773713701336,811.1981438973701,3972.9718575987063,2
2021-07-19,3161.773713701336,710.9108422915455,3872.6845559928815,2
2021-07-20,3161.773713701336,810.39683962494,3972.1705533262757,2
2021-07-21,3161.773713701336,867.6760127143446,4029.4497264156807,2
2021-07-22,3161.773713701336,883.6692589175825,4045.4429726189182,2
2021-07-23,3161.773713701336,928.5485518580861,4090.322265559422,2
2021-07-26,3243.5576355126086,863.3740239250983,4106.931659437707,2
2021-07-27,3243.5576355126086,840.4801027176184,4084.0377382302268,2
2021-07-28,3243.5576355126086,849.9105725030713,4093.46820801568,2
2021-07-29,3243.5576355126086,873.2618712543874,4116.819506766996,2
2021-07-30,3243.5576355126086,856.3366879311843,4099.894323443793,2
2021-08-02,3327.574757404119,774.9123984168307,4102.48715582095,2
2021-08-03,3327.574757404119,811.845249297059,4139.420006701178,2
2021-08-04,3327.574757404119,794.6946222028458,4122.269379606964,2
2021-08-05,3327.574757404119,823.0200246655727,4150.594782069691,2
2021-08-06,3327.574757404119,838.6166220318813,4166.191379436,2
2021-08-09,3327.574757404119,836.0140225213172,4163.588779925436,2
2021-08-10,3327.574757404119,841.5139809619789,4169.0887383660975,2
2021-08-11,3327.574757404119,854.0661711434609,4181.64092854758,2
2021-08-12,3327.574757404119,877.8319141591084,4205.406671563227,2
2021-08-13,3327.574757404119,888.0327758282114,4215.60753323233,2
2021-08-16,3327.574757404119,901.1722597317231,4228.747017135842,2
2021-08-17,3327.574757404119,863.7488796667867,4191.3236370709055,2
2021-08-18,3327.574757404119,795.4333771867753,4123.008134590894,2
2021-08-19,3327.574757404119,804.018385094382,4131.593142498501,2
2021-08-20,3327.574757404119,866.7223216836021,4194.297079087721,2
2021-08-23,3327.574757404119,930.3568595376145,4257.931616941733,2
2021-08-24,3327.574757404119,941.556971401515,4269.131728805634,2
2021-08-25,3414.212771240758,864.4918174367859,4278.704588677544,2
2021-08-26,3414.212771240758,835.6967993691079,4249.909570609866,2
2021-08-27,3414.212771240758,882.0560370228854,4296.268808263643,2
2021-08-30,3506.530207078479,805.4531351743592,4311.983342252838,2
2021-08-31,3506.530207078479,798.8966213360654,4305.426828414545,2
2021-09-01,3506.530207078479,803.2017567370247,4309.731963815504,2
2021-09-02,3506.530207078479,814.5415829936142,4321.071790072094,2
2021-09-03,3506.530207078479,814.3346077754558,4320.864814853935,2
2021-09-07,3506.530207078479,794.5115101526511,4301.04171723113,2
2021-09-08,3506.530207078479,790.4929307040718,4297.023137782551,2
2021-09-09,3506.530207078479,764.7399358149257,4271.270142893405,2
2021-09-10,3506.530207078479,717.9230530609374,4224.453260139417,2
2021-09-13,3506.530207078479,734.5103046573329,4241.040511735812,2
2021-09-14,3506.530207078479,695.3933184614044,4201.9235255398835,2
2021-09-15,3506.530207078479,758.985123914556,4265.515330993036,2
2021-09-16,3506.530207078479,748.154420214658,4254.684627293137,2
2021-09-17,3506.530207078479,669.1867216329314,4175.71692871141,2
2021-09-20,3506.530207078479,440.386387850927,3946.916594929406,2
2021-09-21,3506.530207078479,422.8999775890486,3929.430184667528,2
2021-09-22,3506.530207078479,548.1814389138833,4054.7116459923627,2
2021-09-23,3506.530207078479,725.5305010868284,4232.060708165308,2
2021-09-24,3506.530207078479,753.5573962852097,4260.087603363689,2
2021-09-27,3506.530207078479,757.8614032402157,4264.391610318695,2
2021-09-28,3837.44143484734,0,3837.44143484734,0
2021-09-29,3837.44143484734,0,3837.44143484734,0
2021-09-30,3837.44143484734,0,3837.44143484734,0
2021-10-01,3837.44143484734,0,3837.44143484734,0
2021-10-04,3837.44143484734,0,3837.44143484734,0
2021-10-05,3837.44143484734,0,3837.44143484734,0
2021-10-06,3837.44143484734,0,3837.44143484734,0
2021-10-07,3837.44143484734,0,3837.44143484734,0
2021-10-08,3837.44143484734,0,3837.44143484734,0
2021-10-11,3837.44143484734,0,3837.44143484734,0
2021-10-12,3837.44143484734,0,3837.44143484734,0
2021-10-13,3837.44143484734,0,3837.44143484734,0
2021-10-14,3435.6017819721974,396.5396528751427,3832.14143484734,1
2021-10-15,3036.31040301606,806.6693398477128,3842.9797428637726,2
2021-10-18,3036.31040301606,822.363895361606,3858.6742983776658,2
2021-10-19,3036.31040301606,854.6030119669382,3890.913414982998,2
2021-10-20,3036.31040301606,869.8271201128889,3906.1375231289485,2
2021-10-21,3036.31040301606,885.1362272977219,3921.4466303137815,2
2021-10-22,3036.31040301606,880.0970210806532,3916.407424096713,2
2021-10-25,3036.31040301606,902.3398665721218,3938.650269588182,2
2021-10-26,3036.31040301606,902.7300342243357,3939.0404372403955,2
2021-10-27,3036.31040301606,882.7334700716506,3919.0438730877104,2
2021-10-28,3036.31040301606,914.8005417372751,3951.110944753335,2
2021-10-29,3036.31040301606,924.5001341390342,3960.810537155094,2
2021-11-01,3036.31040301606,937.0403022450553,3973.350705261115,2
2021-11-02,3036.31040301606,950.4703477873213,3986.780750803381,2
2021-11-03,3604.0974982137323,394.22055349024134,3998.3180517039737,1
2021-11-04,3206.021246975806,795.7288574609635,4001.7501044367696,2
2021-11-05,3206.021246975806,806.3876295920437,4012.40887656785,2
2021-11-08,3206.021246975806,808.3228866036904,4014.344133579497,2
2021-11-09,3206.021246975806,791.9773041439186,3997.9985511197247,2
2021-11-10,3206.021246975806,751.4176041007659,3957.438851076572,2
2021-11-11,3206.021246975806,757.0728493725185,3963.0940963483245,2
2021-11-12,3206.021246975806,800.4210516260031,4006.4422986018094,2
2021-11-15,3206.021246975806,803.3457431413397,4009.366990117146,2
2021-11-16,3206.021246975806,824.6448085452755,4030.666055521082,2
2021-11-17,3206.021246975806,808.9104934298234,4014.9317404056296,2
2021-11-18,3206.021246975806,823.570449657069,4029.591696632875,2
2021-11-19,3206.021246975806,817.3106064641303,4023.3318534399364,2
2021-11-22,3206.021246975806,801.1714287998573,4007.1926757756637,2
2021-11-23,3206.021246975806,811.2938076877938,4017.3150546635998,2
2021-11-24,3206.021246975806,832.0416954880415,4038.062942463848,2
2021-11-26,3206.021246975806,675.8502644045308,3881.871511380337,2
2021-11-29,3206.021246975806,771.5131400873204,3977.534387063127,2
2021-11-30,3206.021246975806,592.7838758170736,3798.80512279288,2
2021-12-01,3206.021246975806,418.5982321608293,3624.6194791366356,2
2021-12-02,3206.021246975806,620.6927383825473,3826.7139853583535,2
2021-12-03,3206.021246975806,477.04833970311995,3683.069586678926,2
2021-12-06,3206.021246975806,681.730931036087,3887.752178011893,2
2021-12-07,3699.5875701245473,466.5686296170822,4166.156199741629,1
2021-12-08,4194.562629362563,0,4194.562629362563,0
2021-12-09,4194.562629362563,0,4194.562629362563,0
2021-12-10,4194.562629362563,0,4194.562629362563,0
2021-12-13,4194.562629362563,0,4194.562629362563,0
2021-12-14,4194.562629362563,0,4194.562629362563,0
2021-12-15,4194.562629362563,0,4194.562629362563,0
2021-12-16,4194.562629362563,0,4194.562629362563,0
2021-12-17,4194.562629362563,0,4194.562629362563,0
2021-12-20,4194.562629362563,0,4194.562629362563,0
2021-12-21,4194.562629362563,0,4194.562629362563,0
2021-12-22,4194.562629362563,0,4194.562629362563,0
2021-12-23,4194.562629362563,0,4194.562629362563,0
2021-12-27,4194.562629362563,0,4194.562629362563,0
2021-12-28,4194.562629362563,0,4194.562629362563,0
2021-12-29,4194.562629362563,0,4194.562629362563,0
2021-12-30,4194.562629362563,0,4194.562629362563,0
2021-12-31,4194.562629362563,0,4194.562629362563,0
2022-01-03,4194.562629362563,0,4194.562629362563,0
2022-01-04,4194.562629362563,0,4194.562629362563,0
2022-01-05,4194.562629362563,0,4194.562629362563,0
2022-01-06,4194.562629362563,0,4194.562629362563,0
2022-01-07,4194.562629362563,0,4194.562629362563,0
2022-01-10,4194.562629362563,0,4194.562629362563,0
2022-01-11,4194.562629362563,0,4194.562629362563,0
2022-01-12,4194.562629362563,0,4194.562629362563,0
2022-01-13,4194.562629362563,0,4194.562629362563,0
2022-01-14,4194.562629362563,0,4194.562629362563,0
2022-01-18,4194.562629362563,0,4194.562629362563,0
2022-01-19,4194.562629362563,0,4194.562629362563,0
2022-01-20,4194.562629362563,0,4194.562629362563,0
2022-01-21,4194.562629362563,0,4194.562629362563,0
2022-01-24,4194.562629362563,0,4194.562629362563,0
2022-01-25,4194.562629362563,0,4194.562629362563,0
2022-01-26,4194.562629362563,0,4194.562629362563,0
2022-01-27,4194.562629362563,0,4194.562629362563,0
2022-01-28,4194.562629362563,0,4194.562629362563,0
2022-01-31,4194.562629362563,0,4194.562629362563,0
2022-02-01,4194.562629362563,0,4194.562629362563,0
2022-02-02,4194.562629362563,0,4194.562629362563,0
2022-02-03,4194.562629362563,0,4194.562629362563,0
2022-02-04,4194.562629362563,0,4194.562629362563,0
2022-02-07,4194.562629362563,0,4194.562629362563,0
2022-02-08,4194.562629362563,0,4194.562629362563,0
2022-02-09,4194.562629362563,0,4194.562629362563,0
2022-02-10,4194.562629362563,0,4194.562629362563,0
2022-02-11,4194.562629362563,0,4194.562629362563,0
2022-02-14,4194.562629362563,0,4194.562629362563,0
2022-02-15,4194.562629362563,0,4194.562629362563,0
2022-02-16,4194.562629362563,0,4194.562629362563,0
2022-02-17,4194.562629362563,0,4194.562629362563,0
2022-02-18,4194.562629362563,0,4194.562629362563,0
2022-02-22,4194.562629362563,0,4194.562629362563,0
2022-02-23,4194.562629362563,0,4194.562629362563,0
2022-02-24,4194.562629362563,0,4194.562629362563,0
2022-02-25,4194.562629362563,0,4194.562629362563,0
2022-02-28,4194.562629362563,0,4194.562629362563,0
2022-03-01,4194.562629362563,0,4194.562629362563,0
2022-03-02,4194.562629362563,0,4194.562629362563,0
2022-03-03,4194.562629362563,0,4194.562629362563,0
2022-03-04,4194.562629362563,0,4194.562629362563,0
2022-03-07,4194.562629362563,0,4194.562629362563,0
2022-03-08,4194.562629362563,0,4194.562629362563,0
2022-03-09,4194.562629362563,0,4194.562629362563,0
2022-03-10,4194.562629362563,0,4194.562629362563,0
2022-03-11,4194.562629362563,0,4194.562629362563,0
2022-03-14,4194.562629362563,0,4194.562629362563,0
2022-03-15,4194.562629362563,0,4194.562629362563,0
2022-03-16,4194.562629362563,0,4194.562629362563,0
2022-03-17,4194.562629362563,0,4194.562629362563,0
2022-03-18,4194.562629362563,0,4194.562629362563,0
2022-03-21,4194.562629362563,0,4194.562629362563,0
2022-03-22,4194.562629362563,0,4194.562629362563,0
2022-03-23,4194.562629362563,0,4194.562629362563,0
2022-03-24,4194.562629362563,0,4194.562629362563,0
2022-03-25,4194.562629362563,0,4194.562629362563,0
2022-03-28,4194.562629362563,0,4194.562629362563,0
2022-03-29,4194.562629362563,0,4194.562629362563,0
2022-03-30,4194.562629362563,0,4194.562629362563,0
2022-03-31,4194.562629362563,0,4194.562629362563,0
2022-04-01,4194.562629362563,0,4194.562629362563,0
2022-04-04,4194.562629362563,0,4194.562629362563,0
2022-04-05,4194.562629362563,0,4194.562629362563,0
2022-04-06,4194.562629362563,0,4194.562629362563,0
2022-04-07,4194.562629362563,0,4194.562629362563,0
2022-04-08,4194.562629362563,0,4194.562629362563,0
2022-04-11,4194.562629362563,0,4194.562629362563,0
2022-04-12,4194.562629362563,0,4194.562629362563,0
2022-04-13,4194.562629362563,0,4194.562629362563,0
2022-04-14,4194.562629362563,0,4194.562629362563,0
2022-04-18,4194.562629362563,0,4194.562629362563,0
2022-04-19,4194.562629362563,0,4194.562629362563,0
2022-04-20,4194.562629362563,0,4194.562629362563,0
2022-04-21,4194.562629362563,0,4194.562629362563,0
2022-04-22,4194.562629362563,0,4194.562629362563,0
2022-04-25,4194.562629362563,0,4194.562629362563,0
2022-04-26,4194.562629362563,0,4194.562629362563,0
2022-04-27,4194.562629362563,0,4194.562629362563,0
2022-04-28,4194.562629362563,0,4194.562629362563,0
2022-04-29,4194.562629362563,0,4194.562629362563,0
2022-05-02,4194.562629362563,0,4194.562629362563,0
2022-05-03,4194.562629362563,0,4194.562629362563,0
2022-05-04,4194.562629362563,0,4194.562629362563,0
2022-05-05,4194.562629362563,0,4194.562629362563,0
2022-05-06,4194.562629362563,0,4194.562629362563,0
2022-05-09,4194.562629362563,0,4194.562629362563,0
2022-05-10,4194.562629362563,0,4194.562629362563,0
2022-05-11,4194.562629362563,0,4194.562629362563,0
2022-05-12,4194.562629362563,0,4194.562629362563,0
2022-05-13,4194.562629362563,0,4194.562629362563,0
2022-05-16,4194.562629362563,0,4194.562629362563,0
2022-05-17,4194.562629362563,0,4194.562629362563,0
2022-05-18,4194.562629362563,0,4194.562629362563,0
2022-05-19,4194.562629362563,0,4194.562629362563,0
2022-05-20,4194.562629362563,0,4194.562629362563,0
2022-05-23,4194.562629362563,0,4194.562629362563,0
2022-05-24,4194.562629362563,0,4194.562629362563,0
2022-05-25,4194.562629362563,0,4194.562629362563,0
2022-05-26,4194.562629362563,0,4194.562629362563,0
2022-05-27,4194.562629362563,0,4194.562629362563,0
2022-05-31,4194.562629362563,0,4194.562629362563,0
2022-06-01,4194.562629362563,0,4194.562629362563,0
2022-06-02,4194.562629362563,0,4194.562629362563,0
2022-06-03,4194.562629362563,0,4194.562629362563,0
2022-06-06,4194.562629362563,0,4194.562629362563,0
2022-06-07,4194.562629362563,0,4194.562629362563,0
2022-06-08,4194.562629362563,0,4194.562629362563,0
2022-06-09,4194.562629362563,0,4194.562629362563,0
2022-06-10,4194.562629362563,0,4194.562629362563,0
2022-06-13,4194.562629362563,0,4194.562629362563,0
2022-06-14,4194.562629362563,0,4194.562629362563,0
2022-06-15,4194.562629362563,0,4194.562629362563,0
2022-06-16,4194.562629362563,0,4194.562629362563,0
2022-06-17,4194.562629362563,0,4194.562629362563,0
2022-06-21,4194.562629362563,0,4194.562629362563,0
2022-06-22,4194.562629362563,0,4194.562629362563,0
2022-06-23,4194.562629362563,0,4194.562629362563,0
2022-06-24,4194.562629362563,0,4194.562629362563,0
2022-06-27,4194.562629362563,0,4194.562629362563,0
2022-06-28,4194.562629362563,0,4194.562629362563,0
2022-06-29,4194.562629362563,0,4194.562629362563,0
2022-06-30,4194.562629362563,0,4194.562629362563,0
2022-07-01,4194.562629362563,0,4194.562629362563,0
2022-07-05,4194.562629362563,0,4194.562629362563,0
2022-07-06,4194.562629362563,0,4194.562629362563,0
2022-07-07,4194.562629362563,0,4194.562629362563,0
2022-07-08,4194.562629362563,0,4194.562629362563,0
2022-07-11,4194.562629362563,0,4194.562629362563,0
2022-07-12,4194.562629362563,0,4194.562629362563,0
2022-07-13,4194.562629362563,0,4194.562629362563,0
2022-07-14,4194.562629362563,0,4194.562629362563,0
2022-07-15,4194.562629362563,0,4194.562629362563,0
2022-07-18,4194.562629362563,0,4194.562629362563,0
2022-07-19,4194.562629362563,0,4194.562629362563,0
2022-07-20,4194.562629362563,0,4194.562629362563,0
2022-07-21,4194.562629362563,0,4194.562629362563,0
2022-07-22,4194.562629362563,0,4194.562629362563,0
2022-07-25,4194.562629362563,0,4194.562629362563,0
2022-07-26,4194.562629362563,0,4194.562629362563,0
2022-07-27,4194.562629362563,0,4194.562629362563,0
2022-07-28,4194.562629362563,0,4194.562629362563,0
2022-07-29,4194.562629362563,0,4194.562629362563,0
2022-08-01,4194.562629362563,0,4194.562629362563,0
2022-08-02,4194.562629362563,0,4194.562629362563,0
2022-08-03,4194.562629362563,0,4194.562629362563,0
2022-08-04,4194.562629362563,0,4194.562629362563,0
2022-08-05,4194.562629362563,0,4194.562629362563,0
2022-08-08,4194.562629362563,0,4194.562629362563,0
2022-08-09,4194.562629362563,0,4194.562629362563,0
2022-08-10,3789.2873574873806,399.97527187518216,4189.262629362563,1
2022-08-11,3385.6939892786113,796.6278307333155,4182.321820011926,2
2022-08-12,3385.6939892786113,848.8864960955439,4234.580485374156,2
2022-08-15,3385.6939892786113,859.59076612574,4245.284755404351,2
2022-08-16,3385.6939892786113,866.6028228752111,4252.296812153822,2
2022-08-17,3385.6939892786113,848.842340427042,4234.536329705654,2
2022-08-18,3385.6939892786113,858.032799939096,4243.726789217707,2
2022-08-19,3385.6939892786113,815.9327484424309,4201.626737721042,2
2022-08-22,3385.6939892786113,724.0238955947945,4109.717884873406,2
2022-08-23,3385.6939892786113,712.191389212947,4097.885378491558,2
2022-08-24,3385.6939892786113,725.3348179068666,4111.0288071854775,2
2022-08-25,3385.6939892786113,792.1522783608666,4177.846267639477,2
2022-08-26,3385.6939892786113,496.76412814707476,3882.458117425686,2
2022-08-29,3385.6939892786113,426.8111476690507,3812.505136947662,2
2022-08-30,3729.3211635899997,0,3729.3211635899997,0
2022-08-31,3729.3211635899997,0,3729.3211635899997,0
2022-09-01,3729.3211635899997,0,3729.3211635899997,0
2022-09-02,3729.3211635899997,0,3729.3211635899997,0
2022-09-06,3729.3211635899997,0,3729.3211635899997,0
2022-09-07,3729.3211635899997,0,3729.3211635899997,0
2022-09-08,3729.3211635899997,0,3729.3211635899997,0
2022-09-09,3322.0485549218592,401.9726086681402,3724.0211635899996,1
2022-09-12,2911.3311659598135,820.0809398716799,3731.412105831493,2
2022-09-13,2911.3311659598135,557.6962019807837,3469.0273679405973,2
2022-09-14,2911.3311659598135,616.0923581389881,3527.4235240988014,2
2022-09-15,3128.6799233918086,239.1426197824444,3367.822543174253,1
2022-09-16,3344.4877908318176,0,3344.4877908318176,0
2022-09-19,3344.4877908318176,0,3344.4877908318176,0
2022-09-20,3344.4877908318176,0,3344.4877908318176,0
2022-09-21,3344.4877908318176,0,3344.4877908318176,0
2022-09-22,3344.4877908318176,0,3344.4877908318176,0
2022-09-23,3344.4877908318176,0,3344.4877908318176,0
2022-09-26,3344.4877908318176,0,3344.4877908318176,0
2022-09-27,3344.4877908318176,0,3344.4877908318176,0
2022-09-28,3344.4877908318176,0,3344.4877908318176,0
2022-09-29,3344.4877908318176,0,3344.4877908318176,0
2022-09-30,3344.4877908318176,0,3344.4877908318176,0
2022-10-03,3344.4877908318176,0,3344.4877908318176,0
2022-10-04,3344.4877908318176,0,3344.4877908318176,0
2022-10-05,3344.4877908318176,0,3344.4877908318176,0
2022-10-06,3344.4877908318176,0,3344.4877908318176,0
2022-10-07,3344.4877908318176,0,3344.4877908318176,0
2022-10-10,3344.4877908318176,0,3344.4877908318176,0
2022-10-11,3344.4877908318176,0,3344.4877908318176,0
2022-10-12,3344.4877908318176,0,3344.4877908318176,0
2022-10-13,3344.4877908318176,0,3344.4877908318176,0
2022-10-14,3344.4877908318176,0,3344.4877908318176,0
2022-10-17,3344.4877908318176,0,3344.4877908318176,0
2022-10-18,3344.4877908318176,0,3344.4877908318176,0
2022-10-19,3344.4877908318176,0,3344.4877908318176,0
2022-10-20,3344.4877908318176,0,3344.4877908318176,0
2022-10-21,3344.4877908318176,0,3344.4877908318176,0
2022-10-24,3344.4877908318176,0,3344.4877908318176,0
2022-10-25,3344.4877908318176,0,3344.4877908318176,0
2022-10-26,3344.4877908318176,0,3344.4877908318176,0
2022-10-27,3344.4877908318176,0,3344.4877908318176,0
2022-10-28,3344.4877908318176,0,3344.4877908318176,0
2022-10-31,3344.4877908318176,0,3344.4877908318176,0
2022-11-01,3344.4877908318176,0,3344.4877908318176,0
2022-11-02,3344.4877908318176,0,3344.4877908318176,0
2022-11-03,3344.4877908318176,0,3344.4877908318176,0
2022-11-04,3344.4877908318176,0,3344.4877908318176,0
2022-11-07,3344.4877908318176,0,3344.4877908318176,0
2022-11-08,3344.4877908318176,0,3344.4877908318176,0
2022-11-09,3344.4877908318176,0,3344.4877908318176,0
2022-11-10,3344.4877908318176,0,3344.4877908318176,0
2022-11-11,3344.4877908318176,0,3344.4877908318176,0
2022-11-14,3344.4877908318176,0,3344.4877908318176,0
2022-11-15,3344.4877908318176,0,3344.4877908318176,0
2022-11-16,3344.4877908318176,0,3344.4877908318176,0
2022-11-17,3344.4877908318176,0,3344.4877908318176,0
2022-11-18,3344.4877908318176,0,3344.4877908318176,0
2022-11-21,3344.4877908318176,0,3344.4877908318176,0
2022-11-22,3344.4877908318176,0,3344.4877908318176,0
2022-11-23,3344.4877908318176,0,3344.4877908318176,0
2022-11-25,3344.4877908318176,0,3344.4877908318176,0
2022-11-28,3344.4877908318176,0,3344.4877908318176,0
2022-11-29,3344.4877908318176,0,3344.4877908318176,0
2022-11-30,3344.4877908318176,0,3344.4877908318176,0
2022-12-01,3344.4877908318176,0,3344.4877908318176,0
2022-12-02,3344.4877908318176,0,3344.4877908318176,0
2022-12-05,3344.4877908318176,0,3344.4877908318176,0
2022-12-06,3344.4877908318176,0,3344.4877908318176,0
2022-12-07,3344.4877908318176,0,3344.4877908318176,0
2022-12-08,3344.4877908318176,0,3344.4877908318176,0
2022-12-09,3344.4877908318176,0,3344.4877908318176,0
2022-12-12,3344.4877908318176,0,3344.4877908318176,0
2022-12-13,3344.4877908318176,0,3344.4877908318176,0
2022-12-14,3344.4877908318176,0,3344.4877908318176,0
2022-12-15,3344.4877908318176,0,3344.4877908318176,0
2022-12-16,3344.4877908318176,0,3344.4877908318176,0
2022-12-19,3344.4877908318176,0,3344.4877908318176,0
2022-12-20,3344.4877908318176,0,3344.4877908318176,0
2022-12-21,3344.4877908318176,0,3344.4877908318176,0
2022-12-22,3344.4877908318176,0,3344.4877908318176,0
2022-12-23,3344.4877908318176,0,3344.4877908318176,0
2022-12-27,3344.4877908318176,0,3344.4877908318176,0
2022-12-28,3344.4877908318176,0,3344.4877908318176,0
2022-12-29,3344.4877908318176,0,3344.4877908318176,0
2022-12-30,3344.4877908318176,0,3344.4877908318176,0
2023-01-03,3344.4877908318176,0,3344.4877908318176,0
2023-01-04,3344.4877908318176,0,3344.4877908318176,0
2023-01-05,3344.4877908318176,0,3344.4877908318176,0
2023-01-06,3344.4877908318176,0,3344.4877908318176,0
2023-01-09,3344.4877908318176,0,3344.4877908318176,0
2023-01-10,3344.4877908318176,0,3344.4877908318176,0
2023-01-11,3344.4877908318176,0,3344.4877908318176,0
2023-01-12,3344.4877908318176,0,3344.4877908318176,0
2023-01-13,3344.4877908318176,0,3344.4877908318176,0
2023-01-17,3344.4877908318176,0,3344.4877908318176,0
2023-01-18,3344.4877908318176,0,3344.4877908318176,0
2023-01-19,3344.4877908318176,0,3344.4877908318176,0
2023-01-20,3344.4877908318176,0,3344.4877908318176,0
2023-01-23,3344.4877908318176,0,3344.4877908318176,0
2023-01-24,3344.4877908318176,0,3344.4877908318176,0
2023-01-25,3344.4877908318176,0,3344.4877908318176,0
2023-01-26,3344.4877908318176,0,3344.4877908318176,0
2023-01-27,3344.4877908318176,0,3344.4877908318176,0
2023-01-30,3344.4877908318176,0,3344.4877908318176,0
2023-01-31,3344.4877908318176,0,3344.4877908318176,0
2023-02-01,3344.4877908318176,0,3344.4877908318176,0
2023-02-02,3344.4877908318176,0,3344.4877908318176,0
2023-02-03,3344.4877908318176,0,3344.4877908318176,0
2023-02-06,3344.4877908318176,0,3344.4877908318176,0
2023-02-07,3344.4877908318176,0,3344.4877908318176,0
2023-02-08,3344.4877908318176,0,3344.4877908318176,0
2023-02-09,3344.4877908318176,0,3344.4877908318176,0
2023-02-10,3344.4877908318176,0,3344.4877908318176,0
2023-02-13,3344.4877908318176,0,3344.4877908318176,0
2023-02-14,3344.4877908318176,0,3344.4877908318176,0
2023-02-15,3344.4877908318176,0,3344.4877908318176,0
2023-02-16,3344.4877908318176,0,3344.4877908318176,0
2023-02-17,3344.4877908318176,0,3344.4877908318176,0
2023-02-21,3344.4877908318176,0,3344.4877908318176,0
2023-02-22,3344.4877908318176,0,3344.4877908318176,0
2023-02-23,3344.4877908318176,0,3344.4877908318176,0
2023-02-24,3344.4877908318176,0,3344.4877908318176,0
2023-02-27,3344.4877908318176,0,3344.4877908318176,0
2023-02-28,3344.4877908318176,0,3344.4877908318176,0
2023-03-01,3344.4877908318176,0,3344.4877908318176,0
2023-03-02,3344.4877908318176,0,3344.4877908318176,0
2023-03-03,3344.4877908318176,0,3344.4877908318176,0
2023-03-06,3344.4877908318176,0,3344.4877908318176,0
2023-03-07,3344.4877908318176,0,3344.4877908318176,0
2023-03-08,3344.4877908318176,0,3344.4877908318176,0
2023-03-09,3344.4877908318176,0,3344.4877908318176,0
2023-03-10,3344.4877908318176,0,3344.4877908318176,0
2023-03-13,3344.4877908318176,0,3344.4877908318176,0
2023-03-14,3344.4877908318176,0,3344.4877908318176,0
2023-03-15,3344.4877908318176,0,3344.4877908318176,0
2023-03-16,3344.4877908318176,0,3344.4877908318176,0
2023-03-17,3344.4877908318176,0,3344.4877908318176,0
2023-03-20,3344.4877908318176,0,3344.4877908318176,0
2023-03-21,3344.4877908318176,0,3344.4877908318176,0
2023-03-22,3344.4877908318176,0,3344.4877908318176,0
2023-03-23,3344.4877908318176,0,3344.4877908318176,0
2023-03-24,3344.4877908318176,0,3344.4877908318176,0
2023-03-27,3344.4877908318176,0,3344.4877908318176,0
2023-03-28,3344.4877908318176,0,3344.4877908318176,0
2023-03-29,3344.4877908318176,0,3344.4877908318176,0
2023-03-30,3344.4877908318176,0,3344.4877908318176,0
2023-03-31,3344.4877908318176,0,3344.4877908318176,0
2023-04-03,3344.4877908318176,0,3344.4877908318176,0
2023-04-04,3344.4877908318176,0,3344.4877908318176,0
2023-04-05,3344.4877908318176,0,3344.4877908318176,0
2023-04-06,3344.4877908318176,0,3344.4877908318176,0
2023-04-10,3344.4877908318176,0,3344.4877908318176,0
2023-04-11,3344.4877908318176,0,3344.4877908318176,0
2023-04-12,3344.4877908318176,0,3344.4877908318176,0
2023-04-13,3344.4877908318176,0,3344.4877908318176,0
2023-04-14,3344.4877908318176,0,3344.4877908318176,0
2023-04-17,3344.4877908318176,0,3344.4877908318176,0
2023-04-18,3344.4877908318176,0,3344.4877908318176,0
2023-04-19,3344.4877908318176,0,3344.4877908318176,0
2023-04-20,3344.4877908318176,0,3344.4877908318176,0
2023-04-21,3344.4877908318176,0,3344.4877908318176,0
2023-04-24,3344.4877908318176,0,3344.4877908318176,0
2023-04-25,3344.4877908318176,0,3344.4877908318176,0
2023-04-26,3344.4877908318176,0,3344.4877908318176,0
2023-04-27,3344.4877908318176,0,3344.4877908318176,0
2023-04-28,3344.4877908318176,0,3344.4877908318176,0
2023-05-01,3344.4877908318176,0,3344.4877908318176,0
2023-05-02,3344.4877908318176,0,3344.4877908318176,0
2023-05-03,3344.4877908318176,0,3344.4877908318176,0
2023-05-04,3344.4877908318176,0,3344.4877908318176,0
2023-05-05,3344.4877908318176,0,3344.4877908318176,0
2023-05-08,3344.4877908318176,0,3344.4877908318176,0
2023-05-09,3344.4877908318176,0,3344.4877908318176,0
2023-05-10,3344.4877908318176,0,3344.4877908318176,0
2023-05-11,3344.4877908318176,0,3344.4877908318176,0
2023-05-12,3344.4877908318176,0,3344.4877908318176,0
2023-05-15,3344.4877908318176,0,3344.4877908318176,0
2023-05-16,3344.4877908318176,0,3344.4877908318176,0
2023-05-17,3344.4877908318176,0,3344.4877908318176,0
2023-05-18,3344.4877908318176,0,3344.4877908318176,0
2023-05-19,3344.4877908318176,0,3344.4877908318176,0
2023-05-22,3344.4877908318176,0,3344.4877908318176,0
2023-05-23,2943.0547502639893,396.13304056782823,3339.1877908318174,1
2023-05-24,2538.9331824595893,779.3055734472844,3318.238755906874,2
2023-05-25,2538.9331824595893,811.9593320657032,3350.8925145252924,2
2023-05-26,2538.9331824595893,856.8809618506606,3395.81414431025,2
2023-05-30,2538.9331824595893,865.9291729177141,3404.862355377303,2
2023-05-31,2538.9331824595893,846.0552307139807,3384.98841317357,2
2023-06-01,2538.9331824595893,894.7377954902471,3433.6709779498365,2
2023-06-02,2538.9331824595893,938.2344959751684,3477.167678434758,2
2023-06-05,2538.9331824595893,941.1244620708071,3480.0576445303964,2
2023-06-06,2538.9331824595893,954.7734698109003,3493.7066522704895,2
2023-06-07,2538.9331824595893,951.5381941686289,3490.4713766282184,2
2023-06-08,3102.704109921829,394.385444616843,3497.089554538672,1
2023-06-09,2706.9710926318767,787.512942860461,3494.4840354923376,2
2023-06-12,2706.9710926318767,825.2052426780538,3532.1763353099304,2
2023-06-13,2706.9710926318767,857.0697362077539,3564.0408288396306,2
2023-06-14,2706.9710926318767,869.1571639244024,3576.128256556279,2
2023-06-15,2706.9710926318767,901.8714333380949,3608.8425259699716,2
2023-06-16,2706.9710926318767,904.4024162257834,3611.37350885766,2
2023-06-20,2706.9710926318767,896.1455744362958,3603.1166670681723,2
2023-06-21,2706.9710926318767,888.0876164355861,3595.0587090674626,2
2023-06-22,2706.9710926318767,908.597197150096,3615.5682897819725,2
2023-06-23,2706.9710926318767,874.5517160448862,3581.522808676763,2
2023-06-26,2706.9710926318767,853.3359596683865,3560.3070523002634,2
2023-06-27,2706.9710926318767,914.5138650128736,3621.4849576447505,2
2023-06-28,2706.9710926318767,921.5493106382035,3628.5204032700804,2
2023-06-29,2706.9710926318767,939.2569805629531,3646.22807319483,2
2023-06-30,3278.272771313423,390.1590238554789,3668.431795168902,1
2023-07-03,2879.5362151853487,787.9797713387077,3667.5159865240566,2
2023-07-05,2879.5362151853487,773.9084688482208,3653.4446840335695,2
2023-07-06,2879.5362151853487,719.4939988184018,3599.0302140037506,2
2023-07-07,2879.5362151853487,700.5374667566826,3580.0736819420313,2
2023-07-10,2879.5362151853487,716.48294856071,3596.019163746059,2
2023-07-11,2879.5362151853487,763.9033127730258,3643.4395279583746,2
2023-07-12,2879.5362151853487,821.0429201989641,3700.579135384313,2
2023-07-13,2879.5362151853487,865.0346614193879,3744.5708766047364,2
2023-07-14,2879.5362151853487,866.4373572762272,3745.9735724615757,2
2023-07-17,2879.5362151853487,891.4098764599808,3770.9460916453295,2
2023-07-18,2879.5362151853487,922.9536450101605,3802.489860195509,2
2023-07-19,2879.5362151853487,928.581403285725,3808.117618471074,2
2023-07-20,2879.5362151853487,907.8917425324761,3787.427957717825,2
2023-07-21,2879.5362151853487,918.382661868128,3797.9188770534765,2
2023-07-24,2879.5362151853487,943.3623667540437,3822.8985819393924,2
2023-07-25,2963.279749012103,866.2972619523384,3829.5770109644413,2
2023-07-26,3042.5456661575054,788.5306437183573,3831.0763098758625,2
2023-07-27,3042.5456661575054,743.4778849184084,3786.023551075914,2
2023-07-28,3042.5456661575054,807.4111696232351,3849.95683578074,2
2023-07-31,3042.5456661575054,815.958444047476,3858.5041102049813,2
2023-08-01,3042.5456661575054,800.3391737510526,3842.884839908558,2
2023-08-02,3042.5456661575054,702.5912810188061,3745.1369471763114,2
2023-08-03,3042.5456661575054,683.6112272389471,3726.1568933964527,2
2023-08-04,3042.5456661575054,618.3350663065767,3660.880732464082,2
2023-08-07,3042.5456661575054,709.9970371831802,3752.5427033406854,2
2023-08-08,3042.5456661575054,675.075269748595,3717.6209359061004,2
2023-08-09,3042.5456661575054,571.2647460600436,3613.810412217549,2
2023-08-10,3042.5456661575054,574.1076982443502,3616.6533644018555,2
2023-08-11,3042.5456661575054,553.323119686479,3595.8687858439844,2
2023-08-14,3042.5456661575054,651.3193048635316,3693.864971021037,2
2023-08-15,3042.5456661575054,442.5776761118897,3485.123342269395,2
2023-08-16,3390.547067687692,0,3390.547067687692,0
2023-08-17,3390.547067687692,0,3390.547067687692,0
2023-08-18,3390.547067687692,0,3390.547067687692,0
2023-08-21,3390.547067687692,0,3390.547067687692,0
2023-08-22,3390.547067687692,0,3390.547067687692,0
2023-08-23,3390.547067687692,0,3390.547067687692,0
2023-08-24,3390.547067687692,0,3390.547067687692,0
2023-08-25,3390.547067687692,0,3390.547067687692,0
2023-08-28,3390.547067687692,0,3390.547067687692,0
2023-08-29,2994.1218448265445,391.1252228611474,3385.247067687692,1
2023-08-30,2597.732846946199,794.1803020839643,3391.9131490301634,2
2023-08-31,2597.732846946199,788.7860435207231,3386.518890466922,2
2023-09-01,2597.732846946199,803.5568200854101,3401.289667031609,2
2023-09-05,2597.732846946199,775.6390576283238,3373.371904574523,2
2023-09-06,2597.732846946199,727.1110734986123,3324.8439204448114,2
2023-09-07,2597.732846946199,702.9743538016874,3300.7072007478864,2
2023-09-08,2597.732846946199,716.396760552351,3314.1296074985503,2
2023-09-11,2597.732846946199,770.4251042437392,3368.157951189938,2
2023-09-12,2597.732846946199,724.0186035163604,3321.7514504625597,2
2023-09-13,2597.732846946199,740.2904859239684,3338.0233328701675,2
2023-09-14,2597.732846946199,815.1676675957176,3412.900514541917,2
2023-09-15,2597.732846946199,704.7146277613947,3302.4474747075938,2
2023-09-18,2597.732846946199,713.8636196672123,3311.5964666134114,2
2023-09-19,2597.732846946199,691.1523115041547,3288.8851584503536,2
2023-09-20,2597.732846946199,536.6902686706936,3134.4231156168926,2
2023-09-21,2907.1543771906777,0,2907.1543771906777,0
2023-09-22,2907.1543771906777,0,2907.1543771906777,0
2023-09-25,2907.1543771906777,0,2907.1543771906777,0
2023-09-26,2907.1543771906777,0,2907.1543771906777,0
2023-09-27,2907.1543771906777,0,2907.1543771906777,0
2023-09-28,2907.1543771906777,0,2907.1543771906777,0
2023-09-29,2907.1543771906777,0,2907.1543771906777,0
2023-10-02,2907.1543771906777,0,2907.1543771906777,0
2023-10-03,2907.1543771906777,0,2907.1543771906777,0
2023-10-04,2907.1543771906777,0,2907.1543771906777,0
2023-10-05,2907.1543771906777,0,2907.1543771906777,0
2023-10-06,2907.1543771906777,0,2907.1543771906777,0
2023-10-09,2907.1543771906777,0,2907.1543771906777,0
2023-10-10,2907.1543771906777,0,2907.1543771906777,0
2023-10-11,2907.1543771906777,0,2907.1543771906777,0
2023-10-12,2907.1543771906777,0,2907.1543771906777,0
2023-10-13,2907.1543771906777,0,2907.1543771906777,0
2023-10-16,2907.1543771906777,0,2907.1543771906777,0
2023-10-17,2907.1543771906777,0,2907.1543771906777,0
2023-10-18,2907.1543771906777,0,2907.1543771906777,0
2023-10-19,2907.1543771906777,0,2907.1543771906777,0
2023-10-20,2907.1543771906777,0,2907.1543771906777,0
2023-10-23,2907.1543771906777,0,2907.1543771906777,0
2023-10-24,2907.1543771906777,0,2907.1543771906777,0
2023-10-25,2907.1543771906777,0,2907.1543771906777,0
2023-10-26,2907.1543771906777,0,2907.1543771906777,0
2023-10-27,2907.1543771906777,0,2907.1543771906777,0
2023-10-30,2907.1543771906777,0,2907.1543771906777,0
2023-10-31,2907.1543771906777,0,2907.1543771906777,0
2023-11-01,2907.1543771906777,0,2907.1543771906777,0
2023-11-02,2907.1543771906777,0,2907.1543771906777,0
2023-11-03,2907.1543771906777,0,2907.1543771906777,0
2023-11-06,2907.1543771906777,0,2907.1543771906777,0
2023-11-07,2907.1543771906777,0,2907.1543771906777,0
2023-11-08,2907.1543771906777,0,2907.1543771906777,0
2023-11-09,2907.1543771906777,0,2907.1543771906777,0
2023-11-10,2907.1543771906777,0,2907.1543771906777,0
2023-11-13,2907.1543771906777,0,2907.1543771906777,0
2023-11-14,2907.1543771906777,0,2907.1543771906777,0
2023-11-15,2907.1543771906777,0,2907.1543771906777,0
2023-11-16,2907.1543771906777,0,2907.1543771906777,0
2023-11-17,2907.1543771906777,0,2907.1543771906777,0
2023-11-20,2907.1543771906777,0,2907.1543771906777,0
2023-11-21,2907.1543771906777,0,2907.1543771906777,0
2023-11-22,2907.1543771906777,0,2907.1543771906777,0
2023-11-24,2907.1543771906777,0,2907.1543771906777,0
2023-11-27,2907.1543771906777,0,2907.1543771906777,0
2023-11-28,2907.1543771906777,0,2907.1543771906777,0
2023-11-29,2907.1543771906777,0,2907.1543771906777,0
2023-11-30,2907.1543771906777,0,2907.1543771906777,0
2023-12-01,2907.1543771906777,0,2907.1543771906777,0
2023-12-04,2907.1543771906777,0,2907.1543771906777,0
2023-12-05,2907.1543771906777,0,2907.1543771906777,0
2023-12-06,2907.1543771906777,0,2907.1543771906777,0
2023-12-07,2907.1543771906777,0,2907.1543771906777,0
2023-12-08,2907.1543771906777,0,2907.1543771906777,0
2023-12-11,2907.1543771906777,0,2907.1543771906777,0
2023-12-12,2907.1543771906777,0,2907.1543771906777,0
2023-12-13,2907.1543771906777,0,2907.1543771906777,0
2023-12-14,2907.1543771906777,0,2907.1543771906777,0
2023-12-15,2907.1543771906777,0,2907.1543771906777,0
2023-12-18,2907.1543771906777,0,2907.1543771906777,0
2023-12-19,2907.1543771906777,0,2907.1543771906777,0
2023-12-20,2907.1543771906777,0,2907.1543771906777,0
2023-12-21,2907.1543771906777,0,2907.1543771906777,0
2023-12-22,2907.1543771906777,0,2907.1543771906777,0
2023-12-26,2907.1543771906777,0,2907.1543771906777,0
2023-12-27,2907.1543771906777,0,2907.1543771906777,0
2023-12-28,2907.1543771906777,0,2907.1543771906777,0
2023-12-29,2907.1543771906777,0,2907.1543771906777,0
2024-01-02,2907.1543771906777,0,2907.1543771906777,0
2024-01-03,2907.1543771906777,0,2907.1543771906777,0
2024-01-04,2907.1543771906777,0,2907.1543771906777,0
2024-01-05,2907.1543771906777,0,2907.1543771906777,0
2024-01-08,2907.1543771906777,0,2907.1543771906777,0
2024-01-09,2907.1543771906777,0,2907.1543771906777,0
2024-01-10,2907.1543771906777,0,2907.1543771906777,0
2024-01-11,2907.1543771906777,0,2907.1543771906777,0
2024-01-12,2907.1543771906777,0,2907.1543771906777,0
2024-01-16,2907.1543771906777,0,2907.1543771906777,0
2024-01-17,2907.1543771906777,0,2907.1543771906777,0
2024-01-18,2907.1543771906777,0,2907.1543771906777,0
2024-01-19,2907.1543771906777,0,2907.1543771906777,0
2024-01-22,2907.1543771906777,0,2907.1543771906777,0
2024-01-23,2907.1543771906777,0,2907.1543771906777,0
2024-01-24,2907.1543771906777,0,2907.1543771906777,0
2024-01-25,2907.1543771906777,0,2907.1543771906777,0
2024-01-26,2907.1543771906777,0,2907.1543771906777,0
2024-01-29,2907.1543771906777,0,2907.1543771906777,0
2024-01-30,2907.1543771906777,0,2907.1543771906777,0
2024-01-31,2907.1543771906777,0,2907.1543771906777,0
2024-02-01,2907.1543771906777,0,2907.1543771906777,0
2024-02-02,2907.1543771906777,0,2907.1543771906777,0
2024-02-05,2907.1543771906777,0,2907.1543771906777,0
2024-02-06,2907.1543771906777,0,2907.1543771906777,0
2024-02-07,2907.1543771906777,0,2907.1543771906777,0
2024-02-08,2907.1543771906777,0,2907.1543771906777,0
2024-02-09,2907.1543771906777,0,2907.1543771906777,0
2024-02-12,2907.1543771906777,0,2907.1543771906777,0
2024-02-13,2907.1543771906777,0,2907.1543771906777,0
2024-02-14,2907.1543771906777,0,2907.1543771906777,0
2024-02-15,2907.1543771906777,0,2907.1543771906777,0
2024-02-16,2907.1543771906777,0,2907.1543771906777,0
2024-02-20,2907.1543771906777,0,2907.1543771906777,0
2024-02-21,2907.1543771906777,0,2907.1543771906777,0
2024-02-22,2907.1543771906777,0,2907.1543771906777,0
2024-02-23,2907.1543771906777,0,2907.1543771906777,0
2024-02-26,2907.1543771906777,0,2907.1543771906777,0
2024-02-27,2907.1543771906777,0,2907.1543771906777,0
2024-02-28,2907.1543771906777,0,2907.1543771906777,0
2024-02-29,2907.1543771906777,0,2907.1543771906777,0
2024-03-01,2907.1543771906777,0,2907.1543771906777,0
2024-03-04,2907.1543771906777,0,2907.1543771906777,0
2024-03-05,2907.1543771906777,0,2907.1543771906777,0
2024-03-06,2907.1543771906777,0,2907.1543771906777,0
2024-03-07,2907.1543771906777,0,2907.1543771906777,0
2024-03-08,2907.1543771906777,0,2907.1543771906777,0
2024-03-11,2907.1543771906777,0,2907.1543771906777,0
2024-03-12,2907.1543771906777,0,2907.1543771906777,0
2024-03-13,2907.1543771906777,0,2907.1543771906777,0
2024-03-14,2907.1543771906777,0,2907.1543771906777,0
2024-03-15,2907.1543771906777,0,2907.1543771906777,0
2024-03-18,2907.1543771906777,0,2907.1543771906777,0
2024-03-19,2907.1543771906777,0,2907.1543771906777,0
2024-03-20,2907.1543771906777,0,2907.1543771906777,0
2024-03-21,2907.1543771906777,0,2907.1543771906777,0
2024-03-22,2907.1543771906777,0,2907.1543771906777,0
2024-03-25,2907.1543771906777,0,2907.1543771906777,0
2024-03-26,2907.1543771906777,0,2907.1543771906777,0
2024-03-27,2907.1543771906777,0,2907.1543771906777,0
2024-03-28,2907.1543771906777,0,2907.1543771906777,0
2024-04-01,2907.1543771906777,0,2907.1543771906777,0
2024-04-02,2907.1543771906777,0,2907.1543771906777,0
2024-04-03,2907.1543771906777,0,2907.1543771906777,0
2024-04-04,2907.1543771906777,0,2907.1543771906777,0
2024-04-05,2907.1543771906777,0,2907.1543771906777,0
2024-04-08,2907.1543771906777,0,2907.1543771906777,0
2024-04-09,2907.1543771906777,0,2907.1543771906777,0
2024-04-10,2907.1543771906777,0,2907.1543771906777,0
2024-04-11,2907.1543771906777,0,2907.1543771906777,0
2024-04-12,2907.1543771906777,0,2907.1543771906777,0
2024-04-15,2907.1543771906777,0,2907.1543771906777,0
2024-04-16,2907.1543771906777,0,2907.1543771906777,0
2024-04-17,2907.1543771906777,0,2907.1543771906777,0
2024-04-18,2907.1543771906777,0,2907.1543771906777,0
2024-04-19,2907.1543771906777,0,2907.1543771906777,0
2024-04-22,2907.1543771906777,0,2907.1543771906777,0
2024-04-23,2907.1543771906777,0,2907.1543771906777,0
2024-04-24,2907.1543771906777,0,2907.1543771906777,0
2024-04-25,2907.1543771906777,0,2907.1543771906777,0
2024-04-26,2907.1543771906777,0,2907.1543771906777,0
2024-04-29,2907.1543771906777,0,2907.1543771906777,0
2024-04-30,2907.1543771906777,0,2907.1543771906777,0
2024-05-01,2907.1543771906777,0,2907.1543771906777,0
2024-05-02,2907.1543771906777,0,2907.1543771906777,0
2024-05-03,2907.1543771906777,0,2907.1543771906777,0
2024-05-06,2907.1543771906777,0,2907.1543771906777,0
2024-05-07,2907.1543771906777,0,2907.1543771906777,0
2024-05-08,2907.1543771906777,0,2907.1543771906777,0
2024-05-09,2907.1543771906777,0,2907.1543771906777,0
2024-05-10,2907.1543771906777,0,2907.1543771906777,0
2024-05-13,2907.1543771906777,0,2907.1543771906777,0
2024-05-14,2907.1543771906777,0,2907.1543771906777,0
2024-05-15,2907.1543771906777,0,2907.1543771906777,0
2024-05-16,2907.1543771906777,0,2907.1543771906777,0
2024-05-17,2907.1543771906777,0,2907.1543771906777,0
2024-05-20,2907.1543771906777,0,2907.1543771906777,0
2024-05-21,2907.1543771906777,0,2907.1543771906777,0
2024-05-22,2907.1543771906777,0,2907.1543771906777,0
2024-05-23,2907.1543771906777,0,2907.1543771906777,0
2024-05-24,2907.1543771906777,0,2907.1543771906777,0
2024-05-28,2907.1543771906777,0,2907.1543771906777,0
2024-05-29,2509.229471763886,392.6249054267913,2901.8543771906775,1
2024-05-30,2112.5168103419132,767.1454922361107,2879.662302578024,2
2024-05-31,2112.5168103419132,821.4630198519969,2933.97983019391,2
2024-06-03,2112.5168103419132,828.9103411816868,2941.4271515236,2
2024-06-04,2112.5168103419132,837.174185915221,2949.6909962571344,2
2024-06-05,2112.5168103419132,893.1835674728937,3005.700377814807,2
2024-06-06,2112.5168103419132,895.3721786821205,3007.888989024034,2
2024-06-07,2112.5168103419132,898.514955526008,3011.0317658679214,2
2024-06-10,2112.5168103419132,908.4897413388212,3021.0065516807344,2
2024-06-11,2112.5168103419132,918.49187550688,3031.008685848793,2
2024-06-12,2112.5168103419132,952.0485706661933,3064.5653810081067,2
2024-06-13,2200.4631744440194,865.6838316062928,3066.147006050312,2
2024-06-14,2200.4631744440194,858.9532723023688,3059.416446746388,2
2024-06-17,2292.109727882593,795.1520414163938,3087.2617692989866,2
2024-06-18,2292.109727882593,815.1133523972732,3107.223080279866,2
2024-06-20,2292.109727882593,793.3876830678543,3085.497410950447,2
2024-06-21,2292.109727882593,785.7511227643399,3077.8608506469327,2
2024-06-24,2292.109727882593,767.6691692698512,3059.778897152444,2
2024-06-25,2292.109727882593,800.3564110736647,3092.4661389562575,2
2024-06-26,2292.109727882593,815.7458669569949,3107.855594839588,2
2024-06-27,2292.109727882593,827.6774049306412,3119.787132813234,2
2024-06-28,2292.109727882593,799.5929780745712,3091.7027059571637,2
2024-07-01,2292.109727882593,830.033773816885,3122.143501699478,2
2024-07-02,2292.109727882593,875.6990216932905,3167.808749575883,2
2024-07-03,2292.109727882593,904.8600298184751,3196.969757701068,2
2024-07-05,2292.109727882593,930.6103635665576,3222.7200914491505,2
2024-07-08,2381.4809703292713,854.3111598640096,3235.792130193281,2
2024-07-09,2381.4809703292713,859.4705236393658,3240.951493968637,2
2024-07-10,2471.3059116976074,803.8861511805478,3275.1920628781554,2
2024-07-11,2471.3059116976074,750.5424985626576,3221.848410260265,2
2024-07-12,2471.3059116976074,790.4102039010496,3261.716115598657,2
2024-07-15,2471.3059116976074,804.3131963917972,3275.6191080894046,2
2024-07-16,2471.3059116976074,838.899062074104,3310.2049737717116,2
2024-07-17,2471.3059116976074,748.2663711893906,3219.572282886998,2
2024-07-18,2471.3059116976074,682.6694108272079,3153.975322524815,2
2024-07-19,2471.3059116976074,586.4115659651759,3057.7174776627835,2
2024-07-22,2471.3059116976074,717.0631350817104,3188.3690467793176,2
2024-07-23,2471.3059116976074,705.1906277177977,3176.496539415405,2
2024-07-24,2471.3059116976074,402.26590076422326,2873.5718124618306,2
2024-07-25,2625.743329058836,199.16337041562429,2824.9066994744603,1
2024-07-26,2229.879366573667,657.895261638717,2887.774628212384,2
2024-07-29,2229.879366573667,665.1110359301214,2894.9904025037886,2
2024-07-30,2229.879366573667,604.5208066320413,2834.4001732057086,2
2024-07-31,2229.879366573667,767.1784799958957,2997.0578465695626,2
2024-08-01,2229.879366573667,621.9084262603701,2851.787792834037,2
2024-08-02,2374.239891711313,332.02786262491486,2706.267754336228,1
2024-08-05,2374.239891711313,195.57630446906273,2569.8161961803753,1
2024-08-06,2374.239891711313,207.3234520311246,2581.5633437424376,1
2024-08-07,2374.239891711313,185.25104416560225,2559.490935876915,1
2024-08-08,2374.239891711313,274.9890890372541,2649.2289807485668,1
2024-08-09,2374.239891711313,316.86442350774655,2691.1043152190596,1
2024-08-12,2374.239891711313,314.68614049960877,2688.9260322109217,1
2024-08-13,2374.239891711313,381.98892904839283,2756.2288207597057,1
2024-08-14,2374.239891711313,402.0656864311462,2776.305578142459,1
2024-08-15,2374.239891711313,449.7579888366424,2823.997880547955,1
2024-08-16,2374.239891711313,458.37301477446385,2832.612906485777,1
2024-08-19,2853.6183857888673,0,2853.6183857888673,0
2024-08-20,2853.6183857888673,0,2853.6183857888673,0
2024-08-21,2853.6183857888673,0,2853.6183857888673,0
2024-08-22,2853.6183857888673,0,2853.6183857888673,0
2024-08-23,2853.6183857888673,0,2853.6183857888673,0
2024-08-26,2853.6183857888673,0,2853.6183857888673,0
2024-08-27,2853.6183857888673,0,2853.6183857888673,0
2024-08-28,2853.6183857888673,0,2853.6183857888673,0
2024-08-29,2853.6183857888673,0,2853.6183857888673,0
2024-08-30,2853.6183857888673,0,2853.6183857888673,0
2024-09-03,2853.6183857888673,0,2853.6183857888673,0
2024-09-04,2853.6183857888673,0,2853.6183857888673,0
2024-09-05,2853.6183857888673,0,2853.6183857888673,0
2024-09-06,2853.6183857888673,0,2853.6183857888673,0
2024-09-09,2853.6183857888673,0,2853.6183857888673,0
2024-09-10,2853.6183857888673,0,2853.6183857888673,0
2024-09-11,2853.6183857888673,0,2853.6183857888673,0
2024-09-12,2853.6183857888673,0,2853.6183857888673,0
2024-09-13,2853.6183857888673,0,2853.6183857888673,0
2024-09-16,2853.6183857888673,0,2853.6183857888673,0
2024-09-17,2853.6183857888673,0,2853.6183857888673,0
2024-09-18,2853.6183857888673,0,2853.6183857888673,0
2024-09-19,2853.6183857888673,0,2853.6183857888673,0
2024-09-20,2853.6183857888673,0,2853.6183857888673,0
2024-09-23,2853.6183857888673,0,2853.6183857888673,0
2024-09-24,2853.6183857888673,0,2853.6183857888673,0
2024-09-25,2853.6183857888673,0,2853.6183857888673,0
2024-09-26,2853.6183857888673,0,2853.6183857888673,0
2024-09-27,2853.6183857888673,0,2853.6183857888673,0
2024-09-30,2853.6183857888673,0,2853.6183857888673,0
2024-10-01,2853.6183857888673,0,2853.6183857888673,0
2024-10-02,2853.6183857888673,0,2853.6183857888673,0
2024-10-03,2853.6183857888673,0,2853.6183857888673,0
2024-10-04,2853.6183857888673,0,2853.6183857888673,0
2024-10-07,2853.6183857888673,0,2853.6183857888673,0
2024-10-08,2853.6183857888673,0,2853.6183857888673,0
2024-10-09,2853.6183857888673,0,2853.6183857888673,0
2024-10-10,2853.6183857888673,0,2853.6183857888673,0
2024-10-11,2853.6183857888673,0,2853.6183857888673,0
2024-10-14,2853.6183857888673,0,2853.6183857888673,0
2024-10-15,2853.6183857888673,0,2853.6183857888673,0
2024-10-16,2853.6183857888673,0,2853.6183857888673,0
2024-10-17,2853.6183857888673,0,2853.6183857888673,0
2024-10-18,2853.6183857888673,0,2853.6183857888673,0
2024-10-21,2853.6183857888673,0,2853.6183857888673,0
2024-10-22,2853.6183857888673,0,2853.6183857888673,0
2024-10-23,2853.6183857888673,0,2853.6183857888673,0
2024-10-24,2853.6183857888673,0,2853.6183857888673,0
2024-10-25,2853.6183857888673,0,2853.6183857888673,0
2024-10-28,2853.6183857888673,0,2853.6183857888673,0
2024-10-29,2853.6183857888673,0,2853.6183857888673,0
2024-10-30,2853.6183857888673,0,2853.6183857888673,0
2024-10-31,2853.6183857888673,0,2853.6183857888673,0
2024-11-01,2853.6183857888673,0,2853.6183857888673,0
2024-11-04,2853.6183857888673,0,2853.6183857888673,0
2024-11-05,2853.6183857888673,0,2853.6183857888673,0
2024-11-06,2853.6183857888673,0,2853.6183857888673,0
2024-11-07,2853.6183857888673,0,2853.6183857888673,0
2024-11-08,2853.6183857888673,0,2853.6183857888673,0
2024-11-11,2853.6183857888673,0,2853.6183857888673,0
2024-11-12,2853.6183857888673,0,2853.6183857888673,0
2024-11-13,2853.6183857888673,0,2853.6183857888673,0
2024-11-14,2853.6183857888673,0,2853.6183857888673,0
2024-11-15,2853.6183857888673,0,2853.6183857888673,0
2024-11-18,2853.6183857888673,0,2853.6183857888673,0
2024-11-19,2853.6183857888673,0,2853.6183857888673,0
2024-11-20,2853.6183857888673,0,2853.6183857888673,0
2024-11-21,2853.6183857888673,0,2853.6183857888673,0
2024-11-22,2853.6183857888673,0,2853.6183857888673,0
2024-11-25,2853.6183857888673,0,2853.6183857888673,0
2024-11-26,2853.6183857888673,0,2853.6183857888673,0
2024-11-27,2853.6183857888673,0,2853.6183857888673,0
2024-11-29,2853.6183857888673,0,2853.6183857888673,0
2024-12-02,2853.6183857888673,0,2853.6183857888673,0
2024-12-03,2853.6183857888673,0,2853.6183857888673,0
2024-12-04,2853.6183857888673,0,2853.6183857888673,0
2024-12-05,2853.6183857888673,0,2853.6183857888673,0
2024-12-06,2853.6183857888673,0,2853.6183857888673,0
2024-12-09,2853.6183857888673,0,2853.6183857888673,0
2024-12-10,2853.6183857888673,0,2853.6183857888673,0
2024-12-11,2853.6183857888673,0,2853.6183857888673,0
2024-12-12,2853.6183857888673,0,2853.6183857888673,0
2024-12-13,2853.6183857888673,0,2853.6183857888673,0
2024-12-16,2853.6183857888673,0,2853.6183857888673,0
2024-12-17,2853.6183857888673,0,2853.6183857888673,0
2024-12-18,2853.6183857888673,0,2853.6183857888673,0
2024-12-19,2853.6183857888673,0,2853.6183857888673,0
2024-12-20,2853.6183857888673,0,2853.6183857888673,0
2024-12-23,2853.6183857888673,0,2853.6183857888673,0
2024-12-24,2853.6183857888673,0,2853.6183857888673,0
2024-12-26,2853.6183857888673,0,2853.6183857888673,0
2024-12-27,2853.6183857888673,0,2853.6183857888673,0
2024-12-30,2853.6183857888673,0,2853.6183857888673,0
2024-12-31,2853.6183857888673,0,2853.6183857888673,0
2025-01-02,2853.6183857888673,0,2853.6183857888673,0
2025-01-03,2853.6183857888673,0,2853.6183857888673,0
2025-01-06,2853.6183857888673,0,2853.6183857888673,0
2025-01-07,2853.6183857888673,0,2853.6183857888673,0
2025-01-08,2853.6183857888673,0,2853.6183857888673,0
2025-01-10,2853.6183857888673,0,2853.6183857888673,0
2025-01-13,2853.6183857888673,0,2853.6183857888673,0
2025-01-14,2853.6183857888673,0,2853.6183857888673,0
2025-01-15,2853.6183857888673,0,2853.6183857888673,0
2025-01-16,2853.6183857888673,0,2853.6183857888673,0
2025-01-17,2853.6183857888673,0,2853.6183857888673,0
2025-01-21,2853.6183857888673,0,2853.6183857888673,0
2025-01-22,2853.6183857888673,0,2853.6183857888673,0
2025-01-23,2853.6183857888673,0,2853.6183857888673,0
2025-01-24,2853.6183857888673,0,2853.6183857888673,0
2025-01-27,2853.6183857888673,0,2853.6183857888673,0
2025-01-28,2853.6183857888673,0,2853.6183857888673,0
2025-01-29,2853.6183857888673,0,2853.6183857888673,0
2025-01-30,2853.6183857888673,0,2853.6183857888673,0
2025-01-31,2853.6183857888673,0,2853.6183857888673,0
2025-02-03,2853.6183857888673,0,2853.6183857888673,0
2025-02-04,2853.6183857888673,0,2853.6183857888673,0
2025-02-05,2853.6183857888673,0,2853.6183857888673,0
2025-02-06,2853.6183857888673,0,2853.6183857888673,0
2025-02-07,2853.6183857888673,0,2853.6183857888673,0
2025-02-10,2853.6183857888673,0,2853.6183857888673,0
2025-02-11,2853.6183857888673,0,2853.6183857888673,0
2025-02-12,2853.6183857888673,0,2853.6183857888673,0
2025-02-13,2853.6183857888673,0,2853.6183857888673,0
2025-02-14,2853.6183857888673,0,2853.6183857888673,0
2025-02-18,2853.6183857888673,0,2853.6183857888673,0
2025-02-19,2853.6183857888673,0,2853.6183857888673,0
2025-02-20,2853.6183857888673,0,2853.6183857888673,0
2025-02-21,2853.6183857888673,0,2853.6183857888673,0
2025-02-24,2853.6183857888673,0,2853.6183857888673,0
2025-02-25,2853.6183857888673,0,2853.6183857888673,0
2025-02-26,2853.6183857888673,0,2853.6183857888673,0
2025-02-27,2853.6183857888673,0,2853.6183857888673,0
2025-02-28,2853.6183857888673,0,2853.6183857888673,0
2025-03-03,2853.6183857888673,0,2853.6183857888673,0
2025-03-04,2853.6183857888673,0,2853.6183857888673,0
2025-03-05,2853.6183857888673,0,2853.6183857888673,0
2025-03-06,2853.6183857888673,0,2853.6183857888673,0
2025-03-07,2853.6183857888673,0,2853.6183857888673,0
2025-03-10,2853.6183857888673,0,2853.6183857888673,0
2025-03-11,2853.6183857888673,0,2853.6183857888673,0
2025-03-12,2853.6183857888673,0,2853.6183857888673,0
2025-03-13,2853.6183857888673,0,2853.6183857888673,0
2025-03-14,2853.6183857888673,0,2853.6183857888673,0
2025-03-17,2853.6183857888673,0,2853.6183857888673,0
2025-03-18,2853.6183857888673,0,2853.6183857888673,0
2025-03-19,2853.6183857888673,0,2853.6183857888673,0
2025-03-20,2853.6183857888673,0,2853.6183857888673,0
2025-03-21,2853.6183857888673,0,2853.6183857888673,0
2025-03-24,2853.6183857888673,0,2853.6183857888673,0
2025-03-25,2853.6183857888673,0,2853.6183857888673,0
2025-03-26,2853.6183857888673,0,2853.6183857888673,0
2025-03-27,2853.6183857888673,0,2853.6183857888673,0
2025-03-28,2853.6183857888673,0,2853.6183857888673,0
2025-03-31,2853.6183857888673,0,2853.6183857888673,0
2025-04-01,2853.6183857888673,0,2853.6183857888673,0
2025-04-02,2853.6183857888673,0,2853.6183857888673,0
2025-04-03,2853.6183857888673,0,2853.6183857888673,0
2025-04-04,2853.6183857888673,0,2853.6183857888673,0
2025-04-07,2853.6183857888673,0,2853.6183857888673,0
2025-04-08,2853.6183857888673,0,2853.6183857888673,0
2025-04-09,2853.6183857888673,0,2853.6183857888673,0
2025-04-10,2853.6183857888673,0,2853.6183857888673,0
2025-04-11,2853.6183857888673,0,2853.6183857888673,0
2025-04-14,2853.6183857888673,0,2853.6183857888673,0
2025-04-15,2853.6183857888673,0,2853.6183857888673,0
2025-04-16,2853.6183857888673,0,2853.6183857888673,0
2025-04-17,2853.6183857888673,0,2853.6183857888673,0
2025-04-21,2853.6183857888673,0,2853.6183857888673,0
2025-04-22,2853.6183857888673,0,2853.6183857888673,0
2025-04-23,2853.6183857888673,0,2853.6183857888673,0
2025-04-24,2853.6183857888673,0,2853.6183857888673,0
2025-04-25,2853.6183857888673,0,2853.6183857888673,0
2025-04-28,2853.6183857888673,0,2853.6183857888673,0
2025-04-29,2853.6183857888673,0,2853.6183857888673,0
2025-04-30,2853.6183857888673,0,2853.6183857888673,0
2025-05-01,2443.6449044599763,404.6734813288907,2848.318385788867,1
2025-05-02,2038.1336370376891,823.020036883986,2861.1536739216754,2
2025-05-05,2038.1336370376891,804.9710900788,2843.104727116489,2
2025-05-06,2038.1336370376891,781.323363930673,2819.457000968362,2
2025-05-07,2038.1336370376891,794.9736700485545,2833.1073070862435,2
2025-05-08,2038.1336370376891,814.3627404652875,2852.4963775029764,2
2025-05-09,2038.1336370376891,814.2873307526827,2852.420967790372,2
2025-05-12,2038.1336370376891,914.9332405245275,2953.0668775622166,2
2025-05-13,2038.1336370376891,930.1084271965152,2968.2420642342045,2
2025-05-14,2038.1336370376891,931.3266648475051,2969.460301885194,2
2025-05-15,2038.1336370376891,944.9610488433926,2983.0946858810817,2
2025-05-16,2124.7590711509633,866.1417834303513,2990.900854581315,2
2025-05-19,2124.7590711509633,868.6140392541417,2993.373110405105,2
2025-05-20,2124.7590711509633,859.7544578688996,2984.513529019863,2
2025-05-21,2124.7590711509633,796.5068568179688,2921.2659279689324,2
2025-05-22,2124.7590711509633,797.3564838144789,2922.1155549654422,2
2025-05-23,2124.7590711509633,730.4068221735349,2855.165893324498,2
2025-05-27,2209.943800520619,769.501853963115,2979.445654483734,2
2025-05-28,2209.943800520619,742.1309913507372,2952.074791871356,2
2025-05-29,2209.943800520619,761.9791877390668,2971.9229882596856,2
2025-05-30,2209.943800520619,763.5731146152636,2973.5169151358823,2
2025-06-02,2209.943800520619,787.1831456889339,2997.126946209553,2
2025-06-03,2209.943800520619,819.8871189864462,3029.830919507065,2
2025-06-04,2209.943800520619,823.0697567122618,3033.013557232881,2
2025-06-05,2209.943800520619,794.2611708013203,3004.2049713219394,2
2025-06-06,2209.943800520619,857.3612194009087,3067.3050199215277,2
2025-06-09,2209.943800520619,870.2307560839358,3080.1745566045547,2
2025-06-10,2209.943800520619,898.182824244082,3108.126624764701,2
2025-06-11,2209.943800520619,891.0509638641514,3100.9947643847704,2
2025-06-12,2209.943800520619,904.1175537724996,3114.0613542931187,2
2025-06-13,2209.943800520619,842.4966903040911,3052.4404908247097,2
2025-06-16,2209.943800520619,922.1442398077837,3132.0880403284027,2
2025-06-17,2209.943800520619,884.5671878837578,3094.510988404377,2
2025-06-18,2287.5343904632728,826.9708238230947,3114.5052142863674,2
2025-06-20,2287.5343904632728,822.1169715760169,3109.65136203929,2
2025-06-23,2287.5343904632728,873.2237353239541,3160.758125787227,2
2025-06-24,2376.968876760351,825.8253145409653,3202.7941913013165,2
2025-06-25,2376.968876760351,830.9190860678598,3207.887962828211,2
2025-06-26,2376.968876760351,859.4699253733211,3236.438802133672,2
2025-06-27,2376.968876760351,877.9788648707779,3254.9477416311292,2
2025-06-30,2376.968876760351,893.836867352963,3270.805744113314,2
2025-07-01,2376.968876760351,892.5367336404406,3269.5056104007917,2
2025-07-02,2376.968876760351,907.5456190763127,3284.5144958366636,2
2025-07-03,2376.968876760351,928.6356468676097,3305.6045236279606,2
2025-07-07,2376.968876760351,913.5468219150723,3290.5156986754237,2
2025-07-08,2376.968876760351,922.9339269351979,3299.9028036955488,2
2025-07-09,2468.6140162174083,846.7421133305593,3315.3561295479676,2
2025-07-10,2468.6140162174083,859.4136529630937,3328.027669180502,2
2025-07-11,2468.6140162174083,845.4396494817615,3314.05366569917,2
2025-07-14,2468.6140162174083,852.1113774261743,3320.7253936435827,2
2025-07-15,2468.6140162174083,838.7889055823244,3307.4029217997327,2
2025-07-16,2468.6140162174083,855.1062788425604,3323.7202950599685,2
2025-07-17,2468.6140162174083,880.9099586281427,3349.523974845551,2
2025-07-18,2553.0372156725825,793.6509256059878,3346.6881412785706,2
2025-07-21,2553.0372156725825,801.7395416723843,3354.776757344967,2
2025-07-22,2553.0372156725825,806.9237219588928,3359.960937631475,2
2025-07-23,2553.0372156725825,850.9741270388347,3404.0113427114175,2
2025-07-24,2553.0372156725825,855.8840693673901,3408.9212850399726,2
2025-07-25,2553.0372156725825,877.8098792113112,3430.847094883894,2
2025-07-28,2553.0372156725825,886.7611880752961,3439.7984037478786,2
2025-07-29,2553.0372156725825,869.7823335617187,3422.819549234301,2
2025-07-30,2553.0372156725825,873.3910581408609,3426.4282738134434,2
2025-07-31,2553.0372156725825,849.576159707442,3402.6133753800245,2
2025-08-01,2553.0372156725825,741.8535921437723,3294.890807816355,2
2025-08-04,2553.0372156725825,854.8467736368125,3407.883989309395,2
2025-08-05,2553.0372156725825,832.1400631034265,3385.177278776009,2
2025-08-06,2553.0372156725825,886.6003585874921,3439.637574260075,2
2025-08-07,2553.0372156725825,892.9229535356945,3445.960169208277,2
2025-08-08,2649.0721461896346,839.353720000797,3488.4258661904314,2
2025-08-11,2649.0721461896346,829.0346574808041,3478.1068036704387,2
2025-08-12,2733.447569359635,800.1830929819391,3533.630662341574,2
2025-08-13,2733.447569359635,817.9116346759173,3551.3592040355525,2
2025-08-14,2733.447569359635,817.7548306428747,3551.20240000251,2
2025-08-15,2733.447569359635,803.5266859431715,3536.9742553028063,2
2025-08-18,2733.447569359635,807.5380692623753,3540.9856386220104,2
2025-08-19,2733.447569359635,773.0857109865497,3506.5332803461847,2
2025-08-20,2733.447569359635,758.7814532216072,3492.229022581242,2
2025-08-21,2733.447569359635,729.8762280116534,3463.3237973712885,2
2025-08-22,2733.447569359635,836.064881389126,3569.512450748761,2
2025-08-25,2733.447569359635,814.8514285287163,3548.2989978883516,2
2025-08-26,2733.447569359635,842.5395802784692,3575.9871496381043,2
2025-08-27,2733.447569359635,855.8194186915443,3589.2669880511794,2
2025-08-28,2733.447569359635,879.2447646449205,3612.6923340045555,2
2025-08-29,2733.447569359635,841.3084914456135,3574.7560608052486,2
2025-09-02,2733.447569359635,799.7136282632582,3533.1611976228933,2
2025-09-03,2733.447569359635,847.1262317667993,3580.5738011264343,2
2025-09-04,2733.447569359635,909.6723060803697,3643.1198754400048,2
2025-09-05,2733.447569359635,904.3631749298399,3637.810744289475,2
2025-09-08,2828.71490786249,841.257016530129,3669.971924392619,2
2025-09-09,2828.71490786249,861.1592618481176,3689.8741697106075,2
2025-09-10,2828.71490786249,877.860858666794,3706.575766529284,2
2025-09-11,2927.226687332231,810.8787297648021,3738.105417097033,2
2025-09-12,2927.226687332231,809.2752879242141,3736.501975256445,2
2025-09-15,2927.226687332231,826.1981379647877,3753.4248252970187,2
2025-09-16,2927.226687332231,817.5480547312134,3744.774742063444,2
2025-09-17,2927.226687332231,819.1520881571279,3746.3787754893588,2
2025-09-18,2927.226687332231,840.9676830632151,3768.194370395446,2
2025-09-19,2927.226687332231,863.4963711082577,3790.723058440489,2
2025-09-22,2927.226687332231,879.8714471136477,3807.0981344458787,2
2025-09-23,2927.226687332231,858.7687425986942,3785.995429930925,2
2025-09-24,2927.226687332231,854.3432313055177,3781.5699186377487,2
2025-09-25,2927.226687332231,830.4101599265323,3757.6368472587633,2
2025-09-26,2927.226687332231,872.7283563081272,3799.9550436403583,2
2025-09-29,2927.226687332231,887.0095544609874,3814.236241793218,2
2025-09-30,2927.226687332231,904.7862184417531,3832.012905773984,2
2025-10-01,2927.226687332231,920.3368500768846,3847.5635374091157,2
2025-10-02,2927.226687332231,924.3327955579367,3851.5594828901676,2
2025-10-03,3008.92189657565,841.7118081949795,3850.6337047706293,2
2025-10-06,3008.92189657565,868.5072010023773,3877.4290975780273,2
2025-10-07,3008.92189657565,851.7844225227726,3860.7063190984227,2
2025-10-08,3008.92189657565,884.6245467072599,3893.54644328291,2
2025-10-09,3008.92189657565,879.0089416951872,3887.9308382708373,2
2025-10-10,3008.92189657565,683.1174947989922,3692.039391374642,2
2025-10-13,3008.92189657565,843.6192639844475,3852.5411605600975,2
2025-10-14,3085.5860322458843,759.371263039904,3844.9572952857884,2
2025-10-15,3085.5860322458843,776.3079130806034,3861.8939453264875,2
2025-10-16,3085.5860322458843,748.9282193930336,3834.514251638918,2
2025-10-17,3085.5860322458843,771.8753057469542,3857.4613379928387,2
2025-10-20,3085.5860322458843,830.0613272514454,3915.6473594973295,2
2025-10-21,3085.5860322458843,834.7676812733681,3920.3537135192523,2
2025-10-22,3085.5860322458843,809.0184606856468,3894.6044929315312,2
2025-10-23,3085.5860322458843,846.2916525629595,3931.8776848088437,2
2025-10-24,3085.5860322458843,888.1504560437306,3973.736488289615,2
2025-10-27,3085.5860322458843,940.6465151738047,4026.232547419689,2
2025-10-28,3085.5860322458843,944.5321625439697,4030.118194789854,2
2025-10-29,3085.5860322458843,945.274337501214,4030.860369747098,2
2025-10-30,3085.5860322458843,927.6516160044196,4013.237648250304,2
2025-10-31,3085.5860322458843,936.5815240611944,4022.1675563070785,2
2025-11-03,3179.2720676665444,863.1386392258797,4042.410706892424,2
2025-11-04,3179.2720676665444,815.689614082497,3994.9616817490414,2
2025-11-05,3179.2720676665444,836.1451008164771,4015.4171684830217,2
2025-11-06,3179.2720676665444,786.153246671708,3965.4253143382525,2
2025-11-07,3179.2720676665444,795.8325255740406,3975.104593240585,2
2025-11-10,3267.0417358673085,777.3510250869748,4044.3927609542834,2
2025-11-11,3267.0417358673085,788.3333930653691,4055.3751289326774,2
2025-11-12,3267.0417358673085,790.7262918737672,4057.7680277410755,2
2025-11-13,3267.0417358673085,703.0235619053173,3970.065297772626,2
2025-11-14,3267.0417358673085,698.8596026325183,3965.901338499827,2
2025-11-17,3267.0417358673085,600.4223805067511,3867.46411637406,2
2025-11-18,3267.0417358673085,460.82514421605083,3727.8668800833593,2
2025-11-19,3267.0417358673085,500.9936807987742,3768.0354166660827,2
2025-11-20,3449.393967950212,202.5909763221307,3651.9849442723425,1
2025-11-21,3449.393967950212,228.66439913937597,3678.0583670895876,1
2025-11-24,3449.393967950212,337.1019592151981,3786.4959271654097,1
2025-11-25,3049.541083685079,761.893681267756,3811.434764952835,2
2025-11-26,3049.541083685079,802.2487872502012,3851.78987093528,2
2025-11-28,3049.541083685079,836.0082525491777,3885.5493362342563,2
2025-12-01,3049.541083685079,811.4773665106441,3861.018450195723,2
2025-12-02,3049.541083685079,831.8291488252186,3881.3702325102972,2
2025-12-03,3049.541083685079,854.4806478451932,3904.021731530272,2
2025-12-04,3049.541083685079,866.7876203843562,3916.328704069435,2
2025-12-05,3049.541083685079,884.2036853245488,3933.744769009628,2
2025-12-08,3049.541083685079,874.1879015240088,3923.7289852090876,2
2025-12-09,3049.541083685079,875.2141591544089,3924.7552428394874,2
2025-12-10,3049.541083685079,924.3566729738518,3973.8977566589306,2
2025-12-11,3143.2530748444506,846.7052408297633,3989.9583156742137,2
2025-12-12,3143.2530748444506,793.5872757442979,3936.8403505887486,2
2025-12-15,3143.2530748444506,786.3597888160925,3929.612863660543,2
2025-12-16,3143.2530748444506,775.0794072297069,3918.3324820741573,2
2025-12-17,3143.2530748444506,642.7919260332573,3786.045000877708,2
2025-12-18,3143.2530748444506,754.4692510353129,3897.7223258797635,2
2025-12-19,3143.2530748444506,822.029063289807,3965.2821381342574,2
2025-12-22,3234.652881559583,774.2405109252417,4008.8933924848247,2
2025-12-23,3234.652881559583,802.4663373236308,4037.1192188832138,2
2025-12-24,3234.652881559583,826.5463430406726,4061.1992246002555,2
2025-12-26,3234.652881559583,827.6789547628141,4062.331836322397,2
2025-12-29,3234.652881559583,808.4531688251758,4043.106050384759,2
2025-12-30,3234.652881559583,801.0354953006782,4035.688376860261,2
2025-12-31,3234.652881559583,745.3864608139241,3980.039342373507,2
2026-01-02,3234.652881559583,767.6214381467673,4002.27431970635,2
2026-01-05,3234.652881559583,822.49475136515,4057.147632924733,2
2026-01-06,3234.652881559583,868.0301503852235,4102.683031944806,2
2026-01-07,3234.652881559583,847.2084956511821,4081.861377210765,2
2026-01-08,3234.652881559583,854.244858431558,4088.897739991141,2
2026-01-09,3234.652881559583,908.4633354972298,4143.116217056813,2
2026-01-12,3330.1905528300163,833.2427744196963,4163.433327249712,2
2026-01-13,3330.1905528300163,820.1441026917153,4150.334655521731,2
2026-01-14,3330.1905528300163,789.7224490400873,4119.9130018701035,2
2026-01-15,3330.1905528300163,813.3441821394712,4143.5347349694875,2
2026-01-16,3330.1905528300163,813.4764946676967,4143.667047497713,2
2026-01-20,3330.1905528300163,601.2957834806286,3931.486336310645,2
2026-01-21,3330.1905528300163,772.487427791127,4102.677980621143,2
2026-01-22,3330.1905528300163,830.7215866027448,4160.912139432761,2
2026-01-23,3330.1905528300163,840.8471330444784,4171.037685874495,2
2026-01-26,3435.5997366730726,770.8449430596886,4206.444679732761,2
2026-01-27,3435.5997366730726,792.0234274112175,4227.62316408429,2
2026-01-28,3435.5997366730726,792.8562480251998,4228.455984698272,2
2026-01-29,3435.5997366730726,784.3738079295747,4219.973544602647,2
2026-01-30,3435.5997366730726,759.0209786202308,4194.620715293304,2
2026-02-02,3435.5997366730726,800.6581116564774,4236.25784832955,2
2026-02-03,3435.5997366730726,741.4973417138469,4177.09707838692,2
2026-02-04,3435.5997366730726,704.5984094685451,4140.198146141618,2
2026-02-05,3435.5997366730726,558.8376596897433,3994.437396362816,2
2026-02-06,3435.5997366730726,750.5018123503874,4186.10154902346,2
2026-02-09,3435.5997366730726,808.1685409369186,4243.768277609991,2
2026-02-10,3435.5997366730726,787.196151413184,4222.795888086257,2
2026-02-11,3435.5997366730726,794.5295938331028,4230.129330506175,2
2026-02-12,3435.5997366730726,629.1425584780711,4064.7422951511435,2
2026-02-13,3435.5997366730726,635.9256809787666,4071.5254176518392,2
2026-02-17,3935.5997366730726,336.68372671238274,4272.283463385455,1
2026-02-18,3935.5997366730726,361.06776680670407,4296.667503479776,1
2026-02-19,3935.5997366730726,348.933654530893,4284.533391203966,1
2026-02-20,3536.546249244285,776.0403974098693,4312.586646654154,2
2026-02-23,3536.546249244285,704.8292275491065,4241.3754767933915,2
2026-02-24,3536.546249244285,769.9186103562198,4306.4648596005045,2
2026-02-25,3536.546249244285,841.3818663412783,4377.928115585563,2
2026-02-26,3536.546249244285,811.2429431744602,4347.789192418745,2
2026-02-27,3536.546249244285,780.6765608817955,4317.222810126081,2
2026-03-02,4036.546249244285,383.7794071152274,4420.325656359512,1
2026-03-03,4036.546249244285,361.5997236196847,4398.145972863969,1
2026-03-04,4036.546249244285,380.3430958138108,4416.889345058095,1
2026-03-05,4036.546249244285,365.64380799949845,4402.1900572437835,1
2026-03-06,4036.546249244285,337.7616370043995,4374.307886248685,1
2026-03-09,4036.546249244285,350.99395740425336,4387.5402066485385,1
2026-03-10,4036.546249244285,343.864483162082,4380.410732406367,1
2026-03-11,4036.546249244285,340.1214183538002,4376.667667598085,1
2026-03-12,4036.546249244285,228.9007808966005,4265.4470301408855,1
2026-03-13,4036.546249244285,205.6110167871509,4242.157266031436,1
2026-03-16,4036.546249244285,249.92203981378793,4286.4682890580725,1
2026-03-17,4036.546249244285,275.0710330572531,4311.617282301538,1
2026-03-18,4220.07178108521,0,4220.07178108521,0
2026-03-19,4220.07178108521,0,4220.07178108521,0
2026-03-20,4220.07178108521,0,4220.07178108521,0
2026-03-23,4220.07178108521,0,4220.07178108521,0
2026-03-24,4220.07178108521,0,4220.07178108521,0
2026-03-25,4220.07178108521,0,4220.07178108521,0
2026-03-26,4220.07178108521,0,4220.07178108521,0
2026-03-27,4220.07178108521,0,4220.07178108521,0
2026-03-30,4220.07178108521,0,4220.07178108521,0
2026-03-31,4220.07178108521,0,4220.07178108521,0
2026-04-01,4220.07178108521,0,4220.07178108521,0
2026-04-02,4220.07178108521,0,4220.07178108521,0
2026-04-06,4220.07178108521,0,4220.07178108521,0
2026-04-07,4220.07178108521,0,4220.07178108521,0
2026-04-08,3824.447691865248,390.32408921996193,4214.77178108521,1
2026-04-09,3432.2913043212047,795.383886534799,4227.675190856004,2
2026-04-10,3432.2913043212047,793.0918507324293,4225.383155053634,2
2026-04-13,3432.2913043212047,850.1681376022973,4282.459441923502,2
2026-04-14,3432.2913043212047,903.0473057923259,4335.338610113531,2
2026-04-15,3432.2913043212047,930.8490881460998,4363.140392467305,2
2026-04-16,3432.2913043212047,943.6882986651981,4375.979602986403,2
2026-04-17,4014.118956355772,380.9966936428964,4395.115649998668,1
2026-04-20,3628.7219629214987,753.3434679990108,4382.065430920509,2
2026-04-21,3628.7219629214987,687.0852676939563,4315.807230615455,2
2026-04-22,3628.7219629214987,809.6579985871784,4438.379961508677,2
2026-04-23,3628.7219629214987,777.902966896653,4406.624929818152,2
2026-04-24,3628.7219629214987,879.8763460247799,4508.598308946279,2
2026-04-27,4189.3998927154535,411.18755132989264,4600.587444045346,1
2026-04-28,4689.3998927154535,0,4689.3998927154535,0