date,cash,positionsValue,totalEquity,openPositionCount
2007-01-03,3300,0,3300,0
2007-01-04,3300,0,3300,0
2007-01-05,3300,0,3300,0
2007-01-08,3300,0,3300,0
2007-01-09,3300,0,3300,0
2007-01-10,3300,0,3300,0
2007-01-11,3300,0,3300,0
2007-01-12,3300,0,3300,0
2007-01-16,3300,0,3300,0
2007-01-17,3300,0,3300,0
2007-01-18,3300,0,3300,0
2007-01-19,3300,0,3300,0
2007-01-22,3300,0,3300,0
2007-01-23,3300,0,3300,0
2007-01-24,3300,0,3300,0
2007-01-25,3300,0,3300,0
2007-01-26,3300,0,3300,0
2007-01-29,3300,0,3300,0
2007-01-30,3300,0,3300,0
2007-01-31,3300,0,3300,0
2007-02-01,3300,0,3300,0
2007-02-02,3300,0,3300,0
2007-02-05,3300,0,3300,0
2007-02-06,3300,0,3300,0
2007-02-07,3300,0,3300,0
2007-02-08,3300,0,3300,0
2007-02-09,3300,0,3300,0
2007-02-12,3300,0,3300,0
2007-02-13,3300,0,3300,0
2007-02-14,3300,0,3300,0
2007-02-15,3300,0,3300,0
2007-02-16,3300,0,3300,0
2007-02-20,3300,0,3300,0
2007-02-21,3300,0,3300,0
2007-02-22,3300,0,3300,0
2007-02-23,3300,0,3300,0
2007-02-26,3300,0,3300,0
2007-02-27,3300,0,3300,0
2007-02-28,3300,0,3300,0
2007-03-01,3300,0,3300,0
2007-03-02,3300,0,3300,0
2007-03-05,3300,0,3300,0
2007-03-06,3300,0,3300,0
2007-03-07,3300,0,3300,0
2007-03-08,3300,0,3300,0
2007-03-09,3300,0,3300,0
2007-03-12,3300,0,3300,0
2007-03-13,3300,0,3300,0
2007-03-14,3300,0,3300,0
2007-03-15,3300,0,3300,0
2007-03-16,3300,0,3300,0
2007-03-19,3300,0,3300,0
2007-03-20,3300,0,3300,0
2007-03-21,2857.8501154013106,441.12207979071866,3298.972195192029,1
2007-03-22,2405.849335359016,885.4495408493535,3291.2988762083696,2
2007-03-23,2405.849335359016,892.816204566916,3298.665539925932,2
2007-03-26,2405.849335359016,902.0807284667387,3307.9300638257546,2
2007-03-27,2405.849335359016,869.865847138432,3275.715182497448,2
2007-03-28,2405.849335359016,801.4080746817825,3207.2574100407987,2
2007-03-29,2405.849335359016,825.4811345560522,3231.3304699150685,2
2007-03-30,2405.849335359016,829.7254019497615,3235.5747373087775,2
2007-04-02,2405.849335359016,858.6446840526336,3264.49401941165,2
2007-04-03,2405.849335359016,924.6655349648665,3330.514870323883,2
2007-04-04,2405.849335359016,935.6353107307381,3341.4846460897543,2
2007-04-05,2436.5361807273066,916.259380541868,3352.795561269175,2
2007-04-09,2464.5208016925294,901.9168910940209,3366.4376927865505,2
2007-04-10,2464.5208016925294,922.3259063276502,3386.8467080201794,2
2007-04-11,2464.5208016925294,883.9335072955269,3348.4543089880563,2
2007-04-12,2464.5208016925294,925.6911199708939,3390.2119216634233,2
2007-04-13,2485.511730201427,924.1099186763954,3409.6216488778223,2
2007-04-16,2999.2279264385734,446.5324832744751,3445.7604097130484,1
2007-04-17,2547.713129928405,901.3972404635447,3449.11037039195,2
2007-04-18,2547.713129928405,902.1936913303963,3449.9068212588013,2
2007-04-19,2547.713129928405,897.3848937513611,3445.0980236797664,2
2007-04-20,2547.713129928405,942.9056566361139,3490.618786564519,2
2007-04-23,2547.713129928405,929.0216418597304,3476.7347717881357,2
2007-04-24,2547.713129928405,929.5223178145021,3477.235447742907,2
2007-04-25,3059.067055177921,445.3801729057225,3504.4472280836435,1
2007-04-26,2610.6136999900605,895.7619930774111,3506.3756930674717,2
2007-04-27,2610.6136999900605,903.6840051467515,3514.297705136812,2
2007-04-30,2610.6136999900605,842.4507467369125,3453.064446726973,2
2007-05-01,2610.6136999900605,872.1277336273984,3482.741433617459,2
2007-05-02,2610.6136999900605,912.8651966711385,3523.478896661199,2
2007-05-03,2610.6136999900605,932.2997803400883,3542.9134803301486,2
2007-05-04,2633.636591577363,919.1938210093765,3552.83041258674,2
2007-05-07,2673.454641891199,890.1512122862312,3563.60585417743,2
2007-05-08,2673.454641891199,886.5392336388912,3559.9938755300905,2
2007-05-09,2673.454641891199,909.000400382004,3582.455042273203,2
2007-05-10,2673.454641891199,826.4931695919352,3499.9478114831345,2
2007-05-11,2673.454641891199,893.8518182453593,3567.3064601365586,2
2007-05-14,2673.454641891199,878.3769249953635,3551.8315668865625,2
2007-05-15,2673.454641891199,874.4000172385852,3547.8546591297845,2
2007-05-16,2673.454641891199,925.1602971379045,3598.614939029104,2
2007-05-17,2673.454641891199,924.9033659845475,3598.358007875747,2
2007-05-18,3184.836959425806,443.1759240272781,3628.012883453084,1
2007-05-21,2741.547283181438,888.326290987841,3629.873574169279,2
2007-05-22,2741.547283181438,892.2483506793999,3633.7956338608383,2
2007-05-23,2741.547283181438,886.4215225714981,3627.9688057529365,2
2007-05-24,2741.547283181438,821.2700814981853,3562.8173646796236,2
2007-05-25,2741.547283181438,868.9047158811953,3610.4519990626336,2
2007-05-29,2741.547283181438,887.8226721127453,3629.3699552941835,2
2007-05-30,2741.547283181438,936.7046613332623,3678.2519445147004,2
2007-05-31,2741.547283181438,937.8491371260352,3679.3964203074734,2
2007-06-01,3246.2023143951988,447.7093539690369,3693.9116683642355,1
2007-06-04,2797.34333991342,898.9236925778523,3696.2670324912724,2
2007-06-05,2797.34333991342,871.1829195290265,3668.5262594424466,2
2007-06-06,2797.34333991342,803.4394007984225,3600.7827407118425,2
2007-06-07,2797.34333991342,655.9063397337219,3453.249679647142,2
2007-06-08,2797.34333991342,767.3661508044315,3564.7094907178516,2
2007-06-11,2797.34333991342,785.5647914606402,3582.9081313740603,2
2007-06-12,2797.34333991342,681.3997157201616,3478.7430556335817,2
2007-06-13,2797.34333991342,822.397109000593,3619.740448914013,2
2007-06-14,2797.34333991342,874.047065451249,3671.3904053646693,2
2007-06-15,2797.34333991342,907.0785764175754,3704.4219163309954,2
2007-06-18,2797.34333991342,921.8077823737008,3719.151122287121,2
2007-06-19,2797.34333991342,941.0617487300447,3738.4050886434648,2
2007-06-20,2797.34333991342,843.4752760082785,3640.8186159216984,2
2007-06-21,2797.34333991342,895.8425734712264,3693.1859133846465,2
2007-06-22,2797.34333991342,785.5352122092554,3582.8785521226755,2
2007-06-25,2797.34333991342,764.4076238779435,3561.7509637913636,2
2007-06-26,2797.34333991342,715.2345909493682,3512.5779308627884,2
2007-06-27,2797.34333991342,848.04681224057,3645.39015215399,2
2007-06-28,2797.34333991342,854.2135270729458,3651.556866986366,2
2007-06-29,2797.34333991342,842.1974292807811,3639.540769194201,2
2007-07-02,2850.3081432145837,903.7007566271483,3754.008899841732,2
2007-07-03,2889.674608432968,888.3184175274798,3777.993025960448,2
2007-07-05,2889.674608432968,887.0995882128702,3776.774196645838,2
2007-07-06,2889.674608432968,913.7041446721137,3803.3787531050816,2
2007-07-09,2889.674608432968,919.8520221610825,3809.5266305940504,2
2007-07-10,2889.674608432968,827.2712564052587,3716.9458648382265,2
2007-07-11,2889.674608432968,872.0202956883766,3761.6949041213447,2
2007-07-12,3398.3187203438615,441.06197515769344,3839.380695501555,1
2007-07-13,2960.5841043234,887.6217214892197,3848.20582581262,2
2007-07-16,2960.5841043234,882.0645314124822,3842.648635735882,2
2007-07-17,2960.5841043234,884.2441767279086,3844.8282810513083,2
2007-07-18,2960.5841043234,873.2022623079164,3833.7863666313165,2
2007-07-19,2960.5841043234,906.1178801150414,3866.7019844384413,2
2007-07-20,2960.5841043234,828.2222324947991,3788.8063368181993,2
2007-07-23,2960.5841043234,866.6900495078651,3827.274153831265,2
2007-07-24,2960.5841043234,729.8206727839297,3690.4047771073297,2
2007-07-25,2960.5841043234,770.2608113380422,3730.8449156614424,2
2007-07-26,2960.5841043234,578.6217262757439,3539.205830599144,2
2007-07-27,2960.5841043234,456.4708184583835,3417.0549227817837,2
2007-07-30,2960.5841043234,533.8996685657172,3494.483772889117,2
2007-07-31,2960.5841043234,429.7829534950168,3390.367057818417,2
2007-08-01,2960.5841043234,484.7663025666954,3445.350406890095,2
2007-08-02,2960.5841043234,523.7060123984669,3484.290116721867,2
2007-08-03,2960.5841043234,308.8444635290756,3269.4285678524757,2
2007-08-06,2960.5841043234,491.533849227222,3452.117953550622,2
2007-08-07,2960.5841043234,558.0443994909836,3518.6285038143833,2
2007-08-08,2960.5841043234,711.8017634671762,3672.3858677905764,2
2007-08-09,2960.5841043234,388.2958040346502,3348.87990835805,2
2007-08-10,2960.5841043234,390.3763777751223,3350.9604820985223,2
2007-08-13,2960.5841043234,342.31465076284167,3302.8987550862416,2
2007-08-14,2960.5841043234,115.7476448822834,3076.3317492056835,2
2007-08-15,2960.5841043234,21.446132564045683,2982.0302368874454,2
2007-08-16,3018.1703827683164,4.596172336712812,3022.766555105029,1
2007-08-17,3080.435766747855,0,3080.435766747855,0
2007-08-20,3080.435766747855,0,3080.435766747855,0
2007-08-21,3080.435766747855,0,3080.435766747855,0
2007-08-22,3080.435766747855,0,3080.435766747855,0
2007-08-23,3080.435766747855,0,3080.435766747855,0
2007-08-24,3080.435766747855,0,3080.435766747855,0
2007-08-27,3080.435766747855,0,3080.435766747855,0
2007-08-28,3080.435766747855,0,3080.435766747855,0
2007-08-29,3080.435766747855,0,3080.435766747855,0
2007-08-30,3080.435766747855,0,3080.435766747855,0
2007-08-31,3080.435766747855,0,3080.435766747855,0
2007-09-04,2653.1657929333546,426.392683244363,3079.5584761777177,1
2007-09-05,2653.1657929333546,398.20139755653514,3051.3671904898897,1
2007-09-06,2653.1657929333546,410.66083039583833,3063.826623329193,1
2007-09-07,2653.1657929333546,368.1842819989239,3021.3500749322784,1
2007-09-10,2653.1657929333546,365.3967231685275,3018.562516101882,1
2007-09-11,2653.1657929333546,404.38248627747663,3057.5482792108314,1
2007-09-12,2653.1657929333546,408.0529241971353,3061.21871713049,1
2007-09-13,2230.547647346891,847.9935503317679,3078.541197678659,2
2007-09-14,2230.547647346891,850.8988585527118,3081.446505899603,2
2007-09-17,2230.547647346891,830.7196197133785,3061.2672670602697,2
2007-09-18,2764.0572425676883,426.44530090559874,3190.502543473287,1
2007-09-19,2335.6606216055447,867.0459043114649,3202.7065259170095,2
2007-09-20,2335.6606216055447,840.5152310693377,3176.1758526748827,2
2007-09-21,2335.6606216055447,878.6443962668885,3214.3050178724334,2
2007-09-24,2335.6606216055447,864.8667278210711,3200.5273494266157,2
2007-09-25,2335.6606216055447,876.8652162437359,3212.525837849281,2
2007-09-26,2335.6606216055447,911.6194741760505,3247.2800957815953,2
2007-09-27,2368.6980595396244,898.0132108415637,3266.711270381188,2
2007-09-28,2368.6980595396244,877.2909112178633,3245.9889707574876,2
2007-10-01,2419.08334082993,878.3885721863235,3297.4719130162534,2
2007-10-02,2419.08334082993,872.1848253474611,3291.2681661773913,2
2007-10-03,2419.08334082993,853.8578612677918,3272.9412020977215,2
2007-10-04,2419.08334082993,870.1745110022064,3289.257851832136,2
2007-10-05,2461.6980670899343,879.49887872302,3341.1969458129543,2
2007-10-08,2461.6980670899343,868.8273354704719,3330.5254025604063,2
2007-10-09,2495.2980123179386,883.1445545454956,3378.442566863434,2
2007-10-10,2495.2980123179386,871.4693578015026,3366.7673701194412,2
2007-10-11,2495.2980123179386,821.8254447514789,3317.123457069418,2
2007-10-12,2495.2980123179386,861.6367183602033,3356.934730678142,2
2007-10-15,2495.2980123179386,813.8425241899531,3309.1405365078917,2
2007-10-16,2495.2980123179386,773.678372128036,3268.976384445975,2
2007-10-17,2495.2980123179386,805.405699318991,3300.7037116369297,2
2007-10-18,2495.2980123179386,805.8897557045591,3301.187768022498,2
2007-10-19,2495.2980123179386,603.7996437591473,3099.097656077086,2
2007-10-22,2495.2980123179386,644.7583552083643,3140.056367526303,2
2007-10-23,2495.2980123179386,721.43159164698,3216.7296039649186,2
2007-10-24,2495.2980123179386,704.7449738701652,3200.042986188104,2
2007-10-25,2495.2980123179386,698.8234852049108,3194.1214975228495,2
2007-10-26,2495.2980123179386,816.4644009868553,3311.762413304794,2
2007-10-29,2495.2980123179386,857.1910070145108,3352.4890193324495,2
2007-10-30,2495.2980123179386,811.9089121727,3307.206924490639,2
2007-10-31,2544.8761093311623,864.3336734942625,3409.2097828254246,2
2007-11-01,2544.8761093311623,658.1633216080788,3203.0394309392414,2
2007-11-02,2544.8761093311623,668.9319094533037,3213.808018784466,2
2007-11-05,2544.8761093311623,636.3298507321996,3181.205960063362,2
2007-11-06,2544.8761093311623,758.5596595136244,3303.4357688447867,2
2007-11-07,2544.8761093311623,488.20011905090865,3033.076228382071,2
2007-11-08,2544.8761093311623,480.3436965096615,3025.219805840824,2
2007-11-09,2544.8761093311623,356.7902751161221,2901.666384447284,2
2007-11-12,2544.8761093311623,230.47242076073502,2775.3485300918974,2
2007-11-13,2821.9707118056845,289.9017799732213,3111.872491778906,1
2007-11-14,2821.9707118056845,264.85564974150077,3086.826361547185,1
2007-11-15,2821.9707118056845,223.31423398491313,3045.2849457905977,1
2007-11-16,2821.9707118056845,238.50569483501044,3060.476406640695,1
2007-11-19,2821.9707118056845,175.53511466581568,2997.5058264715003,1
2007-11-20,2821.9707118056845,186.54484461242617,3008.5155564181105,1
2007-11-21,2821.9707118056845,134.69277952940217,2956.6634913350867,1
2007-11-23,2821.9707118056845,183.40657497840738,3005.3772867840917,1
2007-11-26,2821.9707118056845,97.44381740412678,2919.414529209811,1
2007-11-27,2821.9707118056845,133.16953292815867,2955.1402447338432,1
2007-11-28,2821.9707118056845,267.8801483227602,3089.8508601284448,1
2007-11-29,2821.9707118056845,271.9166942556299,3093.8874060613143,1
2007-11-30,2821.9707118056845,326.6978843990671,3148.6685962047513,1
2007-12-03,2821.9707118056845,300.53353026307104,3122.5042420687555,1
2007-12-04,2821.9707118056845,232.72267726276237,3054.693389068447,1
2007-12-05,3348.887253969503,0,3348.887253969503,0
2007-12-06,2927.2750950890763,420.59518565380534,3347.8702807428817,1
2007-12-07,2495.417526539842,850.1169406040908,3345.534467143933,2
2007-12-10,2495.417526539842,886.2943780635555,3381.7119046033977,2
2007-12-11,2495.417526539842,758.9842531731595,3254.401779713002,2
2007-12-12,2495.417526539842,800.7664443586136,3296.1839708984558,2
2007-12-13,2495.417526539842,808.7215735839966,3304.139100123839,2
2007-12-14,2495.417526539842,740.8176596152799,3236.235186155122,2
2007-12-17,2495.417526539842,658.7173848292306,3154.1349113690726,2
2007-12-18,2495.417526539842,712.7690721215106,3208.186598661353,2
2007-12-19,2495.417526539842,717.060140635494,3212.477667175336,2
2007-12-20,2495.417526539842,762.2569995389903,3257.6745260788325,2
2007-12-21,2495.417526539842,880.8017118607837,3376.2192384006257,2
2007-12-24,2525.188727109398,893.4851718654859,3418.6738989748837,2
2007-12-26,2565.005463779861,861.7911259495684,3426.79658972943,2
2007-12-27,2565.005463779861,783.0420891053535,3348.047552885215,2
2007-12-28,2565.005463779861,787.5620870014583,3352.5675507813194,2
2007-12-31,2565.005463779861,745.0946841051305,3310.1001478849917,2
2008-01-02,2565.005463779861,667.4110704439393,3232.4165342238,2
2008-01-03,2565.005463779861,675.2293931125173,3240.2348568923785,2
2008-01-04,2565.005463779861,516.563096222297,3081.568560002158,2
2008-01-07,2565.005463779861,538.2623870052796,3103.2678507851406,2
2008-01-08,2565.005463779861,416.5556813809829,2981.5611451608443,2
2008-01-09,2565.005463779861,503.98520672993,3068.990670509791,2
2008-01-10,2565.005463779861,561.9030373760147,3126.908501155876,2
2008-01-11,2565.005463779861,461.08831357193617,3026.093777351797,2
2008-01-14,2565.005463779861,545.6737352989848,3110.679199078846,2
2008-01-15,2565.005463779861,336.22868615226196,2901.2341499321233,2
2008-01-16,2565.005463779861,293.7786636127072,2858.7841273925683,2
2008-01-17,2565.005463779861,145.98901869158993,2710.994482471451,2
2008-01-18,2565.005463779861,101.73642815331334,2666.7418919331744,2
2008-01-22,2565.005463779861,49.00936007387742,2614.0148238537386,2
2008-01-23,2565.005463779861,89.44905990566951,2654.4545236855306,2
2008-01-24,2565.005463779861,109.63071989094288,2674.6361836708043,2
2008-01-25,2565.005463779861,35.14639144340066,2600.151855223262,2
2008-01-28,2628.465821572709,13.819720621023635,2642.285542193733,1
2008-01-29,2628.465821572709,7.2895868196923175,2635.7554083924015,1
2008-01-30,2704.293426878049,0,2704.293426878049,0
2008-01-31,2704.293426878049,0,2704.293426878049,0
2008-02-01,2704.293426878049,0,2704.293426878049,0
2008-02-04,2704.293426878049,0,2704.293426878049,0
2008-02-05,2704.293426878049,0,2704.293426878049,0
2008-02-06,2704.293426878049,0,2704.293426878049,0
2008-02-07,2704.293426878049,0,2704.293426878049,0
2008-02-08,2704.293426878049,0,2704.293426878049,0
2008-02-11,2704.293426878049,0,2704.293426878049,0
2008-02-12,2704.293426878049,0,2704.293426878049,0
2008-02-13,2704.293426878049,0,2704.293426878049,0
2008-02-14,2704.293426878049,0,2704.293426878049,0
2008-02-15,2704.293426878049,0,2704.293426878049,0
2008-02-19,2704.293426878049,0,2704.293426878049,0
2008-02-20,2704.293426878049,0,2704.293426878049,0
2008-02-21,2704.293426878049,0,2704.293426878049,0
2008-02-22,2704.293426878049,0,2704.293426878049,0
2008-02-25,2704.293426878049,0,2704.293426878049,0
2008-02-26,2704.293426878049,0,2704.293426878049,0
2008-02-27,2704.293426878049,0,2704.293426878049,0
2008-02-28,2704.293426878049,0,2704.293426878049,0
2008-02-29,2704.293426878049,0,2704.293426878049,0
2008-03-03,2704.293426878049,0,2704.293426878049,0
2008-03-04,2704.293426878049,0,2704.293426878049,0
2008-03-05,2704.293426878049,0,2704.293426878049,0
2008-03-06,2704.293426878049,0,2704.293426878049,0
2008-03-07,2704.293426878049,0,2704.293426878049,0
2008-03-10,2704.293426878049,0,2704.293426878049,0
2008-03-11,2704.293426878049,0,2704.293426878049,0
2008-03-12,2704.293426878049,0,2704.293426878049,0
2008-03-13,2704.293426878049,0,2704.293426878049,0
2008-03-14,2704.293426878049,0,2704.293426878049,0
2008-03-17,2704.293426878049,0,2704.293426878049,0
2008-03-18,2704.293426878049,0,2704.293426878049,0
2008-03-19,2704.293426878049,0,2704.293426878049,0
2008-03-20,2704.293426878049,0,2704.293426878049,0
2008-03-24,2279.8739933009456,423.3397957640346,2703.21378906498,1
2008-03-25,1852.1329540613717,855.0805483305337,2707.2135023919054,2
2008-03-26,1852.1329540613717,828.3466557297538,2680.4796097911258,2
2008-03-27,1852.1329540613717,794.3816845145082,2646.51463857588,2
2008-03-28,1852.1329540613717,768.9427656100644,2621.075719671436,2
2008-03-31,1852.1329540613717,802.7956581515459,2654.928612212918,2
2008-04-01,2360.2796658422367,425.6076900860105,2785.8873559282474,1
2008-04-02,1940.724775060492,838.237138943492,2778.961914003984,2
2008-04-03,1940.724775060492,848.2135181608687,2788.9382932213607,2
2008-04-04,1940.724775060492,862.4611829881742,2803.185958048666,2
2008-04-07,1940.724775060492,878.334824394468,2819.05959945496,2
2008-04-08,1940.724775060492,866.1046300512758,2806.8294051117678,2
2008-04-09,1940.724775060492,835.5316545098501,2776.2564295703423,2
2008-04-10,1940.724775060492,865.463763876768,2806.18853893726,2
2008-04-11,1940.724775060492,766.2305309827971,2706.955306043289,2
2008-04-14,1940.724775060492,758.2214716065205,2698.9462466670125,2
2008-04-15,1940.724775060492,796.7728129124187,2737.497587972911,2
2008-04-16,1940.724775060492,917.8364597410418,2858.561234801534,2
2008-04-17,2429.0026048771724,433.3145650967632,2862.3171699739355,1
2008-04-18,2001.9924560037173,887.147609942501,2889.1400659462183,2
2008-04-21,2001.9924560037173,887.4681826942481,2889.4606386979654,2
2008-04-22,2001.9924560037173,857.219460726888,2859.2119167306055,2
2008-04-23,2001.9924560037173,877.6576139975415,2879.650070001259,2
2008-04-24,2044.3312358189683,858.1238883163483,2902.4551241353165,2
2008-04-25,2044.3312358189683,889.6716724828284,2934.0029083017967,2
2008-04-28,2044.3312358189683,896.1840346646843,2940.515270483653,2
2008-04-29,2044.3312358189683,879.7856546828239,2924.116890501792,2
2008-04-30,2044.3312358189683,863.1514313262807,2907.482667145249,2
2008-05-01,2550.4901516321274,430.5263395808115,2981.016491212939,1
2008-05-02,2122.1057170141075,869.2526697162854,2991.358386730393,2
2008-05-05,2122.1057170141075,851.6801068154523,2973.78582382956,2
2008-05-06,2122.1057170141075,892.4607428167673,3014.566459830875,2
2008-05-07,2122.1057170141075,800.3435144040967,2922.4492314182044,2
2008-05-08,2122.1057170141075,825.4186214591134,2947.524338473221,2
2008-05-09,2122.1057170141075,795.8353333023329,2917.9410503164404,2
2008-05-12,2122.1057170141075,880.5360273677272,3002.6417443818345,2
2008-05-13,2122.1057170141075,880.719817829596,3002.8255348437033,2
2008-05-14,2122.1057170141075,904.9090340980147,3027.014751112122,2
2008-05-15,2634.6314672213,438.760448745216,3073.391915966516,1
2008-05-16,2193.731177227918,881.3858150293916,3075.11699225731,2
2008-05-19,2193.731177227918,886.4173339172175,3080.1485111451357,2
2008-05-20,2193.731177227918,842.7965180982674,3036.5276953261855,2
2008-05-21,2193.731177227918,747.0102465093582,2940.7414237372764,2
2008-05-22,2193.731177227918,772.1379361145453,2965.8691133424636,2
2008-05-23,2193.731177227918,675.5008195985109,2869.231996826429,2
2008-05-27,2193.731177227918,730.9593352856865,2924.6905125136045,2
2008-05-28,2193.731177227918,766.5495750429191,2960.280752270837,2
2008-05-29,2193.731177227918,815.1379187237571,3008.8690959516753,2
2008-05-30,2193.731177227918,832.919098884752,3026.6502761126703,2
2008-06-02,2193.731177227918,756.7829178335162,2950.514095061434,2
2008-06-03,2193.731177227918,715.2016346294722,2908.9328118573903,2
2008-06-04,2193.731177227918,712.4883893631818,2906.2195665911,2
2008-06-05,2193.731177227918,873.3361440809822,3067.0673213089003,2
2008-06-06,2193.731177227918,604.7017621751384,2798.4329394030565,2
2008-06-09,2193.731177227918,625.5801671456488,2819.311344373567,2
2008-06-10,2193.731177227918,606.5363289300603,2800.2675061579785,2
2008-06-11,2193.731177227918,431.53396718461465,2625.2651444125327,2
2008-06-12,2193.731177227918,461.9257605188245,2655.6569377467426,2
2008-06-13,2193.731177227918,648.9035622415173,2842.6347394694353,2
2008-06-16,2193.731177227918,689.26802872395,2882.999205951868,2
2008-06-17,2193.731177227918,588.1509431800289,2781.882120407947,2
2008-06-18,2193.731177227918,386.7334575484474,2580.4646347763655,2
2008-06-19,2481.9940266126423,231.71002205848873,2713.704048671131,1
2008-06-20,2541.09373661926,0,2541.09373661926,0
2008-06-23,2541.09373661926,0,2541.09373661926,0
2008-06-24,2541.09373661926,0,2541.09373661926,0
2008-06-25,2541.09373661926,0,2541.09373661926,0
2008-06-26,2541.09373661926,0,2541.09373661926,0
2008-06-27,2541.09373661926,0,2541.09373661926,0
2008-06-30,2541.09373661926,0,2541.09373661926,0
2008-07-01,2541.09373661926,0,2541.09373661926,0
2008-07-02,2541.09373661926,0,2541.09373661926,0
2008-07-03,2541.09373661926,0,2541.09373661926,0
2008-07-07,2541.09373661926,0,2541.09373661926,0
2008-07-08,2541.09373661926,0,2541.09373661926,0
2008-07-09,2541.09373661926,0,2541.09373661926,0
2008-07-10,2541.09373661926,0,2541.09373661926,0
2008-07-11,2541.09373661926,0,2541.09373661926,0
2008-07-14,2541.09373661926,0,2541.09373661926,0
2008-07-15,2541.09373661926,0,2541.09373661926,0
2008-07-16,2541.09373661926,0,2541.09373661926,0
2008-07-17,2541.09373661926,0,2541.09373661926,0
2008-07-18,2541.09373661926,0,2541.09373661926,0
2008-07-21,2541.09373661926,0,2541.09373661926,0
2008-07-22,2541.09373661926,0,2541.09373661926,0
2008-07-23,2541.09373661926,0,2541.09373661926,0
2008-07-24,2541.09373661926,0,2541.09373661926,0
2008-07-25,2541.09373661926,0,2541.09373661926,0
2008-07-28,2541.09373661926,0,2541.09373661926,0
2008-07-29,2541.09373661926,0,2541.09373661926,0
2008-07-30,2541.09373661926,0,2541.09373661926,0
2008-07-31,2541.09373661926,0,2541.09373661926,0
2008-08-01,2541.09373661926,0,2541.09373661926,0
2008-08-04,2541.09373661926,0,2541.09373661926,0
2008-08-05,2541.09373661926,0,2541.09373661926,0
2008-08-06,2541.09373661926,0,2541.09373661926,0
2008-08-07,2541.09373661926,0,2541.09373661926,0
2008-08-08,2541.09373661926,0,2541.09373661926,0
2008-08-11,2114.476615494278,425.7336109058167,2540.210226400095,1
2008-08-12,2114.476615494278,396.71513761766874,2511.191753111947,1
2008-08-13,2114.476615494278,389.63505065507144,2504.1116661493497,1
2008-08-14,1676.430195604281,846.6070820418324,2523.0372776461136,2
2008-08-15,1676.430195604281,873.6490967120033,2550.0792923162844,2
2008-08-18,1676.430195604281,806.5525397050346,2482.9827353093156,2
2008-08-19,1676.430195604281,761.8525062249255,2438.2827018292064,2
2008-08-20,1676.430195604281,805.4788749103311,2481.909070514612,2
2008-08-21,1676.430195604281,828.1419902947441,2504.572185899025,2
2008-08-22,1676.430195604281,891.1715068443555,2567.6017024486364,2
2008-08-25,1676.430195604281,788.7549452791693,2465.18514088345,2
2008-08-26,1676.430195604281,818.1827846745844,2494.6129802788655,2
2008-08-27,1676.430195604281,869.617504047471,2546.047699651752,2
2008-08-28,1709.104254420129,895.4814718048221,2604.585726224951,2
2008-08-29,1709.104254420129,829.9011308905773,2539.0053853107065,2
2008-09-02,1709.104254420129,815.8531661896004,2524.9574206097295,2
2008-09-03,1709.104254420129,817.4305730778933,2526.5348274980224,2
2008-09-04,1709.104254420129,602.8974243607021,2312.0016787808313,2
2008-09-05,1709.104254420129,644.3236833775416,2353.427937797671,2
2008-09-08,1709.104254420129,810.6406919379674,2519.7449463580965,2
2008-09-09,1709.104254420129,526.561828177703,2235.666082597832,2
2008-09-10,1709.104254420129,586.8307096454525,2295.934964065582,2
2008-09-11,1709.104254420129,720.9277515853971,2430.0320060055265,2
2008-09-12,1709.104254420129,743.9440908604012,2453.04834528053,2
2008-09-15,1782.4871332951473,197.56659075242027,1980.0537240475676,1
2008-09-16,1782.4871332951473,247.02970321921782,2029.516836514365,1
2008-09-17,1782.4871332951473,125.5997142207363,1908.0868475158836,1
2008-09-18,1782.4871332951473,228.36959054516444,2010.8567238403116,1
2008-09-19,1782.4871332951473,350.08740936043523,2132.5745426555823,1
2008-09-22,1782.4871332951473,226.7198711971339,2009.2070044922812,1
2008-09-23,1782.4871332951473,173.4833109201155,1955.970444215263,1
2008-09-24,1782.4871332951473,161.78101081487102,1944.2681441100183,1
2008-09-25,1782.4871332951473,229.46713773144222,2011.9542710265896,1
2008-09-26,1782.4871332951473,243.23617839810652,2025.723311693254,1
2008-09-29,1782.4871332951473,8.286582376165086,1790.7737156713124,1
2008-09-30,1782.4871332951473,48.58048848197143,1831.0676217771188,1
2008-10-01,1782.4871332951473,14.44797704114933,1796.9351103362965,1
2008-10-02,1842.6725011625383,0,1842.6725011625383,0
2008-10-03,1842.6725011625383,0,1842.6725011625383,0
2008-10-06,1842.6725011625383,0,1842.6725011625383,0
2008-10-07,1842.6725011625383,0,1842.6725011625383,0
2008-10-08,1842.6725011625383,0,1842.6725011625383,0
2008-10-09,1842.6725011625383,0,1842.6725011625383,0
2008-10-10,1842.6725011625383,0,1842.6725011625383,0
2008-10-13,1842.6725011625383,0,1842.6725011625383,0
2008-10-14,1842.6725011625383,0,1842.6725011625383,0
2008-10-15,1842.6725011625383,0,1842.6725011625383,0
2008-10-16,1842.6725011625383,0,1842.6725011625383,0
2008-10-17,1842.6725011625383,0,1842.6725011625383,0
2008-10-20,1842.6725011625383,0,1842.6725011625383,0
2008-10-21,1842.6725011625383,0,1842.6725011625383,0
2008-10-22,1842.6725011625383,0,1842.6725011625383,0
2008-10-23,1842.6725011625383,0,1842.6725011625383,0
2008-10-24,1842.6725011625383,0,1842.6725011625383,0
2008-10-27,1842.6725011625383,0,1842.6725011625383,0
2008-10-28,1842.6725011625383,0,1842.6725011625383,0
2008-10-29,1842.6725011625383,0,1842.6725011625383,0
2008-10-30,1842.6725011625383,0,1842.6725011625383,0
2008-10-31,1842.6725011625383,0,1842.6725011625383,0
2008-11-03,1842.6725011625383,0,1842.6725011625383,0
2008-11-04,1842.6725011625383,0,1842.6725011625383,0
2008-11-05,1842.6725011625383,0,1842.6725011625383,0
2008-11-06,1842.6725011625383,0,1842.6725011625383,0
2008-11-07,1842.6725011625383,0,1842.6725011625383,0
2008-11-10,1842.6725011625383,0,1842.6725011625383,0
2008-11-11,1842.6725011625383,0,1842.6725011625383,0
2008-11-12,1842.6725011625383,0,1842.6725011625383,0
2008-11-13,1842.6725011625383,0,1842.6725011625383,0
2008-11-14,1842.6725011625383,0,1842.6725011625383,0
2008-11-17,1842.6725011625383,0,1842.6725011625383,0
2008-11-18,1842.6725011625383,0,1842.6725011625383,0
2008-11-19,1842.6725011625383,0,1842.6725011625383,0
2008-11-20,1842.6725011625383,0,1842.6725011625383,0
2008-11-21,1842.6725011625383,0,1842.6725011625383,0
2008-11-24,1842.6725011625383,0,1842.6725011625383,0
2008-11-25,1842.6725011625383,0,1842.6725011625383,0
2008-11-26,1842.6725011625383,0,1842.6725011625383,0
2008-11-28,1842.6725011625383,0,1842.6725011625383,0
2008-12-01,1842.6725011625383,0,1842.6725011625383,0
2008-12-02,1842.6725011625383,0,1842.6725011625383,0
2008-12-03,1842.6725011625383,0,1842.6725011625383,0
2008-12-04,1842.6725011625383,0,1842.6725011625383,0
2008-12-05,1842.6725011625383,0,1842.6725011625383,0
2008-12-08,1842.6725011625383,0,1842.6725011625383,0
2008-12-09,1842.6725011625383,0,1842.6725011625383,0
2008-12-10,1842.6725011625383,0,1842.6725011625383,0
2008-12-11,1842.6725011625383,0,1842.6725011625383,0
2008-12-12,1842.6725011625383,0,1842.6725011625383,0
2008-12-15,1842.6725011625383,0,1842.6725011625383,0
2008-12-16,1842.6725011625383,0,1842.6725011625383,0
2008-12-17,1842.6725011625383,0,1842.6725011625383,0
2008-12-18,1842.6725011625383,0,1842.6725011625383,0
2008-12-19,1842.6725011625383,0,1842.6725011625383,0
2008-12-22,1842.6725011625383,0,1842.6725011625383,0
2008-12-23,1842.6725011625383,0,1842.6725011625383,0
2008-12-24,1842.6725011625383,0,1842.6725011625383,0
2008-12-26,1842.6725011625383,0,1842.6725011625383,0
2008-12-29,1842.6725011625383,0,1842.6725011625383,0
2008-12-30,1842.6725011625383,0,1842.6725011625383,0
2008-12-31,1842.6725011625383,0,1842.6725011625383,0
2009-01-02,1842.6725011625383,0,1842.6725011625383,0
2009-01-05,1842.6725011625383,0,1842.6725011625383,0
2009-01-06,1842.6725011625383,0,1842.6725011625383,0
2009-01-07,1842.6725011625383,0,1842.6725011625383,0
2009-01-08,1842.6725011625383,0,1842.6725011625383,0
2009-01-09,1842.6725011625383,0,1842.6725011625383,0
2009-01-12,1842.6725011625383,0,1842.6725011625383,0
2009-01-13,1842.6725011625383,0,1842.6725011625383,0
2009-01-14,1842.6725011625383,0,1842.6725011625383,0
2009-01-15,1842.6725011625383,0,1842.6725011625383,0
2009-01-16,1842.6725011625383,0,1842.6725011625383,0
2009-01-20,1842.6725011625383,0,1842.6725011625383,0
2009-01-21,1842.6725011625383,0,1842.6725011625383,0
2009-01-22,1842.6725011625383,0,1842.6725011625383,0
2009-01-23,1842.6725011625383,0,1842.6725011625383,0
2009-01-26,1842.6725011625383,0,1842.6725011625383,0
2009-01-27,1842.6725011625383,0,1842.6725011625383,0
2009-01-28,1842.6725011625383,0,1842.6725011625383,0
2009-01-29,1842.6725011625383,0,1842.6725011625383,0
2009-01-30,1842.6725011625383,0,1842.6725011625383,0
2009-02-02,1842.6725011625383,0,1842.6725011625383,0
2009-02-03,1842.6725011625383,0,1842.6725011625383,0
2009-02-04,1842.6725011625383,0,1842.6725011625383,0
2009-02-05,1842.6725011625383,0,1842.6725011625383,0
2009-02-06,1842.6725011625383,0,1842.6725011625383,0
2009-02-09,1842.6725011625383,0,1842.6725011625383,0
2009-02-10,1842.6725011625383,0,1842.6725011625383,0
2009-02-11,1842.6725011625383,0,1842.6725011625383,0
2009-02-12,1842.6725011625383,0,1842.6725011625383,0
2009-02-13,1842.6725011625383,0,1842.6725011625383,0
2009-02-17,1842.6725011625383,0,1842.6725011625383,0
2009-02-18,1842.6725011625383,0,1842.6725011625383,0
2009-02-19,1842.6725011625383,0,1842.6725011625383,0
2009-02-20,1842.6725011625383,0,1842.6725011625383,0
2009-02-23,1842.6725011625383,0,1842.6725011625383,0
2009-02-24,1842.6725011625383,0,1842.6725011625383,0
2009-02-25,1842.6725011625383,0,1842.6725011625383,0
2009-02-26,1842.6725011625383,0,1842.6725011625383,0
2009-02-27,1842.6725011625383,0,1842.6725011625383,0
2009-03-02,1842.6725011625383,0,1842.6725011625383,0
2009-03-03,1842.6725011625383,0,1842.6725011625383,0
2009-03-04,1842.6725011625383,0,1842.6725011625383,0
2009-03-05,1842.6725011625383,0,1842.6725011625383,0
2009-03-06,1842.6725011625383,0,1842.6725011625383,0
2009-03-09,1842.6725011625383,0,1842.6725011625383,0
2009-03-10,1842.6725011625383,0,1842.6725011625383,0
2009-03-11,1842.6725011625383,0,1842.6725011625383,0
2009-03-12,1842.6725011625383,0,1842.6725011625383,0
2009-03-13,1842.6725011625383,0,1842.6725011625383,0
2009-03-16,1842.6725011625383,0,1842.6725011625383,0
2009-03-17,1842.6725011625383,0,1842.6725011625383,0
2009-03-18,1842.6725011625383,0,1842.6725011625383,0
2009-03-19,1842.6725011625383,0,1842.6725011625383,0
2009-03-20,1842.6725011625383,0,1842.6725011625383,0
2009-03-23,1842.6725011625383,0,1842.6725011625383,0
2009-03-24,1842.6725011625383,0,1842.6725011625383,0
2009-03-25,1842.6725011625383,0,1842.6725011625383,0
2009-03-26,1842.6725011625383,0,1842.6725011625383,0
2009-03-27,1842.6725011625383,0,1842.6725011625383,0
2009-03-30,1842.6725011625383,0,1842.6725011625383,0
2009-03-31,1842.6725011625383,0,1842.6725011625383,0
2009-04-01,1842.6725011625383,0,1842.6725011625383,0
2009-04-02,1842.6725011625383,0,1842.6725011625383,0
2009-04-03,1842.6725011625383,0,1842.6725011625383,0
2009-04-06,1842.6725011625383,0,1842.6725011625383,0
2009-04-07,1842.6725011625383,0,1842.6725011625383,0
2009-04-08,1842.6725011625383,0,1842.6725011625383,0
2009-04-09,1842.6725011625383,0,1842.6725011625383,0
2009-04-13,1842.6725011625383,0,1842.6725011625383,0
2009-04-14,1842.6725011625383,0,1842.6725011625383,0
2009-04-15,1842.6725011625383,0,1842.6725011625383,0
2009-04-16,1842.6725011625383,0,1842.6725011625383,0
2009-04-17,1842.6725011625383,0,1842.6725011625383,0
2009-04-20,1842.6725011625383,0,1842.6725011625383,0
2009-04-21,1842.6725011625383,0,1842.6725011625383,0
2009-04-22,1842.6725011625383,0,1842.6725011625383,0
2009-04-23,1842.6725011625383,0,1842.6725011625383,0
2009-04-24,1842.6725011625383,0,1842.6725011625383,0
2009-04-27,1842.6725011625383,0,1842.6725011625383,0
2009-04-28,1842.6725011625383,0,1842.6725011625383,0
2009-04-29,1842.6725011625383,0,1842.6725011625383,0
2009-04-30,1842.6725011625383,0,1842.6725011625383,0
2009-05-01,1842.6725011625383,0,1842.6725011625383,0
2009-05-04,1842.6725011625383,0,1842.6725011625383,0
2009-05-05,1842.6725011625383,0,1842.6725011625383,0
2009-05-06,1842.6725011625383,0,1842.6725011625383,0
2009-05-07,1842.6725011625383,0,1842.6725011625383,0
2009-05-08,1842.6725011625383,0,1842.6725011625383,0
2009-05-11,1842.6725011625383,0,1842.6725011625383,0
2009-05-12,1842.6725011625383,0,1842.6725011625383,0
2009-05-13,1842.6725011625383,0,1842.6725011625383,0
2009-05-14,1842.6725011625383,0,1842.6725011625383,0
2009-05-15,1842.6725011625383,0,1842.6725011625383,0
2009-05-18,1842.6725011625383,0,1842.6725011625383,0
2009-05-19,1413.5901817879217,428.2084567990435,1841.7986385869651,1
2009-05-20,977.0888999115296,857.8601422503148,1834.9490421618443,2
2009-05-21,977.0888999115296,796.048652372804,1773.1375522843337,2
2009-05-22,977.0888999115296,785.04337646359,1762.1322763751195,2
2009-05-26,977.0888999115296,884.1471461168113,1861.2360460283408,2
2009-05-27,977.0888999115296,825.9746868774836,1803.0635867890132,2
2009-05-28,977.0888999115296,875.3738830241602,1852.4627829356898,2
2009-05-29,1019.5457606155094,882.441917064892,1901.9876776804012,2
2009-06-01,1498.861643893227,450.55866240421705,1949.420306297444,1
2009-06-02,1068.4668768915662,884.852314792488,1953.3191916840542,2
2009-06-03,1068.4668768915662,845.5011791828351,1913.9680560744014,2
2009-06-04,1068.4668768915662,881.9496830962484,1950.4165599878147,2
2009-06-05,1068.4668768915662,884.4000602293152,1952.8669371208814,2
2009-06-08,1068.4668768915662,891.8402224294512,1960.3070993210174,2
2009-06-09,1102.6172475166309,877.1016432778645,1979.7188907944953,2
2009-06-10,1102.6172475166309,870.5696277794187,1973.1868752960495,2
2009-06-11,1102.6172475166309,891.7808185478515,1994.3980660644825,2
2009-06-12,1102.6172475166309,898.2920571831733,2000.9093046998041,2
2009-06-15,1102.6172475166309,825.2319075728842,1927.849155089515,2
2009-06-16,1102.6172475166309,773.0037980687538,1875.6210455853848,2
2009-06-17,1102.6172475166309,781.2795083438166,1883.8967558604475,2
2009-06-18,1102.6172475166309,827.4666898443584,1930.0839373609892,2
2009-06-19,1102.6172475166309,859.933912707851,1962.551160224482,2
2009-06-22,1102.6172475166309,729.2849407946642,1831.902188311295,2
2009-06-23,1102.6172475166309,749.7168767727944,1852.3341242894253,2
2009-06-24,1102.6172475166309,797.2919202210296,1899.9091677376605,2
2009-06-25,1102.6172475166309,905.3909858007244,2008.0082333173552,2
2009-06-26,1141.5095527247756,869.0684360629616,2010.5779887877372,2
2009-06-29,1166.1838199098052,884.9125860598542,2051.0964059696594,2
2009-06-30,1166.1838199098052,856.2653253133587,2022.449145223164,2
2009-07-01,1166.1838199098052,872.8033326846014,2038.9871525944066,2
2009-07-02,1166.1838199098052,766.1656084864862,1932.3494283962914,2
2009-07-06,1166.1838199098052,781.7025652728444,1947.8863851826495,2
2009-07-07,1166.1838199098052,692.8433425769581,1859.0271624867632,2
2009-07-08,1166.1838199098052,686.2811496251088,1852.464969534914,2
2009-07-09,1166.1838199098052,715.1458179284389,1881.329637838244,2
2009-07-10,1166.1838199098052,706.0749105969803,1872.2587305067855,2
2009-07-13,1166.1838199098052,848.5223814625027,2014.706201372308,2
2009-07-14,1166.1838199098052,884.4393687715806,2050.6231886813857,2
2009-07-15,1685.6558787527572,429.86697825086094,2115.522857003618,1
2009-07-16,1256.6097715663836,872.6315389231773,2129.241310489561,2
2009-07-17,1256.6097715663836,885.0840189846775,2141.6937905510613,2
2009-07-20,1288.8133486731072,885.755068035226,2174.568416708333,2
2009-07-21,1288.8133486731072,902.7372127245854,2191.5505613976925,2
2009-07-22,1308.6624456123668,885.5810524539991,2194.2434980663656,2
2009-07-23,1334.6363216285524,909.912197833944,2244.548519462496,2
2009-07-24,1371.8015956606462,881.8510621486255,2253.6526578092717,2
2009-07-27,1371.8015956606462,887.6085296859708,2259.410125346617,2
2009-07-28,1371.8015956606462,877.1438820738254,2248.9454777344718,2
2009-07-29,1371.8015956606462,862.1181194374442,2233.9197150980904,2
2009-07-30,1371.8015956606462,899.391120470757,2271.1927161314034,2
2009-07-31,1371.8015956606462,900.3157264262873,2272.117322086933,2
2009-08-03,1876.228103432548,436.10879923130744,2312.3369026638557,1
2009-08-04,1444.3038044992027,874.9904912314885,2319.2942957306914,2
2009-08-05,1444.3038044992027,870.2900481908048,2314.593852690007,2
2009-08-06,1444.3038044992027,850.1496503417573,2294.45345484096,2
2009-08-07,1444.3038044992027,897.7120188827735,2342.015823381976,2
2009-08-10,1444.3038044992027,897.7461170160947,2342.0499215152972,2
2009-08-11,1444.3038044992027,857.1249248152026,2301.4287293144052,2
2009-08-12,1444.3038044992027,897.8745478382759,2342.178352337479,2
2009-08-13,1444.3038044992027,923.7582381420643,2368.062042641267,2
2009-08-14,1444.3038044992027,911.8178862163195,2356.121690715522,2
2009-08-17,1444.3038044992027,816.3592151802594,2260.663019679462,2
2009-08-18,1444.3038044992027,872.1707135361708,2316.4745180353734,2
2009-08-19,1444.3038044992027,897.273385110007,2341.5771896092097,2
2009-08-20,1483.8581871550593,895.24782086069,2379.1060080157495,2
2009-08-21,1536.0390920052243,884.0841408438171,2420.1232328490414,2
2009-08-24,1536.0390920052243,891.0972964148242,2427.1363884200487,2
2009-08-25,1536.0390920052243,902.008539297526,2438.0476313027502,2
2009-08-26,1536.0390920052243,905.3596631965852,2441.3987552018098,2
2009-08-27,1567.5833353840553,882.824638805107,2450.4079741891624,2
2009-08-28,1567.5833353840553,880.1966329485203,2447.7799683325757,2
2009-08-31,1567.5833353840553,856.1589530719732,2423.7422884560283,2
2009-09-01,1567.5833353840553,753.3485810919447,2320.931916476,2
2009-09-02,1567.5833353840553,745.9941687468004,2313.5775041308557,2
2009-09-03,1567.5833353840553,799.2437154549568,2366.8270508390124,2
2009-09-04,1567.5833353840553,867.4097357495154,2434.993071133571,2
2009-09-08,1567.5833353840553,909.4190237800271,2477.0023591640825,2
2009-09-09,1615.79162869834,891.1107958904811,2506.9024245888213,2
2009-09-10,1661.9481330106878,876.8528068686323,2538.80093987932,2
2009-09-11,1661.9481330106878,870.2295966660976,2532.1777296767855,2
2009-09-14,1661.9481330106878,899.7502108019453,2561.698343812633,2
2009-09-15,1695.8813925779652,878.4958428663338,2574.377235444299,2
2009-09-16,1727.2041518571043,882.8710391591471,2610.0751910162517,2
2009-09-17,1727.2041518571043,878.1657023825153,2605.3698542396196,2
2009-09-18,1727.2041518571043,885.813523656094,2613.0176755131984,2
2009-09-21,1727.2041518571043,885.5360239762612,2612.7401758333654,2
2009-09-22,1762.316375856992,876.8235389457308,2639.1399148027226,2
2009-09-23,1762.316375856992,844.3581265254102,2606.6745023824024,2
2009-09-24,1762.316375856992,798.7694622194074,2561.0858380763993,2
2009-09-25,1762.316375856992,772.014573381876,2534.330949238868,2
2009-09-28,1762.316375856992,856.3767345783971,2618.693110435389,2
2009-09-29,1762.316375856992,850.2583923825168,2612.5747682395086,2
2009-09-30,1762.316375856992,839.1496001456348,2601.465976002627,2
2009-10-01,1762.316375856992,711.4458469058005,2473.7622227627926,2
2009-10-02,1762.316375856992,690.8800629105212,2453.1964387675134,2
2009-10-05,1762.316375856992,789.684422166333,2552.000798023325,2
2009-10-06,1762.316375856992,861.9277979767464,2624.2441738337384,2
2009-10-07,1762.316375856992,886.6545058450436,2648.9708817020355,2
2009-10-08,1808.366292076965,871.0387014813009,2679.404993558266,2
2009-10-09,1808.366292076965,902.2140450567808,2710.580337133746,2
2009-10-12,1846.2927331458936,885.9302573787538,2732.2229905246477,2
2009-10-13,1846.2927331458936,881.6597897141288,2727.9525228600223,2
2009-10-14,1890.2793517277412,881.5873754690182,2771.8667271967593,2
2009-10-15,1916.8115075431617,878.1145259811947,2794.926033524356,2
2009-10-16,1916.8115075431617,858.805778843602,2775.6172863867637,2
2009-10-19,1916.8115075431617,896.9627775262129,2813.774285069375,2
2009-10-20,1916.8115075431617,888.1973697541822,2805.008877297344,2
2009-10-21,1916.8115075431617,846.9413636987263,2763.752871241888,2
2009-10-22,1916.8115075431617,902.6906266143491,2819.5021341575107,2
2009-10-23,1916.8115075431617,847.994112644146,2764.805620187308,2
2009-10-26,1916.8115075431617,790.3910649844706,2707.2025725276326,2
2009-10-27,1916.8115075431617,774.5041334224121,2691.315640965574,2
2009-10-28,1916.8115075431617,654.3439601976896,2571.1554677408512,2
2009-10-29,1916.8115075431617,796.8207935552336,2713.632301098395,2
2009-10-30,1916.8115075431617,613.268021884501,2530.0795294276627,2
2009-11-02,1916.8115075431617,663.2721081593814,2580.0836157025433,2
2009-11-03,1916.8115075431617,687.6683922505947,2604.4798997937564,2
2009-11-04,1916.8115075431617,706.5888166795165,2623.400324222678,2
2009-11-05,1916.8115075431617,837.9530874918273,2754.764595034989,2
2009-11-06,1916.8115075431617,869.4122345287196,2786.223742071881,2
2009-11-09,2456.353488171989,425.64082221983944,2881.994310391828,1
2009-11-10,2027.5390291148133,855.9912896437497,2883.530318758563,2
2009-11-11,2027.5390291148133,872.3499336329169,2899.88896274773,2
2009-11-12,2027.5390291148133,830.3426721607243,2857.8817012755376,2
2009-11-13,2027.5390291148133,861.7633953784995,2889.3024244933126,2
2009-11-16,2027.5390291148133,916.4573895388804,2943.9964186536936,2
2009-11-17,2050.747974009088,900.7939653957633,2951.5419394048513,2
2009-11-18,2087.9403605423913,870.5925736622014,2958.5329342045925,2
2009-11-19,2087.9403605423913,816.1837905607103,2904.1241511031017,2
2009-11-20,2087.9403605423913,811.7087355419937,2899.649096084385,2
2009-11-23,2087.9403605423913,882.1088102578478,2970.049170800239,2
2009-11-24,2087.9403605423913,891.5093907115229,2979.449751253914,2
2009-11-25,2087.9403605423913,908.344608577775,2996.2849691201664,2
2009-11-27,2087.9403605423913,811.5561002478913,2899.4964607902825,2
2009-11-30,2087.9403605423913,842.3970975069175,2930.3374580493087,2
2009-12-01,2087.9403605423913,913.1919912123299,3001.132351754721,2
2009-12-02,2126.5895765537794,884.561594358234,3011.151170912013,2
2009-12-03,2126.5895765537794,844.5445527999944,2971.134129353774,2
2009-12-04,2126.5895765537794,881.4663735902877,3008.055950144067,2
2009-12-07,2126.5895765537794,877.5201396714376,3004.109716225217,2
2009-12-08,2126.5895765537794,826.0951343163774,2952.684710870157,2
2009-12-09,2126.5895765537794,857.2016485023526,2983.791225056132,2
2009-12-10,2126.5895765537794,887.8417760853808,3014.43135263916,2
2009-12-11,2159.777157662581,875.7196279877483,3035.496785650329,2
2009-12-14,2159.777157662581,911.7774911839124,3071.5546488464934,2
2009-12-15,2159.777157662581,896.0932078643323,3055.8703655269132,2
2009-12-16,2159.777157662581,913.1308437018992,3072.9080013644802,2
2009-12-17,2159.777157662581,856.9910969640928,3016.7682546266738,2
2009-12-18,2159.777157662581,891.0542158658378,3050.8313735284187,2
2009-12-21,2192.7315089398544,908.5623739088817,3101.293882848736,2
2009-12-22,2232.671109508758,887.4686180996906,3120.1397276084485,2
2009-12-23,2232.671109508758,895.3714650055094,3128.0425745142675,2
2009-12-24,2232.671109508758,915.4391198539996,3148.1102293627578,2
2009-12-28,2232.671109508758,925.6202676509872,3158.291377159745,2
2009-12-29,2232.671109508758,924.576510494366,3157.247620003124,2
2009-12-30,2271.4348674553084,887.3744153634918,3158.8092828188,2
2009-12-31,2271.4348674553084,836.0639904086607,3107.498857863969,2
2010-01-04,2302.8817566254456,885.6594937593907,3188.5412503848365,2
2010-01-05,2302.8817566254456,906.0171157663409,3208.8988723917864,2
2010-01-06,2302.8817566254456,912.7665443687547,3215.6483009942003,2
2010-01-07,2325.6034147195483,901.8547701924169,3227.458184911965,2
2010-01-08,2325.6034147195483,922.985050100296,3248.5884648198444,2
2010-01-11,2358.414719732048,905.6755198597969,3264.0902395918447,2
2010-01-12,2358.414719732048,867.8539626274544,3226.2686823595022,2
2010-01-13,2358.414719732048,904.3625830527332,3262.777302784781,2
2010-01-14,2358.414719732048,917.1024986089908,3275.5172183410386,2
2010-01-15,2358.414719732048,881.1794845244444,3239.5942042564925,2
2010-01-19,2385.50906302028,906.8183610665094,3292.3274240867895,2
2010-01-20,2385.50906302028,858.1714954601186,3243.6805584803988,2
2010-01-21,2385.50906302028,731.3510232381584,3116.860086258438,2
2010-01-22,2385.50906302028,584.4718427590055,2969.9809057792854,2
2010-01-25,2385.50906302028,622.4925941041383,3008.001657124418,2
2010-01-26,2385.50906302028,604.5615290288274,2990.0705920491073,2
2010-01-27,2385.50906302028,644.2954751682212,3029.8045381885013,2
2010-01-28,2385.50906302028,567.048113870144,2952.5571768904238,2
2010-01-29,2385.50906302028,500.60940629763877,2886.1184693179184,2
2010-02-01,2385.50906302028,608.2430927813725,2993.7521558016524,2
2010-02-02,2385.50906302028,713.1090676124031,3098.618130632683,2
2010-02-03,2385.50906302028,676.6032073278552,3062.112270348135,2
2010-02-04,2385.50906302028,424.13163849630564,2809.6407015165855,2
2010-02-05,2385.50906302028,442.8086217485728,2828.317684768853,2
2010-02-08,2385.50906302028,363.26543916139974,2748.7745021816795,2
2010-02-09,2385.50906302028,466.81435281034214,2852.3234158306223,2
2010-02-10,2385.50906302028,442.85778885126774,2828.3668518715476,2
2010-02-11,2385.50906302028,539.7577515836479,2925.2668146039277,2
2010-02-12,2385.50906302028,511.3996466005091,2896.908709620789,2
2010-02-16,2890.4193821510203,355.70992317649143,3246.1293053275117,1
2010-02-17,2890.4193821510203,385.20709315235644,3275.6264753033765,1
2010-02-18,2890.4193821510203,428.03622057725977,3318.45560272828,1
2010-02-19,2453.1904291412066,883.9768280764531,3337.1672572176594,2
2010-02-22,2935.6218058967074,438.8561247532507,3374.477930649958,1
2010-02-23,2935.6218058967074,409.38243578485344,3345.004241681561,1
2010-02-24,2935.6218058967074,436.0049082472205,3371.626714143928,1
2010-02-25,2935.6218058967074,435.05974432326366,3370.681550219971,1
2010-02-26,2935.6218058967074,442.8653093388836,3378.487115235591,1
2010-03-01,2500.7213966649256,898.6321671587978,3399.3535638237236,2
2010-03-02,2529.957863716439,879.4527801522484,3409.4106438686877,2
2010-03-03,2529.957863716439,886.6600704747711,3416.61793419121,2
2010-03-04,2529.957863716439,902.6481828759888,3432.606046592428,2
2010-03-05,3030.6013508662672,447.9292671097742,3478.5306179760414,1
2010-03-08,2583.91195011468,894.9381876074067,3478.850137722087,2
2010-03-09,2583.91195011468,901.7561413219834,3485.6680914366634,2
2010-03-10,2583.91195011468,910.6224853909116,3494.534435505592,2
2010-03-11,2583.91195011468,930.0064088886683,3513.9183590033485,2
2010-03-12,2583.91195011468,937.3156174387359,3521.227567553416,2
2010-03-15,2583.91195011468,942.8138550852545,3526.7258051999347,2
2010-03-16,3097.739251612329,445.437755990499,3543.177007602828,1
2010-03-17,2651.4422136903872,905.3546764651855,3556.796890155573,2
2010-03-18,2651.4422136903872,910.7065585625483,3562.1487722529355,2
2010-03-19,2651.4422136903872,892.235426406806,3543.677640097193,2
2010-03-22,2651.4422136903872,919.0297093918427,3570.47192308223,2
2010-03-23,2683.3529791211104,912.0473007335902,3595.400279854701,2
2010-03-24,2683.3529791211104,880.8858603907095,3564.2388395118196,2
2010-03-25,2683.3529791211104,866.8565966560768,3550.209575777187,2
2010-03-26,2683.3529791211104,881.0243584910615,3564.3773376121717,2
2010-03-29,2683.3529791211104,913.3082167602158,3596.6611958813264,2
2010-03-30,2716.464855800864,886.7962044161283,3603.261060216992,2
2010-03-31,2716.464855800864,871.3833295414072,3587.848185342271,2
2010-04-01,2716.464855800864,903.2682532047485,3619.7331090056123,2
2010-04-05,2747.2866936701803,910.7003834290109,3657.987077099191,2
2010-04-06,2782.7558155790293,889.6815240852575,3672.437339664287,2
2010-04-07,2782.7558155790293,864.1176251300583,3646.873440709088,2
2010-04-08,2782.7558155790293,882.5430939384412,3665.2989095174707,2
2010-04-09,2782.7558155790293,913.4485932710832,3696.2044088501125,2
2010-04-12,2819.5140671629388,894.9094512045492,3714.423518367488,2
2010-04-13,2819.5140671629388,891.9993237007208,3711.5133908636594,2
2010-04-14,2854.096531067794,900.0363302462249,3754.1328613140186,2
2010-04-15,2854.096531067794,901.6564313628062,3755.7529624306,2
2010-04-16,2854.096531067794,801.6211509956149,3655.7176820634086,2
2010-04-19,2854.096531067794,846.674398535398,3700.7709296031917,2
2010-04-20,2854.096531067794,905.5305806911138,3759.6271117589076,2
2010-04-21,2854.096531067794,897.2858708001868,3751.3824018679807,2
2010-04-22,2854.096531067794,907.2690909117675,3761.365621979561,2
2010-04-23,2881.4407429721646,901.9565886706404,3783.397331642805,2
2010-04-26,2881.4407429721646,885.3121351231819,3766.752878095346,2
2010-04-27,2881.4407429721646,712.4708453542692,3593.911588326434,2
2010-04-28,2881.4407429721646,768.0440345053348,3649.4847774774994,2
2010-04-29,2881.4407429721646,866.9569629261704,3748.397705898335,2
2010-04-30,2881.4407429721646,744.4459797275322,3625.8867226996967,2
2010-05-03,2881.4407429721646,847.9475761588044,3729.3883191309687,2
2010-05-04,2881.4407429721646,678.3319162597863,3559.772659231951,2
2010-05-05,2881.4407429721646,631.6814853108095,3513.122228282974,2
2010-05-06,2881.4407429721646,416.9895585853062,3298.4303015574706,2
2010-05-07,2881.4407429721646,356.2407656111958,3237.6815085833605,2
2010-05-10,2881.4407429721646,594.4251634723688,3475.8659064445333,2
2010-05-11,2881.4407429721646,574.6736986593955,3456.11444163156,2
2010-05-12,2881.4407429721646,700.089266347195,3581.5300093193596,2
2010-05-13,2881.4407429721646,600.0587389093948,3481.4994818815594,2
2010-05-14,2881.4407429721646,432.78142562677857,3314.222168598943,2
2010-05-17,2881.4407429721646,422.47134374494453,3303.912086717109,2
2010-05-18,2881.4407429721646,259.4055459063256,3140.84628887849,2
2010-05-19,2938.922815252334,159.6089826411557,3098.53179789349,1
2010-05-20,2938.922815252334,82.34246077189056,3021.265276024225,1
2010-05-21,2938.922815252334,90.79614227169799,3029.7189575240322,1
2010-05-24,2938.922815252334,31.41702860037867,2970.339843852713,1
2010-05-25,2938.922815252334,14.715026879476056,2953.6378421318104,1
2010-05-26,2938.922815252334,3.894133176879677,2942.816948429214,1
2010-05-27,2938.922815252334,15.195941757465903,2954.1187570098,1
2010-05-28,2993.7181257961247,0,2993.7181257961247,0
2010-06-01,2993.7181257961247,0,2993.7181257961247,0
2010-06-02,2993.7181257961247,0,2993.7181257961247,0
2010-06-03,2993.7181257961247,0,2993.7181257961247,0
2010-06-04,2993.7181257961247,0,2993.7181257961247,0
2010-06-07,2993.7181257961247,0,2993.7181257961247,0
2010-06-08,2993.7181257961247,0,2993.7181257961247,0
2010-06-09,2993.7181257961247,0,2993.7181257961247,0
2010-06-10,2993.7181257961247,0,2993.7181257961247,0
2010-06-11,2993.7181257961247,0,2993.7181257961247,0
2010-06-14,2993.7181257961247,0,2993.7181257961247,0
2010-06-15,2993.7181257961247,0,2993.7181257961247,0
2010-06-16,2993.7181257961247,0,2993.7181257961247,0
2010-06-17,2993.7181257961247,0,2993.7181257961247,0
2010-06-18,2993.7181257961247,0,2993.7181257961247,0
2010-06-21,2993.7181257961247,0,2993.7181257961247,0
2010-06-22,2993.7181257961247,0,2993.7181257961247,0
2010-06-23,2993.7181257961247,0,2993.7181257961247,0
2010-06-24,2993.7181257961247,0,2993.7181257961247,0
2010-06-25,2993.7181257961247,0,2993.7181257961247,0
2010-06-28,2993.7181257961247,0,2993.7181257961247,0
2010-06-29,2993.7181257961247,0,2993.7181257961247,0
2010-06-30,2993.7181257961247,0,2993.7181257961247,0
2010-07-01,2993.7181257961247,0,2993.7181257961247,0
2010-07-02,2993.7181257961247,0,2993.7181257961247,0
2010-07-06,2993.7181257961247,0,2993.7181257961247,0
2010-07-07,2993.7181257961247,0,2993.7181257961247,0
2010-07-08,2993.7181257961247,0,2993.7181257961247,0
2010-07-09,2993.7181257961247,0,2993.7181257961247,0
2010-07-12,2993.7181257961247,0,2993.7181257961247,0
2010-07-13,2993.7181257961247,0,2993.7181257961247,0
2010-07-14,2557.95203337769,433.99610921607206,2991.948142593762,1
2010-07-15,2121.9613074584627,870.3710081217755,2992.332315580238,2
2010-07-16,2121.9613074584627,768.0689914851553,2890.0302989436177,2
2010-07-19,2121.9613074584627,802.7542986676312,2924.715606126094,2
2010-07-20,2121.9613074584627,865.2163738358518,2987.1776812943144,2
2010-07-21,2121.9613074584627,807.6242795548146,2929.5855870132773,2
2010-07-22,2121.9613074584627,893.0140501500028,3014.9753576084654,2
2010-07-23,2121.9613074584627,926.8644826273214,3048.8257900857843,2
2010-07-26,2651.2842243401797,428.5402448852543,3079.824469225434,1
2010-07-27,2225.5029792738815,850.3837636002586,3075.88674287414,2
2010-07-28,2225.5029792738815,819.12804513163,3044.631024405511,2
2010-07-29,2225.5029792738815,808.6072260127908,3034.110205286672,2
2010-07-30,2225.5029792738815,818.7711630230048,3044.274142296886,2
2010-08-02,2225.5029792738815,913.6184494846534,3139.121428758535,2
2010-08-03,2225.5029792738815,898.4076764769297,3123.910655750811,2
2010-08-04,2225.5029792738815,921.6974995999583,3147.2004788738395,2
2010-08-05,2225.5029792738815,923.2864900826248,3148.7894693565063,2
2010-08-06,2225.5029792738815,921.2207831558733,3146.723762429755,2
2010-08-09,2729.406793006774,434.54987786276104,3163.956670869535,1
2010-08-10,2289.7012215985637,863.9490756011385,3153.6502971997024,2
2010-08-11,2289.7012215985637,729.9910615277088,3019.6922831262727,2
2010-08-12,2289.7012215985637,706.5895646944043,2996.290786292968,2
2010-08-13,2289.7012215985637,687.261543488414,2976.962765086978,2
2010-08-16,2289.7012215985637,696.7510535929407,2986.4522751915047,2
2010-08-17,2289.7012215985637,770.7931254441557,3060.4943470427197,2
2010-08-18,2289.7012215985637,778.595152793676,3068.2963743922396,2
2010-08-19,2289.7012215985637,686.2572710315224,2975.958492630086,2
2010-08-20,2289.7012215985637,677.1515225978682,2966.852744196432,2
2010-08-23,2289.7012215985637,662.8585375633232,2952.559759161887,2
2010-08-24,2289.7012215985637,571.3286596878444,2861.029881286408,2
2010-08-25,2289.7012215985637,595.530260787503,2885.231482386067,2
2010-08-26,2289.7012215985637,547.1782857083487,2836.8795073069123,2
2010-08-27,2289.7012215985637,668.851752394336,2958.5529739928998,2
2010-08-30,2289.7012215985637,563.5933896065974,2853.2946112051613,2
2010-08-31,2289.7012215985637,571.8556106402109,2861.5568322387744,2
2010-09-01,2289.7012215985637,796.7950145283176,3086.4962361268813,2
2010-09-02,2289.7012215985637,862.7133735003474,3152.4145950989114,2
2010-09-03,2325.9075732322003,902.0417412360222,3227.9493144682224,2
2010-09-07,2325.9075732322003,863.2868399416859,3189.1944131738865,2
2010-09-08,2365.531840112378,859.3698320205103,3224.9016721328885,2
2010-09-09,2365.531840112378,881.9715805938966,3247.503420706275,2
2010-09-10,2365.531840112378,906.9416041743696,3272.4734442867475,2
2010-09-13,2877.387680555664,431.5188361772666,3308.9065167329304,1
2010-09-14,2447.257669118904,858.2580533270647,3305.5157224459685,2
2010-09-15,2447.257669118904,866.8069351553138,3314.0646042742173,2
2010-09-16,2447.257669118904,873.0915463168191,3320.3492154357227,2
2010-09-17,2447.257669118904,875.8324279801005,3323.090097099004,2
2010-09-20,2944.8283931635374,429.00116849594497,3373.8295616594824,1
2010-09-21,2508.860142159807,856.4846342748173,3365.3447764346242,2
2010-09-22,2508.860142159807,841.7486682346346,3350.608810394441,2
2010-09-23,2508.860142159807,799.8685660269482,3308.7287081867553,2
2010-09-24,2508.860142159807,896.3353844065599,3405.195526566367,2
2010-09-27,2508.860142159807,881.5726944959555,3390.4328366557625,2
2010-09-28,2508.860142159807,898.8510929650859,3407.7112351248925,2
2010-09-29,2508.860142159807,888.8223497851379,3397.6824919449446,2
2010-09-30,2508.860142159807,879.0604714821171,3387.920613641924,2
2010-10-01,2508.860142159807,907.9822465985375,3416.8423887583444,2
2010-10-04,2508.860142159807,887.2306477372792,3396.0907898970863,2
2010-10-05,3025.2545096988074,437.5213318962284,3462.7758415950357,1
2010-10-06,2586.3262983591244,877.5604843601132,3463.8867827192375,2
2010-10-07,2586.3262983591244,874.891743599437,3461.218041958561,2
2010-10-08,2586.3262983591244,904.9241809816247,3491.250479340749,2
2010-10-11,2586.3262983591244,932.5491178425559,3518.8754162016803,2
2010-10-12,3089.1278543815256,437.0965395575051,3526.2243939390305,1
2010-10-13,2655.2813377983125,881.8612834424696,3537.1426212407823,2
2010-10-14,2655.2813377983125,862.621848325204,3517.9031861235167,2
2010-10-15,2655.2813377983125,883.0251932143227,3538.3065310126353,2
2010-10-18,2655.2813377983125,914.0360118234535,3569.317349621766,2
2010-10-19,2655.2813377983125,845.2374178099328,3500.5187556082456,2
2010-10-20,2655.2813377983125,896.4813372996914,3551.762675098004,2
2010-10-21,2655.2813377983125,911.3111848353007,3566.592522633613,2
2010-10-22,2681.209548669028,898.2693591821915,3579.4789078512194,2
2010-10-25,2681.209548669028,903.1218153346086,3584.3313640036367,2
2010-10-26,2681.209548669028,902.8659145900674,3584.0754632590956,2
2010-10-27,2681.209548669028,893.0132976469256,3574.2228463159536,2
2010-10-28,2681.209548669028,898.9265016312897,3580.136050300318,2
2010-10-29,2681.209548669028,898.466985683857,3579.676534352885,2
2010-11-01,2681.209548669028,908.9593178519816,3590.16886652101,2
2010-11-02,2732.433968506005,883.3431781978594,3615.777146703864,2
2010-11-03,2776.502004364834,871.7736548215252,3648.2756591863595,2
2010-11-04,3274.005737193276,436.90293398114045,3710.9086711744167,1
2010-11-05,2842.9565896508466,876.4510510565331,3719.40764070738,2
2010-11-08,2842.9565896508466,877.6537234975681,3720.6103131484147,2
2010-11-09,2842.9565896508466,838.7439199938246,3681.700509644671,2
2010-11-10,2842.9565896508466,867.9330381261466,3710.889627776993,2
2010-11-11,2842.9565896508466,851.8216217439219,3694.7782113947687,2
2010-11-12,2842.9565896508466,775.1982634916519,3618.1548531424987,2
2010-11-15,2842.9565896508466,784.6554103772645,3627.612000028111,2
2010-11-16,2842.9565896508466,670.0074567751508,3512.9640464259974,2
2010-11-17,2842.9565896508466,680.6780299968991,3523.6346196477457,2
2010-11-18,2842.9565896508466,809.8012007140192,3652.7577903648657,2
2010-11-19,2842.9565896508466,837.6568630435968,3680.6134526944434,2
2010-11-22,2842.9565896508466,840.603454041037,3683.5600436918835,2
2010-11-23,2842.9565896508466,726.7085503608291,3569.6651400116757,2
2010-11-24,2842.9565896508466,841.1227966676086,3684.0793863184554,2
2010-11-26,2842.9565896508466,780.2635702814412,3623.220159932288,2
2010-11-29,2842.9565896508466,802.5353431204976,3645.491932771344,2
2010-11-30,2842.9565896508466,747.5858637141494,3590.5424533649957,2
2010-12-01,2881.098553923082,873.5464524474737,3754.6450063705556,2
2010-12-02,2929.2417351420077,891.9578488751393,3821.199584017147,2
2010-12-03,2968.5925196818102,876.3632200674638,3844.955739749274,2
2010-12-06,2968.5925196818102,880.7002378324287,3849.292757514239,2
2010-12-07,2968.5925196818102,886.1660213407592,3854.7585410225693,2
2010-12-08,2968.5925196818102,905.1016974378927,3873.694217119703,2
2010-12-09,3004.07065448942,887.1453674676374,3891.2160219570574,2
2010-12-10,3004.07065448942,905.7950262708453,3909.8656807602656,2
2010-12-13,3032.156874992495,885.7498672051611,3917.906742197656,2
2010-12-14,3032.156874992495,891.17576153333,3923.332636525825,2
2010-12-15,3032.156874992495,871.2348004734017,3903.3916754658967,2
2010-12-16,3032.156874992495,903.6559434186709,3935.8128184111656,2
2010-12-17,3055.805612013306,898.6677105028372,3954.473322516143,2
2010-12-20,3055.805612013306,911.968255320626,3967.773867333932,2
2010-12-21,3089.2628276279197,895.2888340132804,3984.5516616412,2
2010-12-22,3122.2429751950335,886.8971920086761,4009.1401672037096,2
2010-12-23,3122.2429751950335,868.5203771719695,3990.763352367003,2
2010-12-27,3122.2429751950335,867.3712409477482,3989.6142161427815,2
2010-12-28,3122.2429751950335,875.9720945674119,3998.2150697624456,2
2010-12-29,3122.2429751950335,886.6594956645042,4008.902470859538,2
2010-12-30,3122.2429751950335,881.2184811222352,4003.4614563172686,2
2010-12-31,3122.2429751950335,881.3276160173446,4003.570591212378,2
2011-01-03,3154.14060520994,899.4554762360815,4053.5960814460213,2
2011-01-04,3154.14060520994,901.2299859724574,4055.370591182397,2
2011-01-05,3188.9233900728386,887.4601238370606,4076.383513909899,2
2011-01-06,3188.9233900728386,877.5780423166743,4066.501432389513,2
2011-01-07,3188.9233900728386,877.0878050365513,4066.01119510939,2
2011-01-10,3188.9233900728386,876.1970109682426,4065.120401041081,2
2011-01-11,3188.9233900728386,902.0830966117007,4091.0064866845396,2
2011-01-12,3224.7737937335023,902.0231286259277,4126.79692235943,2
2011-01-13,3224.7737937335023,897.0275101445718,4121.801303878074,2
2011-01-14,3260.8419478666806,896.2965299468256,4157.138477813506,2
2011-01-18,3260.8419478666806,907.2315383905823,4168.073486257263,2
2011-01-19,3260.8419478666806,849.438985833631,4110.280933700312,2
2011-01-20,3260.8419478666806,837.7868763202212,4098.6288241869015,2
2011-01-21,3260.8419478666806,846.4901970549247,4107.3321449216055,2
2011-01-24,3260.8419478666806,893.5804141404082,4154.422362007089,2
2011-01-25,3260.8419478666806,899.4563870803197,4160.2983349470005,2
2011-01-26,3294.8737554358545,892.2772926892621,4187.151048125117,2
2011-01-27,3294.8737554358545,910.233686187446,4205.1074416233005,2
2011-01-28,3294.8737554358545,783.2445515472564,4078.118306983111,2
2011-01-31,3294.8737554358545,840.5828754364677,4135.456630872322,2
2011-02-01,3338.7201483316794,883.4994400759155,4222.2195884075945,2
2011-02-02,3338.7201483316794,880.8709729460638,4219.591121277743,2
2011-02-03,3338.7201483316794,900.6054592019254,4239.325607533605,2
2011-02-04,3362.1665358717846,896.942544768363,4259.109080640148,2
2011-02-07,3362.1665358717846,921.6404161646379,4283.806952036422,2
2011-02-08,3395.884600957968,905.0309108409142,4300.915511798882,2
2011-02-09,3395.884600957968,897.3052462783714,4293.189847236339,2
2011-02-10,3395.884600957968,899.9629784643237,4295.847579422291,2
2011-02-11,3426.8305394802987,892.3396036683905,4319.170143148689,2
2011-02-14,3426.8305394802987,906.3541613157081,4333.184700796007,2
2011-02-15,3426.8305394802987,891.8809825889987,4318.711522069298,2
2011-02-16,3426.8305394802987,912.897188030206,4339.727727510504,2
2011-02-17,3426.8305394802987,927.2718266250893,4354.102366105388,2
2011-02-18,3451.955726259509,909.8554067605664,4361.811133020075,2
2011-02-22,3451.955726259509,781.3601413936615,4233.31586765317,2
2011-02-23,3451.955726259509,739.2176309870656,4191.173357246575,2
2011-02-24,3451.955726259509,745.4727774278509,4197.42850368736,2
2011-02-25,3451.955726259509,828.7682344913392,4280.723960750848,2
2011-02-28,3451.955726259509,878.726562100667,4330.682288360176,2
2011-03-01,3451.955726259509,770.886474910201,4222.84220116971,2
2011-03-02,3451.955726259509,788.7735225408799,4240.729248800389,2
2011-03-03,3451.955726259509,902.1379052265651,4354.093631486074,2
2011-03-04,3451.955726259509,870.6097497442536,4322.565476003762,2
2011-03-07,3451.955726259509,828.1988107419324,4280.154537001441,2
2011-03-08,3451.955726259509,890.7580633295261,4342.7137895890355,2
2011-03-09,3451.955726259509,888.0157005745807,4339.9714268340895,2
2011-03-10,3451.955726259509,763.7682663893969,4215.723992648906,2
2011-03-11,3451.955726259509,841.3306991286823,4293.286425388192,2
2011-03-14,3451.955726259509,824.8640753963571,4276.819801655866,2
2011-03-15,3451.955726259509,716.3121288410105,4168.267855100519,2
2011-03-16,3451.955726259509,486.46395438813244,3938.4196806476416,2
2011-03-17,3451.955726259509,680.2858960595545,4132.241622319063,2
2011-03-18,3998.98466581106,313.31473202505185,4312.299397836112,1
2011-03-21,3998.98466581106,429.47356700143763,4428.458232812498,1
2011-03-22,3998.98466581106,426.068956606477,4425.053622417537,1
2011-03-23,3998.98466581106,459.4808068527596,4458.46547266382,1
2011-03-24,4063.0233757169817,430.2838149680573,4493.307190685039,1
2011-03-25,3624.9929494658363,875.1613955529583,4500.154345018795,2
2011-03-28,3624.9929494658363,854.5288912287135,4479.52184069455,2
2011-03-29,3624.9929494658363,899.2590954778517,4524.252044943688,2
2011-03-30,3624.9929494658363,927.5044604947279,4552.497409960564,2
2011-03-31,3624.9929494658363,925.2636678077665,4550.256617273602,2
2011-04-01,4129.105656539539,436.6366091004792,4565.742265640019,1
2011-04-04,3691.2118782846596,877.760196682069,4568.9720749667285,2
2011-04-05,3691.2118782846596,883.5096651347093,4574.721543419369,2
2011-04-06,3691.2118782846596,899.0807579469566,4590.292636231617,2
2011-04-07,3691.2118782846596,894.1113902082263,4585.323268492886,2
2011-04-08,3691.2118782846596,872.1865122061985,4563.398390490858,2
2011-04-11,3691.2118782846596,888.7498018097028,4579.961680094362,2
2011-04-12,3691.2118782846596,850.264930468752,4541.476808753412,2
2011-04-13,3691.2118782846596,857.6428238281923,4548.854702112852,2
2011-04-14,3691.2118782846596,871.3140581793441,4562.525936464004,2
2011-04-15,3691.2118782846596,906.544649370413,4597.756527655072,2
2011-04-18,3691.2118782846596,842.0063042920895,4533.218182576749,2
2011-04-19,3691.2118782846596,893.6634794835522,4584.875357768212,2
2011-04-20,4210.547734912989,434.2683752358479,4644.816110148837,1
2011-04-21,3760.953574420448,897.5030630890785,4658.456637509526,2
2011-04-25,3760.953574420448,887.1207842270203,4648.074358647468,2
2011-04-26,3760.953574420448,924.3248401541143,4685.278414574563,2
2011-04-27,3793.350542365608,912.0719952413078,4705.422537606915,2
2011-04-28,3837.3058866662136,888.3497138703467,4725.65560053656,2
2011-04-29,3837.3058866662136,898.2369283195509,4735.542814985764,2
2011-05-02,3837.3058866662136,882.1885849015956,4719.494471567809,2
2011-05-03,3837.3058866662136,860.7830497209113,4698.088936387125,2
2011-05-04,3837.3058866662136,825.3978223806749,4662.703709046888,2
2011-05-05,3837.3058866662136,762.7652663518717,4600.071153018085,2
2011-05-06,3837.3058866662136,786.0640338217224,4623.369920487936,2
2011-05-09,3837.3058866662136,839.6394712731587,4676.945357939372,2
2011-05-10,3837.3058866662136,899.9903407705743,4737.296227436788,2
2011-05-11,3837.3058866662136,833.9422266977069,4671.24811336392,2
2011-05-12,3837.3058866662136,878.0452088189397,4715.351095485154,2
2011-05-13,3837.3058866662136,822.5947301460342,4659.900616812248,2
2011-05-16,3837.3058866662136,781.7942307276641,4619.100117393878,2
2011-05-17,3837.3058866662136,793.4643237131331,4630.770210379347,2
2011-05-18,3837.3058866662136,876.3993676326897,4713.705254298903,2
2011-05-19,3837.3058866662136,904.3580585769089,4741.663945243123,2
2011-05-20,3837.3058866662136,839.4475566701083,4676.753443336322,2
2011-05-23,3837.3058866662136,754.1679518254956,4591.473838491709,2
2011-05-24,3837.3058866662136,759.9372419905093,4597.243128656723,2
2011-05-25,3837.3058866662136,811.5186291484251,4648.824515814638,2
2011-05-26,3837.3058866662136,871.8159228277241,4709.121809493938,2
2011-05-27,3864.4058590016343,887.1181198169335,4751.523978818568,2
2011-05-31,3920.2668068807757,908.4589264261601,4828.725733306936,2
2011-06-01,3920.2668068807757,769.9320678428716,4690.198874723647,2
2011-06-02,3920.2668068807757,768.6669094272925,4688.933716308068,2
2011-06-03,3920.2668068807757,714.8723435485622,4635.139150429338,2
2011-06-06,3920.2668068807757,643.5036871217139,4563.77049400249,2
2011-06-07,3920.2668068807757,641.627638836599,4561.894445717375,2
2011-06-08,3920.2668068807757,606.9913669218963,4527.258173802672,2
2011-06-09,3920.2668068807757,672.0247640982064,4592.291570978982,2
2011-06-10,3920.2668068807757,556.4934870690333,4476.760293949809,2
2011-06-13,3920.2668068807757,561.3204499046475,4481.587256785423,2
2011-06-14,3920.2668068807757,675.0831952133233,4595.350002094099,2
2011-06-15,3920.2668068807757,516.7516470586804,4437.018453939456,2
2011-06-16,3920.2668068807757,528.5149310958114,4448.7817379765875,2
2011-06-17,3920.2668068807757,555.9909751813283,4476.257782062104,2
2011-06-20,3920.2668068807757,618.5291082826366,4538.795915163412,2
2011-06-21,3920.2668068807757,753.6392144537924,4673.906021334568,2
2011-06-22,3920.2668068807757,705.2057509416962,4625.472557822472,2
2011-06-23,3920.2668068807757,677.5939160077389,4597.860722888515,2
2011-06-24,3920.2668068807757,546.916455263235,4467.183262144011,2
2011-06-27,3920.2668068807757,675.0566671443041,4595.32347402508,2
2011-06-28,3920.2668068807757,834.7611573536578,4755.027964234434,2
2011-06-29,4415.766842058766,423.9634781767593,4839.730320235525,1
2011-06-30,4444.394808486995,441.0354654936447,4885.43027398064,1
2011-07-01,4000.3943163387567,911.4928534528156,4911.887169791572,2
2011-07-05,4030.57780375979,883.3035368799893,4913.881340639779,2
2011-07-06,4030.57780375979,886.2952458752701,4916.87304963506,2
2011-07-07,4030.57780375979,929.1758606348741,4959.753664394664,2
2011-07-08,4030.57780375979,910.2940272457536,4940.871831005544,2
2011-07-11,4030.57780375979,807.0567095771727,4837.634513336963,2
2011-07-12,4030.57780375979,768.3190942456924,4798.896898005482,2
2011-07-13,4030.57780375979,788.8366306050671,4819.414434364857,2
2011-07-14,4030.57780375979,744.689085814889,4775.266889574679,2
2011-07-15,4030.57780375979,795.1590372777977,4825.7368410375875,2
2011-07-18,4030.57780375979,743.7360891740968,4774.3138929338875,2
2011-07-19,4030.57780375979,861.5848709917225,4892.162674751513,2
2011-07-20,4030.57780375979,865.453544317759,4896.031348077549,2
2011-07-21,4066.361081788587,902.6210797327637,4968.9821615213505,2
2011-07-22,4094.4539422195317,878.705949558718,4973.159891778249,2
2011-07-25,4094.4539422195317,842.0702538324387,4936.524196051971,2
2011-07-26,4094.4539422195317,816.8592571240536,4911.313199343585,2
2011-07-27,4094.4539422195317,689.6852854179574,4784.139227637489,2
2011-07-28,4094.4539422195317,668.8687725226696,4763.322714742201,2
2011-07-29,4094.4539422195317,626.3115273564547,4720.765469575987,2
2011-08-01,4094.4539422195317,617.1999846670307,4711.653926886563,2
2011-08-02,4094.4539422195317,453.58154033466747,4548.035482554199,2
2011-08-03,4094.4539422195317,484.32578790546756,4578.779730124999,2
2011-08-04,4094.4539422195317,249.79404926785946,4344.247991487391,2
2011-08-05,4094.4539422195317,244.39235629422882,4338.84629851376,2
2011-08-08,4094.4539422195317,119.41152224820968,4213.865464467742,2
2011-08-09,4094.4539422195317,156.5898600574826,4251.043802277014,2
2011-08-10,4094.4539422195317,85.94756017680112,4180.401502396333,2
2011-08-11,4094.4539422195317,165.01394104061404,4259.467883260146,2
2011-08-12,4094.4539422195317,158.53065898866703,4252.984601208199,2
2011-08-15,4094.4539422195317,187.94694720168934,4282.400889421221,2
2011-08-16,4094.4539422195317,139.2610561444144,4233.7149983639465,2
2011-08-17,4094.4539422195317,121.99247023770283,4216.446412457234,2
2011-08-18,4094.4539422195317,47.61819808231422,4142.072140301846,2
2011-08-19,4094.4539422195317,21.617706914814505,4116.071649134346,2
2011-08-22,4094.4539422195317,3.5886722702741736,4098.042614489806,2
2011-08-23,4094.4539422195317,4.868311396356262,4099.322253615888,2
2011-08-24,4094.4539422195317,3.6192914378418095,4098.073233657374,2
2011-08-25,4156.187091326337,0.10310140512217458,4156.29019273146,1
2011-08-26,4215.781720744517,0,4215.781720744517,0
2011-08-29,4215.781720744517,0,4215.781720744517,0
2011-08-30,4215.781720744517,0,4215.781720744517,0
2011-08-31,4215.781720744517,0,4215.781720744517,0
2011-09-01,4215.781720744517,0,4215.781720744517,0
2011-09-02,4215.781720744517,0,4215.781720744517,0
2011-09-06,4215.781720744517,0,4215.781720744517,0
2011-09-07,4215.781720744517,0,4215.781720744517,0
2011-09-08,4215.781720744517,0,4215.781720744517,0
2011-09-09,4215.781720744517,0,4215.781720744517,0
2011-09-12,4215.781720744517,0,4215.781720744517,0
2011-09-13,4215.781720744517,0,4215.781720744517,0
2011-09-14,4215.781720744517,0,4215.781720744517,0
2011-09-15,4215.781720744517,0,4215.781720744517,0
2011-09-16,4215.781720744517,0,4215.781720744517,0
2011-09-19,4215.781720744517,0,4215.781720744517,0
2011-09-20,4215.781720744517,0,4215.781720744517,0
2011-09-21,4215.781720744517,0,4215.781720744517,0
2011-09-22,4215.781720744517,0,4215.781720744517,0
2011-09-23,4215.781720744517,0,4215.781720744517,0
2011-09-26,4215.781720744517,0,4215.781720744517,0
2011-09-27,4215.781720744517,0,4215.781720744517,0
2011-09-28,4215.781720744517,0,4215.781720744517,0
2011-09-29,4215.781720744517,0,4215.781720744517,0
2011-09-30,4215.781720744517,0,4215.781720744517,0
2011-10-03,4215.781720744517,0,4215.781720744517,0
2011-10-04,4215.781720744517,0,4215.781720744517,0
2011-10-05,4215.781720744517,0,4215.781720744517,0
2011-10-06,4215.781720744517,0,4215.781720744517,0
2011-10-07,4215.781720744517,0,4215.781720744517,0
2011-10-10,4215.781720744517,0,4215.781720744517,0
2011-10-11,4215.781720744517,0,4215.781720744517,0
2011-10-12,4215.781720744517,0,4215.781720744517,0
2011-10-13,4215.781720744517,0,4215.781720744517,0
2011-10-14,3798.0231778323546,416.85537300631916,4214.878550838674,1
2011-10-17,3798.0231778323546,370.92281431908066,4168.945992151435,1
2011-10-18,3798.0231778323546,410.5296373834427,4208.552815215798,1
2011-10-19,3798.0231778323546,382.4819199468117,4180.505097779166,1
2011-10-20,3798.0231778323546,390.06846908408585,4188.09164691644,1
2011-10-21,3798.0231778323546,431.4360809413706,4229.459258773725,1
2011-10-24,3834.283584224448,420.8714401024098,4255.1550243268575,1
2011-10-25,3834.283584224448,380.88474689113986,4215.1683311155875,1
2011-10-26,3416.5640324028377,825.0097564042501,4241.573788807088,2
2011-10-27,3928.39585867034,424.2881639268127,4352.684022597153,1
2011-10-28,3497.5509499015966,860.711002297651,4358.261952199247,2
2011-10-31,3497.5509499015966,737.2111031974459,4234.7620530990425,2
2011-11-01,3497.5509499015966,604.6631498208321,4102.214099722429,2
2011-11-02,3497.5509499015966,677.9364178045569,4175.487367706153,2
2011-11-03,3497.5509499015966,765.962279495598,4263.513229397195,2
2011-11-04,3497.5509499015966,749.2618012514401,4246.8127511530365,2
2011-11-07,3497.5509499015966,787.7955471985631,4285.3464971001595,2
2011-11-08,3497.5509499015966,854.0316594416458,4351.582609343242,2
2011-11-09,3497.5509499015966,652.8085476060028,4150.359497507599,2
2011-11-10,3497.5509499015966,711.2171406937083,4208.768090595305,2
2011-11-11,3497.5509499015966,814.5139821724481,4312.064932074045,2
2011-11-14,3497.5509499015966,785.8486721475455,4283.399622049142,2
2011-11-15,3497.5509499015966,811.5665475141656,4309.117497415762,2
2011-11-16,3497.5509499015966,728.2103948988006,4225.761344800398,2
2011-11-17,3497.5509499015966,642.7472253819342,4140.298175283531,2
2011-11-18,3497.5509499015966,657.7050869113077,4155.256036812904,2
2011-11-21,3497.5509499015966,546.0484841764917,4043.599434078088,2
2011-11-22,3497.5509499015966,519.2052512789367,4016.756201180533,2
2011-11-23,3497.5509499015966,354.2057954432451,3851.756745344842,2
2011-11-25,3497.5509499015966,317.36909542865135,3814.920045330248,2
2011-11-28,3497.5509499015966,575.122158818709,4072.6731087203057,2
2011-11-29,3497.5509499015966,620.7685066303566,4118.319456531954,2
2011-11-30,4065.138529289647,419.60040560530257,4484.73893489495,1
2011-12-01,3644.702125903279,839.0828285480197,4483.784954451299,2
2011-12-02,3644.702125903279,840.755878536986,4485.458004440265,2
2011-12-05,3644.702125903279,876.181879138338,4520.884005041617,2
2011-12-06,3644.702125903279,880.156275491594,4524.858401394873,2
2011-12-07,3644.702125903279,884.3182115299549,4529.020337433234,2
2011-12-08,3644.702125903279,812.3828957792375,4457.0850216825165,2
2011-12-09,3644.702125903279,900.7811300013225,4545.483255904602,2
2011-12-12,3644.702125903279,879.6165641957899,4524.318690099069,2
2011-12-13,3644.702125903279,858.6216768625702,4503.323802765849,2
2011-12-14,3644.702125903279,814.1514283327515,4458.8535542360305,2
2011-12-15,3644.702125903279,841.5886765939986,4486.290802497278,2
2011-12-16,3644.702125903279,867.5660747256622,4512.2682006289415,2
2011-12-19,3644.702125903279,830.8247443349962,4475.5268702382755,2
2011-12-20,4168.821626677569,422.45639950293315,4591.278026180502,1
2011-12-21,3732.0436921469845,872.514195792765,4604.55788793975,2
2011-12-22,3732.0436921469845,902.2401575635174,4634.283849710502,2
2011-12-23,3769.4127169023877,890.3970683684379,4659.809785270825,2
2011-12-27,3769.4127169023877,890.7407823555588,4660.153499257946,2
2011-12-28,3769.4127169023877,837.4907465506052,4606.903463452993,2
2011-12-29,3769.4127169023877,884.7383990223441,4654.151115924732,2
2011-12-30,3769.4127169023877,867.7769401081225,4637.18965701051,2
2012-01-03,3819.4531007557453,877.0198202272686,4696.472920983014,2
2012-01-04,3819.4531007557453,889.1309331737068,4708.584033929452,2
2012-01-05,3853.294341109597,872.4480094302064,4725.742350539804,2
2012-01-06,3853.294341109597,877.2511595783485,4730.545500687946,2
2012-01-09,3853.294341109597,889.327174763487,4742.621515873084,2
2012-01-10,3884.9630549742947,886.8777347063512,4771.840789680646,2
2012-01-11,3884.9630549742947,887.0566754293022,4772.019730403597,2
2012-01-12,3884.9630549742947,903.4490631214002,4788.4121180956945,2
2012-01-13,3884.9630549742947,887.3601693180965,4772.323224292391,2
2012-01-17,3884.9630549742947,899.4850666268397,4784.4481216011345,2
2012-01-18,3937.4174517583356,887.7588658771206,4825.176317635456,2
2012-01-19,3983.970325508745,866.0418737648265,4850.012199273571,2
2012-01-20,3983.970325508745,890.9664103588161,4874.936735867561,2
2012-01-23,3983.970325508745,897.0853854303925,4881.0557109391375,2
2012-01-24,3983.970325508745,894.1893117333655,4878.159637242111,2
2012-01-25,4015.1479723653542,895.3224045787307,4910.470376944085,2
2012-01-26,4015.1479723653542,875.408086868418,4890.556059233772,2
2012-01-27,4015.1479723653542,873.3429983345261,4888.490970699881,2
2012-01-30,4015.1479723653542,863.7253168431309,4878.873289208485,2
2012-01-31,4015.1479723653542,865.3643555114294,4880.512327876783,2
2012-02-01,4048.085066771627,875.8987116854775,4923.983778457105,2
2012-02-02,4048.085066771627,890.3780395435926,4938.46310631522,2
2012-02-03,4547.893597691813,441.29964149815237,4989.193239189965,1
2012-02-06,4110.975820927059,876.691206627954,4987.667027555013,2
2012-02-07,4110.975820927059,888.5153187995675,4999.491139726627,2
2012-02-08,4110.975820927059,892.5845475514332,5003.560368478493,2
2012-02-09,4110.975820927059,894.9451296171527,5005.920950544212,2
2012-02-10,4110.975820927059,847.2826556637443,4958.258476590804,2
2012-02-13,4110.975820927059,903.7136696055763,5014.689490532635,2
2012-02-14,4110.975820927059,898.7254234846059,5009.701244411665,2
2012-02-15,4110.975820927059,865.0890338230109,4976.0648547500705,2
2012-02-16,4110.975820927059,927.0877237448149,5038.063544671874,2
2012-02-17,4627.699995137733,429.86310047020754,5057.56309560794,1
2012-02-21,4197.849885283605,863.3421358153241,5061.192021098928,2
2012-02-22,4197.849885283605,853.0221075752349,5050.87199285884,2
2012-02-23,4197.849885283605,891.818983080333,5089.668868363938,2
2012-02-24,4197.849885283605,894.3999813131218,5092.249866596727,2
2012-02-27,4197.849885283605,898.5718083449159,5096.42169362852,2
2012-02-28,4197.849885283605,916.0592008002322,5113.909086083837,2
2012-02-29,4197.849885283605,898.4009921780957,5096.2508774617,2
2012-03-01,4230.1252676698105,900.7151478153269,5130.840415485138,2
2012-03-02,4230.1252676698105,892.2808270964268,5122.406094766237,2
2012-03-05,4230.1252676698105,878.7275267063396,5108.85279437615,2
2012-03-06,4230.1252676698105,776.3180841279956,5006.443351797806,2
2012-03-07,4230.1252676698105,836.4701724020167,5066.595440071827,2
2012-03-08,4257.605552786858,866.7000039961079,5124.305556782966,2
2012-03-09,4257.605552786858,894.9780436320166,5152.5835964188755,2
2012-03-12,4257.605552786858,924.3532893170677,5181.958842103926,2
2012-03-13,4788.728791423925,440.5211166881491,5229.249908112074,1
2012-03-14,4353.4685802385,869.4188744096953,5222.887454648196,2
2012-03-15,4353.4685802385,894.9527309356959,5248.421311174196,2
2012-03-16,4353.4685802385,915.525900772017,5268.994481010517,2
2012-03-19,4353.4685802385,929.2150769408321,5282.683657179332,2
2012-03-20,4353.4685802385,915.4053057733754,5268.873886011876,2
2012-03-21,4353.4685802385,918.0888416083387,5271.557421846839,2
2012-03-22,4353.4685802385,886.684138026563,5240.152718265063,2
2012-03-23,4353.4685802385,913.8319451402297,5267.30052537873,2
2012-03-26,4874.289928314506,444.09521301333655,5318.385141327843,1
2012-03-27,4429.474547800491,872.1532365814971,5301.627784381988,2
2012-03-28,4429.474547800491,854.6600659356372,5284.134613736128,2
2012-03-29,4429.474547800491,849.7390248985191,5279.21357269901,2
2012-03-30,4429.474547800491,869.9046271799815,5299.379174980472,2
2012-04-02,4429.474547800491,908.108383246426,5337.582931046916,2
2012-04-03,4429.474547800491,895.775262651682,5325.249810452173,2
2012-04-04,4429.474547800491,840.032156366099,5269.50670416659,2
2012-04-05,4429.474547800491,836.8152731577404,5266.289820958231,2
2012-04-09,4429.474547800491,756.758325555357,5186.232873355848,2
2012-04-10,4429.474547800491,620.8932903879702,5050.367838188461,2
2012-04-11,4429.474547800491,682.7540315743975,5112.228579374888,2
2012-04-12,4429.474547800491,817.1656637200654,5246.6402115205565,2
2012-04-13,4429.474547800491,703.4654417968792,5132.93998959737,2
2012-04-16,4429.474547800491,713.8759143874931,5143.350462187984,2
2012-04-17,4429.474547800491,847.9343940778392,5277.40894187833,2
2012-04-18,4429.474547800491,826.3931666235951,5255.8677144240855,2
2012-04-19,4429.474547800491,792.2754330992553,5221.749980899746,2
2012-04-20,4429.474547800491,821.9087489028611,5251.383296703352,2
2012-04-23,4429.474547800491,756.0523501857194,5185.52689798621,2
2012-04-24,4429.474547800491,816.4110663789106,5245.885614179401,2
2012-04-25,4472.248796986249,900.5387826823646,5372.787579668613,2
2012-04-26,4523.689665496287,886.8553293650806,5410.544994861367,2
2012-04-27,4523.689665496287,897.3462794710241,5421.035944967311,2
2012-04-30,4523.689665496287,880.8944795518764,5404.584145048163,2
2012-05-01,4523.689665496287,911.6679668960606,5435.357632392347,2
2012-05-02,4523.689665496287,902.8222078715886,5426.5118733678755,2
2012-05-03,4523.689665496287,867.2217813620293,5390.911446858316,2
2012-05-04,4523.689665496287,767.5582738409553,5291.247939337241,2
2012-05-07,4523.689665496287,783.7276656678068,5307.417331164093,2
2012-05-08,4523.689665496287,760.2116838235587,5283.901349319845,2
2012-05-09,4523.689665496287,708.6898387431631,5232.3795042394495,2
2012-05-10,4523.689665496287,742.9730667558413,5266.662732252128,2
2012-05-11,4523.689665496287,712.0373972908126,5235.727062787099,2
2012-05-14,4523.689665496287,622.6237182850301,5146.313383781317,2
2012-05-15,4523.689665496287,577.5794587950305,5101.269124291317,2
2012-05-16,4523.689665496287,540.392882199729,5064.082547696015,2
2012-05-17,4523.689665496287,412.44096653330826,4936.130632029595,2
2012-05-18,4523.689665496287,351.62291336266094,4875.312578858948,2
2012-05-21,4523.689665496287,475.55323862297666,4999.242904119264,2
2012-05-22,4523.689665496287,479.25466819521245,5002.944333691499,2
2012-05-23,4523.689665496287,497.21656047703823,5020.906225973325,2
2012-05-24,4523.689665496287,514.4057517336769,5038.0954172299635,2
2012-05-25,4523.689665496287,484.9361853668032,5008.62585086309,2
2012-05-29,4523.689665496287,705.3686517663391,5229.058317262626,2
2012-05-30,4822.3639272544215,153.24252925536473,4975.606456509786,1
2012-05-31,4989.054159671792,0,4989.054159671792,0
2012-06-01,4989.054159671792,0,4989.054159671792,0
2012-06-04,4989.054159671792,0,4989.054159671792,0
2012-06-05,4989.054159671792,0,4989.054159671792,0
2012-06-06,4989.054159671792,0,4989.054159671792,0
2012-06-07,4989.054159671792,0,4989.054159671792,0
2012-06-08,4989.054159671792,0,4989.054159671792,0
2012-06-11,4989.054159671792,0,4989.054159671792,0
2012-06-12,4989.054159671792,0,4989.054159671792,0
2012-06-13,4989.054159671792,0,4989.054159671792,0
2012-06-14,4989.054159671792,0,4989.054159671792,0
2012-06-15,4989.054159671792,0,4989.054159671792,0
2012-06-18,4989.054159671792,0,4989.054159671792,0
2012-06-19,4551.587546904404,436.0718435807721,4987.659390485176,1
2012-06-20,4109.220278986257,882.6561813624093,4991.876460348666,2
2012-06-21,4109.220278986257,748.2349526761923,4857.455231662449,2
2012-06-22,4109.220278986257,811.4064816348563,4920.626760621113,2
2012-06-25,4109.220278986257,706.8003944293132,4816.02067341557,2
2012-06-26,4109.220278986257,744.008330112451,4853.228609098707,2
2012-06-27,4109.220278986257,799.2127711526535,4908.43305013891,2
2012-06-28,4109.220278986257,788.7493758121668,4897.969654798424,2
2012-06-29,4109.220278986257,929.1249364953696,5038.345215481626,2
2012-07-02,4611.377347906363,442.5644348435568,5053.94178274992,1
2012-07-03,4169.630296678347,896.1032580438488,5065.733554722196,2
2012-07-05,4169.630296678347,873.5982852224665,5043.228581900814,2
2012-07-06,4169.630296678347,841.9469305927609,5011.577227271107,2
2012-07-09,4169.630296678347,832.2937190392154,5001.924015717563,2
2012-07-10,4169.630296678347,783.827884852839,4953.458181531186,2
2012-07-11,4169.630296678347,797.1118027855056,4966.742099463852,2
2012-07-12,4169.630296678347,766.5074480160392,4936.137744694386,2
2012-07-13,4169.630296678347,879.3636793561413,5048.993976034488,2
2012-07-16,4169.630296678347,876.8260122803235,5046.45630895867,2
2012-07-17,4169.630296678347,920.1383299604348,5089.768626638782,2
2012-07-18,4204.563321395445,910.812890098395,5115.37621149384,2
2012-07-19,4241.309481918674,891.7893363164474,5133.098818235121,2
2012-07-20,4241.309481918674,839.0369769754317,5080.346458894105,2
2012-07-23,4241.309481918674,769.8204063233361,5011.12988824201,2
2012-07-24,4241.309481918674,700.7572239928514,4942.066705911525,2
2012-07-25,4241.309481918674,712.650947198523,4953.960429117196,2
2012-07-26,4241.309481918674,831.4482432655238,5072.757725184198,2
2012-07-27,4241.309481918674,923.3332982491227,5164.642780167796,2
2012-07-30,4241.309481918674,917.2686439825559,5158.578125901229,2
2012-07-31,4241.309481918674,896.0677500532915,5137.377231971965,2
2012-08-01,4241.309481918674,889.1322966885127,5130.441778607186,2
2012-08-02,4241.309481918674,878.723801308081,5120.033283226754,2
2012-08-03,4761.030444818706,442.28268080273506,5203.313125621441,1
2012-08-06,4315.433546735577,893.3103484945099,5208.743895230086,2
2012-08-07,4315.433546735577,913.2873824485625,5228.720929184139,2
2012-08-08,4315.433546735577,926.7283782482375,5242.161924983814,2
2012-08-09,4315.433546735577,931.2031818902922,5246.636728625869,2
2012-08-10,4347.870011077485,911.3313232299347,5259.2013343074195,2
2012-08-13,4378.880190796209,895.5939014887254,5274.474092284934,2
2012-08-14,4378.880190796209,879.790066442513,5258.670257238722,2
2012-08-15,4378.880190796209,891.0702003633369,5269.950391159546,2
2012-08-16,4378.880190796209,925.4974607040635,5304.377651500272,2
2012-08-17,4413.684743500165,907.3692758481478,5321.054019348312,2
2012-08-20,4413.684743500165,907.0209596107137,5320.705703110878,2
2012-08-21,4413.684743500165,880.9355368845362,5294.620280384701,2
2012-08-22,4413.684743500165,883.8936690719433,5297.5784125721075,2
2012-08-23,4413.684743500165,835.2737670410526,5248.958510541217,2
2012-08-24,4413.684743500165,882.280599458885,5295.96534295905,2
2012-08-27,4413.684743500165,875.4372569667557,5289.12200046692,2
2012-08-28,4413.684743500165,874.003402262476,5287.6881457626405,2
2012-08-29,4413.684743500165,875.0710436641915,5288.755787164356,2
2012-08-30,4413.684743500165,829.1577924118769,5242.842535912041,2
2012-08-31,4413.684743500165,866.0782311779544,5279.762974678119,2
2012-09-04,4413.684743500165,876.8218180451495,5290.506561545314,2
2012-09-05,4413.684743500165,880.5962246933439,5294.280968193509,2
2012-09-06,4943.328098180096,441.1110269371358,5384.439125117232,1
2012-09-07,4498.210833545504,902.6067661834207,5400.8175997289245,2
2012-09-10,4498.210833545504,857.2110025934039,5355.4218361389085,2
2012-09-11,4498.210833545504,872.4352271428982,5370.646060688402,2
2012-09-12,4498.210833545504,893.0017366130558,5391.21257015856,2
2012-09-13,5011.490540288039,447.84511219168814,5459.335652479726,1
2012-09-14,4572.421696688637,890.5828306008252,5463.004527289462,2
2012-09-17,4572.421696688637,884.7577093143544,5457.1794060029915,2
2012-09-18,4572.421696688637,888.5328843757907,5460.954581064428,2
2012-09-19,4572.421696688637,901.4338755837779,5473.855572272415,2
2012-09-20,4572.421696688637,899.3642387795325,5471.78593546817,2
2012-09-21,4572.421696688637,903.6656792667475,5476.087375955384,2
2012-09-24,4572.421696688637,901.8093656282846,5474.231062316921,2
2012-09-25,4572.421696688637,829.405833878591,5401.827530567228,2
2012-09-26,4572.421696688637,776.0239288669711,5348.445625555608,2
2012-09-27,4572.421696688637,869.8752791318141,5442.296975820451,2
2012-09-28,4572.421696688637,834.3226102510027,5406.7443069396395,2
2012-10-01,4572.421696688637,858.0513369475478,5430.4730336361845,2
2012-10-02,4572.421696688637,877.4572414639049,5449.878938152542,2
2012-10-03,4572.421696688637,906.5151416277238,5478.936838316361,2
2012-10-04,4606.6764334348545,914.6874654052531,5521.363898840107,2
2012-10-05,4629.037089584125,895.2451641168977,5524.282253701023,2
2012-10-08,4629.037089584125,877.2869270579041,5506.324016642029,2
2012-10-09,4629.037089584125,811.3749019396714,5440.411991523797,2
2012-10-10,4629.037089584125,779.0412871980277,5408.078376782153,2
2012-10-11,4629.037089584125,793.5774601365056,5422.614549720631,2
2012-10-12,4629.037089584125,769.5508294490221,5398.587919033147,2
2012-10-15,4629.037089584125,844.1697312534668,5473.206820837592,2
2012-10-16,4629.037089584125,901.0853071667183,5530.122396750843,2
2012-10-17,4629.037089584125,923.6227118784363,5552.6598014625615,2
2012-10-18,4629.037089584125,918.783613180611,5547.820702764736,2
2012-10-19,4629.037089584125,805.9153144254826,5434.952404009608,2
2012-10-22,4629.037089584125,830.7371061884497,5459.774195772575,2
2012-10-23,4629.037089584125,697.8996104213529,5326.936700005478,2
2012-10-24,4629.037089584125,679.8653865030801,5308.902476087205,2
2012-10-25,4629.037089584125,713.869770613292,5342.906860197417,2
2012-10-26,4629.037089584125,715.8893659718555,5344.92645555598,2
2012-10-31,4629.037089584125,747.1028980697927,5376.139987653918,2
2012-11-01,4629.037089584125,882.1957828242832,5511.232872408408,2
2012-11-02,4629.037089584125,797.7200056095637,5426.757095193689,2
2012-11-05,4629.037089584125,868.0574779711749,5497.0945675553,2
2012-11-06,5586.051480858457,0,5586.051480858457,0
2012-11-07,5586.051480858457,0,5586.051480858457,0
2012-11-08,5586.051480858457,0,5586.051480858457,0
2012-11-09,5586.051480858457,0,5586.051480858457,0
2012-11-12,5586.051480858457,0,5586.051480858457,0
2012-11-13,5586.051480858457,0,5586.051480858457,0
2012-11-14,5586.051480858457,0,5586.051480858457,0
2012-11-15,5586.051480858457,0,5586.051480858457,0
2012-11-16,5586.051480858457,0,5586.051480858457,0
2012-11-19,5586.051480858457,0,5586.051480858457,0
2012-11-20,5586.051480858457,0,5586.051480858457,0
2012-11-21,5586.051480858457,0,5586.051480858457,0
2012-11-23,5586.051480858457,0,5586.051480858457,0
2012-11-26,5586.051480858457,0,5586.051480858457,0
2012-11-27,5586.051480858457,0,5586.051480858457,0
2012-11-28,5586.051480858457,0,5586.051480858457,0
2012-11-29,5586.051480858457,0,5586.051480858457,0
2012-11-30,5586.051480858457,0,5586.051480858457,0
2012-12-03,5586.051480858457,0,5586.051480858457,0
2012-12-04,5586.051480858457,0,5586.051480858457,0
2012-12-05,5586.051480858457,0,5586.051480858457,0
2012-12-06,5586.051480858457,0,5586.051480858457,0
2012-12-07,5150.915298823664,433.788201155925,5584.703499979589,1
2012-12-10,4716.288436040341,871.2603583082042,5587.548794348546,2
2012-12-11,4716.288436040341,906.338426359667,5622.626862400009,2
2012-12-12,4716.288436040341,905.6302516038776,5621.918687644219,2
2012-12-13,4716.288436040341,876.010684385148,5592.2991204254895,2
2012-12-14,4716.288436040341,855.0312756826611,5571.319711723003,2
2012-12-17,4716.288436040341,921.01673092942,5637.305166969762,2
2012-12-18,5242.645287024128,432.0476511783221,5674.69293820245,1
2012-12-19,4807.837016425872,835.6605361873122,5643.497552613185,2
2012-12-20,4807.837016425872,857.920790590233,5665.757807016105,2
2012-12-21,4807.837016425872,816.5994626582683,5624.436479084141,2
2012-12-24,4807.837016425872,814.0483333186096,5621.885349744482,2
2012-12-26,4807.837016425872,774.9072383317616,5582.744254757634,2
2012-12-27,4807.837016425872,771.7938133010543,5579.630829726926,2
2012-12-28,4807.837016425872,679.2140077981603,5487.0510242240325,2
2012-12-31,4807.837016425872,837.2522127577878,5645.08922918366,2
2013-01-02,5330.593488199414,446.26593988973127,5776.859428089146,1
2013-01-03,4886.519948232611,887.2966094805254,5773.816557713136,2
2013-01-04,4886.519948232611,919.6181074609747,5806.138055693586,2
2013-01-07,4886.519948232611,917.1945495645291,5803.71449779714,2
2013-01-08,4886.519948232611,910.1267010294457,5796.646649262057,2
2013-01-09,4886.519948232611,920.5963446466836,5807.116292879295,2
2013-01-10,5394.835522210718,439.3335346913463,5834.169056902065,1
2013-01-11,4952.82825124655,882.0143581650925,5834.842609411643,2
2013-01-14,4952.82825124655,883.4439100195243,5836.272161266074,2
2013-01-15,4952.82825124655,891.2535968527053,5844.081848099256,2
2013-01-16,4952.82825124655,897.3492775322422,5850.177528778792,2
2013-01-17,4952.82825124655,921.326046442905,5874.154297689455,2
2013-01-18,5462.269094235762,436.7866981709838,5899.055792406746,1
2013-01-22,5013.539416501606,900.9993281128877,5914.538744614494,2
2013-01-23,5013.539416501606,909.7804866507854,5923.319903152391,2
2013-01-24,5013.539416501606,908.7774140712843,5922.3168305728905,2
2013-01-25,5013.539416501606,929.5697021353095,5943.109118636916,2
2013-01-28,5013.539416501606,921.6666912299698,5935.206107731576,2
2013-01-29,5039.421418456999,917.2953867201063,5956.716805177106,2
2013-01-30,5039.421418456999,888.9726039747,5928.394022431699,2
2013-01-31,5039.421418456999,881.1358703111874,5920.5572887681865,2
2013-02-01,5074.243223545962,904.9115825938704,5979.1548061398325,2
2013-02-04,5074.243223545962,825.9601098375899,5900.203333383552,2
2013-02-05,5074.243223545962,897.85550645476,5972.098730000722,2
2013-02-06,5074.243223545962,908.151745965105,5982.394969511067,2
2013-02-07,5074.243223545962,902.1133140376413,5976.356537583603,2
2013-02-08,5097.852986901216,908.396197650293,6006.24918455151,2
2013-02-11,5097.852986901216,915.9737849057121,6013.826771806928,2
2013-02-12,5097.852986901216,929.7597477363934,6027.61273463761,2
2013-02-13,5097.852986901216,930.0135777751564,6027.866564676373,2
2013-02-14,5128.650338401587,906.6753389416856,6035.325677343272,2
2013-02-15,5128.650338401587,908.2256386417503,6036.875977043337,2
2013-02-19,5165.116447220007,908.6243483275525,6073.740795547559,2
2013-02-20,5165.116447220007,805.2700824919191,5970.386529711926,2
2013-02-21,5165.116447220007,758.6500644339744,5923.766511653981,2
2013-02-22,5165.116447220007,834.3485045384353,5999.464951758442,2
2013-02-25,5165.116447220007,657.9746391616834,5823.091086381691,2
2013-02-26,5165.116447220007,725.7807810115438,5890.897228231551,2
2013-02-27,5165.116447220007,844.8371571156607,6009.9536043356675,2
2013-02-28,5165.116447220007,831.7650711235035,5996.881518343511,2
2013-03-01,5165.116447220007,852.165201754399,6017.281648974406,2
2013-03-04,5165.116447220007,909.9920941087007,6075.108541328707,2
2013-03-05,5202.608928384939,915.5870325175724,6118.195960902511,2
2013-03-06,5239.519478350049,882.9000000253136,6122.419478375363,2
2013-03-07,5239.519478350049,901.4312073424463,6140.950685692495,2
2013-03-08,5239.519478350049,928.7462098956455,6168.265688245695,2
2013-03-11,5754.612402245522,440.992957714837,6195.605359960359,1
2013-03-12,5308.614285805195,873.9104622977243,6182.52474810292,2
2013-03-13,5308.614285805195,891.4693358267466,6200.083621631942,2
2013-03-14,5308.614285805195,928.2413132093026,6236.855599014498,2
2013-03-15,5308.614285805195,924.2204315566921,6232.834717361888,2
2013-03-18,5308.614285805195,870.918264320442,6179.5325501256375,2
2013-03-19,5308.614285805195,843.3452321509533,6151.959517956148,2
2013-03-20,5308.614285805195,910.443015355168,6219.057301160363,2
2013-03-21,5308.614285805195,847.3680778084247,6155.98236361362,2
2013-03-22,5308.614285805195,897.5905829303348,6206.20486873553,2
2013-03-25,5308.614285805195,889.8738476981671,6198.488133503362,2
2013-03-26,5340.9473902810905,908.472347473607,6249.419737754697,2
2013-03-27,5340.9473902810905,903.1999649129741,6244.147355194064,2
2013-03-28,5380.548283399069,887.7070092532847,6268.255292652354,2
2013-04-01,5380.548283399069,861.2037393415571,6241.752022740626,2
2013-04-02,5380.548283399069,903.7877620958174,6284.336045494886,2
2013-04-03,5380.548283399069,825.0625695997841,6205.610852998853,2
2013-04-04,5380.548283399069,858.2036837135901,6238.751967112659,2
2013-04-05,5380.548283399069,835.2279907132365,6215.776274112306,2
2013-04-08,5380.548283399069,895.6645590632706,6276.21284246234,2
2013-04-09,5380.548283399069,921.9405003154884,6302.488783714558,2
2013-04-10,5912.842919693326,433.97546375721384,6346.81838345054,1
2013-04-11,5467.033283317039,889.7107931072081,6356.7440764242465,2
2013-04-12,5467.033283317039,881.3620504701719,6348.395333787211,2
2013-04-15,5467.033283317039,656.8137252001662,6123.847008517205,2
2013-04-16,5467.033283317039,804.3555607373348,6271.388844054373,2
2013-04-17,5467.033283317039,666.0026115725084,6133.035894889547,2
2013-04-18,5467.033283317039,606.5160920941246,6073.549375411163,2
2013-04-19,5467.033283317039,704.3669597202343,6171.400243037273,2
2013-04-22,5467.033283317039,759.9955025871111,6227.02878590415,2
2013-04-23,5467.033283317039,856.0432338080291,6323.076517125068,2
2013-04-24,5467.033283317039,858.2746245479944,6325.3079078650335,2
2013-04-25,5467.033283317039,887.2945625152463,6354.327845832285,2
2013-04-26,5467.033283317039,881.4079433996328,6348.441226716672,2
2013-04-29,5500.636829693079,896.2331859381809,6396.87001563126,2
2013-04-30,5532.590019186483,879.6950882069698,6412.285107393453,2
2013-05-01,5532.590019186483,816.2615711848766,6348.85159037136,2
2013-05-02,5532.590019186483,884.2379095283209,6416.827928714803,2
2013-05-03,5561.549049318126,908.0072600353412,6469.556309353467,2
2013-05-06,5590.264429794614,894.5955503741983,6484.859980168812,2
2013-05-07,5590.264429794614,916.6115609741388,6506.875990768754,2
2013-05-08,5621.414086402374,903.116832012641,6524.530918415015,2
2013-05-09,5621.414086402374,881.1666099541378,6502.580696356512,2
2013-05-10,5621.414086402374,912.0125595363274,6533.426645938702,2
2013-05-13,5654.003755973888,885.9442030274624,6539.94795900135,2
2013-05-14,5654.003755973888,927.9704344634795,6581.974190437367,2
2013-05-15,6153.404302614703,443.23169955402255,6596.636002168725,1
2013-05-16,5708.041929593427,873.4320217035095,6581.473951296936,2
2013-05-17,5708.041929593427,929.9486583263667,6637.990587919794,2
2013-05-20,5708.041929593427,926.5493807081025,6634.59131030153,2
2013-05-21,5708.041929593427,930.243544034513,6638.2854736279405,2
2013-05-22,5708.041929593427,893.0804028517025,6601.122332445129,2
2013-05-23,5708.041929593427,878.239343321838,6586.281272915265,2
2013-05-24,5708.041929593427,880.3070923250934,6588.3490219185205,2
2013-05-28,5708.041929593427,917.4554075078019,6625.497337101229,2
2013-05-29,5708.041929593427,883.5899678706717,6591.631897464099,2
2013-05-30,5708.041929593427,910.5144325855508,6618.556362178978,2
2013-05-31,5708.041929593427,804.7160746223735,6512.758004215801,2
2013-06-03,5708.041929593427,861.3926022908711,6569.434531884298,2
2013-06-04,5708.041929593427,830.9365913325706,6538.978520925998,2
2013-06-05,5708.041929593427,703.6576798678545,6411.699609461281,2
2013-06-06,5708.041929593427,797.2134527319872,6505.255382325415,2
2013-06-07,5708.041929593427,914.5382536134503,6622.580183206877,2
2013-06-10,5708.041929593427,932.72341448018,6640.765344073607,2
2013-06-11,5708.041929593427,856.1567287468472,6564.198658340274,2
2013-06-12,5708.041929593427,770.0992386615427,6478.14116825497,2
2013-06-13,5708.041929593427,932.5027122826683,6640.544641876096,2
2013-06-14,5708.041929593427,900.1626379442998,6608.204567537727,2
2013-06-17,6265.270235433895,427.20692649691773,6692.477161930813,1
2013-06-18,5832.909533765277,876.9541028351298,6709.863636600407,2
2013-06-19,5832.909533765277,816.3382823170492,6649.247816082327,2
2013-06-20,5832.909533765277,628.8523573032699,6461.761891068547,2
2013-06-21,5832.909533765277,659.5770688503094,6492.486602615587,2
2013-06-24,5832.909533765277,573.5952606639053,6406.504794429182,2
2013-06-25,5832.909533765277,651.8200809588841,6484.729614724161,2
2013-06-26,5832.909533765277,734.7936678410867,6567.703201606364,2
2013-06-27,5832.909533765277,783.9713260913295,6616.880859856607,2
2013-06-28,5832.909533765277,758.9550239622376,6591.864557727515,2
2013-07-01,5832.909533765277,814.5390818259659,6647.448615591243,2
2013-07-02,5832.909533765277,814.7044693373905,6647.614003102668,2
2013-07-03,5832.909533765277,828.5998966084117,6661.509430373689,2
2013-07-05,5864.698482585065,881.0078056862604,6745.706288271325,2
2013-07-08,5901.233454079562,878.7995906362045,6780.033044715767,2
2013-07-09,5928.337867051806,886.3065308411539,6814.64439789296,2
2013-07-10,5928.337867051806,892.1039895003553,6820.441856552161,2
2013-07-11,5961.590296814435,907.8157758400282,6869.406072654463,2
2013-07-12,5997.662269773755,885.2286077290756,6882.89087750283,2
2013-07-15,5997.662269773755,900.5176164815592,6898.179886255314,2
2013-07-16,5997.662269773755,876.8838755327547,6874.546145306509,2
2013-07-17,5997.662269773755,902.7470466639694,6900.409316437725,2
2013-07-18,5997.662269773755,925.5322910882971,6923.194560862052,2
2013-07-19,6510.4030494636845,433.081949519144,6943.484998982829,1
2013-07-22,6068.794539441844,885.5955052794916,6954.3900447213355,2
2013-07-23,6068.794539441844,871.9418847677744,6940.736424209618,2
2013-07-24,6068.794539441844,843.6164388992627,6912.410978341107,2
2013-07-25,6068.794539441844,865.3640506536931,6934.158590095537,2
2013-07-26,6068.794539441844,877.6104501378661,6946.40498957971,2
2013-07-29,6068.794539441844,854.2919695904304,6923.086509032274,2
2013-07-30,6068.794539441844,860.3128754214875,6929.1074148633315,2
2013-07-31,6068.794539441844,862.3335363465964,6931.128075788441,2
2013-08-01,6100.780640965096,901.3154310842411,7002.096072049337,2
2013-08-02,6140.97801712558,883.4801689104565,7024.458186036036,2
2013-08-05,6140.97801712558,886.5585494217344,7027.536566547315,2
2013-08-06,6140.97801712558,839.2263095186911,6980.204326644271,2
2013-08-07,6140.97801712558,811.8121143506316,6952.790131476211,2
2013-08-08,6140.97801712558,845.772544810589,6986.750561936169,2
2013-08-09,6140.97801712558,812.7434905766802,6953.72150770226,2
2013-08-12,6140.97801712558,825.6091825115568,6966.587199637137,2
2013-08-13,6140.97801712558,858.4691140246475,6999.4471311502275,2
2013-08-14,6140.97801712558,810.6547043994418,6951.632721525021,2
2013-08-15,6140.97801712558,658.487408416731,6799.465425542311,2
2013-08-16,6140.97801712558,629.9315693464479,6770.9095864720275,2
2013-08-19,6140.97801712558,563.1536826054819,6704.131699731061,2
2013-08-20,6140.97801712558,609.4261555206341,6750.404172646214,2
2013-08-21,6140.97801712558,537.7898189384546,6678.767836064035,2
2013-08-22,6140.97801712558,648.5701192619189,6789.548136387499,2
2013-08-23,6140.97801712558,708.6575089223942,6849.635526047974,2
2013-08-26,6140.97801712558,661.3240502936333,6802.302067419213,2
2013-08-27,6140.97801712558,432.62738696492704,6573.605404090506,2
2013-08-28,6140.97801712558,467.4935905432925,6608.471607668872,2
2013-08-29,6140.97801712558,495.00393283232427,6635.981949957904,2
2013-08-30,6140.97801712558,441.94943954327573,6582.9274566688555,2
2013-09-03,6140.97801712558,507.39927233820373,6648.377289463783,2
2013-09-04,6140.97801712558,721.5593161395034,6862.537333265083,2
2013-09-05,6654.788700572652,343.1060396095164,6997.894740182168,1
2013-09-06,7071.7764829693915,0,7071.7764829693915,0
2013-09-09,6633.550598814005,437.3279905646381,7070.878589378643,1
2013-09-10,6197.398996875898,895.1002192560981,7092.499216131996,2
2013-09-11,6233.070393993151,881.4803834927775,7114.550777485929,2
2013-09-12,6233.070393993151,860.3110442949708,7093.381438288122,2
2013-09-13,6233.070393993151,878.4954174676252,7111.565811460776,2
2013-09-16,6233.070393993151,908.5434398865161,7141.613833879667,2
2013-09-17,6264.448626562871,890.7552915192205,7155.203918082092,2
2013-09-18,6301.030964645754,908.324837493304,7209.355802139057,2
2013-09-19,6324.758504185934,884.1595240301716,7208.918028216105,2
2013-09-20,6324.758504185934,849.9594304136624,7174.717934599596,2
2013-09-23,6324.758504185934,809.3292312754315,7134.087735461366,2
2013-09-24,6324.758504185934,799.0087789992981,7123.767283185232,2
2013-09-25,6324.758504185934,783.882369352164,7108.640873538097,2
2013-09-26,6324.758504185934,810.8970384759516,7135.655542661885,2
2013-09-27,6324.758504185934,763.6012626322358,7088.35976681817,2
2013-09-30,6324.758504185934,712.5167303634794,7037.275234549414,2
2013-10-01,6324.758504185934,791.2789656217168,7116.03746980765,2
2013-10-02,6324.758504185934,775.6032185006227,7100.361722686556,2
2013-10-03,6324.758504185934,696.7375733170431,7021.496077502977,2
2013-10-04,6324.758504185934,767.9483322314262,7092.70683641736,2
2013-10-07,6324.758504185934,682.5863222078215,7007.344826393755,2
2013-10-08,6324.758504185934,569.4485696473648,6894.207073833299,2
2013-10-09,6324.758504185934,579.6282313689851,6904.386735554919,2
2013-10-10,6324.758504185934,817.0264544271738,7141.784958613108,2
2013-10-11,6324.758504185934,881.5733121669334,7206.3318163528675,2
2013-10-14,6324.758504185934,926.641988156,7251.400492341934,2
2013-10-15,6324.758504185934,861.8962136458995,7186.654717831833,2
2013-10-16,6872.436897194067,427.08618411251894,7299.5230813065855,1
2013-10-17,6431.817878742052,892.6879148222179,7324.50579356427,2
2013-10-18,6454.215003737244,902.1755159632467,7356.390519700491,2
2013-10-21,6454.215003737244,908.7989795340643,7363.0139832713085,2
2013-10-22,6481.036649024986,900.6892106445645,7381.725859669551,2
2013-10-23,6481.036649024986,880.5727569742634,7361.609405999249,2
2013-10-24,6481.036649024986,902.1828044228362,7383.219453447822,2
2013-10-25,6481.036649024986,924.3259364114508,7405.362585436437,2
2013-10-28,6516.489889501988,896.5197677679071,7413.009657269895,2
2013-10-29,6516.489889501988,920.2069244389003,7436.696813940888,2
2013-10-30,6516.489889501988,899.9474960667785,7416.437385568766,2
2013-10-31,6516.489889501988,883.8649624079872,7400.354851909975,2
2013-11-01,6516.489889501988,908.010147476593,7424.500036978581,2
2013-11-04,6558.391947353611,892.5335109649259,7450.925458318537,2
2013-11-05,6558.391947353611,875.9236457484325,7434.315593102043,2
2013-11-06,6558.391947353611,909.3347771506761,7467.726724504287,2
2013-11-07,6558.391947353611,818.6790402603334,7377.070987613944,2
2013-11-08,6558.391947353611,912.0831398152569,7470.4750871688675,2
2013-11-11,6589.381507807987,897.0276567461918,7486.4091645541785,2
2013-11-12,6589.381507807987,883.19143137825,7472.572939186237,2
2013-11-13,6611.897510693728,901.6917216403608,7513.589232334089,2
2013-11-14,6611.897510693728,926.166099453791,7538.063610147519,2
2013-11-15,6648.134346873765,906.698920285457,7554.833267159222,2
2013-11-18,6648.134346873765,882.1589636746002,7530.293310548365,2
2013-11-19,6648.134346873765,869.7633102648931,7517.897657138658,2
2013-11-20,6648.134346873765,852.4770565778645,7500.6114034516295,2
2013-11-21,6648.134346873765,909.9607454779161,7558.095092351681,2
2013-11-22,6693.077278982749,891.1622635330632,7584.239542515812,2
2013-11-25,6693.077278982749,884.5660152611283,7577.643294243877,2
2013-11-26,6693.077278982749,888.3311962346656,7581.408475217415,2
2013-11-27,6693.077278982749,901.2054635084505,7594.282742491199,2
2013-11-29,6693.077278982749,893.0505956104325,7586.127874593181,2
2013-12-02,6693.077278982749,883.138312337376,7576.215591320125,2
2013-12-03,6693.077278982749,864.5830091673765,7557.660288150126,2
2013-12-04,6693.077278982749,859.273921936541,7552.35120091929,2
2013-12-05,6693.077278982749,829.647417706097,7522.724696688846,2
2013-12-06,6731.423389050237,879.486900414397,7610.910289464635,2
2013-12-09,6731.423389050237,904.8989061581779,7636.322295208415,2
2013-12-10,6731.423389050237,886.352608531923,7617.77599758216,2
2013-12-11,6731.423389050237,793.8016239277613,7525.225012977999,2
2013-12-12,6731.423389050237,767.3870763033158,7498.810465353553,2
2013-12-13,6731.423389050237,768.1682310946233,7499.591620144861,2
2013-12-16,6731.423389050237,830.1483456398266,7561.571734690064,2
2013-12-17,6731.423389050237,811.1179824447815,7542.541371495019,2
2013-12-18,6785.574017264479,889.3719283246369,7674.945945589116,2
2013-12-19,6785.574017264479,884.5037669754261,7670.077784239906,2
2013-12-20,6817.8052683056285,879.7565323121046,7697.561800617733,2
2013-12-23,6817.8052683056285,922.8861444662534,7740.691412771882,2
2013-12-24,7315.126129030433,442.3244256681111,7757.450554698544,1
2013-12-26,6872.172496467009,898.4278617610735,7770.600358228083,2
2013-12-27,6872.172496467009,897.2704693675073,7769.442965834516,2
2013-12-30,6872.172496467009,886.3548859560813,7758.527382423091,2
2013-12-31,6872.172496467009,904.8538698008272,7777.026366267836,2
2014-01-02,6872.172496467009,859.6576251305885,7731.830121597598,2
2014-01-03,6872.172496467009,869.3655878548096,7741.538084321819,2
2014-01-06,6872.172496467009,870.2926221896296,7742.465118656639,2
2014-01-07,6872.172496467009,917.0149517143218,7789.187448181331,2
2014-01-08,6872.172496467009,920.8299056121537,7793.0024020791625,2
2014-01-09,6910.342333348806,885.3868289901516,7795.729162338957,2
2014-01-10,6910.342333348806,913.011591782883,7823.353925131689,2
2014-01-13,6910.342333348806,829.7797330042587,7740.122066353065,2
2014-01-14,6942.329619109859,882.0831323365534,7824.412751446413,2
2014-01-15,6942.329619109859,909.7939073005002,7852.123526410359,2
2014-01-16,6942.329619109859,902.2895002382345,7844.619119348094,2
2014-01-17,6942.329619109859,887.7004453949361,7830.030064504795,2
2014-01-21,6942.329619109859,907.6188189001656,7849.948438010025,2
2014-01-22,6942.329619109859,914.3931367410801,7856.7227558509385,2
2014-01-23,6942.329619109859,853.8688081973535,7796.198427307212,2
2014-01-24,6942.329619109859,638.2783668746988,7580.607985984558,2
2014-01-27,6942.329619109859,606.6064568513816,7548.936075961241,2
2014-01-28,6942.329619109859,682.217183507365,7624.546802617224,2
2014-01-29,6942.329619109859,569.3592653168132,7511.688884426672,2
2014-01-30,6942.329619109859,683.4285414200231,7625.758160529882,2
2014-01-31,6942.329619109859,614.5028882023702,7556.832507312229,2
2014-02-03,6942.329619109859,379.09728059190684,7321.426899701766,2
2014-02-04,6942.329619109859,446.24339644758635,7388.573015557446,2
2014-02-05,6942.329619109859,421.1570302376131,7363.486649347472,2
2014-02-06,6942.329619109859,578.1524975672874,7520.482116677146,2
2014-02-07,6942.329619109859,780.8508504923386,7723.180469602197,2
2014-02-10,6942.329619109859,845.6936273659235,7788.023246475783,2
2014-02-11,7000.52976764292,896.7436701275469,7897.273437770467,2
2014-02-12,7031.871178178336,872.1527360527375,7904.023914231073,2
2014-02-13,7031.871178178336,902.5431580200175,7934.414336198353,2
2014-02-14,7031.871178178336,931.0108249476668,7962.882003126003,2
2014-02-18,7529.989278021509,439.6837916034315,7969.67306962494,1
2014-02-19,7104.231583354538,835.5727118707132,7939.804295225251,2
2014-02-20,7104.231583354538,878.5605875583067,7982.792170912845,2
2014-02-21,7104.231583354538,874.6460367817319,7978.87762013627,2
2014-02-24,7132.15546641638,885.8284075888754,8017.983874005255,2
2014-02-25,7132.15546641638,891.8981596529511,8024.053626069331,2
2014-02-26,7132.15546641638,884.1669769937655,8016.322443410145,2
2014-02-27,7132.15546641638,913.0410684923943,8045.196534908774,2
2014-02-28,7166.568755320466,889.6664411216826,8056.235196442149,2
2014-03-03,7166.568755320466,831.1917528894057,7997.760508209872,2
2014-03-04,7209.578920998965,883.5622374637462,8093.141158462711,2
2014-03-05,7209.578920998965,889.6040979124034,8099.183018911369,2
2014-03-06,7209.578920998965,894.939300985684,8104.518221984649,2
2014-03-07,7209.578920998965,901.7577795728132,8111.336700571778,2
2014-03-10,7245.733260570093,869.1276792216113,8114.860939791704,2
2014-03-11,7245.733260570093,835.2921696058065,8081.0254301759,2
2014-03-12,7245.733260570093,845.7635216891015,8091.496782259194,2
2014-03-13,7245.733260570093,747.7451665025012,7993.478427072594,2
2014-03-14,7245.733260570093,711.398015388935,7957.131275959028,2
2014-03-17,7245.733260570093,815.2610424587795,8060.994303028872,2
2014-03-18,7245.733260570093,879.3371507367049,8125.070411306798,2
2014-03-19,7245.733260570093,838.5334929324939,8084.266753502587,2
2014-03-20,7245.733260570093,887.394727506751,8133.127988076844,2
2014-03-21,7245.733260570093,868.5087050937561,8114.241965663849,2
2014-03-24,7245.733260570093,852.8375354560467,8098.57079602614,2
2014-03-25,7245.733260570093,902.0175628916859,8147.750823461779,2
2014-03-26,7245.733260570093,849.3356456774775,8095.06890624757,2
2014-03-27,7245.733260570093,846.6899100122616,8092.423170582355,2
2014-03-28,7245.733260570093,889.711766397344,8135.445026967437,2
2014-03-31,7771.916569522416,426.0709878846051,8197.987557407021,1
2014-04-01,7334.145122976843,887.7326636681944,8221.877786645036,2
2014-04-02,7334.145122976843,903.2335592634731,8237.378682240316,2
2014-04-03,7334.145122976843,896.502658543269,8230.647781520112,2
2014-04-04,7334.145122976843,822.3711065340387,8156.516229510881,2
2014-04-07,7334.145122976843,732.1891584937202,8066.334281470563,2
2014-04-08,7334.145122976843,772.3525903608711,8106.497713337714,2
2014-04-09,7334.145122976843,864.2599724987035,8198.405095475546,2
2014-04-10,7334.145122976843,685.0556055383038,8019.200728515147,2
2014-04-11,7334.145122976843,596.092720449355,7930.237843426197,2
2014-04-14,7334.145122976843,681.7007713532888,8015.845894330131,2
2014-04-15,7334.145122976843,749.7329855428904,8083.878108519733,2
2014-04-16,7334.145122976843,856.0445369976327,8190.189659974475,2
2014-04-17,7334.145122976843,883.5635979489357,8217.708720925779,2
2014-04-21,7374.272704134471,885.6723397091271,8259.945043843598,2
2014-04-22,7413.260098055478,869.3839522227657,8282.644050278244,2
2014-04-23,7413.260098055478,859.1218541914736,8272.381952246951,2
2014-04-24,7413.260098055478,870.153061909074,8283.413159964552,2
2014-04-25,7413.260098055478,813.4452955064347,8226.705393561913,2
2014-04-28,7413.260098055478,844.2617545378014,8257.52185259328,2
2014-04-29,7413.260098055478,878.5537832715839,8291.813881327062,2
2014-04-30,7413.260098055478,901.6687217192408,8314.92881977472,2
2014-05-01,7413.260098055478,907.0882385542038,8320.348336609683,2
2014-05-02,7413.260098055478,909.9252291307479,8323.185327186226,2
2014-05-05,7443.993442350091,889.8717510255519,8333.865193375643,2
2014-05-06,7443.993442350091,833.2463681008549,8277.239810450945,2
2014-05-07,7443.993442350091,877.4676198438095,8321.461062193901,2
2014-05-08,7443.993442350091,873.1950513756941,8317.188493725786,2
2014-05-09,7443.993442350091,894.1689346619818,8338.162377012073,2
2014-05-12,7497.29968973221,898.3903380828981,8395.690027815108,2
2014-05-13,7531.3169247949,868.1872310738299,8399.50415586873,2
2014-05-14,7531.3169247949,841.9135346569284,8373.230459451828,2
2014-05-15,7531.3169247949,759.1106780461455,8290.427602841046,2
2014-05-16,7531.3169247949,803.1895446699224,8334.506469464823,2
2014-05-19,7531.3169247949,840.0736176669174,8371.390542461817,2
2014-05-20,7531.3169247949,784.8802653971557,8316.197190192055,2
2014-05-21,7531.3169247949,867.2093746594849,8398.526299454385,2
2014-05-22,7531.3169247949,883.2476169496015,8414.564541744501,2
2014-05-23,7531.3169247949,921.9041611875106,8453.22108598241,2
2014-05-27,8038.974608003278,445.22215703195565,8484.196765035234,1
2014-05-28,7597.188993028468,882.5809050214243,8479.769898049892,2
2014-05-29,7597.188993028468,913.3691769699769,8510.558169998445,2
2014-05-30,7597.188993028468,926.6357881163017,8523.824781144769,2
2014-06-02,7597.188993028468,934.261825062029,8531.450818090496,2
2014-06-03,7597.188993028468,930.9135750771811,8528.102568105649,2
2014-06-04,7597.188993028468,937.5905954751925,8534.779588503661,2
2014-06-05,8117.93022094085,439.95844693536804,8557.888667876217,1
2014-06-06,7669.272786980285,909.2696377617497,8578.542424742034,2
2014-06-09,7669.272786980285,913.3976064776605,8582.670393457945,2
2014-06-10,7669.272786980285,917.9155411960518,8587.188328176337,2
2014-06-11,7669.272786980285,891.480622050507,8560.753409030793,2
2014-06-12,7669.272786980285,831.8975016278469,8501.170288608131,2
2014-06-13,7669.272786980285,863.3326771997533,8532.605464180038,2
2014-06-16,7669.272786980285,870.812655220488,8540.085442200772,2
2014-06-17,7669.272786980285,898.2303721115434,8567.503159091828,2
2014-06-18,8179.165183787608,444.94119894356226,8624.10638273117,1
2014-06-19,7744.551535252038,882.4215673808134,8626.973102632852,2
2014-06-20,7744.551535252038,890.0422443437994,8634.593779595838,2
2014-06-23,7744.551535252038,894.9360480436142,8639.487583295651,2
2014-06-24,7744.551535252038,834.2987130680151,8578.850248320054,2
2014-06-25,7744.551535252038,879.9406431929112,8624.492178444949,2
2014-06-26,7744.551535252038,875.2461084754698,8619.797643727508,2
2014-06-27,7744.551535252038,897.1897849386677,8641.741320190706,2
2014-06-30,7744.551535252038,899.9604880488484,8644.512023300886,2
2014-07-01,7786.221520656674,898.1986525007308,8684.420173157405,2
2014-07-02,7816.750116478616,877.7392254858987,8694.489341964516,2
2014-07-03,7816.750116478616,919.5111613692981,8736.261277847914,2
2014-07-07,7816.750116478616,890.3040487044532,8707.05416518307,2
2014-07-08,7816.750116478616,834.8225880987397,8651.572704577356,2
2014-07-09,7816.750116478616,875.9501253057601,8692.700241784376,2
2014-07-10,7816.750116478616,833.4132420199755,8650.163358498592,2
2014-07-11,7816.750116478616,857.1794762758474,8673.929592754464,2
2014-07-14,7816.750116478616,904.1022031060215,8720.852319584637,2
2014-07-15,7816.750116478616,894.4260551770176,8711.176171655634,2
2014-07-16,7837.995373161465,914.0362070142457,8752.031580175711,2
2014-07-17,7837.995373161465,777.3213927286665,8615.316765890131,2
2014-07-18,7837.995373161465,892.642212916715,8730.63758607818,2
2014-07-21,7837.995373161465,878.0294200659174,8716.024793227383,2
2014-07-22,7871.9342006369125,881.9647085446531,8753.898909181566,2
2014-07-23,7871.9342006369125,907.2741690466204,8779.208369683533,2
2014-07-24,7871.9342006369125,906.682663055552,8778.616863692465,2
2014-07-25,7871.9342006369125,868.3779897433863,8740.312190380298,2
2014-07-28,7871.9342006369125,882.9839905263043,8754.918191163217,2
2014-07-29,7871.9342006369125,845.6731785064508,8717.607379143363,2
2014-07-30,7871.9342006369125,849.2516004261984,8721.185801063111,2
2014-07-31,7871.9342006369125,640.3701645772692,8512.304365214182,2
2014-08-01,7871.9342006369125,616.2877718343865,8488.2219724713,2
2014-08-04,7871.9342006369125,711.121134871484,8583.055335508396,2
2014-08-05,7871.9342006369125,599.7185708244473,8471.65277146136,2
2014-08-06,7871.9342006369125,605.0055942525041,8476.939794889417,2
2014-08-07,7871.9342006369125,543.4093167966324,8415.343517433545,2
2014-08-08,7871.9342006369125,680.9069554935405,8552.841156130453,2
2014-08-11,7871.9342006369125,749.5220934078704,8621.456294044783,2
2014-08-12,7871.9342006369125,738.3219502216948,8610.256150858608,2
2014-08-13,7871.9342006369125,845.9806562313394,8717.914856868252,2
2014-08-14,7871.9342006369125,904.3753663762105,8776.309567013122,2
2014-08-15,7871.9342006369125,904.0770115367832,8776.011212173697,2
2014-08-18,8414.726512599796,433.88383489487586,8848.610347494672,1
2014-08-19,7979.386152224908,883.1727628763049,8862.558915101214,2
2014-08-20,7979.386152224908,905.8285548849071,8885.214707109815,2
2014-08-21,7979.386152224908,921.5244655760155,8900.910617800924,2
2014-08-22,7979.386152224908,920.8816347159654,8900.267786940873,2
2014-08-25,8020.154984560206,899.5068548273152,8919.661839387521,2
2014-08-26,8051.451038629681,874.6485998419397,8926.09963847162,2
2014-08-27,8051.451038629681,874.6612544396596,8926.11229306934,2
2014-08-28,8051.451038629681,862.3240161678527,8913.775054797534,2
2014-08-29,8051.451038629681,883.3502329064992,8934.80127153618,2
2014-09-02,8051.451038629681,890.1283537309355,8941.579392360616,2
2014-09-03,8051.451038629681,887.2912191831915,8938.742257812872,2
2014-09-04,8051.451038629681,876.9809681768884,8928.432006806568,2
2014-09-05,8051.451038629681,917.2963028743197,8968.747341504,2
2014-09-08,8051.451038629681,903.8729020537138,8955.323940683395,2
2014-09-09,8051.451038629681,853.2313139127084,8904.68235254239,2
2014-09-10,8051.451038629681,892.6461968679516,8944.097235497633,2
2014-09-11,8051.451038629681,904.132589533468,8955.58362816315,2
2014-09-12,8051.451038629681,861.8415152812591,8913.29255391094,2
2014-09-15,8051.451038629681,861.8068224653393,8913.25786109502,2
2014-09-16,8079.863592227009,905.4535171131724,8985.317109340182,2
2014-09-17,8121.992719347286,872.7510129228917,8994.743732270177,2
2014-09-18,8121.992719347286,910.1807194443998,9032.173438791686,2
2014-09-19,8121.992719347286,909.357418512561,9031.350137859847,2
2014-09-22,8121.992719347286,848.7946315061399,8970.787350853425,2
2014-09-23,8121.992719347286,794.7913715193351,8916.78409086662,2
2014-09-24,8121.992719347286,874.5165915981786,8996.509310945465,2
2014-09-25,8121.992719347286,729.4630653098332,8851.455784657119,2
2014-09-26,8121.992719347286,806.9479651602808,8928.940684507566,2
2014-09-29,8121.992719347286,783.8323410804417,8905.825060427727,2
2014-09-30,8121.992719347286,762.6793338734949,8884.67205322078,2
2014-10-01,8121.992719347286,648.781964687479,8770.774684034765,2
2014-10-02,8121.992719347286,656.5118267813418,8778.504546128628,2
2014-10-03,8121.992719347286,783.987575541058,8905.980294888344,2
2014-10-06,8121.992719347286,772.891208888931,8894.883928236217,2
2014-10-07,8121.992719347286,602.7889221920773,8724.781641539363,2
2014-10-08,8121.992719347286,810.1227300141519,8932.115449361438,2
2014-10-09,8121.992719347286,559.6700131095602,8681.662732456845,2
2014-10-10,8121.992719347286,434.2013980760939,8556.19411742338,2
2014-10-13,8121.992719347286,271.5842405488786,8393.576959896165,2
2014-10-14,8121.992719347286,258.7757164275672,8380.768435774853,2
2014-10-15,8121.992719347286,192.65643834299482,8314.64915769028,2
2014-10-16,8121.992719347286,173.79578078691935,8295.788500134206,2
2014-10-17,8121.992719347286,252.61556951398205,8374.608288861267,2
2014-10-20,8121.992719347286,287.4592487605277,8409.451968107813,2
2014-10-21,8683.153572460615,383.969592520898,9067.123164981513,1
2014-10-22,9024.357001348402,0,9024.357001348402,0
2014-10-23,9024.357001348402,0,9024.357001348402,0
2014-10-24,9024.357001348402,0,9024.357001348402,0
2014-10-27,9024.357001348402,0,9024.357001348402,0
2014-10-28,8590.104615976788,432.56891929085714,9022.673535267646,1
2014-10-29,8165.746051143142,847.2674562828115,9013.013507425952,2
2014-10-30,8165.746051143142,889.1229617629465,9054.869012906089,2
2014-10-31,8677.223366649292,424.61662379398496,9101.839990443277,1
2014-11-03,8244.209938014215,854.182589395396,9098.392527409611,2
2014-11-04,8244.209938014215,839.7737554692242,9083.98369348344,2
2014-11-05,8244.209938014215,883.4335595271887,9127.643497541405,2
2014-11-06,8244.209938014215,910.9115692712494,9155.121507285465,2
2014-11-07,8244.209938014215,923.8277985374784,9168.037736551694,2
2014-11-10,8754.06657486025,436.08348234467354,9190.150057204923,1
2014-11-11,8316.989127826691,872.5436717120135,9189.532799538705,2
2014-11-12,8316.989127826691,869.8891799434249,9186.878307770115,2
2014-11-13,8316.989127826691,861.8972791594887,9178.88640698618,2
2014-11-14,8316.989127826691,874.6642258672337,9191.653353693924,2
2014-11-17,8316.989127826691,876.5526569096083,9193.5417847363,2
2014-11-18,8316.989127826691,906.3206083992118,9223.309736225903,2
2014-11-19,8316.989127826691,901.622238114617,9218.611365941308,2
2014-11-20,8316.989127826691,919.5468656375208,9236.535993464213,2
2014-11-21,8838.216975334275,426.01274763950306,9264.229722973778,1
2014-11-24,8400.924272481448,877.166490044907,9278.090762526355,2
2014-11-25,8400.924272481448,880.912672467252,9281.8369449487,2
2014-11-26,8400.924272481448,901.3690074223377,9302.293279903786,2
2014-11-28,8400.924272481448,871.832361324324,9272.756633805773,2
2014-12-01,8400.924272481448,826.800836497333,9227.725108978782,2
2014-12-02,8400.924272481448,891.8161068154973,9292.740379296945,2
2014-12-03,8400.924272481448,919.9064652167744,9320.830737698223,2
2014-12-04,8432.63079529554,885.5828398609418,9318.21363515648,2
2014-12-05,8432.63079529554,905.8288449824164,9338.459640277955,2
2014-12-08,8432.63079529554,834.9723873333401,9267.60318262888,2
2014-12-09,8432.63079529554,819.1948090989503,9251.82560439449,2
2014-12-10,8432.63079529554,664.7524172381324,9097.383212533672,2
2014-12-11,8432.63079529554,686.8440827253557,9119.474878020896,2
2014-12-12,8432.63079529554,561.7670594774686,8994.397854773008,2
2014-12-15,8432.63079529554,513.1617935692816,8945.79258886482,2
2014-12-16,8432.63079529554,443.0507229388013,8875.681518234342,2
2014-12-17,8432.63079529554,623.9054118024541,9056.536207097994,2
2014-12-18,8432.63079529554,850.5207564360305,9283.15155173157,2
2014-12-19,8468.57939597046,849.5055887289752,9318.084984699435,2
2014-12-22,8468.57939597046,899.6954713383502,9368.27486730881,2
2014-12-23,8468.57939597046,918.1241230179623,9386.703518988423,2
2014-12-24,8506.830955567588,886.7061288004883,9393.537084368076,2
2014-12-26,8544.408748709935,864.1738607429998,9408.582609452935,2
2014-12-29,8544.408748709935,868.5055098651167,9412.914258575052,2
2014-12-30,8544.408748709935,833.2957942135348,9377.70454292347,2
2014-12-31,8544.408748709935,732.2579536292765,9276.666702339211,2
2015-01-02,8544.408748709935,753.3146745013269,9297.723423211262,2
2015-01-05,8544.408748709935,611.2833599099431,9155.692108619878,2
2015-01-06,8544.408748709935,540.5017624174718,9084.910511127408,2
2015-01-07,8544.408748709935,639.4473246407294,9183.856073350664,2
2015-01-08,8544.408748709935,800.6874633944534,9345.096212104389,2
2015-01-09,8544.408748709935,736.653845983433,9281.062594693369,2
2015-01-12,8544.408748709935,661.3768742877589,9205.785622997693,2
2015-01-13,8544.408748709935,635.515601194735,9179.92434990467,2
2015-01-14,8544.408748709935,582.0918010229001,9126.500549732835,2
2015-01-15,8544.408748709935,497.45170793009095,9041.860456640026,2
2015-01-16,8544.408748709935,627.7441834315064,9172.152932141442,2
2015-01-20,8544.408748709935,673.820836096779,9218.229584806713,2
2015-01-21,8544.408748709935,746.7589254368978,9291.167674146833,2
2015-01-22,8588.159027755057,878.2170441839846,9466.376071939041,2
2015-01-23,8588.159027755057,849.3412973411882,9437.500325096245,2
2015-01-26,8643.5997391037,850.0368276146612,9493.636566718362,2
2015-01-27,8643.5997391037,752.7351877142999,9396.334926817999,2
2015-01-28,8643.5997391037,637.1479178142656,9280.747656917965,2
2015-01-29,8643.5997391037,714.2227060621351,9357.822445165835,2
2015-01-30,8643.5997391037,613.889688114891,9257.48942721859,2
2015-02-02,8643.5997391037,717.2902917786153,9360.890030882316,2
2015-02-03,8643.5997391037,834.1736430775472,9477.773382181247,2
2015-02-04,8643.5997391037,801.2458847853779,9444.845623889078,2
2015-02-05,8643.5997391037,880.4959783142926,9524.095717417993,2
2015-02-06,8643.5997391037,862.3916042694722,9505.991343373173,2
2015-02-09,8643.5997391037,838.223811688622,9481.823550792322,2
2015-02-10,8680.79659722618,873.1901287140195,9553.9867259402,2
2015-02-11,8680.79659722618,880.8212472910318,9561.617844517212,2
2015-02-12,8737.234642147792,880.8593779994887,9618.09402014728,2
2015-02-13,8777.74369967861,866.006601140208,9643.750300818818,2
2015-02-17,8777.74369967861,868.3672751814111,9646.110974860021,2
2015-02-18,8777.74369967861,875.6869129857854,9653.430612664395,2
2015-02-19,8777.74369967861,876.725685776187,9654.469385454797,2
2015-02-20,8808.377223240857,887.9645380333923,9696.341761274249,2
2015-02-23,8808.377223240857,892.3075825147719,9700.684805755629,2
2015-02-24,8844.221263093614,881.7956949557158,9726.01695804933,2
2015-02-25,8844.221263093614,878.602285924564,9722.823549018178,2
2015-02-26,8844.221263093614,873.2753360236813,9717.496599117296,2
2015-02-27,8844.221263093614,870.9806620798424,9715.201925173456,2
2015-03-02,8880.158652903066,876.4642159791397,9756.622868882207,2
2015-03-03,8880.158652903066,839.9000290349718,9720.058681938039,2
2015-03-04,8880.158652903066,809.45169580475,9689.610348707816,2
2015-03-05,8880.158652903066,823.6788713147916,9703.837524217859,2
2015-03-06,8880.158652903066,704.7559614708313,9584.914614373898,2
2015-03-09,8880.158652903066,746.9771243119343,9627.135777215,2
2015-03-10,8880.158652903066,585.1029893473176,9465.261642250383,2
2015-03-11,8880.158652903066,567.5241576126516,9447.682810515718,2
2015-03-12,8880.158652903066,696.919713815958,9577.078366719024,2
2015-03-13,8880.158652903066,636.6700064927016,9516.828659395767,2
2015-03-16,8880.158652903066,775.8941139079802,9656.052766811046,2
2015-03-17,8880.158652903066,751.4352455201572,9631.593898423223,2
2015-03-18,8880.158652903066,879.6905528241775,9759.849205727243,2
2015-03-19,8880.158652903066,849.7604162057401,9729.919069108806,2
2015-03-20,8927.871539349899,878.6741885655738,9806.545727915473,2
2015-03-23,8927.871539349899,875.1600130423924,9803.03155239229,2
2015-03-24,8927.871539349899,834.781112298023,9762.652651647923,2
2015-03-25,8927.871539349899,680.4681135467788,9608.339652896677,2
2015-03-26,8927.871539349899,655.6164819973176,9583.488021347217,2
2015-03-27,8927.871539349899,692.8221485787774,9620.693687928677,2
2015-03-30,8927.871539349899,841.3889475028207,9769.26048685272,2
2015-03-31,8927.871539349899,753.6279143591526,9681.499453709052,2
2015-04-01,8927.871539349899,717.5860365942513,9645.45757594415,2
2015-04-02,8927.871539349899,779.2122969002911,9707.083836250189,2
2015-04-06,9067.315591940373,834.0036413582013,9901.319233298575,2
2015-04-07,9067.315591940373,823.8376928716576,9891.15328481203,2
2015-04-08,9067.315591940373,859.3226392783558,9926.638231218729,2
2015-04-09,9067.315591940373,905.0004415745354,9972.316033514908,2
2015-04-10,9566.142735591706,438.5754469312932,10004.718182522998,1
2015-04-13,9137.212888944381,845.1110442647216,9982.323933209103,2
2015-04-14,9137.212888944381,861.7073456317482,9998.92023457613,2
2015-04-15,9137.212888944381,904.358168424527,10041.571057368908,2
2015-04-16,9137.212888944381,907.9790690155846,10045.191957959965,2
2015-04-17,9137.212888944381,826.3183845659281,9963.531273510309,2
2015-04-20,9137.212888944381,899.126247654573,10036.339136598954,2
2015-04-21,9137.212888944381,896.3246564222087,10033.53754536659,2
2015-04-22,9170.893987075684,895.0974342810994,10065.991421356783,2
2015-04-23,9212.972108017884,868.0635671852212,10081.035675203106,2
2015-04-24,9212.972108017884,886.2494506946456,10099.22155871253,2
2015-04-27,9212.972108017884,857.2736535840909,10070.245761601975,2
2015-04-28,9212.972108017884,888.8054618957426,10101.777569913627,2
2015-04-29,9212.972108017884,853.2128380843237,10066.184946102208,2
2015-04-30,9212.972108017884,767.6598541116966,9980.63196212958,2
2015-05-01,9212.972108017884,876.8059765308218,10089.778084548707,2
2015-05-04,9212.972108017884,901.7143382587495,10114.686446276633,2
2015-05-05,9212.972108017884,804.2507066421149,10017.22281466,2
2015-05-06,9212.972108017884,759.9217445768211,9972.893852594705,2
2015-05-07,9212.972108017884,794.8141224733948,10007.78623049128,2
2015-05-08,9251.37006274883,881.4849274173722,10132.854990166203,2
2015-05-11,9251.37006274883,845.8415214210476,10097.211584169878,2
2015-05-12,9251.37006274883,830.1034290408166,10081.473491789648,2
2015-05-13,9251.37006274883,834.3925037940708,10085.7625665429,2
2015-05-14,9288.912433837144,878.769450029208,10167.681883866351,2
2015-05-15,9288.912433837144,892.3407471245303,10181.253180961674,2
2015-05-18,9288.912433837144,910.18038267311,10199.092816510254,2
2015-05-19,9288.912433837144,908.5952063290006,10197.507640166144,2
2015-05-20,9288.912433837144,907.260174447516,10196.17260828466,2
2015-05-21,9318.09743196014,901.7518309104341,10219.849262870574,2
2015-05-22,9318.09743196014,893.3964452637226,10211.493877223862,2
2015-05-26,9318.09743196014,809.6401584731758,10127.737590433315,2
2015-05-27,9318.09743196014,883.8486351338366,10201.946067093975,2
2015-05-28,9318.09743196014,880.1032752126368,10198.200707172777,2
2015-05-29,9318.09743196014,835.7440814149065,10153.841513375046,2
2015-06-01,9318.09743196014,861.0479708603777,10179.145402820517,2
2015-06-02,9318.09743196014,855.1116230913949,10173.209055051535,2
2015-06-03,9318.09743196014,883.343458282181,10201.44089024232,2
2015-06-04,9318.09743196014,810.3810967503334,10128.478528710473,2
2015-06-05,9318.09743196014,812.2692134845827,10130.366645444721,2
2015-06-08,9318.09743196014,754.7342633346723,10072.831695294812,2
2015-06-09,9318.09743196014,778.2234520947795,10096.32088405492,2
2015-06-10,9355.085542353145,868.8995001455601,10223.985042498705,2
2015-06-11,9355.085542353145,890.905010343517,10245.990552696661,2
2015-06-12,9355.085542353145,831.9023031489544,10186.987845502099,2
2015-06-15,9355.085542353145,785.1503340524062,10140.235876405552,2
2015-06-16,9355.085542353145,847.848798610506,10202.934340963651,2
2015-06-17,9355.085542353145,874.7699573186003,10229.855499671745,2
2015-06-18,9407.155899406074,896.1970232435301,10303.352922649605,2
2015-06-19,9407.155899406074,860.3431617993072,10267.49906120538,2
2015-06-22,9443.372765991035,879.8630123588539,10323.235778349888,2
2015-06-23,9443.372765991035,897.5546904064528,10340.927456397487,2
2015-06-24,9443.372765991035,838.0146118547209,10281.387377845756,2
2015-06-25,9443.372765991035,808.6226325791124,10251.995398570147,2
2015-06-26,9443.372765991035,809.0633288484156,10252.43609483945,2
2015-06-29,9443.372765991035,602.6295256844073,10046.002291675442,2
2015-06-30,9443.372765991035,628.8705370393031,10072.243303030338,2
2015-07-01,9443.372765991035,707.9121845580027,10151.284950549038,2
2015-07-02,9443.372765991035,700.2765619347912,10143.649327925827,2
2015-07-06,9443.372765991035,677.7820328756129,10121.154798866648,2
2015-07-07,9443.372765991035,747.3238313590382,10190.696597350074,2
2015-07-08,9443.372765991035,565.2648663660535,10008.637632357088,2
2015-07-09,9443.372765991035,586.2043271582529,10029.577093149288,2
2015-07-10,9443.372765991035,733.2130946359139,10176.585860626948,2
2015-07-13,9443.372765991035,893.4400107709057,10336.81277676194,2
2015-07-14,9489.042626387192,887.3934428326726,10376.436069219864,2
2015-07-15,9489.042626387192,890.5142942099847,10379.556920597177,2
2015-07-16,9542.775260751398,890.060708269525,10432.835969020922,2
2015-07-17,9542.775260751398,900.9863653656487,10443.761626117046,2
2015-07-20,9571.122137604603,876.6891724120653,10447.811310016668,2
2015-07-21,9571.122137604603,855.4634430150538,10426.585580619658,2
2015-07-22,9571.122137604603,845.1898857862769,10416.31202339088,2
2015-07-23,9571.122137604603,797.6054626821553,10368.727600286758,2
2015-07-24,9571.122137604603,692.4792736833432,10263.601411287946,2
2015-07-27,9571.122137604603,625.6346856516856,10196.756823256288,2
2015-07-28,9571.122137604603,765.1058927755464,10336.228030380149,2
2015-07-29,9571.122137604603,844.0510895025382,10415.173227107141,2
2015-07-30,9571.122137604603,855.4796074937877,10426.60174509839,2
2015-07-31,9571.122137604603,842.7762052259682,10413.898342830571,2
2015-08-03,9571.122137604603,825.765611876874,10396.887749481477,2
2015-08-04,9571.122137604603,802.6409689213476,10373.76310652595,2
2015-08-05,9571.122137604603,845.0016874054593,10416.123825010063,2
2015-08-06,9571.122137604603,753.8625364162208,10324.984674020823,2
2015-08-07,9571.122137604603,732.7332450664112,10303.855382671014,2
2015-08-10,9571.122137604603,900.6905335608999,10471.812671165502,2
2015-08-11,9571.122137604603,791.9747656301795,10363.096903234782,2
2015-08-12,9571.122137604603,813.9239891362022,10385.046126740806,2
2015-08-13,9571.122137604603,811.4070134229527,10382.529151027557,2
2015-08-14,9571.122137604603,877.5323122836776,10448.654449888281,2
2015-08-17,9623.649710950045,899.4135981189229,10523.063309068968,2
2015-08-18,9623.649710950045,877.9458670528938,10501.59557800294,2
2015-08-19,9623.649710950045,794.1741866278614,10417.823897577906,2
2015-08-20,9623.649710950045,505.24447134473365,10128.894182294778,2
2015-08-21,9623.649710950045,239.97025520740465,9863.61996615745,2
2015-08-24,9686.837309261522,142.2291270525065,9829.066436314028,1
2015-08-25,9686.837309261522,108.97952767995776,9795.81683694148,1
2015-08-26,9686.837309261522,161.71089430248173,9848.548203564003,1
2015-08-27,9686.837309261522,213.6789182276246,9900.516227489146,1
2015-08-28,9686.837309261522,214.53289311027817,9901.3702023718,1
2015-08-31,9686.837309261522,190.1261644450571,9876.963473706579,1
2015-09-01,9686.837309261522,121.88145522913771,9808.718764490659,1
2015-09-02,9686.837309261522,146.97449885858305,9833.811808120105,1
2015-09-03,9686.837309261522,146.20094127272694,9833.03825053425,1
2015-09-04,9686.837309261522,109.1661899460064,9796.003499207529,1
2015-09-08,9686.837309261522,160.06544346890195,9846.902752730424,1
2015-09-09,9686.837309261522,112.54167901077494,9799.378988272298,1
2015-09-10,9686.837309261522,117.56970063193819,9804.40700989346,1
2015-09-11,9686.837309261522,124.38294061829112,9811.220249879812,1
2015-09-14,9686.837309261522,92.37627214726842,9779.21358140879,1
2015-09-15,9686.837309261522,135.90282407157446,9822.740133333096,1
2015-09-16,9686.837309261522,179.0181676855397,9865.855476947061,1
2015-09-17,9686.837309261522,150.9454157527827,9837.782725014305,1
2015-09-18,9686.837309261522,46.19459780993793,9733.03190707146,1
2015-09-21,9750.742927952417,0,9750.742927952417,0
2015-09-22,9750.742927952417,0,9750.742927952417,0
2015-09-23,9750.742927952417,0,9750.742927952417,0
2015-09-24,9750.742927952417,0,9750.742927952417,0
2015-09-25,9750.742927952417,0,9750.742927952417,0
2015-09-28,9750.742927952417,0,9750.742927952417,0
2015-09-29,9750.742927952417,0,9750.742927952417,0
2015-09-30,9750.742927952417,0,9750.742927952417,0
2015-10-01,9750.742927952417,0,9750.742927952417,0
2015-10-02,9750.742927952417,0,9750.742927952417,0
2015-10-05,9750.742927952417,0,9750.742927952417,0
2015-10-06,9750.742927952417,0,9750.742927952417,0
2015-10-07,9750.742927952417,0,9750.742927952417,0
2015-10-08,9331.644898266553,417.7450184575736,9749.389916724127,1
2015-10-09,8908.604071299029,845.1827122548978,9753.786783553927,2
2015-10-12,8908.604071299029,873.673407664855,9782.277478963884,2
2015-10-13,8908.604071299029,823.1745154965548,9731.778586795584,2
2015-10-14,8908.604071299029,796.9043732691176,9705.508444568146,2
2015-10-15,8908.604071299029,898.5852540651983,9807.189325364227,2
2015-10-16,9414.339568491685,421.94746373741305,9836.287032229098,1
2015-10-19,8990.22944316806,850.9280412326696,9841.15748440073,2
2015-10-20,8990.22944316806,834.3876144901373,9824.617057658197,2
2015-10-21,8990.22944316806,790.9707602357151,9781.200203403776,2
2015-10-22,8990.22944316806,909.7839749603975,9900.013418128457,2
2015-10-23,9506.549973818086,427.1857367358745,9933.735710553961,1
2015-10-26,9077.626573528938,847.8956893914876,9925.522262920425,2
2015-10-27,9077.626573528938,835.5259749060341,9913.152548434971,2
2015-10-28,9077.626573528938,910.0952612348857,9987.721834763825,2
2015-10-29,9077.626573528938,907.191251171053,9984.81782469999,2
2015-10-30,9077.626573528938,883.1711062968379,9960.797679825777,2
2015-11-02,9595.459513575914,426.89683654497907,10022.356350120892,1
2015-11-03,9163.96817652594,862.2529418840204,10026.22111840996,2
2015-11-04,9163.96817652594,831.3200509232324,9995.288227449171,2
2015-11-05,9163.96817652594,835.7098407402038,9999.678017266144,2
2015-11-06,9163.96817652594,848.9499407218261,10012.918117247766,2
2015-11-09,9163.96817652594,764.4420553801151,9928.410231906055,2
2015-11-10,9163.96817652594,795.9073833725024,9959.875559898443,2
2015-11-11,9163.96817652594,765.8270985590558,9929.795275084995,2
2015-11-12,9163.96817652594,638.4753407404972,9802.443517266436,2
2015-11-13,9163.96817652594,544.4094107136564,9708.377587239596,2
2015-11-16,9163.96817652594,677.6268883668124,9841.595064892752,2
2015-11-17,9163.96817652594,663.614743788746,9827.582920314686,2
2015-11-18,9163.96817652594,813.0191633798713,9976.98733990581,2
2015-11-19,9163.96817652594,808.7435386471636,9972.711715173104,2
2015-11-20,9163.96817652594,862.5576133229636,10026.525789848904,2
2015-11-23,9163.96817652594,871.9260353664433,10035.894211892382,2
2015-11-24,9163.96817652594,882.6416884380669,10046.609864964006,2
2015-11-25,9163.96817652594,900.1548330155802,10064.12300954152,2
2015-11-27,9163.96817652594,921.0924074871702,10085.06058401311,2
2015-11-30,9163.96817652594,911.2824434887223,10075.250620014662,2
2015-12-01,9708.428637256404,433.06499255874104,10141.493629815144,1
2015-12-02,9286.87982946631,815.8795154022442,10102.759344868555,2
2015-12-03,9286.87982946631,704.3855642246804,9991.26539369099,2
2015-12-04,9286.87982946631,868.846817546215,10155.726647012525,2
2015-12-07,9286.87982946631,826.0969193726489,10112.976748838959,2
2015-12-08,9286.87982946631,765.985512401518,10052.865341867828,2
2015-12-09,9286.87982946631,697.0569277587892,9983.9367572251,2
2015-12-10,9286.87982946631,717.06205627546,10003.94188574177,2
2015-12-11,9286.87982946631,560.7978850476607,9847.677714513971,2
2015-12-14,9286.87982946631,601.8649480185068,9888.744777484817,2
2015-12-15,9286.87982946631,689.0631002706598,9975.94292973697,2
2015-12-16,9286.87982946631,823.2994641719845,10110.179293638295,2
2015-12-17,9286.87982946631,710.3972630676857,9997.277092533996,2
2015-12-18,9286.87982946631,555.0379164695642,9841.917745935874,2
2015-12-21,9286.87982946631,640.6018062132915,9927.481635679602,2
2015-12-22,9286.87982946631,749.8580784094386,10036.73790787575,2
2015-12-23,9286.87982946631,871.947252041406,10158.827081507716,2
2015-12-24,9286.87982946631,866.2368552737273,10153.116684740038,2
2015-12-28,9286.87982946631,873.5196361291171,10160.399465595427,2
2015-12-29,9808.905018065447,429.7305753115449,10238.635593376992,1
2015-12-30,9808.905018065447,404.9466206847171,10213.851638750164,1
2015-12-31,9808.905018065447,374.49184428153615,10183.396862346983,1
2016-01-04,9808.905018065447,319.72115478420665,10128.626172849654,1
2016-01-05,9808.905018065447,332.75346118447686,10141.658479249923,1
2016-01-06,9808.905018065447,284.0590033573733,10092.96402142282,1
2016-01-07,9808.905018065447,205.90723158151434,10014.81224964696,1
2016-01-08,9808.905018065447,178.1000206076925,9987.00503867314,1
2016-01-11,9808.905018065447,169.12504628408414,9978.03006434953,1
2016-01-12,9808.905018065447,188.07771527431498,9996.982733339762,1
2016-01-13,9808.905018065447,118.14728375987329,9927.05230182532,1
2016-01-14,9808.905018065447,158.7809627894373,9967.685980854883,1
2016-01-15,9808.905018065447,106.04623821355403,9914.951256279,1
2016-01-19,9808.905018065447,88.29113419560599,9897.196152261053,1
2016-01-20,9808.905018065447,64.0012466027315,9872.906264668178,1
2016-01-21,9808.905018065447,66.28423008652646,9875.189248151974,1
2016-01-22,9808.905018065447,96.20995655461115,9905.114974620057,1
2016-01-25,9808.905018065447,42.1110615773614,9851.016079642808,1
2016-01-26,9808.905018065447,64.24982191874165,9873.154839984189,1
2016-01-27,9808.905018065447,30.44953802812529,9839.354556093573,1
2016-01-28,9808.905018065447,31.267746841930943,9840.172764907378,1
2016-01-29,9808.905018065447,109.14748911153964,9918.052507176986,1
2016-02-01,9808.905018065447,39.537258640319806,9848.442276705766,1
2016-02-02,9878.182076150924,0,9878.182076150924,0
2016-02-03,9878.182076150924,0,9878.182076150924,0
2016-02-04,9878.182076150924,0,9878.182076150924,0
2016-02-05,9878.182076150924,0,9878.182076150924,0
2016-02-08,9878.182076150924,0,9878.182076150924,0
2016-02-09,9878.182076150924,0,9878.182076150924,0
2016-02-10,9878.182076150924,0,9878.182076150924,0
2016-02-11,9878.182076150924,0,9878.182076150924,0
2016-02-12,9878.182076150924,0,9878.182076150924,0
2016-02-16,9878.182076150924,0,9878.182076150924,0
2016-02-17,9878.182076150924,0,9878.182076150924,0
2016-02-18,9878.182076150924,0,9878.182076150924,0
2016-02-19,9878.182076150924,0,9878.182076150924,0
2016-02-22,9878.182076150924,0,9878.182076150924,0
2016-02-23,9878.182076150924,0,9878.182076150924,0
2016-02-24,9878.182076150924,0,9878.182076150924,0
2016-02-25,9458.01486865232,419.2314440454265,9877.246312697747,1
2016-02-26,9034.803264704487,834.1626749288398,9868.965939633326,2
2016-02-29,9034.803264704487,799.4541516801994,9834.257416384688,2
2016-03-01,9533.867472514328,423.4845027127971,9957.351975227126,1
2016-03-02,9107.709132084927,862.8581788524493,9970.567310937377,2
2016-03-03,9107.709132084927,885.2471390428557,9992.956271127783,2
2016-03-04,9107.709132084927,898.0693178114375,10005.778449896365,2
2016-03-07,9107.709132084927,904.2701509849293,10011.979283069855,2
2016-03-08,9107.709132084927,845.711345324911,9953.420477409838,2
2016-03-09,9107.709132084927,875.3622801396305,9983.071412224557,2
2016-03-10,9107.709132084927,883.6749981608948,9991.384130245822,2
2016-03-11,9636.62423389495,422.5188896471682,10059.143123542119,1
2016-03-14,9207.428984125221,849.2629846206793,10056.691968745901,2
2016-03-15,9207.428984125221,845.1485305159263,10052.577514641147,2
2016-03-16,9207.428984125221,900.3311848646451,10107.760168989866,2
2016-03-17,9713.711930533427,423.2979468869331,10137.00987742036,1
2016-03-18,9287.221999138845,864.2207040164487,10151.442703155293,2
2016-03-21,9287.221999138845,881.863363437312,10169.085362576157,2
2016-03-22,9287.221999138845,874.3857722291422,10161.607771367986,2
2016-03-23,9287.221999138845,830.3664357031196,10117.588434841964,2
2016-03-24,9287.221999138845,834.8562416021884,10122.078240741033,2
2016-03-28,9287.221999138845,845.3056744678997,10132.527673606744,2
2016-03-29,9316.16278694835,885.5349091641168,10201.697696112466,2
2016-03-30,9344.44398409108,881.322907086971,10225.766891178051,2
2016-03-31,9344.44398409108,867.6349481304185,10212.078932221499,2
2016-04-01,9344.44398409108,913.1128150445738,10257.556799135655,2
2016-04-04,9344.44398409108,892.0020088598736,10236.445992950954,2
2016-04-05,9344.44398409108,820.5894287768867,10165.033412867966,2
2016-04-06,9344.44398409108,900.3885566559807,10244.83254074706,2
2016-04-07,9344.44398409108,806.8152646700792,10151.259248761158,2
2016-04-08,9344.44398409108,839.8173757107379,10184.261359801818,2
2016-04-11,9344.44398409108,822.135196598034,10166.579180689114,2
2016-04-12,9344.44398409108,901.5778394405181,10246.021823531599,2
2016-04-13,9867.50761423661,428.63513047806873,10296.14274471468,1
2016-04-14,9436.539825296077,861.6985196838417,10298.238344979918,2
2016-04-15,9436.539825296077,861.2209599473415,10297.760785243418,2
2016-04-18,9436.539825296077,906.1164212235371,10342.656246519615,2
2016-04-19,9436.539825296077,923.2355788645077,10359.775404160584,2
2016-04-20,9466.80943635317,896.0123414600117,10362.821777813182,2
2016-04-21,9466.80943635317,862.7195246972497,10329.52896105042,2
2016-04-22,9466.80943635317,878.5220868434876,10345.331523196659,2
2016-04-25,9466.80943635317,864.6268842875922,10331.436320640763,2
2016-04-26,9466.80943635317,880.1541832849796,10346.96361963815,2
2016-04-27,9497.607113480179,861.8134458644627,10359.420559344642,2
2016-04-28,9497.607113480179,784.856359339368,10282.463472819547,2
2016-04-29,9497.607113480179,745.9392996238392,10243.546413104017,2
2016-05-02,9497.607113480179,824.9701917412854,10322.577305221464,2
2016-05-03,9497.607113480179,752.9861734792448,10250.593286959423,2
2016-05-04,9497.607113480179,703.0566016092138,10200.663715089393,2
2016-05-05,9497.607113480179,705.7456837176708,10203.35279719785,2
2016-05-06,9497.607113480179,752.2607170954352,10249.867830575615,2
2016-05-09,9497.607113480179,774.0038131704125,10271.610926650592,2
2016-05-10,9497.607113480179,888.6024239273,10386.209537407478,2
2016-05-11,9497.607113480179,806.9743860780634,10304.581499558242,2
2016-05-12,9497.607113480179,816.1164616246459,10313.723575104825,2
2016-05-13,9497.607113480179,730.9086200182928,10228.515733498472,2
2016-05-16,9497.607113480179,852.2207815906131,10349.827895070792,2
2016-05-17,9497.607113480179,754.1506154867914,10251.75772896697,2
2016-05-18,9497.607113480179,760.538401155397,10258.145514635577,2
2016-05-19,9497.607113480179,720.2957379478839,10217.902851428062,2
2016-05-20,9497.607113480179,820.7029186017805,10318.31003208196,2
2016-05-23,9497.607113480179,843.356899393604,10340.964012873783,2
2016-05-24,10035.664807591818,428.6209809814668,10464.285788573285,1
2016-05-25,9609.579239246008,875.3381855506407,10484.91742479665,2
2016-05-26,9609.579239246008,885.1469139349813,10494.726153180989,2
2016-05-27,9643.286470691268,874.9622321348518,10518.24870282612,2
2016-05-31,9643.286470691268,863.4197806141071,10506.706251305375,2
2016-06-01,9643.286470691268,872.5160295460045,10515.802500237272,2
2016-06-02,9643.286470691268,899.0250140361891,10542.311484727457,2
2016-06-03,9643.286470691268,891.2449550632738,10534.531425754541,2
2016-06-06,9683.815460723732,878.7311751114307,10562.546635835162,2
2016-06-07,9683.815460723732,881.7769830596283,10565.59244378336,2
2016-06-08,9683.815460723732,899.8787236551133,10583.694184378845,2
2016-06-09,9683.815460723732,887.0295022545365,10570.844962978268,2
2016-06-10,9683.815460723732,805.7732644056741,10489.588725129406,2
2016-06-13,9683.815460723732,720.4218210014112,10404.237281725143,2
2016-06-14,9683.815460723732,717.4042482307726,10401.219708954504,2
2016-06-15,9683.815460723732,712.5524204052163,10396.367881128948,2
2016-06-16,9683.815460723732,747.2677100844408,10431.083170808173,2
2016-06-17,9683.815460723732,728.3372118514742,10412.152672575206,2
2016-06-20,9683.815460723732,801.1111201608963,10484.926580884628,2
2016-06-21,9683.815460723732,825.7854386993632,10509.600899423096,2
2016-06-22,9683.815460723732,791.6911525855355,10475.506613309268,2
2016-06-23,9739.57452527323,860.5747118724153,10600.149237145646,2
2016-06-24,9739.57452527323,568.099342745397,10307.673868018628,2
2016-06-27,9739.57452527323,451.1705014075133,10190.745026680745,2
2016-06-28,9739.57452527323,600.3948521602872,10339.969377433517,2
2016-06-29,9739.57452527323,772.032205286233,10511.606730559462,2
2016-06-30,9739.57452527323,885.1867385646651,10624.761263837896,2
2016-07-01,9772.644208994852,878.2055666335068,10650.84977562836,2
2016-07-05,9772.644208994852,844.786954194328,10617.43116318918,2
2016-07-06,9772.644208994852,885.9346142375873,10658.57882323244,2
2016-07-07,9772.644208994852,888.8421065012462,10661.486315496099,2
2016-07-08,10305.27912144687,428.59499249604517,10733.874113942917,1
2016-07-11,9869.305804338252,873.1845572456275,10742.49036158388,2
2016-07-12,9869.305804338252,907.4315256294376,10776.73732996769,2
2016-07-13,9869.305804338252,919.0055498168147,10788.311354155067,2
2016-07-14,10373.190587982237,435.36389448689334,10808.55448246913,1
2016-07-15,9937.612936580337,870.0153973295129,10807.62833390985,2
2016-07-18,9937.612936580337,895.0949846002098,10832.707921180547,2
2016-07-19,9937.612936580337,899.6211897537898,10837.234126334128,2
2016-07-20,9937.612936580337,925.5136671289108,10863.126603709248,2
2016-07-21,9937.612936580337,895.2183921226659,10832.831328703003,2
2016-07-22,9937.612936580337,930.9849377076051,10868.597874287942,2
2016-07-25,9937.612936580337,914.403636359036,10852.016572939374,2
2016-07-26,9937.612936580337,916.75297312864,10854.365909708977,2
2016-07-27,9937.612936580337,918.6908401825283,10856.303776762865,2
2016-07-28,9937.612936580337,931.4003525882106,10869.013289168548,2
2016-07-29,10456.255643064698,430.5667062478269,10886.822349312526,1
2016-08-01,10021.214715784603,858.8676040145733,10880.082319799176,2
2016-08-02,10021.214715784603,803.9741114089277,10825.188827193531,2
2016-08-03,10021.214715784603,836.8606275525938,10858.075343337197,2
2016-08-04,10021.214715784603,849.6503367938583,10870.865052578461,2
2016-08-05,10021.214715784603,919.0936789507894,10940.308394735392,2
2016-08-08,10021.214715784603,922.0836456305627,10943.298361415165,2
2016-08-09,10021.214715784603,924.3156893143719,10945.530405098974,2
2016-08-10,10021.214715784603,907.1630210523106,10928.377736836914,2
2016-08-11,10520.73182859013,434.9262355398331,10955.658064129962,1
2016-08-12,10085.391117995083,869.22360636263,10954.614724357712,2
2016-08-15,10085.391117995083,888.1896243514522,10973.580742346536,2
2016-08-16,10085.391117995083,842.5762447466943,10927.967362741778,2
2016-08-17,10085.391117995083,866.2041276895677,10951.59524568465,2
2016-08-18,10085.391117995083,897.0148853518772,10982.40600334696,2
2016-08-19,10085.391117995083,893.9512500053427,10979.342368000425,2
2016-08-22,10085.391117995083,883.6688523076768,10969.05997030276,2
2016-08-23,10085.391117995083,896.925329780473,10982.316447775556,2
2016-08-24,10085.391117995083,849.1907276978333,10934.581845692916,2
2016-08-25,10085.391117995083,840.9860675490812,10926.377185544165,2
2016-08-26,10085.391117995083,833.7870391877675,10919.17815718285,2
2016-08-29,10085.391117995083,897.7991613722429,10983.190279367325,2
2016-08-30,10085.391117995083,887.9949926471829,10973.386110642266,2
2016-08-31,10085.391117995083,872.4966818947959,10957.887799889879,2
2016-09-01,10085.391117995083,877.8554883694469,10963.24660636453,2
2016-09-02,10114.468055811309,903.9057831818204,11018.37383899313,2
2016-09-06,10163.444942108808,883.1366724210475,11046.581614529856,2
2016-09-07,10163.444942108808,886.7459553040485,11050.190897412856,2
2016-09-08,10163.444942108808,866.6130597087118,11030.05800181752,2
2016-09-09,10163.444942108808,623.108614853524,10786.553556962332,2
2016-09-12,10163.444942108808,766.3158324182518,10929.76077452706,2
2016-09-13,10163.444942108808,623.3263557908729,10786.77129789968,2
2016-09-14,10163.444942108808,618.1613019501433,10781.606244058952,2
2016-09-15,10163.444942108808,718.8990206444572,10882.343962753266,2
2016-09-16,10163.444942108808,701.9476471021626,10865.392589210971,2
2016-09-19,10163.444942108808,709.9199919676905,10873.364934076499,2
2016-09-20,10163.444942108808,711.7662315056954,10875.211173614503,2
2016-09-21,10163.444942108808,850.1803708900861,11013.625312998895,2
2016-09-22,10198.851327458622,882.2775642662501,11081.128891724873,2
2016-09-23,10198.851327458622,842.6778084493092,11041.529135907931,2
2016-09-26,10198.851327458622,745.9989090950213,10944.850236553644,2
2016-09-27,10198.851327458622,828.961232581807,11027.81256004043,2
2016-09-28,10198.851327458622,885.3916660915909,11084.242993550213,2
2016-09-29,10198.851327458622,789.2178083777129,10988.069135836335,2
2016-09-30,10198.851327458622,871.4183788267754,11070.269706285397,2
2016-10-03,10198.851327458622,863.7156333994676,11062.56696085809,2
2016-10-04,10198.851327458622,828.4490596070075,11027.30038706563,2
2016-10-05,10198.851327458622,884.8347052152083,11083.68603267383,2
2016-10-06,10670.966582983932,426.4136707920397,11097.380253775971,1
2016-10-07,10670.966582983932,410.516328841922,11081.482911825855,1
2016-10-10,10670.966582983932,436.90958243736304,11107.876165421296,1
2016-10-11,10670.966582983932,370.4411211988358,11041.407704182768,1
2016-10-12,10670.966582983932,375.0911684471603,11046.057751431093,1
2016-10-13,10670.966582983932,357.7436675242055,11028.710250508138,1
2016-10-14,10670.966582983932,365.2610344660793,11036.227617450011,1
2016-10-17,10670.966582983932,358.1390632339179,11029.10564621785,1
2016-10-18,10670.966582983932,404.99948260378,11075.966065587712,1
2016-10-19,10670.966582983932,429.06092327480235,11100.027506258735,1
2016-10-20,10670.966582983932,433.7261031180831,11104.692686102015,1
2016-10-21,10670.966582983932,443.81617141917553,11114.782754403108,1
2016-10-24,11157.579123670232,0,11157.579123670232,0
2016-10-25,11157.579123670232,0,11157.579123670232,0
2016-10-26,11157.579123670232,0,11157.579123670232,0
2016-10-27,11157.579123670232,0,11157.579123670232,0
2016-10-28,11157.579123670232,0,11157.579123670232,0
2016-10-31,11157.579123670232,0,11157.579123670232,0
2016-11-01,11157.579123670232,0,11157.579123670232,0
2016-11-02,11157.579123670232,0,11157.579123670232,0
2016-11-03,11157.579123670232,0,11157.579123670232,0
2016-11-04,11157.579123670232,0,11157.579123670232,0
2016-11-07,11157.579123670232,0,11157.579123670232,0
2016-11-08,11157.579123670232,0,11157.579123670232,0
2016-11-09,10723.127794679918,433.058087140574,11156.185881820493,1
2016-11-10,10298.537591538689,858.9897359741874,11157.527327512877,2
2016-11-11,10298.537591538689,864.5869361420459,11163.124527680735,2
2016-11-14,10298.537591538689,868.177635449447,11166.715226988135,2
2016-11-15,10298.537591538689,922.1019683781636,11220.639559916852,2
2016-11-16,10298.537591538689,913.6616877313973,11212.199279270086,2
2016-11-17,10799.967114520205,433.5208621279531,11233.487976648157,1
2016-11-18,10366.815504583687,865.0456207827212,11231.861125366408,2
2016-11-21,10366.815504583687,916.8450504415259,11283.660555025213,2
2016-11-22,10366.815504583687,928.3005193717491,11295.116023955436,2
2016-11-23,10871.721871534934,425.0636056432512,11296.785477178184,1
2016-11-25,10433.703358031129,876.7058440392987,11310.409202070428,2
2016-11-28,10433.703358031129,839.8542633403871,11273.557621371516,2
2016-11-29,10433.703358031129,855.8850151942484,11289.588373225377,2
2016-11-30,10433.703358031129,834.6110789032953,11268.314436934425,2
2016-12-01,10433.703358031129,801.067942984391,11234.77130101552,2
2016-12-02,10433.703358031129,806.4745773645282,11240.177935395657,2
2016-12-05,10433.703358031129,891.7788881466372,11325.482246177766,2
2016-12-06,10433.703358031129,920.1824798204378,11353.885837851567,2
2016-12-07,10960.120117518656,434.232546507603,11394.352664026259,1
2016-12-08,10522.855057112954,873.4496774642739,11396.304734577228,2
2016-12-09,10522.855057112954,920.2897263409385,11443.144783453892,2
2016-12-12,10522.855057112954,908.3053321877826,11431.160389300738,2
2016-12-13,10560.041713082946,895.4743967773686,11455.516109860315,2
2016-12-14,10560.041713082946,847.8921530379621,11407.933866120908,2
2016-12-15,10560.041713082946,879.2614504776143,11439.30316356056,2
2016-12-16,10560.041713082946,883.5164827946287,11443.558195877575,2
2016-12-19,10607.070951472715,861.6254207883868,11468.696372261102,2
2016-12-20,10607.070951472715,891.15344020103,11498.224391673744,2
2016-12-21,10607.070951472715,883.7915264219262,11490.862477894641,2
2016-12-22,10607.070951472715,872.2750837962495,11479.346035268965,2
2016-12-23,10607.070951472715,883.145548185064,11490.21649965778,2
2016-12-27,10607.070951472715,900.192506943959,11507.263458416674,2
2016-12-28,10607.070951472715,831.0796153731992,11438.150566845914,2
2016-12-29,10607.070951472715,825.6566511643157,11432.727602637031,2
2016-12-30,10607.070951472715,780.7344311714555,11387.80538264417,2
2017-01-03,10607.070951472715,888.5404546616179,11495.611406134332,2
2017-01-04,11109.175970324513,435.7231503715166,11544.89912069603,1
2017-01-05,10672.491272593694,872.050791920363,11544.542064514057,2
2017-01-06,10672.491272593694,900.6044809846754,11573.09575357837,2
2017-01-09,10672.491272593694,885.5043363261618,11557.995608919855,2
2017-01-10,10672.491272593694,889.9857977259924,11562.477070319686,2
2017-01-11,10672.491272593694,912.5012998185402,11584.992572412233,2
2017-01-12,10672.491272593694,899.2466618717262,11571.73793446542,2
2017-01-13,10672.491272593694,917.927302926121,11590.418575519814,2
2017-01-17,10672.491272593694,905.3234835385979,11577.814756132291,2
2017-01-18,10672.491272593694,908.3629230668253,11580.854195660519,2
2017-01-19,10672.491272593694,886.899622001809,11559.390894595503,2
2017-01-20,10672.491272593694,931.4087335574246,11603.900006151118,2
2017-01-23,10672.491272593694,928.0036651093392,11600.494937703033,2
2017-01-24,11208.633609750497,428.7702188594046,11637.403828609902,1
2017-01-25,10778.8873117621,883.5489079976237,11662.436219759724,2
2017-01-26,10778.8873117621,885.6774466369609,11664.564758399061,2
2017-01-27,10778.8873117621,884.2846974925689,11663.17200925467,2
2017-01-30,10778.8873117621,825.6345034807971,11604.521815242897,2
2017-01-31,10778.8873117621,819.9042465720453,11598.791558334146,2
2017-02-01,10778.8873117621,828.9495545671348,11607.836866329235,2
2017-02-02,10778.8873117621,834.271752691627,11613.159064453728,2
2017-02-03,10802.5662920603,878.0408116226987,11680.607103683,2
2017-02-06,10802.5662920603,865.6700637117203,11668.236355772022,2
2017-02-07,10802.5662920603,872.4542181425301,11675.02051020283,2
2017-02-08,10802.5662920603,877.5750149291367,11680.141306989437,2
2017-02-09,10825.058223021979,900.7926810093867,11725.850904031366,2
2017-02-10,10854.223923609616,889.5327463180668,11743.756669927683,2
2017-02-13,10854.223923609616,919.3474116321784,11773.571335241793,2
2017-02-14,10888.110646946874,907.4122145246167,11795.52286147149,2
2017-02-15,10888.110646946874,910.4785780845066,11798.589225031381,2
2017-02-16,10926.393782815847,872.2693015647965,11798.663084380643,2
2017-02-17,10926.393782815847,889.6829950953424,11816.076777911188,2
2017-02-21,10966.972716129696,885.1563085621526,11852.129024691849,2
2017-02-22,10966.972716129696,878.7135653509084,11845.686281480605,2
2017-02-23,10966.972716129696,884.5854281683116,11851.558144298007,2
2017-02-24,10999.365102616333,865.5712577271984,11864.936360343532,2
2017-02-27,10999.365102616333,868.1073038080212,11867.472406424355,2
2017-02-28,10999.365102616333,839.1145403649589,11838.479642981292,2
2017-03-01,10999.365102616333,921.6335598467256,11920.998662463058,2
2017-03-02,10999.365102616333,911.1032017086407,11910.468304324973,2
2017-03-03,11034.8732705197,893.2335742041405,11928.10684472384,2
2017-03-06,11034.8732705197,877.5102230449932,11912.383493564694,2
2017-03-07,11034.8732705197,857.6045916047863,11892.477862124486,2
2017-03-08,11034.8732705197,836.6342234007057,11871.507493920406,2
2017-03-09,11034.8732705197,837.6537286547282,11872.526999174428,2
2017-03-10,11034.8732705197,875.9747320967813,11910.848002616482,2
2017-03-13,11074.746515395684,853.3788000016784,11928.125315397363,2
2017-03-14,11074.746515395684,812.3865007942271,11887.133016189911,2
2017-03-15,11074.746515395684,886.331639722358,11961.07815511804,2
2017-03-16,11074.746515395684,888.4021550502712,11963.148670445955,2
2017-03-17,11074.746515395684,882.3284271746011,11957.074942570285,2
2017-03-20,11074.746515395684,879.6653525117404,11954.411867907424,2
2017-03-21,11074.746515395684,752.9957563671186,11827.742271762801,2
2017-03-22,11074.746515395684,770.2182700004468,11844.96478539613,2
2017-03-23,11074.746515395684,758.7611121772663,11833.50762757295,2
2017-03-24,11074.746515395684,757.2905083822402,11832.037023777924,2
2017-03-27,11074.746515395684,769.8170128216575,11844.56352821734,2
2017-03-28,11074.746515395684,870.3118865539536,11945.058401949638,2
2017-03-29,11074.746515395684,889.1242285204288,11963.870743916112,2
2017-03-30,11110.233244057865,879.0696545300234,11989.302898587888,2
2017-03-31,11110.233244057865,851.6299201868217,11961.863164244687,2
2017-04-03,11110.233244057865,853.3452437206194,11963.578487778484,2
2017-04-04,11110.233244057865,873.8725831069057,11984.10582716477,2
2017-04-05,11110.233244057865,834.9498443062839,11945.183088364149,2
2017-04-06,11110.233244057865,865.3973270909933,11975.630571148859,2
2017-04-07,11110.233244057865,856.6530675898198,11966.886311647684,2
2017-04-10,11110.233244057865,865.0287875535021,11975.262031611366,2
2017-04-11,11110.233244057865,847.7023530447186,11957.935597102583,2
2017-04-12,11110.233244057865,816.0237199765369,11926.2569640344,2
2017-04-13,11110.233244057865,753.0452457746344,11863.278489832499,2
2017-04-17,11683.788824815058,408.9913548218839,12092.780179636942,1
2017-04-18,11683.788824815058,401.51368704079925,12085.302511855856,1
2017-04-19,11683.788824815058,392.73503283819514,12076.523857653252,1
2017-04-20,11683.788824815058,434.6314416338487,12118.420266448906,1
2017-04-21,11683.788824815058,422.5034097439185,12106.292234558976,1
2017-04-24,11739.638483896575,431.52338651847197,12171.161870415048,1
2017-04-25,11298.923855715722,889.9756943191072,12188.89955003483,2
2017-04-26,11298.923855715722,887.9652955780412,12186.889151293763,2
2017-04-27,11298.923855715722,903.9395164823054,12202.863372198028,2
2017-04-28,11298.923855715722,886.2234872674605,12185.147342983182,2
2017-05-01,11298.923855715722,919.058022807425,12217.981878523147,2
2017-05-02,11298.923855715722,918.5791738962314,12217.503029611953,2
2017-05-03,11298.923855715722,913.3870000023102,12212.310855718033,2
2017-05-04,11333.628354334372,886.302971687338,12219.93132602171,2
2017-05-05,11333.628354334372,910.0655789917255,12243.693933326098,2
2017-05-08,11372.688279138076,892.8118862818953,12265.500165419971,2
2017-05-09,11372.688279138076,884.7569488616977,12257.445227999773,2
2017-05-10,11372.688279138076,889.0676409806822,12261.755920118758,2
2017-05-11,11372.688279138076,869.4101668287926,12242.098445966869,2
2017-05-12,11372.688279138076,866.6082755973307,12239.296554735407,2
2017-05-15,11372.688279138076,906.7547818904111,12279.443061028487,2
2017-05-16,11372.688279138076,901.4917909701209,12274.180070108197,2
2017-05-17,11372.688279138076,673.6707851907865,12046.359064328863,2
2017-05-18,11372.688279138076,720.9428885123416,12093.631167650417,2
2017-05-19,11372.688279138076,828.2443672339443,12200.93264637202,2
2017-05-22,11372.688279138076,902.9788164976098,12275.667095635687,2
2017-05-23,11403.86681137025,889.2974041107182,12293.164215480967,2
2017-05-24,11403.86681137025,921.6657559077718,12325.532567278022,2
2017-05-25,11438.821649081516,908.42025718472,12347.241906266236,2
2017-05-26,11476.0085239516,876.8942779375708,12352.90280188917,2
2017-05-30,11476.0085239516,866.48437214555,12342.492896097148,2
2017-05-31,11476.0085239516,865.5650656373231,12341.573589588923,2
2017-06-01,11476.0085239516,925.3912056747421,12401.39972962634,2
2017-06-02,11983.84837763536,435.3356207430696,12419.18399837843,1
2017-06-05,11540.908276019903,872.5838961905301,12413.492172210434,2
2017-06-06,11540.908276019903,846.8473092986983,12387.755585318602,2
2017-06-07,11540.908276019903,862.3853572748269,12403.29363329473,2
2017-06-08,11540.908276019903,872.4091279085483,12413.317403928451,2
2017-06-09,11540.908276019903,857.3743626622136,12398.282638682118,2
2017-06-12,11540.908276019903,843.7532124387619,12384.661488458665,2
2017-06-13,11540.908276019903,900.6027783411337,12441.511054361037,2
2017-06-14,11540.908276019903,893.2921441385851,12434.200420158488,2
2017-06-15,11540.908276019903,876.2964192781018,12417.204695298005,2
2017-06-16,11540.908276019903,893.3515523241244,12434.259828344027,2
2017-06-19,12054.404657690484,433.66571159198025,12488.070369282465,1
2017-06-20,11619.6702035885,838.5501518600822,12458.220355448582,2
2017-06-21,11619.6702035885,839.3328051688112,12459.00300875731,2
2017-06-22,11619.6702035885,844.6395376827406,12464.30974127124,2
2017-06-23,11619.6702035885,869.1185010993988,12488.788704687899,2
2017-06-26,11619.6702035885,882.7858580747318,12502.456061663232,2
2017-06-27,11619.6702035885,794.9586515639296,12414.628855152429,2
2017-06-28,11619.6702035885,890.7625554560221,12510.432759044521,2
2017-06-29,11619.6702035885,794.7690918319488,12414.439295420449,2
2017-06-30,11619.6702035885,817.3407010856251,12437.010904674124,2
2017-07-03,11619.6702035885,848.3210447610736,12467.991248349572,2
2017-07-05,11619.6702035885,872.3012428840643,12491.971446472564,2
2017-07-06,11619.6702035885,760.552591540192,12380.222795128691,2
2017-07-07,11619.6702035885,854.5381836987357,12474.208387287235,2
2017-07-10,11619.6702035885,881.8422276149273,12501.512431203426,2
2017-07-11,11619.6702035885,885.9182892707258,12505.588492859224,2
2017-07-12,12133.019877311068,434.6095554890848,12567.629432800153,1
2017-07-13,11700.767751204696,877.6926642534075,12578.460415458103,2
2017-07-14,11700.767751204696,916.3367325877489,12617.104483792446,2
2017-07-17,11700.767751204696,917.1389400328957,12617.906691237591,2
2017-07-18,11700.767751204696,921.5078740177883,12622.275625222484,2
2017-07-19,12206.419080834445,440.05241002443915,12646.471490858883,1
2017-07-20,11762.890422178401,885.3532522437681,12648.24367442217,2
2017-07-21,11762.890422178401,890.769343290139,12653.659765468541,2
2017-07-24,11762.890422178401,890.1442935025075,12653.03471568091,2
2017-07-25,11762.890422178401,911.3192277204736,12674.209649898876,2
2017-07-26,11762.890422178401,912.1056855572463,12674.996107735647,2
2017-07-27,11762.890422178401,898.1967669834883,12661.08718916189,2
2017-07-28,11762.890422178401,888.9102303354097,12651.800652513812,2
2017-07-31,11762.890422178401,895.519389256326,12658.409811434727,2
2017-08-01,11762.890422178401,918.3333400501368,12681.223762228537,2
2017-08-02,11762.890422178401,921.2810640794905,12684.171486257892,2
2017-08-03,11762.890422178401,908.967425239595,12671.857847417996,2
2017-08-04,11762.890422178401,932.3630147413103,12695.253436919711,2
2017-08-07,12279.117222206532,434.06980918403093,12713.187031390564,1
2017-08-08,11849.9760327152,843.0617607188626,12693.037793434063,2
2017-08-09,11849.9760327152,839.8770420115522,12689.853074726752,2
2017-08-10,11849.9760327152,651.8471998502157,12501.823232565415,2
2017-08-11,11849.9760327152,668.794141817235,12518.770174532434,2
2017-08-14,11849.9760327152,804.7217682394855,12654.697800954686,2
2017-08-15,11849.9760327152,809.6369845362733,12659.613017251473,2
2017-08-16,11849.9760327152,830.3680164100385,12680.344049125239,2
2017-08-17,11849.9760327152,639.5108088612019,12489.486841576401,2
2017-08-18,11849.9760327152,636.0010767964852,12485.977109511685,2
2017-08-21,11849.9760327152,665.6618733496344,12515.637906064834,2
2017-08-22,11849.9760327152,806.0433793964709,12656.019412111671,2
2017-08-23,11849.9760327152,757.2727356806947,12607.248768395895,2
2017-08-24,11849.9760327152,738.6169864652682,12588.593019180467,2
2017-08-25,11849.9760327152,779.7409536945246,12629.716986409725,2
2017-08-28,11849.9760327152,801.1913011628707,12651.167333878071,2
2017-08-29,11849.9760327152,810.2453074298064,12660.221340145006,2
2017-08-30,11849.9760327152,875.9242664698629,12725.900299185063,2
2017-08-31,11893.398204195306,892.8786776822348,12786.27688187754,2
2017-09-01,11929.649324181633,880.4791857660879,12810.12850994772,2
2017-09-05,11929.649324181633,791.8701046873135,12721.519428868947,2
2017-09-06,11929.649324181633,831.1212464269776,12760.77057060861,2
2017-09-07,11929.649324181633,834.6451862289555,12764.29451041059,2
2017-09-08,11929.649324181633,814.8720777243486,12744.521401905982,2
2017-09-11,11929.649324181633,924.4477104851978,12854.097034666831,2
2017-09-12,12437.741827905373,433.56716469441386,12871.308992599787,1
2017-09-13,12000.027088191786,875.04179530846,12875.068883500246,2
2017-09-14,12000.027088191786,872.018795089642,12872.045883281427,2
2017-09-15,12000.027088191786,892.3008079970724,12892.327896188859,2
2017-09-18,12000.027088191786,909.5861509606543,12909.61323915244,2
2017-09-19,12000.027088191786,917.8669830556812,12917.894071247467,2
2017-09-20,12000.027088191786,931.883505102335,12931.91059329412,2
2017-09-21,12000.027088191786,921.4394256414064,12921.466513833193,2
2017-09-22,12000.027088191786,929.6194133943543,12929.64650158614,2
2017-09-25,12000.027088191786,915.1408784351103,12915.167966626896,2
2017-09-26,12000.027088191786,920.2410008802358,12920.268089072022,2
2017-09-27,12504.400192397732,441.98910961078843,12946.38930200852,1
2017-09-28,12066.85255095156,886.8401498569365,12953.692700808497,2
2017-09-29,12066.85255095156,912.0192410561389,12978.8717920077,2
2017-10-02,12103.342603685476,900.0404689237848,13003.38307260926,2
2017-10-03,12129.072551872017,885.1223821678416,13014.194934039859,2
2017-10-04,12129.072551872017,892.7269116276108,13021.799463499628,2
2017-10-05,12152.532129112009,908.7684761840195,13061.300605296028,2
2017-10-06,12152.532129112009,894.4826476924696,13047.014776804479,2
2017-10-09,12152.532129112009,875.9729341289044,13028.505063240913,2
2017-10-10,12152.532129112009,899.0960133878813,13051.62814249989,2
2017-10-11,12152.532129112009,917.0910374196806,13069.62316653169,2
2017-10-12,12152.532129112009,909.4022627360071,13061.934391848015,2
2017-10-13,12185.744389728825,887.522268093911,13073.266657822736,2
2017-10-16,12185.744389728825,900.9797428939648,13086.72413262279,2
2017-10-17,12185.744389728825,899.7433432534604,13085.487732982285,2
2017-10-18,12185.744389728825,912.5285884927783,13098.272978221603,2
2017-10-19,12185.744389728825,918.1723897122345,13103.916779441059,2
2017-10-20,12227.5666106469,903.369641654808,13130.936252301708,2
2017-10-23,12227.5666106469,864.4097013644906,13091.976312011391,2
2017-10-24,12227.5666106469,876.4570040611104,13104.02361470801,2
2017-10-25,12227.5666106469,845.9957837943302,13073.56239444123,2
2017-10-26,12227.5666106469,857.4908155153214,13085.05742616222,2
2017-10-27,12276.498209833397,886.3476969050112,13162.845906738408,2
2017-10-30,12276.498209833397,857.1521171854112,13133.650327018808,2
2017-10-31,12276.498209833397,874.4905802372809,13150.988790070678,2
2017-11-01,12276.498209833397,888.3903581676387,13164.888568001035,2
2017-11-02,12276.498209833397,898.9143836983583,13175.412593531755,2
2017-11-03,12317.059774613243,892.8952217272292,13209.954996340472,2
2017-11-06,12317.059774613243,903.4773133045134,13220.537087917755,2
2017-11-07,12317.059774613243,894.390311444977,13211.45008605822,2
2017-11-08,12344.995476531632,878.8862355615913,13223.881712093224,2
2017-11-09,12344.995476531632,837.275191694602,13182.270668226234,2
2017-11-10,12344.995476531632,815.624969193929,13160.62044572556,2
2017-11-13,12344.995476531632,828.5501892502278,13173.54566578186,2
2017-11-14,12344.995476531632,811.1085034843746,13156.103980016007,2
2017-11-15,12344.995476531632,736.3965733744564,13081.39204990609,2
2017-11-16,12344.995476531632,836.630655023743,13181.626131555375,2
2017-11-17,12344.995476531632,825.53578118766,13170.531257719293,2
2017-11-20,12344.995476531632,866.1892472775406,13211.184723809172,2
2017-11-21,12385.716321206524,891.4189474684714,13277.135268674996,2
2017-11-22,12385.716321206524,886.2727783289706,13271.989099535494,2
2017-11-24,12421.19844735817,872.6951386577759,13293.893586015947,2
2017-11-27,12421.19844735817,873.5219321589186,13294.72037951709,2
2017-11-28,12450.109259235367,898.3097732270289,13348.419032462396,2
2017-11-29,12450.109259235367,884.4911954504436,13334.600454685811,2
2017-11-30,12484.736043688594,881.1382192502208,13365.874262938814,2
2017-12-01,12484.736043688594,868.8971473392303,13353.633191027824,2
2017-12-04,12484.736043688594,866.212336668962,13350.948380357557,2
2017-12-05,12484.736043688594,851.5582451139223,13336.294288802515,2
2017-12-06,12484.736043688594,860.639120421238,13345.375164109832,2
2017-12-07,12484.736043688594,901.9424122828502,13386.678455971443,2
2017-12-08,12993.050874362474,432.2925184154897,13425.343392777964,1
2017-12-11,12560.112015301256,881.4764753620352,13441.588490663291,2
2017-12-12,12560.112015301256,880.5455038154747,13440.65751911673,2
2017-12-13,12560.112015301256,874.1676591932239,13434.27967449448,2
2017-12-14,12560.112015301256,840.4128024350073,13400.524817736263,2
2017-12-15,12588.867836463893,894.2175750678316,13483.085411531723,2
2017-12-18,12627.774782503204,887.4976723516529,13515.272454854858,2
2017-12-19,12627.774782503204,856.1225208114654,13483.897303314669,2
2017-12-20,12627.774782503204,859.9808298661924,13487.755612369396,2
2017-12-21,12627.774782503204,879.5149659628518,13507.289748466055,2
2017-12-22,12627.774782503204,872.6690691455074,13500.443851648712,2
2017-12-26,12627.774782503204,869.9178038592606,13497.692586362464,2
2017-12-27,12627.774782503204,874.5723115445082,13502.347094047713,2
2017-12-28,12627.774782503204,897.2699194282673,13525.04470193147,2
2017-12-29,12627.774782503204,843.7598263317802,13471.534608834983,2
2018-01-02,12674.326834879801,892.9216420906322,13567.248476970433,2
2018-01-03,12716.858120416215,899.2708553054872,13616.128975721702,2
2018-01-04,12748.00370533105,888.5083620817555,13636.512067412805,2
2018-01-05,12779.69638945671,895.687882355568,13675.38427181228,2
2018-01-08,12779.69638945671,906.3019179034613,13685.998307360172,2
2018-01-09,12779.69638945671,904.2813360986095,13683.97772555532,2
2018-01-10,12779.69638945671,906.3145736529476,13686.010963109658,2
2018-01-11,12824.44565535966,895.3054367429222,13719.751092102582,2
2018-01-12,12871.297752267596,877.9071727420652,13749.20492500966,2
2018-01-16,12871.297752267596,832.3095282971699,13703.607280564765,2
2018-01-17,12871.297752267596,889.967041827837,13761.264794095432,2
2018-01-18,12871.297752267596,878.2216160983198,13749.519368365916,2
2018-01-19,12908.085392907564,882.3193535122443,13790.404746419808,2
2018-01-22,12958.155987648277,882.481645458105,13840.637633106382,2
2018-01-23,12958.155987648277,895.6751290938525,13853.831116742129,2
2018-01-24,12958.155987648277,888.1801882338341,13846.336175882112,2
2018-01-25,12958.155987648277,892.2152745564833,13850.37126220476,2
2018-01-26,13473.266619357799,433.1641854122594,13906.430804770058,1
2018-01-29,13053.69003607214,805.4988958510083,13859.188931923147,2
2018-01-30,13053.69003607214,715.4923376254565,13769.182373697597,2
2018-01-31,13053.69003607214,739.8559515374566,13793.545987609596,2
2018-02-01,13053.69003607214,738.0686992325949,13791.758735304735,2
2018-02-02,13053.69003607214,526.4459007369467,13580.135936809085,2
2018-02-05,13053.69003607214,337.0451449965685,13390.735181068707,2
2018-02-06,13053.69003607214,383.81726945291064,13437.50730552505,2
2018-02-07,13053.69003607214,348.5392741795948,13402.229310251734,2
2018-02-08,13053.69003607214,215.18807157301296,13268.878107645152,2
2018-02-09,13053.69003607214,238.0717221319486,13291.761758204088,2
2018-02-12,13053.69003607214,264.32211221600994,13318.01214828815,2
2018-02-13,13053.69003607214,268.65700780788586,13322.347043880025,2
2018-02-14,13053.69003607214,310.119914331284,13363.809950403423,2
2018-02-15,13053.69003607214,410.2451936639028,13463.935229736042,2
2018-02-16,13053.69003607214,411.3669214098721,13465.056957482011,2
2018-02-20,13053.69003607214,339.24929671511563,13392.939332787255,2
2018-02-21,13053.69003607214,272.96476458408847,13326.654800656228,2
2018-02-22,13053.69003607214,259.62757552655944,13313.317611598699,2
2018-02-23,13053.69003607214,434.7878269445033,13488.477863016642,2
2018-02-26,13053.69003607214,633.7653931354964,13687.455429207635,2
2018-02-27,13053.69003607214,386.349072963381,13440.03910903552,2
2018-02-28,13053.69003607214,199.90602045357946,13253.59605652572,2
2018-03-01,13053.69003607214,78.46252778163603,13132.152563853775,2
2018-03-02,13119.087096538688,73.04056889989567,13192.127665438584,1
2018-03-05,13208.909927315528,0,13208.909927315528,0
2018-03-06,13208.909927315528,0,13208.909927315528,0
2018-03-07,13208.909927315528,0,13208.909927315528,0
2018-03-08,13208.909927315528,0,13208.909927315528,0
2018-03-09,12790.171463618479,417.0147635520177,13207.186227170496,1
2018-03-12,12374.736357511978,822.9074864490465,13197.643843961025,2
2018-03-13,12374.736357511978,780.7325023058219,13155.4688598178,2
2018-03-14,12374.736357511978,735.7238219054275,13110.460179417405,2
2018-03-15,12374.736357511978,741.6249692772396,13116.361326789218,2
2018-03-16,12374.736357511978,767.0634696747832,13141.799827186762,2
2018-03-19,12374.736357511978,636.84199771307,13011.578355225049,2
2018-03-20,12374.736357511978,656.6959053844755,13031.432262896453,2
2018-03-21,12374.736357511978,647.5000522776795,13022.236409789657,2
2018-03-22,12374.736357511978,442.7212680284029,12817.45762554038,2
2018-03-23,12374.736357511978,314.44513542310517,12689.181492935084,2
2018-03-26,12374.736357511978,475.68464084244226,12850.42099835442,2
2018-03-27,12374.736357511978,342.9624504623632,12717.69880797434,2
2018-03-28,12374.736357511978,319.519449646981,12694.25580715896,2
2018-03-29,12374.736357511978,409.530582247541,12784.266939759518,2
2018-04-02,12374.736357511978,227.24198161961624,12601.978339131594,2
2018-04-03,12374.736357511978,295.30014390120414,12670.036501413182,2
2018-04-04,12374.736357511978,398.05689554252695,12772.793253054504,2
2018-04-05,12374.736357511978,473.23677142161245,12847.97312893359,2
2018-04-06,12374.736357511978,230.6001371689149,12605.336494680892,2
2018-04-09,12374.736357511978,213.9326916586242,12588.669049170603,2
2018-04-10,12374.736357511978,414.0121796143248,12788.748537126303,2
2018-04-11,12374.736357511978,295.0731073523343,12669.809464864313,2
2018-04-12,12374.736357511978,429.2032755767494,12803.939633088727,2
2018-04-13,12518.998382096179,214.37802259388405,12733.376404690063,1
2018-04-16,12981.96415489593,0,12981.96415489593,0
2018-04-17,12565.986122570048,415.02965503015224,12981.0157776002,1
2018-04-18,12140.50940363699,839.948560841426,12980.457964478415,2
2018-04-19,12140.50940363699,806.6434618359892,12947.15286547298,2
2018-04-20,12140.50940363699,744.8094534900797,12885.31885712707,2
2018-04-23,12140.50940363699,761.0246191487739,12901.534022785763,2
2018-04-24,12140.50940363699,649.5764013463613,12790.085804983351,2
2018-04-25,12140.50940363699,666.6548822835985,12807.16428592059,2
2018-04-26,12140.50940363699,763.6249985225284,12904.134402159518,2
2018-04-27,12140.50940363699,787.3118669634785,12927.821270600469,2
2018-04-30,12140.50940363699,727.9084573125743,12868.417860949565,2
2018-05-01,12140.50940363699,758.8741644801793,12899.38356811717,2
2018-05-02,12140.50940363699,693.5202393303719,12834.029642967362,2
2018-05-03,12140.50940363699,676.3742433056045,12816.883646942595,2
2018-05-04,12140.50940363699,810.7977635793333,12951.307167216324,2
2018-05-07,12140.50940363699,856.1151078709009,12996.624511507891,2
2018-05-08,12140.50940363699,861.829711650207,13002.339115287197,2
2018-05-09,12659.33687307212,422.11505831559924,13081.451931387719,1
2018-05-10,12229.514317802705,877.236026086792,13106.750343889496,2
2018-05-11,12229.514317802705,898.4850477200848,13127.99936552279,2
2018-05-14,12261.541521527828,871.8707298705751,13133.412251398404,2
2018-05-15,12261.541521527828,804.6366353989481,13066.178156926777,2
2018-05-16,12261.541521527828,853.4629568160916,13115.004478343919,2
2018-05-17,12261.541521527828,851.5335985208444,13113.075120048672,2
2018-05-18,12261.541521527828,838.9036203570306,13100.445141884858,2
2018-05-21,12261.541521527828,897.8292711450093,13159.370792672837,2
2018-05-22,12261.541521527828,882.6121620226231,13144.153683550452,2
2018-05-23,12300.733003726307,872.4069888952124,13173.13999262152,2
2018-05-24,12300.733003726307,864.9028182006768,13165.635821926984,2
2018-05-25,12300.733003726307,840.8370361900226,13141.57003991633,2
2018-05-29,12300.733003726307,713.4723964996226,13014.20540022593,2
2018-05-30,12300.733003726307,837.5436390446587,13138.276642770967,2
2018-05-31,12300.733003726307,786.4868903613864,13087.219894087693,2
2018-06-01,12300.733003726307,894.1867710922562,13194.919774818563,2
2018-06-04,12356.17466314323,881.660440923166,13237.835104066397,2
2018-06-05,12385.262737765417,863.0597368446697,13248.322474610086,2
2018-06-06,12385.262737765417,922.0185967939933,13307.281334559411,2
2018-06-07,12385.262737765417,912.9799349003118,13298.242672665729,2
2018-06-08,12426.007207572604,883.920661319749,13309.927868892353,2
2018-06-11,12468.51859282624,849.229213878079,13317.74780670432,2
2018-06-12,12468.51859282624,862.875086535822,13331.393679362061,2
2018-06-13,12468.51859282624,829.0701894516076,13297.588782277848,2
2018-06-14,12468.51859282624,863.9567346887279,13332.475327514967,2
2018-06-15,12468.51859282624,863.6335381919565,13332.152131018196,2
2018-06-18,12468.51859282624,853.5682260085757,13322.086818834816,2
2018-06-19,12468.51859282624,808.4231586676499,13276.94175149389,2
2018-06-20,12468.51859282624,835.5789158446478,13304.097508670888,2
2018-06-21,12468.51859282624,757.1464512174465,13225.665044043686,2
2018-06-22,12468.51859282624,790.7387707721903,13259.25736359843,2
2018-06-25,12468.51859282624,631.8301429111968,13100.348735737436,2
2018-06-26,12468.51859282624,668.9020845950495,13137.420677421289,2
2018-06-27,12468.51859282624,569.6213185102266,13038.139911336466,2
2018-06-28,12468.51859282624,641.2061007095843,13109.724693535823,2
2018-06-29,12468.51859282624,659.6664155535918,13128.18500837983,2
2018-07-02,12468.51859282624,714.7446273126349,13183.263220138875,2
2018-07-03,12468.51859282624,654.3190770871333,13122.837669913373,2
2018-07-05,12468.51859282624,791.4673404134359,13259.985933239675,2
2018-07-06,12507.789405391775,869.5588456829425,13377.348251074718,2
2018-07-09,12572.52560197196,876.3775442076098,13448.90314617957,2
2018-07-10,12612.662440924012,854.666373144797,13467.32881406881,2
2018-07-11,12612.662440924012,793.9128865679927,13406.575327492004,2
2018-07-12,12612.662440924012,870.6402598785978,13483.30270080261,2
2018-07-13,12612.662440924012,887.1181751356412,13499.780616059654,2
2018-07-16,12612.662440924012,879.0604091084994,13491.72285003251,2
2018-07-17,12651.655943663829,874.6167097070218,13526.27265337085,2
2018-07-18,12651.655943663829,888.6585678533156,13540.314511517145,2
2018-07-19,12651.655943663829,855.0558700281399,13506.711813691969,2
2018-07-20,12651.655943663829,852.7868484172377,13504.442792081067,2
2018-07-23,12651.655943663829,879.1183272282453,13530.774270892074,2
2018-07-24,12690.578887963928,870.1039513995553,13560.682839363482,2
2018-07-25,12728.353081330406,880.0271630506068,13608.380244381013,2
2018-07-26,12728.353081330406,869.2486987096562,13597.601780040062,2
2018-07-27,12728.353081330406,814.3246652791262,13542.677746609532,2
2018-07-30,12728.353081330406,760.7284167682778,13489.081498098683,2
2018-07-31,12728.353081330406,824.0269756931646,13552.38005702357,2
2018-08-01,12728.353081330406,814.0933089777924,13542.446390308198,2
2018-08-02,12728.353081330406,868.9234045924467,13597.276485922852,2
2018-08-03,12769.713964855751,865.2923172884847,13635.006282144235,2
2018-08-06,12769.713964855751,903.5464550217223,13673.260419877473,2
2018-08-07,12807.570808599461,886.7983840055831,13694.369192605045,2
2018-08-08,12807.570808599461,889.7391917782875,13697.310000377749,2
2018-08-09,12807.570808599461,875.4299232947374,13683.000731894199,2
2018-08-10,12807.570808599461,792.7105747716834,13600.281383371144,2
2018-08-13,12807.570808599461,744.7142098911243,13552.285018490586,2
2018-08-14,12807.570808599461,820.7017165123474,13628.272525111808,2
2018-08-15,12807.570808599461,742.9553411170517,13550.526149716512,2
2018-08-16,12807.570808599461,827.8787135490188,13635.44952214848,2
2018-08-17,12807.570808599461,869.6145365068439,13677.185345106305,2
2018-08-20,12847.138581783374,858.8864837617527,13706.025065545127,2
2018-08-21,12847.138581783374,868.4574103314418,13715.595992114817,2
2018-08-22,12847.138581783374,881.4025313786397,13728.541113162013,2
2018-08-23,12847.138581783374,871.8964929072076,13719.035074690582,2
2018-08-24,12886.03704604548,876.8996500498229,13762.936696095303,2
2018-08-27,12928.4952827657,874.5483082087137,13803.043590974414,2
2018-08-28,12928.4952827657,872.3990448615403,13800.89432762724,2
2018-08-29,12969.836686250212,864.6531567206562,13834.489842970868,2
2018-08-30,12969.836686250212,816.2821782896842,13786.118864539896,2
2018-08-31,12969.836686250212,832.4349096739463,13802.271595924158,2
2018-09-04,12969.836686250212,828.6665834599767,13798.503269710189,2
2018-09-05,12969.836686250212,798.9466337102222,13768.783319960434,2
2018-09-06,12969.836686250212,762.7285461861006,13732.565232436313,2
2018-09-07,12969.836686250212,745.0248080736174,13714.861494323828,2
2018-09-10,12969.836686250212,783.0337616629456,13752.870447913157,2
2018-09-11,12969.836686250212,833.6798571054562,13803.516543355669,2
2018-09-12,12969.836686250212,842.7152913273208,13812.551977577532,2
2018-09-13,12969.836686250212,898.0197908724645,13867.856477122676,2
2018-09-14,13011.099536621638,865.9129573634989,13877.012493985136,2
2018-09-17,13011.099536621638,807.9769397394521,13819.07647636109,2
2018-09-18,13011.099536621638,868.242210548445,13879.341747170083,2
2018-09-19,13040.386728748223,868.0274491893389,13908.414177937562,2
2018-09-20,13040.386728748223,911.3280489530603,13951.714777701283,2
2018-09-21,13040.386728748223,914.7459834946837,13955.132712242907,2
2018-09-24,13040.386728748223,897.4801518794749,13937.866880627698,2
2018-09-25,13040.386728748223,889.9151798714461,13930.30190861967,2
2018-09-26,13040.386728748223,865.4929292029017,13905.879657951124,2
2018-09-27,13040.386728748223,894.7585980083645,13935.145326756587,2
2018-09-28,13040.386728748223,904.0091544052558,13944.395883153478,2
2018-10-01,13087.277839038858,886.4315608338104,13973.709399872669,2
2018-10-02,13087.277839038858,886.6484044023341,13973.926243441192,2
2018-10-03,13126.341544472112,859.7620939346683,13986.103638406781,2
2018-10-04,13126.341544472112,757.4878670138801,13883.829411485993,2
2018-10-05,13126.341544472112,709.3520325387879,13835.6935770109,2
2018-10-08,13126.341544472112,701.7746652085833,13828.116209680695,2
2018-10-09,13126.341544472112,689.848904126022,13816.190448598134,2
2018-10-10,13126.341544472112,422.0443627924226,13548.385907264535,2
2018-10-11,13126.341544472112,308.6929561863599,13435.034500658472,2
2018-10-12,13126.341544472112,368.0144506308835,13494.355995102997,2
2018-10-15,13126.341544472112,317.05795339608187,13443.399497868195,2
2018-10-16,13126.341544472112,467.2333285379665,13593.574873010079,2
2018-10-17,13126.341544472112,462.8861226459705,13589.227667118083,2
2018-10-18,13126.341544472112,342.98912358799214,13469.330668060104,2
2018-10-19,13126.341544472112,334.1920351838837,13460.533579655996,2
2018-10-22,13126.341544472112,278.4865137683312,13404.828058240444,2
2018-10-23,13126.341544472112,237.12976932356185,13363.471313795673,2
2018-10-24,13126.341544472112,101.97027111489376,13228.311815587005,2
2018-10-25,13126.341544472112,168.0664292937081,13294.407973765821,2
2018-10-26,13126.341544472112,78.21798873611385,13204.559533208227,2
2018-10-29,13126.341544472112,35.98940255528191,13162.330947027394,2
2018-10-30,13126.341544472112,58.95023428973332,13185.291778761846,2
2018-10-31,13126.341544472112,71.82336757865073,13198.164912050763,2
2018-11-01,13126.341544472112,97.02404092333268,13223.365585395444,2
2018-11-02,13126.341544472112,42.27102354082035,13168.612568012933,2
2018-11-05,13201.461487209754,11.902186596822162,13213.363673806576,1
2018-11-06,13201.461487209754,7.983291478154797,13209.444778687908,1
2018-11-07,13410.128947825719,0,13410.128947825719,0
2018-11-08,13410.128947825719,0,13410.128947825719,0
2018-11-09,13410.128947825719,0,13410.128947825719,0
2018-11-12,13410.128947825719,0,13410.128947825719,0
2018-11-13,13410.128947825719,0,13410.128947825719,0
2018-11-14,13410.128947825719,0,13410.128947825719,0
2018-11-15,13410.128947825719,0,13410.128947825719,0
2018-11-16,13410.128947825719,0,13410.128947825719,0
2018-11-19,13410.128947825719,0,13410.128947825719,0
2018-11-20,13410.128947825719,0,13410.128947825719,0
2018-11-21,13410.128947825719,0,13410.128947825719,0
2018-11-23,13410.128947825719,0,13410.128947825719,0
2018-11-26,13410.128947825719,0,13410.128947825719,0
2018-11-27,13410.128947825719,0,13410.128947825719,0
2018-11-28,13410.128947825719,0,13410.128947825719,0
2018-11-29,13410.128947825719,0,13410.128947825719,0
2018-11-30,13410.128947825719,0,13410.128947825719,0
2018-12-03,12993.096718955696,415.74503097241546,13408.841749928111,1
2018-12-04,12993.096718955696,298.3440201950586,13291.440739150754,1
2018-12-06,12993.096718955696,293.371171939998,13286.467890895694,1
2018-12-07,12993.096718955696,220.34390908350474,13213.440628039201,1
2018-12-10,12993.096718955696,223.19655050993532,13216.293269465632,1
2018-12-11,12993.096718955696,220.66350551257727,13213.760224468273,1
2018-12-12,12993.096718955696,238.1564623040262,13231.253181259723,1
2018-12-13,12993.096718955696,236.85265869752214,13229.949377653218,1
2018-12-14,12993.096718955696,170.02291404149332,13163.11963299719,1
2018-12-17,12993.096718955696,112.96609605712149,13106.062815012818,1
2018-12-18,12993.096718955696,114.67315022860589,13107.769869184302,1
2018-12-19,12993.096718955696,76.53066804166144,13069.627386997357,1
2018-12-20,12993.096718955696,57.18464513469996,13050.281364090395,1
2018-12-21,12993.096718955696,34.355631712679724,13027.452350668376,1
2018-12-24,12993.096718955696,19.620310474155644,13012.717029429852,1
2018-12-26,12993.096718955696,41.904711717066334,13035.001430672763,1
2018-12-27,12993.096718955696,48.37145289574778,13041.468171851444,1
2018-12-28,12993.096718955696,35.85962781970977,13028.956346775405,1
2018-12-31,12993.096718955696,22.211633184258517,13015.308352139955,1
2019-01-02,12993.096718955696,8.139356237589368,13001.236075193285,1
2019-01-03,12993.096718955696,0.6958749165704603,12993.792593872266,1
2019-01-04,12993.096718955696,2.9758384544919636,12996.072557410187,1
2019-01-07,13076.064490085673,0,13076.064490085673,0
2019-01-08,13076.064490085673,0,13076.064490085673,0
2019-01-09,13076.064490085673,0,13076.064490085673,0
2019-01-10,13076.064490085673,0,13076.064490085673,0
2019-01-11,13076.064490085673,0,13076.064490085673,0
2019-01-14,13076.064490085673,0,13076.064490085673,0
2019-01-15,13076.064490085673,0,13076.064490085673,0
2019-01-16,13076.064490085673,0,13076.064490085673,0
2019-01-17,12659.291911774246,415.54917338063007,13074.841085154876,1
2019-01-18,12237.810518277964,864.8841708827003,13102.694689160664,2
2019-01-22,12237.810518277964,775.8024055950174,13013.61292387298,2
2019-01-23,12237.810518277964,805.451601786757,13043.26212006472,2
2019-01-24,12237.810518277964,823.8631953485623,13061.673713626526,2
2019-01-25,12237.810518277964,884.8887039357453,13122.699222213709,2
2019-01-28,12237.810518277964,843.0903823450241,13080.900900622988,2
2019-01-29,12237.810518277964,837.0742924895599,13074.884810767524,2
2019-01-30,12295.382901912628,863.2780113736814,13158.660913286309,2
2019-01-31,12344.220155428502,861.7160681455364,13205.93622357404,2
2019-02-01,12344.220155428502,874.961932858927,13219.182088287429,2
2019-02-04,12387.945465163462,869.3149424860987,13257.26040764956,2
2019-02-05,12424.564182202543,854.9879244516817,13279.552106654224,2
2019-02-06,12424.564182202543,850.292472824464,13274.856655027006,2
2019-02-07,12424.564182202543,786.764279679123,13211.328461881665,2
2019-02-08,12424.564182202543,803.6368482367976,13228.20103043934,2
2019-02-11,12424.564182202543,813.9832744801349,13238.547456682678,2
2019-02-12,12424.564182202543,892.1079424982283,13316.672124700772,2
2019-02-13,12424.564182202543,905.090413923665,13329.654596126207,2
2019-02-14,12424.564182202543,889.7533069241824,13314.317489126724,2
2019-02-15,12945.944528666714,424.0731321450699,13370.017660811784,1
2019-02-19,12526.647712539147,852.7249442436702,13379.372656782816,2
2019-02-20,12526.647712539147,879.0461456931929,13405.69385823234,2
2019-02-21,12526.647712539147,857.0052427583857,13383.652955297532,2
2019-02-22,12526.647712539147,906.7457114007973,13433.393423939944,2
2019-02-25,12526.647712539147,901.0515739623163,13427.699286501464,2
2019-02-26,12526.647712539147,896.5548833259354,13423.202595865081,2
2019-02-27,12526.647712539147,905.1248914083424,13431.77260394749,2
2019-02-28,12526.647712539147,895.1769437673368,13421.824656306484,2
2019-03-01,13043.4324936684,422.77152885019797,13466.2040225186,1
2019-03-04,12619.429391216876,829.5087725224923,13448.938163739369,2
2019-03-05,12619.429391216876,824.1678700554829,13443.597261272358,2
2019-03-06,12619.429391216876,770.8532014207549,13390.282592637632,2
2019-03-07,12619.429391216876,706.3220663809539,13325.75145759783,2
2019-03-08,12619.429391216876,699.4698241479831,13318.89921536486,2
2019-03-11,12619.429391216876,837.8161732328213,13457.245564449697,2
2019-03-12,12619.429391216876,869.2339980653028,13488.66338928218,2
2019-03-13,12658.296042540092,872.9861390352073,13531.2821815753,2
2019-03-14,12658.296042540092,870.2636050294132,13528.559647569506,2
2019-03-15,12701.526918792451,863.2270867204877,13564.75400551294,2
2019-03-18,12701.526918792451,886.704737348311,13588.231656140762,2
2019-03-19,12701.526918792451,881.0361134986209,13582.563032291073,2
2019-03-20,12701.526918792451,862.9913215503304,13564.518240342783,2
2019-03-21,12744.830498657162,874.2020399150344,13619.032538572197,2
2019-03-22,12744.830498657162,717.759105088784,13462.589603745946,2
2019-03-25,12744.830498657162,721.1469215078878,13465.97742016505,2
2019-03-26,12744.830498657162,797.719568696138,13542.5500673533,2
2019-03-27,12744.830498657162,761.0727234201634,13505.903222077326,2
2019-03-28,12744.830498657162,801.3143845205431,13546.144883177705,2
2019-03-29,12744.830498657162,860.7959290840895,13605.626427741252,2
2019-04-01,12796.372585820005,878.9619978271702,13675.334583647174,2
2019-04-02,12796.372585820005,883.1991343761489,13679.571720196154,2
2019-04-03,12796.372585820005,891.0182403634794,13687.390826183484,2
2019-04-04,12835.516712058366,864.9056377815264,13700.422349839893,2
2019-04-05,12835.516712058366,903.6504303339891,13739.167142392356,2
2019-04-08,12835.516712058366,911.1012949261444,13746.61800698451,2
2019-04-09,12835.516712058366,866.8288738213246,13702.345585879691,2
2019-04-10,12835.516712058366,904.193004497874,13739.70971655624,2
2019-04-11,12876.447246831392,868.4735752620388,13744.92082209343,2
2019-04-12,12919.783954367063,875.1702199509295,13794.954174317993,2
2019-04-15,12919.783954367063,874.3095144954016,13794.093468862466,2
2019-04-16,12919.783954367063,882.8953455050196,13802.679299872083,2
2019-04-17,12919.783954367063,865.0915408897833,13784.875495256847,2
2019-04-18,12919.783954367063,887.1937460598274,13806.97770042689,2
2019-04-22,12956.117471766012,862.2659427268022,13818.383414492815,2
2019-04-23,12999.580712562903,867.8460962635236,13867.426808826427,2
2019-04-24,12999.580712562903,841.7751868579796,13841.355899420883,2
2019-04-25,12999.580712562903,840.4239147058853,13840.004627268789,2
2019-04-26,12999.580712562903,879.2286184850011,13878.809331047905,2
2019-04-29,12999.580712562903,887.3778980236245,13886.958610586527,2
2019-04-30,12999.580712562903,895.2970572171778,13894.877769780082,2
2019-05-01,12999.580712562903,828.1978854260021,13827.778597988905,2
2019-05-02,12999.580712562903,824.648043627031,13824.228756189934,2
2019-05-03,13038.249580656671,868.2809174976896,13906.530498154361,2
2019-05-06,13038.249580656671,807.1757901935919,13845.425370850264,2
2019-05-07,13038.249580656671,646.1284916957112,13684.378072352383,2
2019-05-08,13038.249580656671,635.8530863727892,13674.10266702946,2
2019-05-09,13038.249580656671,616.8318090439783,13655.08138970065,2
2019-05-10,13038.249580656671,676.9708646929466,13715.220445349618,2
2019-05-13,13038.249580656671,443.2263694339241,13481.475950090595,2
2019-05-14,13038.249580656671,513.432304483588,13551.681885140259,2
2019-05-15,13038.249580656671,579.7226194273364,13617.972200084008,2
2019-05-16,13038.249580656671,689.6875780327257,13727.937158689398,2
2019-05-17,13038.249580656671,620.9259553956756,13659.175536052348,2
2019-05-20,13038.249580656671,539.9342949820905,13578.183875638762,2
2019-05-21,13038.249580656671,669.739566207084,13707.989146863754,2
2019-05-22,13038.249580656671,636.6444872847985,13674.89406794147,2
2019-05-23,13038.249580656671,442.5832565288857,13480.832837185557,2
2019-05-24,13038.249580656671,456.64797143342497,13494.897552090097,2
2019-05-28,13117.404478338389,179.12933681132586,13296.533815149714,1
2019-05-29,13117.404478338389,133.84707093107977,13251.25154926947,1
2019-05-30,13117.404478338389,137.058687321732,13254.463165660121,1
2019-05-31,13117.404478338389,67.78784794234411,13185.192326280732,1
2019-06-03,13117.404478338389,28.952359852615928,13146.356838191004,1
2019-06-04,13117.404478338389,124.68820905335463,13242.092687391743,1
2019-06-05,13117.404478338389,205.3806462412112,13322.7851245796,1
2019-06-06,13117.404478338389,311.246415380414,13428.650893718803,1
2019-06-07,13273.418446379514,416.1740215250894,13689.592467904604,1
2019-06-10,12850.436656429581,856.0294121022075,13706.466068531789,2
2019-06-11,12850.436656429581,856.7783003945729,13707.214956824155,2
2019-06-12,12850.436656429581,851.4945717297511,13701.931228159332,2
2019-06-13,12850.436656429581,875.373094356948,13725.80975078653,2
2019-06-14,12850.436656429581,879.882930699548,13730.31958712913,2
2019-06-17,12850.436656429581,893.8813764840935,13744.318032913676,2
2019-06-18,13364.036090260488,418.4626924050505,13782.498782665538,1
2019-06-19,12938.42516987806,858.1599356232299,13796.58510550129,2
2019-06-20,12938.42516987806,896.6853108628288,13835.11048074089,2
2019-06-21,12938.42516987806,884.4478425902686,13822.87301246833,2
2019-06-24,12938.42516987806,889.0533866345752,13827.478556512637,2
2019-06-25,12938.42516987806,829.7618880600055,13768.187057938067,2
2019-06-26,12938.42516987806,827.6375558533083,13766.06272573137,2
2019-06-27,12938.42516987806,858.3685939021582,13796.793763780219,2
2019-06-28,12938.42516987806,901.1371834931721,13839.562353371233,2
2019-07-01,13464.565166675286,422.74470776896004,13887.309874444245,1
2019-07-02,13041.65821627792,863.493568074296,13905.151784352216,2
2019-07-03,13074.495824754162,873.8545961539123,13948.350420908075,2
2019-07-05,13074.495824754162,856.5678575290783,13931.06368228324,2
2019-07-08,13074.495824754162,824.7376454872331,13899.233470241395,2
2019-07-09,13074.495824754162,833.7075093886458,13908.203334142807,2
2019-07-10,13074.495824754162,882.4736060859766,13956.969430840138,2
2019-07-11,13074.495824754162,899.6622759953901,13974.158100749552,2
2019-07-12,13119.916953038442,884.7331787722915,14004.650131810733,2
2019-07-15,13119.916953038442,890.2904316433766,14010.207384681818,2
2019-07-16,13119.916953038442,871.8637070103832,13991.780660048826,2
2019-07-17,13119.916953038442,813.5760221570671,13933.49297519551,2
2019-07-18,13119.916953038442,849.5185164515224,13969.435469489965,2
2019-07-19,13119.916953038442,794.5481299525653,13914.465082991008,2
2019-07-22,13119.916953038442,844.8898805919259,13964.806833630368,2
2019-07-23,13165.534418289064,859.8377563455472,14025.372174634611,2
2019-07-24,13165.534418289064,900.2320504147376,14065.766468703801,2
2019-07-25,13165.534418289064,860.8306186182479,14026.365036907311,2
2019-07-26,13207.204291798746,871.9618177729504,14079.166109571695,2
2019-07-29,13207.204291798746,858.9857436832176,14066.190035481963,2
2019-07-30,13207.204291798746,826.5090211551353,14033.713312953882,2
2019-07-31,13207.204291798746,720.666150106311,13927.870441905057,2
2019-08-01,13207.204291798746,637.0316010444668,13844.235892843213,2
2019-08-02,13207.204291798746,582.8063260058258,13790.010617804572,2
2019-08-05,13207.204291798746,367.3142479140779,13574.518539712823,2
2019-08-06,13207.204291798746,438.31265087786164,13645.516942676608,2
2019-08-07,13207.204291798746,441.1104868360283,13648.314778634774,2
2019-08-08,13207.204291798746,612.6592521625482,13819.863543961294,2
2019-08-09,13207.204291798746,545.8258715942734,13753.03016339302,2
2019-08-12,13207.204291798746,429.71132618687733,13636.915617985624,2
2019-08-13,13207.204291798746,577.6556776821167,13784.859969480862,2
2019-08-14,13207.204291798746,302.89041696237007,13510.094708761115,2
2019-08-15,13207.204291798746,309.528726884443,13516.733018683188,2
2019-08-16,13207.204291798746,431.363386874888,13638.567678673633,2
2019-08-19,13207.204291798746,583.8562230782727,13791.06051487702,2
2019-08-20,13207.204291798746,469.64687125503133,13676.851163053776,2
2019-08-21,13207.204291798746,602.8896097966858,13810.093901595432,2
2019-08-22,13207.204291798746,595.7174161191354,13802.921707917882,2
2019-08-23,13207.204291798746,197.29941786106622,13404.503709659812,2
2019-08-26,13207.204291798746,266.74910144335513,13473.9533932421,2
2019-08-27,13279.879644945704,79.54034533216543,13359.41999027787,1
2019-08-28,13279.879644945704,101.70369046509222,13381.583335410796,1
2019-08-29,13279.879644945704,249.03674068861292,13528.916385634317,1
2019-08-30,13624.036649531103,0,13624.036649531103,0
2019-09-03,13624.036649531103,0,13624.036649531103,0
2019-09-04,13624.036649531103,0,13624.036649531103,0
2019-09-05,13208.09775222938,414.7660334329423,13622.863785662323,1
2019-09-06,12788.610342770853,846.9089620711642,13635.519304842017,2
2019-09-09,12788.610342770853,851.341824470396,13639.952167241248,2
2019-09-10,12788.610342770853,857.4548990326441,13646.065241803497,2
2019-09-11,12788.610342770853,903.3210054678857,13691.931348238739,2
2019-09-12,12836.648035180557,872.8311020359232,13709.47913721648,2
2019-09-13,12878.804159665315,835.8615407274932,13714.665700392809,2
2019-09-16,12878.804159665315,809.6723359086376,13688.476495573952,2
2019-09-17,12878.804159665315,832.5326332168281,13711.336792882143,2
2019-09-18,12878.804159665315,846.4728611346529,13725.277020799967,2
2019-09-19,12878.804159665315,848.331923699584,13727.136083364898,2
2019-09-20,12878.804159665315,799.766928656853,13678.571088322167,2
2019-09-23,12878.804159665315,817.3000051394432,13696.104164804758,2
2019-09-24,12878.804159665315,728.6622080951979,13607.466367760513,2
2019-09-25,12878.804159665315,793.2244197336807,13672.028579398995,2
2019-09-26,12878.804159665315,778.1925799567866,13656.996739622102,2
2019-09-27,12878.804159665315,725.2360022167566,13604.04016188207,2
2019-09-30,12878.804159665315,793.8775368641864,13672.6816965295,2
2019-10-01,12878.804159665315,664.141875083068,13542.946034748384,2
2019-10-02,12878.804159665315,486.6657473536719,13365.469907018987,2
2019-10-03,12878.804159665315,567.5152780756591,13446.319437740975,2
2019-10-04,12878.804159665315,733.7665875265657,13612.57074719188,2
2019-10-07,12878.804159665315,697.7975560744951,13576.60171573981,2
2019-10-08,12878.804159665315,500.3101221124368,13379.11428177775,2
2019-10-09,12878.804159665315,623.4910693770971,13502.295229042411,2
2019-10-10,12878.804159665315,726.2640464207478,13605.068206086062,2
2019-10-11,12878.804159665315,890.6378180724898,13769.441977737804,2
2019-10-14,13403.689912268492,419.97227108364825,13823.66218335214,1
2019-10-15,12984.866989506849,871.2294152441665,13856.096404751015,2
2019-10-16,12984.866989506849,861.4997445187179,13846.366734025567,2
2019-10-17,12984.866989506849,876.3984549760353,13861.265444482884,2
2019-10-18,12984.866989506849,851.5672131805989,13836.434202687447,2
2019-10-21,13024.183706846947,857.369556210276,13881.553263057223,2
2019-10-22,13024.183706846947,832.4196705347895,13856.603377381736,2
2019-10-23,13024.183706846947,859.7991256147626,13883.98283246171,2
2019-10-24,13024.183706846947,878.7190156395077,13902.902722486455,2
2019-10-25,13064.275169950566,876.7871568090889,13941.062326759655,2
2019-10-28,13104.121293241416,861.5685372948182,13965.689830536234,2
2019-10-29,13104.121293241416,858.26290638111,13962.384199622527,2
2019-10-30,13104.121293241416,894.7494936691153,13998.870786910531,2
2019-10-31,13104.121293241416,865.4414188101103,13969.562712051527,2
2019-11-01,13153.823985027373,877.4111975634173,14031.23518259079,2
2019-11-04,13193.689255800813,852.364775343062,14046.054031143874,2
2019-11-05,13193.689255800813,843.1163348991556,14036.805590699969,2
2019-11-06,13193.689255800813,859.5860792418193,14053.275335042632,2
2019-11-07,13193.689255800813,876.2902845346509,14069.979540335464,2
2019-11-08,13193.689255800813,905.0953946697086,14098.784650470521,2
2019-11-11,13193.689255800813,894.0247046746044,14087.713960475417,2
2019-11-12,13193.689255800813,905.9118590386857,14099.6011148395,2
2019-11-13,13193.689255800813,907.7077885537127,14101.397044354526,2
2019-11-14,13232.204128435802,874.0139530223189,14106.21808145812,2
2019-11-15,13285.694269203857,873.330207970513,14159.024477174371,2
2019-11-18,13285.694269203857,876.8322469505065,14162.526516154365,2
2019-11-19,13285.694269203857,869.2146943360431,14154.9089635399,2
2019-11-20,13285.694269203857,851.6854684936192,14137.379737697476,2
2019-11-21,13285.694269203857,838.4098824725331,14124.10415167639,2
2019-11-22,13285.694269203857,870.4078695883684,14156.102138792226,2
2019-11-25,13331.987504411905,879.611534347077,14211.599038758983,2
2019-11-26,13365.392970941739,865.1815226631136,14230.574493604852,2
2019-11-27,13365.392970941739,887.3113777040629,14252.704348645802,2
2019-11-29,13365.392970941739,853.0846730506064,14218.477643992344,2
2019-12-02,13365.392970941739,763.2759728351366,14128.668943776876,2
2019-12-03,13365.392970941739,700.826218434139,14066.219189375877,2
2019-12-04,13365.392970941739,768.8161657299227,14134.209136671661,2
2019-12-05,13365.392970941739,788.131694243448,14153.524665185187,2
2019-12-06,13365.392970941739,869.2153949143382,14234.608365856076,2
2019-12-09,13365.392970941739,825.6060235996401,14190.99899454138,2
2019-12-10,13365.392970941739,826.0294861518048,14191.422457093544,2
2019-12-11,13365.392970941739,861.4386843269376,14226.831655268677,2
2019-12-12,13411.896550717487,879.7808608756513,14291.677411593138,2
2019-12-13,13457.436827321399,857.3381144962223,14314.77494181762,2
2019-12-16,13495.993810867312,870.0883394240166,14366.08215029133,2
2019-12-17,13495.993810867312,871.8722739109,14367.866084778212,2
2019-12-18,13495.993810867312,866.890919825239,14362.88473069255,2
2019-12-19,13536.318690354241,852.258903986957,14388.577594341197,2
2019-12-20,13536.318690354241,882.511838548239,14418.83052890248,2
2019-12-23,13536.318690354241,894.2508364938185,14430.56952684806,2
2019-12-24,13536.318690354241,895.4405642289075,14431.759254583149,2
2019-12-26,13580.013290388066,879.5763707860813,14459.589661174146,2
2019-12-27,13580.013290388066,868.9322433533014,14448.945533741367,2
2019-12-30,13580.013290388066,822.1389585308764,14402.152248918943,2
2019-12-31,13580.013290388066,860.9665950076344,14440.9798853957,2
2020-01-02,13637.483963506287,870.6232048436486,14508.107168349936,2
2020-01-03,13637.483963506287,801.2236952034052,14438.707658709693,2
2020-01-06,13637.483963506287,837.5761627778875,14475.060126284174,2
2020-01-07,13637.483963506287,823.8904088181023,14461.37437232439,2
2020-01-08,13637.483963506287,865.0792712324744,14502.563234738762,2
2020-01-09,13691.271077076894,862.4395244881341,14553.710601565028,2
2020-01-10,13691.271077076894,847.783497528965,14539.054574605858,2
2020-01-13,13733.140344460711,857.1962994127855,14590.336643873497,2
2020-01-14,13733.140344460711,849.5039367787392,14582.64428123945,2
2020-01-15,13733.140344460711,863.3353692832422,14596.475713743954,2
2020-01-16,13774.58423586307,867.7927670470084,14642.37700291008,2
2020-01-17,13808.832900405645,858.4928303222259,14667.32573072787,2
2020-01-21,13808.832900405645,839.146006239092,14647.978906644737,2
2020-01-22,13808.832900405645,843.155995211743,14651.988895617387,2
2020-01-23,13808.832900405645,852.5338879177642,14661.366788323408,2
2020-01-24,13808.832900405645,764.3698545626414,14573.202754968286,2
2020-01-27,13808.832900405645,603.8744722636509,14412.707372669296,2
2020-01-28,13808.832900405645,706.5977506849265,14515.430651090572,2
2020-01-29,13808.832900405645,701.2240501817544,14510.0569505874,2
2020-01-30,13808.832900405645,743.0584820610661,14551.89138246671,2
2020-01-31,13808.832900405645,557.652642307967,14366.485542713612,2
2020-02-03,13808.832900405645,633.8055830422007,14442.638483447845,2
2020-02-04,13808.832900405645,795.5155195017894,14604.348419907434,2
2020-02-05,13808.832900405645,894.9177595536814,14703.750659959327,2
2020-02-06,13860.405479577965,867.364474658579,14727.769954236544,2
2020-02-07,13860.405479577965,832.5656039972358,14692.971083575201,2
2020-02-10,13915.190609370451,838.8282945434703,14754.018903913922,2
2020-02-11,13915.190609370451,848.6061898754151,14763.796799245865,2
2020-02-12,13953.08297077803,865.6196631775565,14818.702633955587,2
2020-02-13,13953.08297077803,853.0466231181158,14806.129593896147,2
2020-02-14,13953.08297077803,873.6271326130097,14826.71010339104,2
2020-02-18,13953.08297077803,852.2980407403988,14805.38101151843,2
2020-02-19,13994.768572649955,842.8322114735024,14837.600784123457,2
2020-02-20,13994.768572649955,804.031888872899,14798.800461522855,2
2020-02-21,13994.768572649955,715.9772201957054,14710.74579284566,2
2020-02-24,13994.768572649955,454.4387896526956,14449.20736230265,2
2020-02-25,13994.768572649955,298.1142187307739,14292.882791380729,2
2020-02-26,13994.768572649955,274.55698983356456,14269.32556248352,2
2020-02-27,13994.768572649955,181.80436943080167,14176.572942080757,2
2020-02-28,13994.768572649955,160.85018744529407,14155.618760095249,2
2020-03-02,13994.768572649955,248.25572122938127,14243.024293879336,2
2020-03-03,13994.768572649955,162.49963219910626,14157.26820484906,2
2020-03-04,13994.768572649955,286.1901734964732,14280.958746146429,2
2020-03-05,13994.768572649955,185.22192191872477,14179.99049456868,2
2020-03-06,13994.768572649955,140.94935015066596,14135.71792280062,2
2020-03-09,13994.768572649955,44.119457779888194,14038.888030429844,2
2020-03-10,13994.768572649955,69.93341795543131,14064.701990605387,2
2020-03-11,13994.768572649955,30.446233891026964,14025.214806540982,2
2020-03-12,13994.768572649955,14.572982615891306,14009.341555265846,2
2020-03-13,13994.768572649955,21.39257229560485,14016.16114494556,2
2020-03-16,13994.768572649955,4.2821006143213936,13999.050673264277,2
2020-03-17,13994.768572649955,6.047534199586835,14000.816106849541,2
2020-03-18,14077.880511302767,1.2838150404974158,14079.164326343263,1
2020-03-19,14077.880511302767,0.6172966936645707,14078.497807996431,1
2020-03-20,14077.880511302767,0.3099094329058971,14078.190420735673,1
2020-03-23,14077.880511302767,0.12327247262930996,14078.003783775395,1
2020-03-24,14077.880511302767,0.06164003581261568,14077.942151338579,1
2020-03-25,14160.639465213893,0,14160.639465213893,0
2020-03-26,14160.639465213893,0,14160.639465213893,0
2020-03-27,14160.639465213893,0,14160.639465213893,0
2020-03-30,14160.639465213893,0,14160.639465213893,0
2020-03-31,14160.639465213893,0,14160.639465213893,0
2020-04-01,14160.639465213893,0,14160.639465213893,0
2020-04-02,14160.639465213893,0,14160.639465213893,0
2020-04-03,14160.639465213893,0,14160.639465213893,0
2020-04-06,14160.639465213893,0,14160.639465213893,0
2020-04-07,14160.639465213893,0,14160.639465213893,0
2020-04-08,14160.639465213893,0,14160.639465213893,0
2020-04-09,14160.639465213893,0,14160.639465213893,0
2020-04-13,14160.639465213893,0,14160.639465213893,0
2020-04-14,14160.639465213893,0,14160.639465213893,0
2020-04-15,14160.639465213893,0,14160.639465213893,0
2020-04-16,14160.639465213893,0,14160.639465213893,0
2020-04-17,14160.639465213893,0,14160.639465213893,0
2020-04-20,14160.639465213893,0,14160.639465213893,0
2020-04-21,14160.639465213893,0,14160.639465213893,0
2020-04-22,14160.639465213893,0,14160.639465213893,0
2020-04-23,14160.639465213893,0,14160.639465213893,0
2020-04-24,14160.639465213893,0,14160.639465213893,0
2020-04-27,14160.639465213893,0,14160.639465213893,0
2020-04-28,14160.639465213893,0,14160.639465213893,0
2020-04-29,14160.639465213893,0,14160.639465213893,0
2020-04-30,14160.639465213893,0,14160.639465213893,0
2020-05-01,14160.639465213893,0,14160.639465213893,0
2020-05-04,14160.639465213893,0,14160.639465213893,0
2020-05-05,14160.639465213893,0,14160.639465213893,0
2020-05-06,14160.639465213893,0,14160.639465213893,0
2020-05-07,14160.639465213893,0,14160.639465213893,0
2020-05-08,13758.977000050547,400.40447656605875,14159.381476616605,1
2020-05-11,13355.501202365906,810.2088388114432,14165.710041177348,2
2020-05-12,13355.501202365906,698.7683787518122,14054.269581117718,2
2020-05-13,13355.501202365906,625.5694121627287,13981.070614528635,2
2020-05-14,13355.501202365906,684.7369554409738,14040.23815780688,2
2020-05-15,13355.501202365906,707.1892293486258,14062.69043171453,2
2020-05-18,13355.501202365906,847.1769584204228,14202.678160786329,2
2020-05-19,13355.501202365906,807.5582997547556,14163.05950212066,2
2020-05-20,13355.501202365906,884.8855472532332,14240.386749619138,2
2020-05-21,13355.501202365906,853.9919859512188,14209.493188317125,2
2020-05-22,13355.501202365906,878.0851262946364,14233.586328660542,2
2020-05-26,13878.074376663277,404.62782098707703,14282.702197650353,1
2020-05-27,13475.423927886002,830.8871471945132,14306.311075080515,2
2020-05-28,13475.423927886002,819.1126329796368,14294.53656086564,2
2020-05-29,13475.423927886002,846.6312574287198,14322.055185314723,2
2020-06-01,13475.423927886002,861.7257726750914,14337.149700561095,2
2020-06-02,13533.508175521727,838.3042051414701,14371.812380663197,2
2020-06-03,13586.721697623569,834.6349832735577,14421.356680897126,2
2020-06-04,13586.721697623569,825.7323717750567,14412.454069398626,2
2020-06-05,13645.304584083393,851.4042946471885,14496.708878730582,2
2020-06-08,13696.77138426771,828.3344634283268,14525.105847696037,2
2020-06-09,13696.77138426771,788.4444207371794,14485.21580500489,2
2020-06-10,13696.77138426771,772.7072108402211,14469.47859510793,2
2020-06-11,13696.77138426771,488.2148756777724,14184.986259945483,2
2020-06-12,13696.77138426771,542.3437944599357,14239.115178727645,2
2020-06-15,13696.77138426771,584.0613688560311,14280.832753123741,2
2020-06-16,13696.77138426771,667.6578363426614,14364.429220610371,2
2020-06-17,13696.77138426771,656.9385142835117,14353.70989855122,2
2020-06-18,13696.77138426771,665.6046076153473,14362.375991883056,2
2020-06-19,13696.77138426771,633.3109845790077,14330.082368846717,2
2020-06-22,13696.77138426771,691.8825060357563,14388.653890303465,2
2020-06-23,13696.77138426771,719.9107533373749,14416.682137605085,2
2020-06-24,13696.77138426771,578.6699868185437,14275.441371086254,2
2020-06-25,13696.77138426771,646.8951747901074,14343.666559057816,2
2020-06-26,13696.77138426771,505.83647007803734,14202.607854345746,2
2020-06-29,13696.77138426771,607.4623014694652,14304.233685737174,2
2020-06-30,13696.77138426771,719.4610868607767,14416.232471128485,2
2020-07-01,13696.77138426771,773.7823720746953,14470.553756342404,2
2020-07-02,13696.77138426771,820.4318260796786,14517.203210347388,2
2020-07-06,14236.826751965227,401.9444848870634,14638.77123685229,1
2020-07-07,13835.762864981916,778.3846000573213,14614.147465039237,2
2020-07-08,13835.762864981916,818.5870338930386,14654.349898874954,2
2020-07-09,13835.762864981916,793.5360580966139,14629.29892307853,2
2020-07-10,13835.762864981916,847.4548129699997,14683.217677951916,2
2020-07-13,13835.762864981916,787.4965109968464,14623.259375978763,2
2020-07-14,13835.762864981916,854.4456201796784,14690.208485161595,2
2020-07-15,13889.699564770795,841.0284208614307,14730.727985632226,2
2020-07-16,13889.699564770795,832.4786212941983,14722.178186064993,2
2020-07-17,13939.399461923416,814.6019948734967,14754.001456796914,2
2020-07-20,13939.399461923416,864.7867780478343,14804.18623997125,2
2020-07-21,13939.399461923416,869.6807223786132,14809.080184302029,2
2020-07-22,13985.895411272682,846.121113244179,14832.016524516861,2
2020-07-23,13985.895411272682,789.2710610958793,14775.16647236856,2
2020-07-24,13985.895411272682,771.1554572407138,14757.050868513395,2
2020-07-27,13985.895411272682,821.681624059692,14807.577035332375,2
2020-07-28,13985.895411272682,793.5496111217994,14779.445022394482,2
2020-07-29,14028.366641086346,812.2660689961606,14840.632710082507,2
2020-07-30,14028.366641086346,794.4084973201036,14822.77513840645,2
2020-07-31,14028.366641086346,830.4860479512861,14858.852689037632,2
2020-08-03,14028.366641086346,869.5862288842945,14897.95286997064,2
2020-08-04,14028.366641086346,890.5422468790373,14918.908887965383,2
2020-08-05,14541.15592713944,403.1876341415689,14944.343561281008,1
2020-08-06,14134.444449479783,823.7454556764028,14958.189905156185,2
2020-08-07,14134.444449479783,834.3858943519116,14968.830343831694,2
2020-08-10,14134.444449479783,855.7305313738315,14990.174980853613,2
2020-08-11,14134.444449479783,808.4054513169328,14942.849900796715,2
2020-08-12,14134.444449479783,881.3977672879382,15015.84221676772,2
2020-08-13,14134.444449479783,880.4036787893892,15014.848128269172,2
2020-08-14,14134.444449479783,884.8049703350565,15019.24941981484,2
2020-08-17,14187.001821169151,858.1193623203486,15045.1211834895,2
2020-08-18,14235.659565952186,816.8240235347831,15052.48358948697,2
2020-08-19,14235.659565952186,790.094693160755,15025.754259112942,2
2020-08-20,14235.659565952186,804.3958671511249,15040.05543310331,2
2020-08-21,14235.659565952186,823.552746887954,15059.21231284014,2
2020-08-24,14235.659565952186,872.9320376442661,15108.591603596453,2
2020-08-25,14235.659565952186,892.0518280258805,15127.711393978067,2
2020-08-26,14740.449265264828,402.95644114746096,15143.405706412288,1
2020-08-27,14333.434249778536,806.5155963573432,15139.94984613588,2
2020-08-28,14333.434249778536,849.7176865320582,15183.151936310594,2
2020-08-31,14333.434249778536,816.9183710865766,15150.352620865113,2
2020-09-01,14333.434249778536,848.4756569930148,15181.90990677155,2
2020-09-02,14333.434249778536,891.2511737693087,15224.685423547846,2
2020-09-03,14333.434249778536,722.296531349815,15055.730781128352,2
2020-09-04,14333.434249778536,714.2276550056351,15047.661904784172,2
2020-09-08,14333.434249778536,594.3646047317472,14927.798854510283,2
2020-09-09,14333.434249778536,711.3053346406489,15044.739584419185,2
2020-09-10,14333.434249778536,617.8876516783561,14951.321901456893,2
2020-09-11,14333.434249778536,638.5863004222429,14972.02055020078,2
2020-09-14,14333.434249778536,735.6695156670867,15069.103765445623,2
2020-09-15,14333.434249778536,774.7416380693004,15108.175887847838,2
2020-09-16,14333.434249778536,750.505052457607,15083.939302236144,2
2020-09-17,14333.434249778536,699.3746731415613,15032.808922920098,2
2020-09-18,14333.434249778536,626.3840565557543,14959.818306334291,2
2020-09-21,14333.434249778536,531.6616771459949,14865.095926924532,2
2020-09-22,14333.434249778536,633.5395223078351,14966.973772086372,2
2020-09-23,14333.434249778536,403.47313554497646,14736.907385323513,2
2020-09-24,14333.434249778536,426.2939988496356,14759.728248628173,2
2020-09-25,14333.434249778536,606.1868933691017,14939.621143147639,2
2020-09-28,14333.434249778536,869.9811201923271,15203.415369970864,2
2020-09-29,14333.434249778536,878.1968548974781,15211.631104676015,2
2020-09-30,15013.662504970402,404.40578671357486,15418.068291683976,1
2020-10-01,14611.191240353912,813.9991710869012,15425.190411440813,2
2020-10-02,14611.191240353912,775.777264940571,15386.968505294482,2
2020-10-05,14611.191240353912,841.9005473361182,15453.09178769003,2
2020-10-06,14611.191240353912,786.7612339817092,15397.952474335621,2
2020-10-07,14611.191240353912,858.2216859343589,15469.41292628827,2
2020-10-08,14659.655522248719,848.1005511226006,15507.75607337132,2
2020-10-09,14715.554853069749,830.138451855639,15545.693304925388,2
2020-10-12,14765.149153954399,835.1475462930352,15600.296700247434,2
2020-10-13,14765.149153954399,807.4862024810812,15572.63535643548,2
2020-10-14,14765.149153954399,783.8943036911573,15549.043457645555,2
2020-10-15,14765.149153954399,776.4017497868374,15541.550903741236,2
2020-10-16,14765.149153954399,776.5583631745358,15541.707517128934,2
2020-10-19,14765.149153954399,706.1093124374893,15471.258466391888,2
2020-10-20,14765.149153954399,728.6295491420645,15493.778703096463,2
2020-10-21,14765.149153954399,728.3943974511601,15493.543551405559,2
2020-10-22,14765.149153954399,759.6090824248712,15524.75823637927,2
2020-10-23,14765.149153954399,783.7295801710652,15548.878734125465,2
2020-10-26,14765.149153954399,677.3295247547139,15442.478678709113,2
2020-10-27,14765.149153954399,662.2424553513127,15427.39160930571,2
2020-10-28,14765.149153954399,476.16622790308725,15241.315381857486,2
2020-10-29,14765.149153954399,535.2940301999283,15300.443184154326,2
2020-10-30,14765.149153954399,474.42676577974794,15239.575919734147,2
2020-11-02,14765.149153954399,543.5424310131352,15308.691584967533,2
2020-11-03,14765.149153954399,655.1058404664133,15420.254994420811,2
2020-11-04,14765.149153954399,823.6277705178711,15588.77692447227,2
2020-11-05,14843.991664018153,844.5220734972619,15688.513737515415,2
2020-11-06,14895.343916598518,821.9897899433676,15717.333706541885,2
2020-11-09,14895.343916598518,860.198459091837,15755.542375690355,2
2020-11-10,14895.343916598518,869.3075613882694,15764.651477986788,2
2020-11-11,14944.779977519187,855.6189365679732,15800.39891408716,2
2020-11-12,14944.779977519187,805.5892913749105,15750.369268894097,2
2020-11-13,14997.229346591745,822.2417237890667,15819.47107038081,2
2020-11-16,14997.229346591745,879.0309573711418,15876.260303962887,2
2020-11-17,14997.229346591745,864.5195533289211,15861.748899920665,2
2020-11-18,14997.229346591745,813.5155940511752,15810.74494064292,2
2020-11-19,14997.229346591745,840.6773930245506,15837.906739616295,2
2020-11-20,14997.229346591745,811.3340561604474,15808.563402752192,2
2020-11-23,14997.229346591745,858.6536898317263,15855.883036423471,2
2020-11-24,15513.840485376862,405.08512400224174,15918.925609379105,1
2020-11-25,15108.300228483386,809.887311504388,15918.187539987774,2
2020-11-27,15108.300228483386,831.1966238200455,15939.496852303431,2
2020-11-30,15108.300228483386,825.8649480473941,15934.16517653078,2
2020-12-01,15108.300228483386,871.9488133973364,15980.249041880721,2
2020-12-02,15108.300228483386,877.5271143510274,15985.827342834413,2
2020-12-03,15108.300228483386,878.1748926589278,15986.475121142314,2
2020-12-04,15615.591320905001,404.4048036241634,16019.996124529165,1
2020-12-07,15211.123003391858,805.2731973475773,16016.396200739435,2
2020-12-08,15211.123003391858,827.7675406478452,16038.890544039703,2
2020-12-09,15211.123003391858,777.8514457131273,15988.974449104986,2
2020-12-10,15211.123003391858,772.5889912240774,15983.711994615936,2
2020-12-11,15211.123003391858,761.8302295820342,15972.953232973892,2
2020-12-14,15211.123003391858,737.9729940106586,15949.095997402517,2
2020-12-15,15211.123003391858,820.3705828480323,16031.49358623989,2
2020-12-16,15211.123003391858,836.8659091118872,16047.988912503746,2
2020-12-17,15211.123003391858,871.0590541916374,16082.182057583495,2
2020-12-18,15211.123003391858,866.4051887502992,16077.528192142157,2
2020-12-21,15211.123003391858,827.5850552202513,16038.70805861211,2
2020-12-22,15211.123003391858,834.0110690464776,16045.134072438335,2
2020-12-23,15211.123003391858,853.6360800197073,16064.759083411565,2
2020-12-24,15211.123003391858,894.6935945858193,16105.816597977677,2
2020-12-28,15748.545117620726,407.26040848788114,16155.805526108607,1
2020-12-29,15341.359048840573,802.6168178580449,16143.975866698618,2
2020-12-30,15341.359048840573,814.5062378995277,16155.865286740102,2
2020-12-31,15341.359048840573,841.9174160854034,16183.276464925977,2
2021-01-04,15341.359048840573,755.8938589854947,16097.252907826069,2
2021-01-05,15341.359048840573,803.9349694492352,16145.29401828981,2
2021-01-06,15341.359048840573,832.7443550781269,16174.1034039187,2
2021-01-07,15392.342254880454,859.3626830225829,16251.704937903036,2
2021-01-08,15451.778318404251,827.4298691047754,16279.208187509026,2
2021-01-11,15451.778318404251,783.2268353518806,16235.005153756132,2
2021-01-12,15451.778318404251,796.3199099458577,16248.098228350109,2
2021-01-13,15451.778318404251,821.8293333996058,16273.607651803857,2
2021-01-14,15451.778318404251,798.2762247141217,16250.054543118373,2
2021-01-15,15451.778318404251,758.5526733474836,16210.330991751734,2
2021-01-19,15451.778318404251,823.7369231846722,16275.515241588922,2
2021-01-20,15505.15554937275,844.4038910611766,16349.559440433926,2
2021-01-21,15505.15554937275,852.6191084004931,16357.774657773243,2
2021-01-22,15505.15554937275,838.2295919939409,16343.38514136669,2
2021-01-25,15505.15554937275,852.1158679749199,16357.27141734767,2
2021-01-26,15505.15554937275,853.1923910982766,16358.347940471027,2
2021-01-27,15505.15554937275,640.6379221938848,16145.793471566634,2
2021-01-28,15505.15554937275,728.3126527323147,16233.468202105065,2
2021-01-29,15505.15554937275,621.4107133560503,16126.5662627288,2
2021-02-01,15505.15554937275,735.061098202052,16240.216647574802,2
2021-02-02,15558.068133641811,791.816788858285,16349.884922500096,2
2021-02-03,15558.068133641811,828.0044391839176,16386.072572825728,2
2021-02-04,15558.068133641811,885.9257181739963,16443.99385181581,2
2021-02-05,16058.053196948911,408.37427529232997,16466.42747224124,1
2021-02-08,15651.817993086519,830.0285997025085,16481.84659278903,2
2021-02-09,15651.817993086519,824.3709885485977,16476.188981635118,2
2021-02-10,15651.817993086519,822.2681158797457,16474.086108966265,2
2021-02-11,15651.817993086519,841.1128890055245,16492.930882092045,2
2021-02-12,15651.817993086519,877.8124055506456,16529.630398637164,2
2021-02-16,15651.817993086519,874.1963400450139,16526.014333131534,2
2021-02-17,15651.817993086519,877.0079966529195,16528.82598973944,2
2021-02-18,15651.817993086519,853.7635452045173,16505.581538291037,2
2021-02-19,15651.817993086519,856.1242351842083,16507.942228270727,2
2021-02-22,15651.817993086519,822.731160542859,16474.549153629378,2
2021-02-23,15651.817993086519,838.2964666329024,16490.11445971942,2
2021-02-24,15711.82373127362,846.8894539989318,16558.71318527255,2
2021-02-25,15711.82373127362,667.5205561871521,16379.344287460772,2
2021-02-26,15711.82373127362,652.7730069420585,16364.596738215678,2
2021-03-01,15711.82373127362,824.4608244442496,16536.28455571787,2
2021-03-02,15711.82373127362,783.7230516588278,16495.546782932448,2
2021-03-03,15711.82373127362,694.524928822517,16406.348660096137,2
2021-03-04,15711.82373127362,605.5008490115583,16317.324580285178,2
2021-03-05,15711.82373127362,758.0961795523081,16469.919910825927,2
2021-03-08,15711.82373127362,742.9840516334132,16454.80778290703,2
2021-03-09,15771.813751866588,784.9193975357593,16556.733149402346,2
2021-03-10,15771.813751866588,830.9740146400728,16602.787766506663,2
2021-03-11,15771.813751866588,882.1253516961526,16653.93910356274,2
2021-03-12,15816.047907160904,856.2913434442212,16672.339250605124,2
2021-03-15,15879.448026428887,834.590810884955,16714.03883731384,2
2021-03-16,15879.448026428887,834.475843803844,16713.92387023273,2
2021-03-17,15879.448026428887,856.8186435083106,16736.2666699372,2
2021-03-18,15879.448026428887,765.1151586971991,16644.563185126084,2
2021-03-19,15879.448026428887,772.5534413051926,16652.00146773408,2
2021-03-22,15879.448026428887,843.9092123508451,16723.357238779732,2
2021-03-23,15879.448026428887,791.8418257871458,16671.289852216032,2
2021-03-24,15879.448026428887,755.5260141490663,16634.974040577952,2
2021-03-25,15879.448026428887,805.153775497157,16684.601801926045,2
2021-03-26,15931.637552982174,843.6417290674043,16775.279282049578,2
2021-03-29,15931.637552982174,828.2796652230766,16759.91721820525,2
2021-03-30,15931.637552982174,831.8776030999032,16763.515156082078,2
2021-03-31,15931.637552982174,855.7712001851759,16787.40875316735,2
2021-04-01,15996.602654372547,861.9455405909894,16858.548194963536,2
2021-04-05,16056.76851846162,855.9090962675612,16912.677614729182,2
2021-04-06,16056.76851846162,852.2287129633185,16908.99723142494,2
2021-04-07,16056.76851846162,874.885373690768,16931.65389215239,2
2021-04-08,16106.88508995476,844.5599890156573,16951.445078970417,2
2021-04-09,16106.88508995476,884.1731528746056,16991.058242829364,2
2021-04-12,16106.88508995476,890.3086605119149,16997.193750466675,2
2021-04-13,16159.437136800598,853.905240839402,17013.34237764,2
2021-04-14,16159.437136800598,832.8977470252817,16992.33488382588,2
2021-04-15,16210.933140205083,836.4407560390475,17047.37389624413,2
2021-04-16,16210.933140205083,861.2303681805947,17072.163508385678,2
2021-04-19,16210.933140205083,830.4537231946512,17041.386863399734,2
2021-04-20,16210.933140205083,778.4316486859709,16989.364788891053,2
2021-04-21,16210.933140205083,846.8484094630746,17057.781549668158,2
2021-04-22,16210.933140205083,785.275506897922,16996.208647103005,2
2021-04-23,16210.933140205083,864.8889320261617,17075.822072231244,2
2021-04-26,16210.933140205083,881.783171385915,17092.716311590997,2
2021-04-27,16210.933140205083,886.6192463084382,17097.552386513522,2
2021-04-28,16254.906971219954,844.8615496701933,17099.76852089015,2
2021-04-29,16254.906971219954,875.0681198330952,17129.97509105305,2
2021-04-30,16254.906971219954,832.3241297777741,17087.231100997727,2
2021-05-03,16254.906971219954,863.6170339657266,17118.52400518568,2
2021-05-04,16254.906971219954,819.5134776778011,17074.420448897756,2
2021-05-05,16254.906971219954,833.0007077842381,17087.90767900419,2
2021-05-06,16307.010940126333,833.1519680807162,17140.16290820705,2
2021-05-07,16353.000484061959,842.9860652132093,17195.986549275167,2
2021-05-10,16353.000484061959,759.4631410194168,17112.463625081375,2
2021-05-11,16353.000484061959,692.1430156898068,17045.143499751764,2
2021-05-12,16353.000484061959,546.1520930203591,16899.152577082317,2
2021-05-13,16353.000484061959,632.3794689568942,16985.37995301885,2
2021-05-14,16353.000484061959,763.0162174118851,17116.016701473844,2
2021-05-17,16353.000484061959,747.8165602715662,17100.817044333526,2
2021-05-18,16353.000484061959,680.6167391352972,17033.617223197256,2
2021-05-19,16353.000484061959,657.4986491261484,17010.499133188106,2
2021-05-20,16353.000484061959,743.2395183137885,17096.240002375747,2
2021-05-21,16353.000484061959,748.2890008582742,17101.28948492023,2
2021-05-24,16353.000484061959,847.9185586421088,17200.919042704067,2
2021-05-25,16353.000484061959,836.0658219734844,17189.06630603544,2
2021-05-26,16395.765803676757,828.1333277737069,17223.899131450464,2
2021-05-27,16395.765803676757,848.990929155837,17244.756732832593,2
2021-05-28,16395.765803676757,858.3710894174451,17254.1368930942,2
2021-06-01,16395.765803676757,864.8558519831668,17260.621655659925,2
2021-06-02,16438.94811831061,839.4720732725219,17278.420191583133,2
2021-06-03,16438.94811831061,817.2607263480195,17256.20884465863,2
2021-06-04,16438.94811831061,884.8320341448069,17323.780152455416,2
2021-06-07,16481.006865473235,847.994656461168,17329.001521934402,2
2021-06-08,16481.006865473235,842.476469586446,17323.483335059682,2
2021-06-09,16481.006865473235,825.3775860831795,17306.384451556416,2
2021-06-10,16481.006865473235,876.6413233539606,17357.648188827196,2
2021-06-11,16527.419954401583,846.1543982584217,17373.574352660005,2
2021-06-14,16527.419954401583,853.5735378087417,17380.993492210324,2
2021-06-15,16527.419954401583,837.8594043435726,17365.279358745156,2
2021-06-16,16527.419954401583,796.8705168358298,17324.29047123741,2
2021-06-17,16527.419954401583,803.6396624130994,17331.05961681468,2
2021-06-18,16527.419954401583,692.4184555581718,17219.838409959753,2
2021-06-21,16527.419954401583,822.6406450789398,17350.060599480523,2
2021-06-22,16527.419954401583,872.4161847738372,17399.83613917542,2
2021-06-23,16527.419954401583,876.765032668191,17404.184987069773,2
2021-06-24,16586.592903741748,851.1868193950079,17437.779723136755,2
2021-06-25,16628.175397518095,832.1928335818022,17460.368231099896,2
2021-06-28,16628.175397518095,851.1997074288864,17479.37510494698,2
2021-06-29,16628.175397518095,851.8905558905999,17480.065953408695,2
2021-06-30,16628.175397518095,864.8609061252649,17493.03630364336,2
2021-07-01,16628.175397518095,897.0828135753063,17525.2582110934,2
2021-07-02,17147.82524564072,409.28282988297224,17557.108075523694,1
2021-07-06,16734.48092091704,810.8878825105237,17545.368803427566,2
2021-07-07,16734.48092091704,835.5627977052833,17570.043718622324,2
2021-07-08,16734.48092091704,752.7054660380003,17487.186386955043,2
2021-07-09,16734.48092091704,855.8468321904002,17590.327753107442,2
2021-07-12,16734.48092091704,883.315266970716,17617.796187887758,2
2021-07-13,16734.48092091704,856.8209702181186,17591.30189113516,2
2021-07-14,16734.48092091704,878.2937848972742,17612.774705814314,2
2021-07-15,16734.48092091704,856.5030780775721,17590.983998994612,2
2021-07-16,16734.48092091704,798.0936526622805,17532.57457357932,2
2021-07-19,16734.48092091704,662.1448321670996,17396.62575308414,2
2021-07-20,16734.48092091704,796.2330988525209,17530.714019769563,2
2021-07-21,16734.48092091704,873.9880564188845,17608.468977335928,2
2021-07-22,16734.48092091704,893.3374362657361,17627.81835718278,2
2021-07-23,17265.554062628205,409.598517014679,17675.152579642883,1
2021-07-26,16856.956189134937,824.202310787328,17681.158499922265,2
2021-07-27,16856.956189134937,779.8030129014052,17636.75920203634,2
2021-07-28,16856.956189134937,795.6918412635389,17652.648030398475,2
2021-07-29,16856.956189134937,828.9804718583391,17685.936660993277,2
2021-07-30,16856.956189134937,796.8655756295334,17653.82176476447,2
2021-08-02,16856.956189134937,781.90884985911,17638.865038994045,2
2021-08-03,16856.956189134937,848.0812712675572,17705.037460402495,2
2021-08-04,16856.956189134937,829.4802916623183,17686.436480797256,2
2021-08-05,16856.956189134937,874.0995721784507,17731.055761313386,2
2021-08-06,16903.42095494258,852.8034548329351,17756.224409775514,2
2021-08-09,16903.42095494258,851.2797657170701,17754.70072065965,2
2021-08-10,16903.42095494258,859.3882174342674,17762.80917237685,2
2021-08-11,16949.214263535694,829.9893920107643,17779.20365554646,2
2021-08-12,16949.214263535694,863.1339222642794,17812.348185799972,2
2021-08-13,16949.214263535694,876.2255931037841,17825.439856639478,2
2021-08-16,16949.214263535694,888.4183297148446,17837.63259325054,2
2021-08-17,16949.214263535694,832.7989745927844,17782.01323812848,2
2021-08-18,16949.214263535694,732.0071328458141,17681.22139638151,2
2021-08-19,16949.214263535694,741.987072105303,17691.201335640995,2
2021-08-20,16949.214263535694,829.4706798930135,17778.684943428707,2
2021-08-23,16998.16760971371,852.8619348161606,17851.02954452987,2
2021-08-24,16998.16760971371,862.5481607930304,17860.71577050674,2
2021-08-25,17049.194388909244,828.9074110512928,17878.101799960536,2
2021-08-26,17049.194388909244,773.4514118027889,17822.64580071203,2
2021-08-27,17049.194388909244,855.3931617909016,17904.587550700144,2
2021-08-30,17049.194388909244,887.706532253263,17936.900921162505,2
2021-08-31,17049.194388909244,881.4062499131119,17930.600638822354,2
2021-09-01,17049.194388909244,891.9129502101864,17941.10733911943,2
2021-09-02,17095.439142401425,854.488119310313,17949.92726171174,2
2021-09-03,17095.439142401425,856.3676243761613,17951.806766777587,2
2021-09-07,17095.439142401425,830.4495047821476,17925.888647183572,2
2021-09-08,17095.439142401425,830.3082204283264,17925.747362829752,2
2021-09-09,17095.439142401425,798.1831236681153,17893.62226606954,2
2021-09-10,17095.439142401425,731.0428421253632,17826.48198452679,2
2021-09-13,17095.439142401425,777.1722600582677,17872.611402459694,2
2021-09-14,17095.439142401425,742.0700405368862,17837.50918293831,2
2021-09-15,17095.439142401425,820.7880627863326,17916.22720518776,2
2021-09-16,17095.439142401425,810.6559116067871,17906.095054008212,2
2021-09-17,17095.439142401425,728.1967516433639,17823.63589404479,2
2021-09-20,17095.439142401425,573.6765284254062,17669.11567082683,2
2021-09-21,17095.439142401425,574.8846612456703,17670.323803647094,2
2021-09-22,17095.439142401425,692.4809230458138,17787.920065447237,2
2021-09-23,17142.972264279226,783.4494668815964,17926.421731160823,2
2021-09-24,17142.972264279226,810.1008307720676,17953.073095051295,2
2021-09-27,17142.972264279226,795.9245912176023,17938.896855496827,2
2021-09-28,17142.972264279226,596.5506315992286,17739.522895878454,2
2021-09-29,17142.972264279226,615.1374697203082,17758.109733999532,2
2021-09-30,17142.972264279226,506.4565891604701,17649.428853439695,2
2021-10-01,17142.972264279226,623.4920071235479,17766.464271402772,2
2021-10-04,17142.972264279226,463.6067370672663,17606.579001346494,2
2021-10-05,17142.972264279226,601.2712433027247,17744.243507581952,2
2021-10-06,17142.972264279226,687.5667460923154,17830.53901037154,2
2021-10-07,17733.849719471487,400.5922546573032,18134.44197412879,1
2021-10-08,17733.849719471487,402.34746015984086,18136.197179631326,1
2021-10-11,17733.849719471487,380.0738709907236,18113.92359046221,1
2021-10-12,17733.849719471487,374.9814839117718,18108.83120338326,1
2021-10-13,17733.849719471487,397.0961058684395,18130.945825339928,1
2021-10-14,17785.326720695564,409.35194703188813,18194.678667727454,1
2021-10-15,17375.047865040564,841.1943070577195,18216.242172098282,2
2021-10-18,17375.047865040564,866.1374625375188,18241.18532757808,2
2021-10-19,17424.552885119,855.8717707746496,18280.42465589365,2
2021-10-20,17466.59398545314,833.8221310573047,18300.416116510445,2
2021-10-21,17466.59398545314,859.8014949489161,18326.395480402054,2
2021-10-22,17466.59398545314,850.7759581937236,18317.369943646863,2
2021-10-25,17466.59398545314,886.2522903371441,18352.84627579028,2
2021-10-26,17466.59398545314,886.4278664547129,18353.02185190785,2
2021-10-27,17466.59398545314,851.9944898920812,18318.58847534522,2
2021-10-28,17515.32158739622,853.9718815243589,18369.29346892058,2
2021-10-29,17515.32158739622,870.1448399246427,18385.466427320865,2
2021-11-01,17569.830075506645,829.1606464277031,18398.990721934348,2
2021-11-02,17569.830075506645,856.3529725289158,18426.18304803556,2
2021-11-03,17612.448980015688,856.3294689692839,18468.778448984973,2
2021-11-04,17612.448980015688,873.2633126046935,18485.71229262038,2
2021-11-05,17612.448980015688,876.6304800797315,18489.079460095418,2
2021-11-08,17655.73295913885,834.5555462366476,18490.288505375498,2
2021-11-09,17655.73295913885,812.4362842619348,18468.169243400785,2
2021-11-10,17655.73295913885,758.0965258308468,18413.829484969698,2
2021-11-11,17655.73295913885,778.4198604912433,18434.152819630093,2
2021-11-12,17655.73295913885,842.2380149118119,18497.970974050662,2
2021-11-15,17655.73295913885,851.0606753646969,18506.79363450355,2
2021-11-16,17655.73295913885,876.4942825772124,18532.227241716064,2
2021-11-17,17655.73295913885,857.3207760441256,18513.053735182977,2
2021-11-18,17655.73295913885,871.9756075710749,18527.708566709927,2
2021-11-19,17655.73295913885,865.8045239777749,18521.537483116626,2
2021-11-22,17655.73295913885,849.4114815085234,18505.144440647375,2
2021-11-23,17655.73295913885,861.6850449690475,18517.418004107898,2
2021-11-24,17707.767837297168,834.826008350845,18542.593845648014,2
2021-11-26,17707.767837297168,627.0328916288236,18334.80072892599,2
2021-11-29,17707.767837297168,754.7559761203047,18462.523813417472,2
2021-11-30,17707.767837297168,611.0924543475107,18318.86029164468,2
2021-12-01,17707.767837297168,528.7046598125386,18236.472497109706,2
2021-12-02,17707.767837297168,627.9546699303523,18335.72250722752,2
2021-12-03,17707.767837297168,566.6620897323924,18274.42992702956,2
2021-12-06,17707.767837297168,676.7632121350075,18384.531049432175,2
2021-12-07,17770.81046435531,800.8500443099379,18571.660508665245,2
2021-12-08,17770.81046435531,843.2694729091694,18614.07993726448,2
2021-12-09,17770.81046435531,792.8478003322084,18563.658264687518,2
2021-12-10,17770.81046435531,877.7875184842528,18648.59798283956,2
2021-12-13,17770.81046435531,829.1641661872411,18599.97463054255,2
2021-12-14,17770.81046435531,774.6376215937246,18545.448085949032,2
2021-12-15,17818.105585061927,843.7996587523812,18661.905243814308,2
2021-12-16,17818.105585061927,792.0066435916425,18610.11222865357,2
2021-12-17,17818.105585061927,731.7277893284186,18549.833374390346,2
2021-12-20,17818.105585061927,664.3329669350351,18482.438551996962,2
2021-12-21,17818.105585061927,785.4625624878458,18603.568147549773,2
2021-12-22,17864.728396944356,818.55606850838,18683.284465452736,2
2021-12-23,17864.728396944356,859.662447759208,18724.390844703565,2
2021-12-27,18380.70740794488,407.48939732300613,18788.196805267886,1
2021-12-28,17973.428302037704,813.5282412170881,18786.956543254793,2
2021-12-29,17973.428302037704,832.1290041013917,18805.557306139097,2
2021-12-30,17973.428302037704,814.7150842561018,18788.143386293807,2
2021-12-31,17973.428302037704,805.6469221145946,18779.0752241523,2
2022-01-03,17973.428302037704,858.148386416596,18831.5766884543,2
2022-01-04,17973.428302037704,854.3057449394055,18827.734046977108,2
2022-01-05,17973.428302037704,707.5422401542511,18680.970542191957,2
2022-01-06,17973.428302037704,705.5465373802022,18678.974839417908,2
2022-01-07,17973.428302037704,689.1491779795601,18662.577480017266,2
2022-01-10,17973.428302037704,681.5638806273199,18654.992182665024,2
2022-01-11,17973.428302037704,763.5871106824552,18737.01541272016,2
2022-01-12,17973.428302037704,798.7886565334932,18772.216958571196,2
2022-01-13,17973.428302037704,665.0804958120148,18638.508797849718,2
2022-01-14,17973.428302037704,685.7320313966468,18659.160333434353,2
2022-01-18,17973.428302037704,511.43234266770037,18484.860644705404,2
2022-01-19,17973.428302037704,422.875419906876,18396.30372194458,2
2022-01-20,17973.428302037704,331.2125597733427,18304.640861811047,2
2022-01-21,17973.428302037704,211.89168167830417,18185.31998371601,2
2022-01-24,17973.428302037704,197.06808519906076,18170.496387236766,2
2022-01-25,17973.428302037704,120.38547880781607,18093.81378084552,2
2022-01-26,17973.428302037704,99.88433392004481,18073.31263595775,2
2022-01-27,17973.428302037704,50.658402038033046,18024.086704075737,2
2022-01-28,17973.428302037704,121.78597905077595,18095.21428108848,2
2022-01-31,18064.519496890058,82.51639920987941,18147.035896099937,1
2022-02-01,18157.240390982883,0,18157.240390982883,0
2022-02-02,18157.240390982883,0,18157.240390982883,0
2022-02-03,18157.240390982883,0,18157.240390982883,0
2022-02-04,18157.240390982883,0,18157.240390982883,0
2022-02-07,18157.240390982883,0,18157.240390982883,0
2022-02-08,18157.240390982883,0,18157.240390982883,0
2022-02-09,18157.240390982883,0,18157.240390982883,0
2022-02-10,18157.240390982883,0,18157.240390982883,0
2022-02-11,18157.240390982883,0,18157.240390982883,0
2022-02-14,18157.240390982883,0,18157.240390982883,0
2022-02-15,18157.240390982883,0,18157.240390982883,0
2022-02-16,18157.240390982883,0,18157.240390982883,0
2022-02-17,18157.240390982883,0,18157.240390982883,0
2022-02-18,18157.240390982883,0,18157.240390982883,0
2022-02-22,18157.240390982883,0,18157.240390982883,0
2022-02-23,18157.240390982883,0,18157.240390982883,0
2022-02-24,18157.240390982883,0,18157.240390982883,0
2022-02-25,18157.240390982883,0,18157.240390982883,0
2022-02-28,18157.240390982883,0,18157.240390982883,0
2022-03-01,18157.240390982883,0,18157.240390982883,0
2022-03-02,18157.240390982883,0,18157.240390982883,0
2022-03-03,18157.240390982883,0,18157.240390982883,0
2022-03-04,18157.240390982883,0,18157.240390982883,0
2022-03-07,18157.240390982883,0,18157.240390982883,0
2022-03-08,18157.240390982883,0,18157.240390982883,0
2022-03-09,18157.240390982883,0,18157.240390982883,0
2022-03-10,18157.240390982883,0,18157.240390982883,0
2022-03-11,18157.240390982883,0,18157.240390982883,0
2022-03-14,18157.240390982883,0,18157.240390982883,0
2022-03-15,18157.240390982883,0,18157.240390982883,0
2022-03-16,18157.240390982883,0,18157.240390982883,0
2022-03-17,18157.240390982883,0,18157.240390982883,0
2022-03-18,17753.359296017214,402.7993358992944,18156.158631916507,1
2022-03-21,17353.171787978805,808.1390276438824,18161.310815622688,2
2022-03-22,17353.171787978805,858.0215160900366,18211.193304068842,2
2022-03-23,17353.171787978805,810.3016851385532,18163.47347311736,2
2022-03-24,17353.171787978805,885.3550511706039,18238.52683914941,2
2022-03-25,17857.653561877134,404.1879513883387,18261.841513265474,1
2022-03-28,17449.647313957943,837.8688922185852,18287.51620617653,2
2022-03-29,17501.378666669967,840.8474712914099,18342.226137961377,2
2022-03-30,17501.378666669967,810.9778991157519,18312.356565785718,2
2022-03-31,17501.378666669967,720.3533733018517,18221.73203997182,2
2022-04-01,17501.378666669967,751.6897841563292,18253.068450826297,2
2022-04-04,17501.378666669967,817.1037433097638,18318.48240997973,2
2022-04-05,17501.378666669967,723.1741836411459,18224.552850311113,2
2022-04-06,17501.378666669967,658.7343780153376,18160.113044685306,2
2022-04-07,17501.378666669967,691.760386799514,18193.13905346948,2
2022-04-08,17501.378666669967,681.5143807574727,18182.89304742744,2
2022-04-11,17501.378666669967,557.2556122981212,18058.63427896809,2
2022-04-12,17501.378666669967,535.3472014328077,18036.725868102774,2
2022-04-13,17501.378666669967,626.254203257507,18127.632869927475,2
2022-04-14,17501.378666669967,531.7560605072572,18033.134727177225,2
2022-04-18,17501.378666669967,533.1534820767729,18034.53214874674,2
2022-04-19,17501.378666669967,679.9345473177837,18181.31321398775,2
2022-04-20,17501.378666669967,689.0094331947139,18190.388099864682,2
2022-04-21,17501.378666669967,538.6876265062085,18040.066293176176,2
2022-04-22,17501.378666669967,306.5743618757466,17807.953028545715,2
2022-04-25,17501.378666669967,317.1834956209693,17818.562162290935,2
2022-04-26,17501.378666669967,146.0104458671765,17647.389112537145,2
2022-04-27,17501.378666669967,124.03581863688942,17625.414485306857,2
2022-04-28,17501.378666669967,270.184789327962,17771.56345599793,2
2022-04-29,17501.378666669967,39.66603709054084,17541.044703760508,2
2022-05-02,17593.372418750776,0.1701985643308035,17593.542617315106,1
2022-05-03,17689.143301231663,0,17689.143301231663,0
2022-05-04,17689.143301231663,0,17689.143301231663,0
2022-05-05,17689.143301231663,0,17689.143301231663,0
2022-05-06,17689.143301231663,0,17689.143301231663,0
2022-05-09,17689.143301231663,0,17689.143301231663,0
2022-05-10,17689.143301231663,0,17689.143301231663,0
2022-05-11,17689.143301231663,0,17689.143301231663,0
2022-05-12,17689.143301231663,0,17689.143301231663,0
2022-05-13,17689.143301231663,0,17689.143301231663,0
2022-05-16,17689.143301231663,0,17689.143301231663,0
2022-05-17,17689.143301231663,0,17689.143301231663,0
2022-05-18,17689.143301231663,0,17689.143301231663,0
2022-05-19,17689.143301231663,0,17689.143301231663,0
2022-05-20,17689.143301231663,0,17689.143301231663,0
2022-05-23,17689.143301231663,0,17689.143301231663,0
2022-05-24,17689.143301231663,0,17689.143301231663,0
2022-05-25,17689.143301231663,0,17689.143301231663,0
2022-05-26,17689.143301231663,0,17689.143301231663,0
2022-05-27,17689.143301231663,0,17689.143301231663,0
2022-05-31,17689.143301231663,0,17689.143301231663,0
2022-06-01,17689.143301231663,0,17689.143301231663,0
2022-06-02,17689.143301231663,0,17689.143301231663,0
2022-06-03,17689.143301231663,0,17689.143301231663,0
2022-06-06,17689.143301231663,0,17689.143301231663,0
2022-06-07,17689.143301231663,0,17689.143301231663,0
2022-06-08,17689.143301231663,0,17689.143301231663,0
2022-06-09,17689.143301231663,0,17689.143301231663,0
2022-06-10,17689.143301231663,0,17689.143301231663,0
2022-06-13,17689.143301231663,0,17689.143301231663,0
2022-06-14,17689.143301231663,0,17689.143301231663,0
2022-06-15,17689.143301231663,0,17689.143301231663,0
2022-06-16,17689.143301231663,0,17689.143301231663,0
2022-06-17,17689.143301231663,0,17689.143301231663,0
2022-06-21,17689.143301231663,0,17689.143301231663,0
2022-06-22,17689.143301231663,0,17689.143301231663,0
2022-06-23,17689.143301231663,0,17689.143301231663,0
2022-06-24,17689.143301231663,0,17689.143301231663,0
2022-06-27,17689.143301231663,0,17689.143301231663,0
2022-06-28,17689.143301231663,0,17689.143301231663,0
2022-06-29,17689.143301231663,0,17689.143301231663,0
2022-06-30,17689.143301231663,0,17689.143301231663,0
2022-07-01,17689.143301231663,0,17689.143301231663,0
2022-07-05,17689.143301231663,0,17689.143301231663,0
2022-07-06,17689.143301231663,0,17689.143301231663,0
2022-07-07,17689.143301231663,0,17689.143301231663,0
2022-07-08,17689.143301231663,0,17689.143301231663,0
2022-07-11,17689.143301231663,0,17689.143301231663,0
2022-07-12,17689.143301231663,0,17689.143301231663,0
2022-07-13,17689.143301231663,0,17689.143301231663,0
2022-07-14,17689.143301231663,0,17689.143301231663,0
2022-07-15,17689.143301231663,0,17689.143301231663,0
2022-07-18,17689.143301231663,0,17689.143301231663,0
2022-07-19,17285.65158710238,402.0156469404533,17687.667234042834,1
2022-07-20,16883.367577855875,818.524888970468,17701.892466826343,2
2022-07-21,16883.367577855875,863.1376908915108,17746.505268747387,2
2022-07-22,16883.367577855875,836.1152090867009,17719.482786942575,2
2022-07-25,16883.367577855875,848.1428937037805,17731.510471559657,2
2022-07-26,16883.367577855875,793.5232854447271,17676.890863300603,2
2022-07-27,16933.02960389884,848.9825806320503,17782.012184530893,2
2022-07-28,16993.513608075442,835.0891854142403,17828.60279348968,2
2022-07-29,17044.096990831975,841.3229059697308,17885.419896801704,2
2022-08-01,17044.096990831975,823.5340940686143,17867.63108490059,2
2022-08-02,17044.096990831975,788.7615921974572,17832.858583029432,2
2022-08-03,17044.096990831975,872.3675277422249,17916.4645185742,2
2022-08-04,17089.17205333761,831.1964309214779,17920.36848425909,2
2022-08-05,17089.17205333761,831.7033877590213,17920.875441096632,2
2022-08-08,17089.17205333761,836.3837205880735,17925.555773925684,2
2022-08-09,17089.17205333761,816.5254168029555,17905.697470140567,2
2022-08-10,17147.75953161649,859.2788108000715,18007.038342416563,2
2022-08-11,17147.75953161649,854.4392609969034,18002.198792613395,2
2022-08-12,17213.353092028006,851.1965041937515,18064.549596221757,2
2022-08-15,17213.353092028006,870.509776139858,18083.862868167864,2
2022-08-16,17265.802112642683,828.2575118014585,18094.05962444414,2
2022-08-17,17265.802112642683,796.0680132051777,18061.87012584786,2
2022-08-18,17265.802112642683,814.4146952925964,18080.216807935278,2
2022-08-19,17265.802112642683,739.3553632508415,18005.157475893524,2
2022-08-22,17265.802112642683,595.7964587625071,17861.59857140519,2
2022-08-23,17265.802112642683,582.2605276614411,17848.062640304124,2
2022-08-24,17265.802112642683,608.1808522644551,17873.98296490714,2
2022-08-25,17265.802112642683,706.8001647224364,17972.60227736512,2
2022-08-26,17265.802112642683,473.28239936114187,17739.084512003825,2
2022-08-29,17265.802112642683,427.6453100284641,17693.447422671146,2
2022-08-30,17265.802112642683,354.5872681404205,17620.389380783105,2
2022-08-31,17265.802112642683,299.9070220755925,17565.709134718276,2
2022-09-01,17265.802112642683,311.1870346317289,17576.989147274413,2
2022-09-02,17265.802112642683,238.0526119180729,17503.854724560755,2
2022-09-06,17265.802112642683,191.66529831449566,17457.46741095718,2
2022-09-07,17265.802112642683,286.18514784663773,17551.98726048932,2
2022-09-08,17265.802112642683,327.14007251166777,17592.942185154352,2
2022-09-09,17265.802112642683,475.5967393021848,17741.39885194487,2
2022-09-12,17265.802112642683,609.7948815286372,17875.59699417132,2
2022-09-13,17265.802112642683,119.12011771592006,17384.922230358603,2
2022-09-14,17265.802112642683,102.01782794595147,17367.819940588633,2
2022-09-15,17265.802112642683,30.96386910643787,17296.765981749122,2
2022-09-16,17356.693243254103,11.598172475459023,17368.291415729564,1
2022-09-19,17356.693243254103,0.17511946629724662,17356.8683627204,1
2022-09-20,17452.094132649254,0,17452.094132649254,0
2022-09-21,17452.094132649254,0,17452.094132649254,0
2022-09-22,17452.094132649254,0,17452.094132649254,0
2022-09-23,17452.094132649254,0,17452.094132649254,0
2022-09-26,17452.094132649254,0,17452.094132649254,0
2022-09-27,17452.094132649254,0,17452.094132649254,0
2022-09-28,17452.094132649254,0,17452.094132649254,0
2022-09-29,17452.094132649254,0,17452.094132649254,0
2022-09-30,17452.094132649254,0,17452.094132649254,0
2022-10-03,17452.094132649254,0,17452.094132649254,0
2022-10-04,17452.094132649254,0,17452.094132649254,0
2022-10-05,17452.094132649254,0,17452.094132649254,0
2022-10-06,17452.094132649254,0,17452.094132649254,0
2022-10-07,17452.094132649254,0,17452.094132649254,0
2022-10-10,17452.094132649254,0,17452.094132649254,0
2022-10-11,17452.094132649254,0,17452.094132649254,0
2022-10-12,17452.094132649254,0,17452.094132649254,0
2022-10-13,17452.094132649254,0,17452.094132649254,0
2022-10-14,17452.094132649254,0,17452.094132649254,0
2022-10-17,17452.094132649254,0,17452.094132649254,0
2022-10-18,17452.094132649254,0,17452.094132649254,0
2022-10-19,17452.094132649254,0,17452.094132649254,0
2022-10-20,17452.094132649254,0,17452.094132649254,0
2022-10-21,17452.094132649254,0,17452.094132649254,0
2022-10-24,17452.094132649254,0,17452.094132649254,0
2022-10-25,17452.094132649254,0,17452.094132649254,0
2022-10-26,17452.094132649254,0,17452.094132649254,0
2022-10-27,17452.094132649254,0,17452.094132649254,0
2022-10-28,17051.50248234209,398.85928290847016,17450.36176525056,1
2022-10-31,16650.388520033615,788.890580518995,17439.27910055261,2
2022-11-01,16650.388520033615,777.3843669805856,17427.772887014202,2
2022-11-02,16650.388520033615,670.3184208088189,17320.706940842436,2
2022-11-03,16650.388520033615,623.1295626879714,17273.518082721588,2
2022-11-04,16650.388520033615,699.524537219115,17349.913057252732,2
2022-11-07,16650.388520033615,757.9543009908406,17408.342821024456,2
2022-11-08,16650.388520033615,776.0980764718773,17426.486596505492,2
2022-11-09,16650.388520033615,672.252990999543,17322.641511033158,2
2022-11-10,17166.3977366921,401.4165107337888,17567.81424742589,1
2022-11-11,16761.26045815902,829.3786054594775,17590.6390636185,2
2022-11-14,16761.26045815902,791.4492920359535,17552.709750194976,2
2022-11-15,16761.26045815902,820.1927642341602,17581.453222393182,2
2022-11-16,16761.26045815902,796.2128711905243,17557.473329349545,2
2022-11-17,16761.26045815902,788.8505934179392,17550.111051576958,2
2022-11-18,16761.26045815902,821.347470861624,17582.607929020643,2
2022-11-21,16761.26045815902,826.262163574097,17587.52262173312,2
2022-11-22,16810.73393281195,843.6720351438424,17654.40596795579,2
2022-11-23,16856.140222568858,832.6345134712404,17688.774736040097,2
2022-11-25,16856.140222568858,836.1965548962552,17692.336777465112,2
2022-11-28,16856.140222568858,756.714338860138,17612.854561428998,2
2022-11-29,16856.140222568858,755.5093540788931,17611.649576647753,2
2022-11-30,16904.992038551452,849.7265069580777,17754.71854550953,2
2022-12-01,16904.992038551452,858.9669894535411,17763.959028004992,2
2022-12-02,16904.992038551452,867.7143738063237,17772.706412357777,2
2022-12-05,16904.992038551452,776.0860408017422,17681.078079353196,2
2022-12-06,16904.992038551452,683.3017843202185,17588.29382287167,2
2022-12-07,16904.992038551452,670.9169943418374,17575.90903289329,2
2022-12-08,16904.992038551452,722.5415952200592,17627.533633771513,2
2022-12-09,16904.992038551452,676.8466706908284,17581.83870924228,2
2022-12-12,16904.992038551452,754.048840896234,17659.040879447686,2
2022-12-13,16904.992038551452,822.0129437785779,17727.00498233003,2
2022-12-14,16904.992038551452,811.5708945572428,17716.562933108697,2
2022-12-15,16904.992038551452,629.7593607553097,17534.751399306762,2
2022-12-16,16904.992038551452,541.993914816328,17446.98595336778,2
2022-12-19,16904.992038551452,459.56830231211256,17364.560340863565,2
2022-12-20,16904.992038551452,467.6785266998053,17372.670565251257,2
2022-12-21,16904.992038551452,636.5851082327467,17541.5771467842,2
2022-12-22,16904.992038551452,467.6543554824036,17372.646394033854,2
2022-12-23,16904.992038551452,541.4509291391241,17446.44296769058,2
2022-12-27,16904.992038551452,508.7192619751022,17413.711300526556,2
2022-12-28,16996.265585955003,124.54141876440019,17120.807004719405,1
2022-12-29,16996.265585955003,223.6309998707128,17219.896585825714,1
2022-12-30,16996.265585955003,201.5236058336086,17197.78919178861,1
2023-01-03,16996.265585955003,100.12338449860749,17096.388970453612,1
2023-01-04,17218.665226615925,0,17218.665226615925,0
2023-01-05,17218.665226615925,0,17218.665226615925,0
2023-01-06,17218.665226615925,0,17218.665226615925,0
2023-01-09,17218.665226615925,0,17218.665226615925,0
2023-01-10,16812.075402828155,404.9055996058456,17216.981002434,1
2023-01-11,16404.52952360327,834.2292841867377,17238.758807790007,2
2023-01-12,16404.52952360327,878.300494620773,17282.830018224042,2
2023-01-13,16450.36989098639,852.3595429588141,17302.729433945202,2
2023-01-17,16450.36989098639,844.0340657150749,17294.403956701462,2
2023-01-18,16450.36989098639,759.8352821634521,17210.20517314984,2
2023-01-19,16450.36989098639,718.0065297196876,17168.376420706078,2
2023-01-20,16450.36989098639,828.7532174519299,17279.123108438318,2
2023-01-23,16500.504067994367,838.3984686181713,17338.90253661254,2
2023-01-24,16500.504067994367,846.9865167320627,17347.49058472643,2
2023-01-25,16500.504067994367,851.7063641477399,17352.210432142107,2
2023-01-26,16553.442157772257,846.8300419691218,17400.27219974138,2
2023-01-27,16553.442157772257,862.9755039858644,17416.41766175812,2
2023-01-30,16553.442157772257,797.1905129052715,17350.63267067753,2
2023-01-31,16553.442157772257,871.2969391120212,17424.739096884277,2
2023-02-01,16614.776653263914,863.5061950548061,17478.28284831872,2
2023-02-02,16672.556328762155,846.6166347822515,17519.172963544406,2
2023-02-03,16672.556328762155,808.7969956868029,17481.35332444896,2
2023-02-06,16672.556328762155,772.7767211503703,17445.333049912526,2
2023-02-07,16672.556328762155,848.4511340017107,17521.007462763868,2
2023-02-08,16672.556328762155,785.7972157405896,17458.353544502745,2
2023-02-09,16672.556328762155,727.848404160477,17400.40473292263,2
2023-02-10,16672.556328762155,745.7271743867267,17418.283503148883,2
2023-02-13,16672.556328762155,821.6280845836145,17494.18441334577,2
2023-02-14,16672.556328762155,842.9735582318244,17515.52988699398,2
2023-02-15,16672.556328762155,870.2955010904102,17542.851829852567,2
2023-02-16,16672.556328762155,774.6512624566435,17447.207591218797,2
2023-02-17,16672.556328762155,763.716124682783,17436.272453444937,2
2023-02-21,16672.556328762155,606.8660405720564,17279.42236933421,2
2023-02-22,16672.556328762155,599.5576872989631,17272.114016061118,2
2023-02-23,16672.556328762155,656.8826655772298,17329.438994339383,2
2023-02-24,16672.556328762155,558.7072681761881,17231.263596938345,2
2023-02-27,16672.556328762155,602.1983728055816,17274.754701567737,2
2023-02-28,16672.556328762155,571.9994466850977,17244.555775447254,2
2023-03-01,16672.556328762155,514.5678613253892,17187.124190087543,2
2023-03-02,16672.556328762155,624.8465662682605,17297.402895030416,2
2023-03-03,16721.03483009865,795.6966932989282,17516.73152339758,2
2023-03-06,16721.03483009865,842.7170292687968,17563.751859367447,2
2023-03-07,16721.03483009865,660.3311596054382,17381.36598970409,2
2023-03-08,16721.03483009865,707.7082555941274,17428.74308569278,2
2023-03-09,16810.53874125441,311.0832296585116,17121.621970912922,1
2023-03-10,16810.53874125441,266.09630868222496,17076.635049936638,1
2023-03-13,16810.53874125441,260.46188792518024,17071.00062917959,1
2023-03-14,16810.53874125441,312.5114123096779,17123.05015356409,1
2023-03-15,16810.53874125441,287.33532214918966,17097.8740634036,1
2023-03-16,16810.53874125441,348.17338363070576,17158.712124885118,1
2023-03-17,16810.53874125441,308.4497045062264,17118.98844576064,1
2023-03-20,16810.53874125441,343.8036429309932,17154.342384185406,1
2023-03-21,16810.53874125441,398.05984857999874,17208.59858983441,1
2023-03-22,16810.53874125441,343.4425444854057,17153.981285739817,1
2023-03-23,16810.53874125441,354.3709569665026,17164.909698220916,1
2023-03-24,16810.53874125441,380.24957955042,17190.78832080483,1
2023-03-27,16810.53874125441,402.5848852597953,17213.123626514207,1
2023-03-28,16810.53874125441,405.0144478909068,17215.553189145317,1
2023-03-29,16859.88199028285,404.3571241109156,17264.239114393768,1
2023-03-30,16452.78682047693,825.2710270742696,17278.057847551197,2
2023-03-31,16452.78682047693,888.1387921244211,17340.92561260135,2
2023-04-03,16501.455782621833,860.3834124587034,17361.839195080538,2
2023-04-04,16501.455782621833,833.9279561136229,17335.383738735458,2
2023-04-05,16501.455782621833,825.2125618346462,17326.66834445648,2
2023-04-06,16501.455782621833,853.1517369109154,17354.60751953275,2
2023-04-10,16544.28863639322,819.2268100826595,17363.515446475878,2
2023-04-11,16544.28863639322,820.8253790527679,17365.114015445986,2
2023-04-12,16544.28863639322,804.1780178602828,17348.4666542535,2
2023-04-13,16544.28863639322,885.2307558305504,17429.51939222377,2
2023-04-14,16544.28863639322,890.876607942205,17435.165244335425,2
2023-04-17,17045.289442371315,412.1239525492165,17457.41339492053,1
2023-04-18,16635.5265976847,825.4972698286458,17461.023867513348,2
2023-04-19,16635.5265976847,833.7433512505888,17469.26994893529,2
2023-04-20,16635.5265976847,794.9244145805416,17430.451012265243,2
2023-04-21,16635.5265976847,808.8986944600734,17444.425292144773,2
2023-04-24,16635.5265976847,822.189192643576,17457.715790328275,2
2023-04-25,16635.5265976847,702.9053852742948,17338.431982958995,2
2023-04-26,16635.5265976847,678.3551547125385,17313.88175239724,2
2023-04-27,16635.5265976847,829.6604795484704,17465.18707723317,2
2023-04-28,16635.5265976847,894.1652458832234,17529.691843567925,2
2023-05-01,16635.5265976847,901.4907720954689,17537.01736978017,2
2023-05-02,16635.5265976847,819.9000030847358,17455.426600769435,2
2023-05-03,16635.5265976847,770.8364467008792,17406.36304438558,2
2023-05-04,16635.5265976847,702.1858181861887,17337.71241587089,2
2023-05-05,16635.5265976847,869.5323650802414,17505.058962764942,2
2023-05-08,16635.5265976847,895.178966137167,17530.705563821866,2
2023-05-09,16635.5265976847,866.3350102311633,17501.861607915864,2
2023-05-10,16682.915443080547,860.2659763704913,17543.181419451037,2
2023-05-11,16682.915443080547,857.0729437059449,17539.988386786492,2
2023-05-12,16682.915443080547,853.0121892361713,17535.927632316718,2
2023-05-15,16745.00216066776,822.9049447534386,17567.907105421196,2
2023-05-16,16745.00216066776,779.9005890891948,17524.90274975695,2
2023-05-17,16745.00216066776,859.2490449831331,17604.251205650893,2
2023-05-18,16794.271751685737,860.3994750147599,17654.6712267005,2
2023-05-19,16794.271751685737,845.7212928483614,17639.993044534098,2
2023-05-22,16794.271751685737,850.5379988400073,17644.809750525746,2
2023-05-23,16794.271751685737,778.5186859703906,17572.790437656127,2
2023-05-24,16794.271751685737,722.0188530368688,17516.290604722606,2
2023-05-25,16794.271751685737,785.5117837113283,17579.783535397066,2
2023-05-26,16841.337808088658,819.3897500590801,17660.727558147737,2
2023-05-30,16841.337808088658,841.550112421691,17682.887920510348,2
2023-05-31,16841.337808088658,805.6404427371135,17646.97825082577,2
2023-06-01,16841.337808088658,894.3240277050293,17735.661835793686,2
2023-06-02,17381.738010351804,415.0844445745697,17796.822454926376,1
2023-06-05,16965.09163827148,827.9109423323177,17793.002580603796,2
2023-06-06,16965.09163827148,857.4388350139095,17822.530473285387,2
2023-06-07,16965.09163827148,839.3628266515386,17804.454464923016,2
2023-06-08,16965.09163827148,881.6032281772018,17846.69486644868,2
2023-06-09,16965.09163827148,887.4895192971551,17852.581157568635,2
2023-06-12,17465.97897040112,414.4962917486325,17880.475262149754,1
2023-06-13,17054.07551419235,847.2483724870478,17901.323886679398,2
2023-06-14,17054.07551419235,866.947499063692,17921.023013256043,2
2023-06-15,17101.993042162463,861.2020303963561,17963.195072558818,2
2023-06-16,17101.993042162463,861.9134503936727,17963.906492556136,2
2023-06-20,17101.993042162463,841.7498981167248,17943.74294027919,2
2023-06-21,17101.993042162463,823.2293191138183,17925.222361276283,2
2023-06-22,17101.993042162463,856.5864615692597,17958.579503731722,2
2023-06-23,17101.993042162463,796.7911960038905,17898.784238166354,2
2023-06-26,17101.993042162463,757.9121168682591,17859.90515903072,2
2023-06-27,17101.993042162463,856.9922922417192,17958.985334404184,2
2023-06-28,17101.993042162463,864.6889597854021,17966.682001947866,2
2023-06-29,17154.930935362074,838.7889576875367,17993.71989304961,2
2023-06-30,17205.493317818233,855.5925748490025,18061.085892667234,2
2023-07-03,17205.493317818233,871.0638802945691,18076.5571981128,2
2023-07-05,17205.493317818233,856.4788409152534,18061.972158733486,2
2023-07-06,17205.493317818233,790.953196122063,17996.446513940296,2
2023-07-07,17205.493317818233,784.2920366359828,17989.785354454216,2
2023-07-10,17205.493317818233,808.3073685196553,18013.800686337887,2
2023-07-11,17205.493317818233,858.9685586104181,18064.46187642865,2
2023-07-12,17263.869466279208,859.8873289719925,18123.7567952512,2
2023-07-13,17319.65930817728,846.2931818667535,18165.952490044034,2
2023-07-14,17319.65930817728,848.299630450395,18167.958938627675,2
2023-07-17,17319.65930817728,876.0913873317609,18195.750695509043,2
2023-07-18,17369.71268950122,862.2116132828766,18231.924302784097,2
2023-07-19,17369.71268950122,869.595526384699,18239.308215885918,2
2023-07-20,17369.71268950122,830.6022545121017,18200.31494401332,2
2023-07-21,17369.71268950122,842.7821841338919,18212.49487363511,2
2023-07-24,17369.71268950122,871.4223762890018,18241.135065790222,2
2023-07-25,17417.305675558764,840.0858907812633,18257.391566340026,2
2023-07-26,17417.305675558764,854.6799724710311,18271.985648029797,2
2023-07-27,17417.305675558764,794.6573633902503,18211.963038949016,2
2023-07-28,17417.305675558764,878.163221829034,18295.468897387796,2
2023-07-31,17417.305675558764,891.8645589941782,18309.17023455294,2
2023-08-01,17417.305675558764,876.594033161816,18293.89970872058,2
2023-08-02,17417.305675558764,751.5809329165137,18168.886608475277,2
2023-08-03,17417.305675558764,737.4907686352387,18154.796444194002,2
2023-08-04,17417.305675558764,681.9906767390207,18099.296352297784,2
2023-08-07,17417.305675558764,788.759265340903,18206.06494089967,2
2023-08-08,17417.305675558764,755.1101995237516,18172.415875082515,2
2023-08-09,17417.305675558764,692.2459572295224,18109.551632788287,2
2023-08-10,17417.305675558764,701.139746428862,18118.445421987628,2
2023-08-11,17417.305675558764,707.3096970722063,18124.61537263097,2
2023-08-14,17417.305675558764,795.729975098817,18213.03565065758,2
2023-08-15,17417.305675558764,639.4945545279114,18056.800230086676,2
2023-08-16,17417.305675558764,530.6228908438385,17947.928566402603,2
2023-08-17,17417.305675558764,409.87195388487123,17827.177629443635,2
2023-08-18,17417.305675558764,395.83099458190816,17813.136670140673,2
2023-08-21,17417.305675558764,520.6222068687481,17937.927882427513,2
2023-08-22,17676.516913044696,221.9463815417413,17898.463294586436,1
2023-08-23,17676.516913044696,321.14136800824724,17997.658281052943,1
2023-08-24,17676.516913044696,191.27515989438848,17867.792072939083,1
2023-08-25,17676.516913044696,256.37292634393134,17932.889839388627,1
2023-08-28,17676.516913044696,388.01470081447354,18064.53161385917,1
2023-08-29,17849.167234353306,414.3626264842659,18263.52986083757,1
2023-08-30,17437.700220142546,841.5727966476261,18279.273016790172,2
2023-08-31,17437.700220142546,840.9305204136145,18278.63074055616,2
2023-09-01,17437.700220142546,863.0460201318698,18300.746240274417,2
2023-09-05,17437.700220142546,834.6068593691307,18272.307079511676,2
2023-09-06,17437.700220142546,782.8398088478224,18220.540028990366,2
2023-09-07,17437.700220142546,762.5166752671148,18200.21689540966,2
2023-09-08,17437.700220142546,786.4578702746378,18224.158090417182,2
2023-09-11,17437.700220142546,848.7933702068908,18286.493590349437,2
2023-09-12,17437.700220142546,804.0230082193432,18241.72322836189,2
2023-09-13,17437.700220142546,831.6593947040119,18269.35961484656,2
2023-09-14,17485.174266411588,855.0383441477713,18340.21261055936,2
2023-09-15,17485.174266411588,747.8817298812601,18233.05599629285,2
2023-09-18,17485.174266411588,762.4955158040834,18247.66978221567,2
2023-09-19,17485.174266411588,745.4772294419797,18230.651495853566,2
2023-09-20,17485.174266411588,641.1897942889112,18126.3640607005,2
2023-09-21,17485.174266411588,459.0487921282062,17944.223058539796,2
2023-09-22,17485.174266411588,432.177586254781,17917.35185266637,2
2023-09-25,17485.174266411588,467.4427971549136,17952.6170635665,2
2023-09-26,17485.174266411588,310.22923750434757,17795.403503915935,2
2023-09-27,17485.174266411588,296.84026007487887,17782.014526486466,2
2023-09-28,17485.174266411588,345.0348194609063,17830.209085872495,2
2023-09-29,17485.174266411588,302.0225019271322,17787.19676833872,2
2023-10-02,17485.174266411588,243.30921724612438,17728.483483657714,2
2023-10-03,17485.174266411588,127.17539863880347,17612.34966505039,2
2023-10-04,17573.707252200827,149.7220403378151,17723.429292538643,1
2023-10-05,17573.707252200827,139.6517764551959,17713.359028656025,1
2023-10-06,17573.707252200827,193.03972286796238,17766.74697506879,1
2023-10-09,17573.707252200827,225.76450539168604,17799.471757592513,1
2023-10-10,17573.707252200827,261.37252193044276,17835.07977413127,1
2023-10-11,17573.707252200827,297.3198928398318,17871.027145040658,1
2023-10-12,17573.707252200827,244.77849945732544,17818.485751658154,1
2023-10-13,17573.707252200827,204.09642361479428,17777.803675815623,1
2023-10-16,17573.707252200827,305.86093356815525,17879.56818576898,1
2023-10-17,17573.707252200827,312.3375545539872,17886.044806754813,1
2023-10-18,17573.707252200827,95.91718302298773,17669.624435223814,1
2023-10-19,17659.086195075535,0,17659.086195075535,0
2023-10-20,17659.086195075535,0,17659.086195075535,0
2023-10-23,17659.086195075535,0,17659.086195075535,0
2023-10-24,17659.086195075535,0,17659.086195075535,0
2023-10-25,17659.086195075535,0,17659.086195075535,0
2023-10-26,17659.086195075535,0,17659.086195075535,0
2023-10-27,17659.086195075535,0,17659.086195075535,0
2023-10-30,17659.086195075535,0,17659.086195075535,0
2023-10-31,17659.086195075535,0,17659.086195075535,0
2023-11-01,17659.086195075535,0,17659.086195075535,0
2023-11-02,17659.086195075535,0,17659.086195075535,0
2023-11-03,17243.7944736193,414.44411191469044,17658.23858553399,1
2023-11-06,16830.02548807236,836.7861010816077,17666.811589153967,2
2023-11-07,16830.02548807236,856.1893364232808,17686.21482449564,2
2023-11-08,16830.02548807236,870.51193369143,17700.537421763787,2
2023-11-09,16830.02548807236,815.2899191910685,17645.315407263428,2
2023-11-10,16878.86895387831,862.8528464370042,17741.721800315314,2
2023-11-13,16878.86895387831,858.3242647655087,17737.19321864382,2
2023-11-14,17410.245518187694,408.91319090556874,17819.158709093263,1
2023-11-15,16995.277872945437,828.3365881600013,17823.614461105437,2
2023-11-16,16995.277872945437,835.6682980387596,17830.946170984196,2
2023-11-17,16995.277872945437,855.1342978074806,17850.412170752916,2
2023-11-20,17033.230341703693,867.3678077948998,17900.598149498594,2
2023-11-21,17033.230341703693,860.6862188569216,17893.916560560614,2
2023-11-22,17082.38077960211,841.3601374627988,17923.740917064908,2
2023-11-24,17082.38077960211,858.4083224359716,17940.78910203808,2
2023-11-27,17082.38077960211,851.3937530633953,17933.774532665506,2
2023-11-28,17082.38077960211,860.9821641197484,17943.36294372186,2
2023-11-29,17082.38077960211,853.0672569170079,17935.44803651912,2
2023-11-30,17082.38077960211,880.725797558894,17963.106577161005,2
2023-12-01,17132.917255909415,866.480345094697,17999.39760100411,2
2023-12-04,17132.917255909415,834.6586419030459,17967.57589781246,2
2023-12-05,17132.917255909415,838.7048891939137,17971.622145103327,2
2023-12-06,17132.917255909415,811.9647065937884,17944.881962503205,2
2023-12-07,17171.330067520994,827.7928256136796,17999.122893134674,2
2023-12-08,17171.330067520994,870.2981095085242,18041.628177029517,2
2023-12-11,17171.330067520994,896.6640771759061,18067.9941446969,2
2023-12-12,17681.736537065444,416.61244771598615,18098.34898478143,1
2023-12-13,17264.056957463556,870.5718456998688,18134.628803163425,2
2023-12-14,17305.207890793434,838.2516548436585,18143.45954563709,2
2023-12-15,17305.207890793434,844.6186761368679,18149.8265669303,2
2023-12-18,17305.207890793434,875.454787465562,18180.662678258996,2
2023-12-19,17305.207890793434,909.039045165969,18214.246935959403,2
2023-12-20,17305.207890793434,803.6911166844988,18108.899007477932,2
2023-12-21,17305.207890793434,873.0134309049056,18178.22132169834,2
2023-12-22,17305.207890793434,896.5713749963622,18201.779265789795,2
2023-12-26,17821.270155316844,412.3447898743322,18233.614945191177,1
2023-12-27,17404.69749401892,839.1794076615582,18243.87690168048,2
2023-12-28,17404.69749401892,843.576308640244,18248.273802659165,2
2023-12-29,17404.69749401892,828.3353736692675,18233.032867688187,2
2024-01-02,17404.69749401892,784.6436786377467,18189.341172656666,2
2024-01-03,17404.69749401892,706.1014462461187,18110.79894026504,2
2024-01-04,17404.69749401892,675.8115935061255,18080.509087525046,2
2024-01-05,17404.69749401892,706.1256352463217,18110.82312926524,2
2024-01-08,17404.69749401892,843.3362042864303,18248.033698305353,2
2024-01-09,17404.69749401892,842.9610676920895,18247.65856171101,2
2024-01-10,17404.69749401892,888.6527095706065,18293.35020358953,2
2024-01-11,17404.69749401892,894.053441371441,18298.750935390362,2
2024-01-12,17404.69749401892,899.2283386603589,18303.92583267928,2
2024-01-16,17404.69749401892,879.3510672922239,18284.048561311145,2
2024-01-17,17404.69749401892,825.2177846466878,18229.91527866561,2
2024-01-18,17449.953295897634,862.5597125918908,18312.513008489525,2
2024-01-19,17522.35954359298,863.5488656293867,18385.908409222364,2
2024-01-22,17568.871009110037,836.14911231467,18405.020121424706,2
2024-01-23,17568.871009110037,868.6852235291767,18437.556232639214,2
2024-01-24,17568.871009110037,865.1393997831469,18434.010408893184,2
2024-01-25,17568.871009110037,890.0019512778051,18458.872960387842,2
2024-01-26,17568.871009110037,893.4834700049649,18462.354479115,2
2024-01-29,18082.940716109744,411.9424530726363,18494.88316918238,1
2024-01-30,17669.287275058217,826.9613347893795,18496.248609847597,2
2024-01-31,17669.287275058217,695.0299816088943,18364.317256667113,2
2024-02-01,17669.287275058217,797.4604535794242,18466.74772863764,2
2024-02-02,17669.287275058217,865.4516928198419,18534.73896787806,2
2024-02-05,17669.287275058217,861.256696754019,18530.543971812236,2
2024-02-06,17669.287275058217,888.6691110084406,18557.956386066657,2
2024-02-07,18188.79218743166,409.1650602191109,18597.95724765077,1
2024-02-08,17776.266508640172,824.2399826976083,18600.50649133778,2
2024-02-09,17776.266508640172,859.4079080250588,18635.67441666523,2
2024-02-12,17776.266508640172,844.870608984018,18621.13711762419,2
2024-02-13,17776.266508640172,724.3798189906258,18500.6463276308,2
2024-02-14,17776.266508640172,817.4435982575716,18593.710106897743,2
2024-02-15,17776.266508640172,863.185650188273,18639.452158828444,2
2024-02-16,17776.266508640172,833.7286850267368,18609.99519366691,2
2024-02-20,17776.266508640172,788.543971384405,18564.81048002458,2
2024-02-21,17776.266508640172,803.817545906169,18580.08405454634,2
2024-02-22,18297.331192973015,411.7791395959941,18709.11033256901,1
2024-02-23,17886.113010796373,831.0233955461242,18717.136406342495,2
2024-02-26,17886.113010796373,816.6263220906131,18702.739332886988,2
2024-02-27,17886.113010796373,836.0640451010397,18722.177055897413,2
2024-02-28,17886.113010796373,821.2739196691047,18707.386930465476,2
2024-02-29,17886.113010796373,864.1803804329996,18750.293391229374,2
2024-03-01,17933.52497425047,862.0668958625665,18795.591870113036,2
2024-03-04,17933.52497425047,857.9010275745702,18791.426001825042,2
2024-03-05,17933.52497425047,778.663272649618,18712.18824690009,2
2024-03-06,17933.52497425047,816.2353937477939,18749.760367998264,2
2024-03-07,17978.32224770525,832.126590580652,18810.4488382859,2
2024-03-08,17978.32224770525,789.020979077533,18767.343226782785,2
2024-03-11,17978.32224770525,783.4289841531074,18761.751231858358,2
2024-03-12,17978.32224770525,879.6478974195054,18857.970145124757,2
2024-03-13,17978.32224770525,874.6323788577882,18852.954626563038,2
2024-03-14,17978.32224770525,850.5416665666567,18828.863914271908,2
2024-03-15,17978.32224770525,810.9264180815501,18789.248665786803,2
2024-03-18,17978.32224770525,869.0706864677409,18847.392934172993,2
2024-03-19,18028.333776219974,860.5109302473338,18888.84470646731,2
2024-03-20,18093.056358059515,852.4357694037021,18945.492127463218,2
2024-03-21,18093.056358059515,874.9993464684508,18968.055704527967,2
2024-03-22,18093.056358059515,867.9657853152448,18961.02214337476,2
2024-03-25,18093.056358059515,857.8303077328286,18950.886665792343,2
2024-03-26,18093.056358059515,843.1352179414148,18936.19157600093,2
2024-03-27,18143.820030421582,849.4783919414836,18993.298422363066,2
2024-03-28,18143.820030421582,855.1170731207335,18998.937103542317,2
2024-04-01,18143.820030421582,845.2002453060601,18989.020275727642,2
2024-04-02,18143.820030421582,781.5472196393969,18925.36725006098,2
2024-04-03,18143.820030421582,798.3381380623086,18942.15816848389,2
2024-04-04,18143.820030421582,671.6442150458249,18815.464245467407,2
2024-04-05,18143.820030421582,769.8656938580698,18913.685724279654,2
2024-04-08,18143.820030421582,794.0717132914458,18937.89174371303,2
2024-04-09,18143.820030421582,814.4648703292155,18958.284900750798,2
2024-04-10,18143.820030421582,724.4398611128133,18868.259891534395,2
2024-04-11,18143.820030421582,810.99246417619,18954.812494597772,2
2024-04-12,18143.820030421582,643.9562131319377,18787.77624355352,2
2024-04-15,18143.820030421582,506.8648220086601,18650.684852430244,2
2024-04-16,18143.820030421582,481.43926896539426,18625.259299386977,2
2024-04-17,18143.820030421582,402.7609472125505,18546.580977634134,2
2024-04-18,18143.820030421582,364.70953215018085,18508.529562571763,2
2024-04-19,18143.820030421582,246.7284275509371,18390.54845797252,2
2024-04-22,18143.820030421582,289.161197533565,18432.981227955148,2
2024-04-23,18143.820030421582,569.8442648326335,18713.664295254217,2
2024-04-24,18650.601302371455,249.84210172635244,18900.44340409781,1
2024-04-25,18650.601302371455,203.55406301969765,18854.155365391154,1
2024-04-26,18650.601302371455,309.3450996807462,18959.946402052203,1
2024-04-29,18650.601302371455,384.66105536218436,19035.262357733638,1
2024-04-30,18650.601302371455,94.12691827175763,18744.728220643214,1
2024-05-01,18736.11738752642,0,18736.11738752642,0
2024-05-02,18736.11738752642,0,18736.11738752642,0
2024-05-03,18736.11738752642,0,18736.11738752642,0
2024-05-06,18325.391297990725,409.2226699481131,18734.61396793884,1
2024-05-07,17914.841308062107,826.802282526934,18741.64359058904,2
2024-05-08,17914.841308062107,834.0002981461175,18748.841606208225,2
2024-05-09,17914.841308062107,872.902166827884,18787.74347488999,2
2024-05-10,17914.841308062107,887.4076406713491,18802.248948733457,2
2024-05-13,17914.841308062107,876.9089600256152,18791.750268087722,2
2024-05-14,17957.0900845026,862.6828540604442,18819.772938563045,2
2024-05-15,18021.485991430152,867.1842381404737,18888.670229570627,2
2024-05-16,18021.485991430152,858.8299705974016,18880.315962027555,2
2024-05-17,18067.13987091659,827.7472950864507,18894.88716600304,2
2024-05-20,18067.13987091659,839.4193406872816,18906.55921160387,2
2024-05-21,18067.13987091659,864.9127912965831,18932.052662213173,2
2024-05-22,18067.13987091659,841.5400900466011,18908.679960963193,2
2024-05-23,18067.13987091659,779.1643816804353,18846.304252597027,2
2024-05-24,18067.13987091659,852.8091655653966,18919.949036481987,2
2024-05-28,18067.13987091659,850.7486478472948,18917.888518763888,2
2024-05-29,18067.13987091659,772.9281246669516,18840.067995583544,2
2024-05-30,18067.13987091659,719.9133959109048,18787.053266827497,2
2024-05-31,18067.13987091659,823.0981022661155,18890.237973182706,2
2024-06-03,18067.13987091659,845.1251015265982,18912.26497244319,2
2024-06-04,18067.13987091659,862.4312483345776,18929.57111925117,2
2024-06-05,18600.409047873913,409.52812912311884,19009.93717699703,1
2024-06-06,18189.479385580213,820.0656225464186,19009.54500812663,2
2024-06-07,18189.479385580213,822.3642193891194,19011.843604969334,2
2024-06-10,18189.479385580213,838.6362834779533,19028.115669058167,2
2024-06-11,18189.479385580213,857.1172102035995,19046.596595783813,2
2024-06-12,18694.076751648412,412.1555051842961,19106.232256832707,1
2024-06-13,18278.34491872846,837.132166843817,19115.477085572278,2
2024-06-14,18278.34491872846,822.7548774083673,19101.099796136827,2
2024-06-17,18278.34491872846,877.1008443325322,19155.445763060994,2
2024-06-18,18278.34491872846,901.9363662661689,19180.281284994628,2
2024-06-20,18278.34491872846,877.6189095279562,19155.963828256416,2
2024-06-21,18278.34491872846,873.9851363725251,19152.330055100985,2
2024-06-24,18278.34491872846,865.2616809226188,19143.60659965108,2
2024-06-25,18278.34491872846,901.7139858639496,19180.05890459241,2
2024-06-26,18328.30750965466,866.4859129261174,19194.793422580777,2
2024-06-27,18378.365118511043,827.8976533599575,19206.262771871,2
2024-06-28,18378.365118511043,797.5850261631947,19175.950144674236,2
2024-07-01,18378.365118511043,830.2440120641577,19208.6091305752,2
2024-07-02,18378.365118511043,877.648887693794,19256.014006204838,2
2024-07-03,18419.364529731316,863.6725953476081,19283.037125078925,2
2024-07-05,18470.4242102776,838.2453678351311,19308.66957811273,2
2024-07-08,18470.4242102776,855.8390307189619,19326.263240996563,2
2024-07-09,18470.4242102776,860.8972927408793,19331.32150301848,2
2024-07-10,18523.025976567395,855.8765029409883,19378.902479508382,2
2024-07-11,18523.025976567395,800.4265283871987,19323.452504954592,2
2024-07-12,18523.025976567395,849.4598859860446,19372.48586255344,2
2024-07-15,18523.025976567395,864.4386871851352,19387.46466375253,2
2024-07-16,18576.173547162154,844.5982336295806,19420.771780791736,2
2024-07-17,18576.173547162154,726.6586122990943,19302.83215946125,2
2024-07-18,18576.173547162154,648.1579178716828,19224.331465033836,2
2024-07-19,18576.173547162154,585.5437649892849,19161.71731215144,2
2024-07-22,18576.173547162154,698.1377221224179,19274.31126928457,2
2024-07-23,18576.173547162154,689.2734972610128,19265.447044423167,2
2024-07-24,18576.173547162154,458.75999656482236,19034.933543726976,2
2024-07-25,18576.173547162154,413.8422398698367,18990.01578703199,2
2024-07-26,18576.173547162154,510.6366002031933,19086.810147365348,2
2024-07-29,18576.173547162154,516.8947080405246,19093.068255202677,2
2024-07-30,18576.173547162154,463.86087171029544,19040.03441887245,2
2024-07-31,18576.173547162154,635.0946196927026,19211.268166854858,2
2024-08-01,18576.173547162154,480.4683371558525,19056.641884318007,2
2024-08-02,18576.173547162154,327.8854068839735,18904.058954046126,2
2024-08-05,18576.173547162154,220.4506168189539,18796.62416398111,2
2024-08-06,18576.173547162154,189.10722150063748,18765.280768662793,2
2024-08-07,18576.173547162154,137.1781459327451,18713.3516930949,2
2024-08-08,18576.173547162154,232.96332661147403,18809.136873773627,2
2024-08-09,18576.173547162154,227.8225906986279,18803.99613786078,2
2024-08-12,18576.173547162154,158.86368676506777,18735.03723392722,2
2024-08-13,18576.173547162154,373.43192583936116,18949.605473001517,2
2024-08-14,18511.85096136593,626.7358849307798,19138.58684629671,2
2024-08-15,18511.85096136593,832.4926400033611,19344.34360136929,2
2024-08-16,18558.923947877964,822.3984362060648,19381.32238408403,2
2024-08-19,18648.800113410944,846.6026261903303,19495.402739601275,2
2024-08-20,18648.800113410944,819.1385054443103,19467.938618855253,2
2024-08-21,18648.800113410944,838.5961562245285,19487.396269635472,2
2024-08-22,18648.800113410944,774.26873732513,19423.068850736072,2
2024-08-23,18648.800113410944,863.6878649323862,19512.487978343328,2
2024-08-26,18648.800113410944,854.8105959571708,19503.610709368113,2
2024-08-27,18692.589791240225,830.9579469253435,19523.54773816557,2
2024-08-28,18692.589791240225,773.531421348784,19466.12121258901,2
2024-08-29,18692.589791240225,798.2469462803763,19490.8367375206,2
2024-08-30,18692.589791240225,870.2506744068407,19562.840465647067,2
2024-09-03,18692.589791240225,678.001870049718,19370.591661289942,2
2024-09-04,18692.589791240225,665.03110869279,19357.620899933016,2
2024-09-05,18692.589791240225,657.9088052753292,19350.498596515554,2
2024-09-06,18692.589791240225,514.5139820729185,19207.103773313145,2
2024-09-09,18692.589791240225,624.6576949304085,19317.247486170632,2
2024-09-10,18692.589791240225,671.0224817271552,19363.61227296738,2
2024-09-11,18692.589791240225,783.3399795402954,19475.92977078052,2
2024-09-12,18692.589791240225,854.224921137687,19546.814712377913,2
2024-09-13,18751.050251169585,840.4320251474239,19591.48227631701,2
2024-09-16,18751.050251169585,853.2817915888195,19604.332042758404,2
2024-09-17,18751.050251169585,853.4817485179524,19604.531999687537,2
2024-09-18,18751.050251169585,834.9015103836621,19585.951761553246,2
2024-09-19,18829.883779762044,855.5747405081938,19685.458520270236,2
2024-09-20,18829.883779762044,852.4387644356168,19682.32254419766,2
2024-09-23,18885.946661432245,820.5253529617124,19706.472014393956,2
2024-09-24,18885.946661432245,845.1332023526646,19731.079863784908,2
2024-09-25,18885.946661432245,838.2163828567002,19724.163044288944,2
2024-09-26,18885.946661432245,863.2461219398565,19749.192783372102,2
2024-09-27,18885.946661432245,835.9137174311513,19721.860378863395,2
2024-09-30,18885.946661432245,871.9170698169257,19757.86373124917,2
2024-10-01,18885.946661432245,792.1596531703244,19678.10631460257,2
2024-10-02,18885.946661432245,801.9424511325639,19687.889112564808,2
2024-10-03,18885.946661432245,777.0160649379804,19662.962726370224,2
2024-10-04,18885.946661432245,846.4121088377766,19732.35877027002,2
2024-10-07,18885.946661432245,769.1770424942661,19655.12370392651,2
2024-10-08,18885.946661432245,842.0032461312893,19727.949907563532,2
2024-10-09,18934.16029195077,836.9631410347622,19771.123432985532,2
2024-10-10,18934.16029195077,831.5431053641333,19765.703397314905,2
2024-10-11,18934.16029195077,867.5547010132354,19801.714992964007,2
2024-10-14,19006.64365049138,842.6262763718669,19849.269926863246,2
2024-10-15,19006.64365049138,801.7553629994736,19808.399013490853,2
2024-10-16,19006.64365049138,838.7565740902226,19845.4002245816,2
2024-10-17,19006.64365049138,847.6256608668614,19854.269311358243,2
2024-10-18,19060.531059894252,825.0160081572261,19885.547068051477,2
2024-10-21,19060.531059894252,821.7093281482335,19882.240388042486,2
2024-10-22,19060.531059894252,825.3353518651238,19885.866411759376,2
2024-10-23,19060.531059894252,765.7420195268301,19826.273079421084,2
2024-10-24,19060.531059894252,783.5586235981496,19844.089683492402,2
2024-10-25,19060.531059894252,770.4931583240623,19831.024218218314,2
2024-10-28,19060.531059894252,804.5288703660262,19865.05993026028,2
2024-10-29,19060.531059894252,824.0637004229882,19884.59476031724,2
2024-10-30,19060.531059894252,798.1484145513391,19858.67947444559,2
2024-10-31,19060.531059894252,655.5788750654017,19716.109934959655,2
2024-11-01,19060.531059894252,697.7826849050672,19758.31374479932,2
2024-11-04,19060.531059894252,690.5042189531883,19751.03527884744,2
2024-11-05,19060.531059894252,800.5735083724176,19861.10456826667,2
2024-11-06,19617.920763507587,407.52031055981064,20025.4410740674,1
2024-11-07,19208.92167683505,843.3616844436415,20052.28336127869,2
2024-11-08,19208.92167683505,868.8640579914562,20077.785734826506,2
2024-11-11,19251.61839327539,836.6289828187703,20088.247376094158,2
2024-11-12,19251.61839327539,827.8433305089081,20079.461723784298,2
2024-11-13,19251.61839327539,844.3535330403549,20095.971926315742,2
2024-11-14,19251.61839327539,804.722389637007,20056.340782912397,2
2024-11-15,19251.61839327539,683.719934769519,19935.33832804491,2
2024-11-18,19251.61839327539,729.41520890287,19981.033602178257,2
2024-11-19,19251.61839327539,752.3605292319587,20003.978922507347,2
2024-11-20,19251.61839327539,745.3783631840878,19996.996756459477,2
2024-11-21,19251.61839327539,790.7885031288032,20042.40689640419,2
2024-11-22,19251.61839327539,843.1583354731515,20094.77672874854,2
2024-11-25,19295.966405428942,840.2046991495752,20136.171104578516,2
2024-11-26,19295.966405428942,884.477607136575,20180.444012565516,2
2024-11-27,19295.966405428942,868.1462349615487,20164.112640390493,2
2024-11-29,19352.27037361609,855.7914252810917,20208.061798897183,2
2024-12-02,19397.914528235237,833.1214297071853,20231.035957942422,2
2024-12-03,19397.914528235237,839.6383364887669,20237.552864724003,2
2024-12-04,19397.914528235237,874.1234135063521,20272.03794174159,2
2024-12-05,19397.914528235237,865.7555200968452,20263.670048332082,2
2024-12-06,19397.914528235237,896.0852621245281,20293.999790359765,2
2024-12-09,19397.914528235237,847.3180220380989,20245.232550273337,2
2024-12-10,19397.914528235237,832.5206746287065,20230.435202863944,2
2024-12-11,19397.914528235237,895.1676716162488,20293.082199851484,2
2024-12-12,19397.914528235237,862.9330715788435,20260.84759981408,2
2024-12-13,19397.914528235237,869.2329351033684,20267.147463338606,2
2024-12-16,19397.914528235237,891.3735729587074,20289.288101193943,2
2024-12-17,19397.914528235237,855.6454966025165,20253.560024837752,2
2024-12-18,19397.914528235237,545.4994863354074,19943.414014570644,2
2024-12-19,19397.914528235237,549.8028801782766,19947.71740841351,2
2024-12-20,19397.914528235237,679.3141097610743,20077.22863799631,2
2024-12-23,19397.914528235237,786.6489578670667,20184.563486102303,2
2024-12-24,19457.940462871054,855.7884002721046,20313.72886314316,2
2024-12-26,19457.940462871054,857.2066875407138,20315.14715041177,2
2024-12-27,19457.940462871054,759.9886908492635,20217.929153720317,2
2024-12-30,19457.940462871054,654.4175937577222,20112.35805662878,2
2024-12-31,19457.940462871054,609.1686289581702,20067.109091829225,2
2025-01-02,19457.940462871054,585.4520113217433,20043.3924741928,2
2025-01-03,19457.940462871054,786.1218437965015,20244.062306667554,2
2025-01-06,19641.317183571577,785.3047122617384,20426.621895833316,2
2025-01-07,19641.317183571577,686.5775898880855,20327.894773459662,2
2025-01-08,19641.317183571577,702.0682350289889,20343.385418600566,2
2025-01-10,19641.317183571577,571.1097487609919,20212.426932332568,2
2025-01-13,19641.317183571577,588.1136481237917,20229.43083169537,2
2025-01-14,19641.317183571577,602.1179249801236,20243.4351085517,2
2025-01-15,19641.317183571577,793.3644873080908,20434.68167087967,2
2025-01-16,19641.317183571577,774.8428788338174,20416.160062405394,2
2025-01-17,19641.317183571577,866.4203450044574,20507.737528576035,2
2025-01-21,20185.160047988764,405.4254730258819,20590.585521014647,1
2025-01-22,19775.858776381523,831.1722572810495,20607.031033662573,2
2025-01-23,19775.858776381523,862.580971145298,20638.43974752682,2
2025-01-24,19775.858776381523,854.336252355305,20630.195028736827,2
2025-01-27,19775.858776381523,732.1249955401441,20507.983771921667,2
2025-01-28,19775.858776381523,812.7206729704696,20588.579449351993,2
2025-01-29,19775.858776381523,785.4319422550632,20561.290718636585,2
2025-01-30,19775.858776381523,832.4614647094038,20608.320241090925,2
2025-01-31,19775.858776381523,796.1768676505799,20572.035644032105,2
2025-02-03,19775.858776381523,726.7787324457316,20502.637508827254,2
2025-02-04,19775.858776381523,799.471372046851,20575.330148428373,2
2025-02-05,19775.858776381523,851.3295626892116,20627.188339070733,2
2025-02-06,19775.858776381523,882.0671748197988,20657.925951201323,2
2025-02-07,19775.858776381523,811.3125070085048,20587.171283390027,2
2025-02-10,19775.858776381523,885.6941167076634,20661.552893089185,2
2025-02-11,19821.32102479054,843.170510767127,20664.491535557667,2
2025-02-12,19821.32102479054,833.7489586588539,20655.069983449393,2
2025-02-13,19882.03343346966,842.9865594152574,20725.019992884918,2
2025-02-14,19882.03343346966,851.1048182636919,20733.13825173335,2
2025-02-18,19882.03343346966,867.2146546868887,20749.24808815655,2
2025-02-19,19930.203776284412,832.480130201104,20762.683906485516,2
2025-02-20,19930.203776284412,804.474659474097,20734.67843575851,2
2025-02-21,19930.203776284412,660.7711068180151,20590.974883102426,2
2025-02-24,19930.203776284412,624.20655043598,20554.410326720394,2
2025-02-25,19930.203776284412,587.9417270156608,20518.14550330007,2
2025-02-26,19930.203776284412,591.9615408192982,20522.16531710371,2
2025-02-27,19930.203776284412,465.4935378447078,20395.69731412912,2
2025-02-28,19930.203776284412,589.5849407406075,20519.788717025018,2
2025-03-03,19930.203776284412,446.3502131693019,20376.553989453714,2
2025-03-04,19930.203776284412,356.5982223885328,20286.801998672945,2
2025-03-05,19930.203776284412,431.1246740990782,20361.32845038349,2
2025-03-06,19930.203776284412,307.83394965517346,20238.037725939586,2
2025-03-07,19930.203776284412,331.5312079690443,20261.734984253457,2
2025-03-10,19930.203776284412,172.46116710725232,20102.664943391665,2
2025-03-11,19930.203776284412,120.2660911873636,20050.469867471777,2
2025-03-12,19930.203776284412,106.92854905516924,20037.132325339582,2
2025-03-13,19930.203776284412,52.772020955882226,19982.975797240295,2
2025-03-14,19930.203776284412,92.08778154255128,20022.291557826964,2
2025-03-17,19930.203776284412,65.82751660974964,19996.03129289416,2
2025-03-18,19930.203776284412,28.810843390488117,19959.0146196749,2
2025-03-19,19930.203776284412,35.50814990910567,19965.71192619352,2
2025-03-20,20021.77966844817,23.04160464271945,20044.82127309089,1
2025-03-21,20021.77966844817,15.785656744253629,20037.565325192423,1
2025-03-24,20021.77966844817,14.335087031963667,20036.114755480132,1
2025-03-25,20021.77966844817,2.8560967963699113,20024.63576524454,1
2025-03-26,20116.044139708472,0,20116.044139708472,0
2025-03-27,20116.044139708472,0,20116.044139708472,0
2025-03-28,20116.044139708472,0,20116.044139708472,0
2025-03-31,20116.044139708472,0,20116.044139708472,0
2025-04-01,20116.044139708472,0,20116.044139708472,0
2025-04-02,20116.044139708472,0,20116.044139708472,0
2025-04-03,20116.044139708472,0,20116.044139708472,0
2025-04-04,20116.044139708472,0,20116.044139708472,0
2025-04-07,20116.044139708472,0,20116.044139708472,0
2025-04-08,20116.044139708472,0,20116.044139708472,0
2025-04-09,20116.044139708472,0,20116.044139708472,0
2025-04-10,20116.044139708472,0,20116.044139708472,0
2025-04-11,20116.044139708472,0,20116.044139708472,0
2025-04-14,20116.044139708472,0,20116.044139708472,0
2025-04-15,20116.044139708472,0,20116.044139708472,0
2025-04-16,20116.044139708472,0,20116.044139708472,0
2025-04-17,20116.044139708472,0,20116.044139708472,0
2025-04-21,20116.044139708472,0,20116.044139708472,0
2025-04-22,20116.044139708472,0,20116.044139708472,0
2025-04-23,20116.044139708472,0,20116.044139708472,0
2025-04-24,20116.044139708472,0,20116.044139708472,0
2025-04-25,20116.044139708472,0,20116.044139708472,0
2025-04-28,20116.044139708472,0,20116.044139708472,0
2025-04-29,20116.044139708472,0,20116.044139708472,0
2025-04-30,20116.044139708472,0,20116.044139708472,0
2025-05-01,19714.6852109444,399.8589990273629,20114.544209971762,1
2025-05-02,19314.475090526823,835.0701421879294,20149.54523271475,2
2025-05-05,19314.475090526823,811.1697884544697,20125.644878981293,2
2025-05-06,19314.475090526823,772.3353579989507,20086.81044852577,2
2025-05-07,19314.475090526823,805.9465471189498,20120.421637645773,2
2025-05-08,19314.475090526823,843.8769412341856,20158.35203176101,2
2025-05-09,19314.475090526823,851.6012815236103,20166.076372050433,2
2025-05-12,19881.06587919291,404.9518115942547,20286.017690787165,1
2025-05-13,19477.914425590465,825.9145249930853,20303.82895058355,2
2025-05-14,19477.914425590465,828.1985880316682,20306.113013622133,2
2025-05-15,19477.914425590465,860.1869958958765,20338.101421486343,2
2025-05-16,19529.43108548708,844.5237392835324,20373.95482477061,2
2025-05-19,19529.43108548708,845.7634573878487,20375.194542874928,2
2025-05-20,19529.43108548708,832.015752596002,20361.44683808308,2
2025-05-21,19529.43108548708,714.9294797782545,20244.36056526533,2
2025-05-22,19529.43108548708,721.3175536816507,20250.748639168727,2
2025-05-23,19529.43108548708,665.6706564145992,20195.10174190168,2
2025-05-27,19529.43108548708,833.501230293313,20362.932315780392,2
2025-05-28,19529.43108548708,803.2613321405421,20332.69241762762,2
2025-05-29,19529.43108548708,832.3762577405305,20361.807343227607,2
2025-05-30,19529.43108548708,845.1658433607129,20374.59692884779,2
2025-06-02,19587.272379457325,825.6238855377248,20412.896264995048,2
2025-06-03,19587.272379457325,868.5143065659737,20455.786686023297,2
2025-06-04,19587.272379457325,874.8061950447279,20462.07857450205,2
2025-06-05,19587.272379457325,841.9536159321083,20429.22599538943,2
2025-06-06,19652.095020507026,848.4294124722687,20500.524432979295,2
2025-06-09,19652.095020507026,856.8691076300374,20508.964128137064,2
2025-06-10,19706.828032386777,828.8190449979923,20535.64707738477,2
2025-06-11,19706.828032386777,813.5235882850723,20520.35162067185,2
2025-06-12,19706.828032386777,825.3135232918496,20532.141555678627,2
2025-06-13,19706.828032386777,734.4474870313547,20441.27551941813,2
2025-06-16,19706.828032386777,815.4278743018182,20522.255906688595,2
2025-06-17,19706.828032386777,744.8598892616005,20451.687921648376,2
2025-06-18,19706.828032386777,763.1149542728722,20469.942986659647,2
2025-06-20,19706.828032386777,752.9303163953457,20459.75834878212,2
2025-06-23,19706.828032386777,832.4507389877311,20539.27877137451,2
2025-06-24,19767.809429831308,855.0739594086672,20622.883389239974,2
2025-06-25,19815.626628669128,819.2002533879177,20634.826882057045,2
2025-06-26,19815.626628669128,862.6650370349366,20678.291665704066,2
2025-06-27,19815.626628669128,891.1606275641645,20706.787256233292,2
2025-06-30,20319.689372258672,406.0384765100693,20725.72784876874,1
2025-07-01,19916.173470423088,806.1987106282544,20722.37218105134,2
2025-07-02,19916.173470423088,836.234737949394,20752.408208372482,2
2025-07-03,19916.173470423088,880.6151122971315,20796.78858272022,2
2025-07-07,19916.173470423088,838.6691835966872,20754.842654019776,2
2025-07-08,19916.173470423088,853.2614377561544,20769.434908179242,2
2025-07-09,19916.173470423088,897.7453711503763,20813.918841573464,2
2025-07-10,20421.213721605785,405.52433944207564,20826.73806104786,1
2025-07-11,20014.309745544448,798.0864267262149,20812.396172270663,2
2025-07-14,20014.309745544448,803.201638264477,20817.511383808924,2
2025-07-15,20014.309745544448,781.4405490551806,20795.750294599628,2
2025-07-16,20014.309745544448,806.219954265228,20820.529699809675,2
2025-07-17,20014.309745544448,848.1121948229757,20862.42194036742,2
2025-07-18,20014.309745544448,853.1486369434504,20867.458382487897,2
2025-07-21,20014.309745544448,868.9739066873386,20883.283652231785,2
2025-07-22,20014.309745544448,878.7526595260381,20893.062405070486,2
2025-07-23,20534.77469675565,406.71438568376743,20941.489082439417,1
2025-07-24,20129.884195285253,813.8621575872463,20943.7463528725,2
2025-07-25,20129.884195285253,846.0764277989256,20975.96062308418,2
2025-07-28,20129.884195285253,855.0777364671262,20984.96193175238,2
2025-07-29,20129.884195285253,827.1154664716335,20956.999661756887,2
2025-07-30,20129.884195285253,831.560515331229,20961.44471061648,2
2025-07-31,20129.884195285253,793.8373104157804,20923.721505701033,2
2025-08-01,20129.884195285253,649.0572872316335,20778.941482516886,2
2025-08-04,20129.884195285253,788.9442699054456,20918.828465190698,2
2025-08-05,20129.884195285253,755.830983898818,20885.71517918407,2
2025-08-06,20129.884195285253,824.4342178782504,20954.318413163503,2
2025-08-07,20129.884195285253,827.4537743721978,20957.337969657452,2
2025-08-08,20129.884195285253,899.6915782773193,21029.57577356257,2
2025-08-11,20129.884195285253,887.6870307518616,21017.571226037115,2
2025-08-12,20681.268158229137,404.3361063350005,21085.60426456414,1
2025-08-13,20273.930562404355,823.5879043593072,21097.518466763664,2
2025-08-14,20273.930562404355,822.4839333541795,21096.414495758534,2
2025-08-15,20273.930562404355,803.9293346042683,21077.859897008624,2
2025-08-18,20273.930562404355,814.5972005059648,21088.527762910322,2
2025-08-19,20273.930562404355,769.8898882546971,21043.820450659052,2
2025-08-20,20273.930562404355,754.0124401221944,21027.94300252655,2
2025-08-21,20273.930562404355,715.0120801845759,20988.942642588932,2
2025-08-22,20273.930562404355,859.5612182758814,21133.491780680237,2
2025-08-25,20273.930562404355,836.0263463794411,21109.956908783795,2
2025-08-26,20273.930562404355,869.8023288416962,21143.73289124605,2
2025-08-27,20273.930562404355,884.7124984846496,21158.643060889004,2
2025-08-28,20329.047888576722,855.2514862387142,21184.299374815437,2
2025-08-29,20329.047888576722,805.176736227412,21134.224624804134,2
2025-09-02,20329.047888576722,748.2042246383259,21077.252113215047,2
2025-09-03,20329.047888576722,801.384312363578,21130.4322009403,2
2025-09-04,20386.522091419167,814.2500646724784,21200.772156091647,2
2025-09-05,20386.522091419167,799.8866602959979,21186.408751715164,2
2025-09-08,20386.522091419167,824.9699687125315,21211.4920601317,2
2025-09-09,20386.522091419167,846.3169261723152,21232.839017591483,2
2025-09-10,20386.522091419167,862.2246264000552,21248.746717819224,2
2025-09-11,20891.97688684156,407.59475718576965,21299.571644027328,1
2025-09-12,20485.24330803567,812.9416992089176,21298.18500724459,2
2025-09-15,20485.24330803567,833.4199789114933,21318.663286947165,2
2025-09-16,20485.24330803567,819.2050014916873,21304.448309527357,2
2025-09-17,20485.24330803567,827.2266521006359,21312.469960136306,2
2025-09-18,20485.24330803567,857.0939128399203,21342.33722087559,2
2025-09-19,20485.24330803567,888.2166582347963,21373.459966270468,2
2025-09-22,20984.090481298146,406.0568459027934,21390.14732720094,1
2025-09-23,20579.411659520378,791.7308130431763,21371.142472563555,2
2025-09-24,20579.411659520378,785.0001711530424,21364.41183067342,2
2025-09-25,20579.411659520378,748.8910797016189,21328.302739221996,2
2025-09-26,20579.411659520378,810.0658704735281,21389.477529993907,2
2025-09-29,20579.411659520378,822.6049787175682,21402.016638237947,2
2025-09-30,20579.411659520378,846.4278419233864,21425.839501443763,2
2025-10-01,20579.411659520378,867.4657330307739,21446.877392551152,2
2025-10-02,20579.411659520378,869.4972275867322,21448.90888710711,2
2025-10-03,20579.411659520378,873.8095424012934,21453.22120192167,2
2025-10-06,20634.71031309298,850.3515424491184,21485.0618555421,2
2025-10-07,20634.71031309298,821.863251654321,21456.5735647473,2
2025-10-08,20687.28757499414,814.144236516151,21501.43181151029,2
2025-10-09,20687.28757499414,799.9882340906267,21487.275809084767,2
2025-10-10,20687.28757499414,582.1308148549605,21269.418389849103,2
2025-10-13,20687.28757499414,704.9934018134792,21392.280976807622,2
2025-10-14,20687.28757499414,680.3421044801269,21367.629679474267,2
2025-10-15,20687.28757499414,709.4156662850509,21396.703241279192,2
2025-10-16,20687.28757499414,638.210720731675,21325.498295725818,2
2025-10-17,20687.28757499414,707.8123245976826,21395.099899591823,2
2025-10-20,20687.28757499414,816.5611652373599,21503.8487402315,2
2025-10-21,20687.28757499414,826.8236877625014,21514.111262756644,2
2025-10-22,20687.28757499414,788.4569450962772,21475.74452009042,2
2025-10-23,20687.28757499414,848.6996261305492,21535.98720112469,2
2025-10-24,20737.94158940005,855.520549806198,21593.462139206247,2
2025-10-27,20811.766187860256,849.7852076932872,21661.551395553543,2
2025-10-28,20811.766187860256,854.0344755420364,21665.800663402293,2
2025-10-29,20811.766187860256,849.7282168603817,21661.494404720637,2
2025-10-30,20811.766187860256,802.4672648499546,21614.23345271021,2
2025-10-31,20811.766187860256,812.603651991202,21624.369839851457,2
2025-11-03,20811.766187860256,836.6740149782203,21648.440202838476,2
2025-11-04,20811.766187860256,748.1717520109598,21559.937939871215,2
2025-11-05,20811.766187860256,786.9398938875222,21598.70608174778,2
2025-11-06,20811.766187860256,699.634072519251,21511.400260379505,2
2025-11-07,20811.766187860256,716.2337192078382,21527.999907068093,2
2025-11-10,20811.766187860256,847.6988518766234,21659.46503973688,2
2025-11-11,20862.85116693331,815.693817186667,21678.544984119977,2
2025-11-12,20862.85116693331,820.2766303654556,21683.127797298766,2
2025-11-13,20862.85116693331,686.8373472349361,21549.688514168247,2
2025-11-14,20862.85116693331,688.1597234962868,21551.010890429596,2
2025-11-17,20862.85116693331,610.3427145452855,21473.193881478594,2
2025-11-18,20862.85116693331,542.0372049430057,21404.888371876314,2
2025-11-19,20862.85116693331,574.0274085636344,21436.878575496943,2
2025-11-20,20862.85116693331,454.1000188849182,21316.951185818227,2
2025-11-21,20862.85116693331,529.4507761630655,21392.301943096376,2
2025-11-24,20862.85116693331,695.7385808941581,21558.589747827467,2
2025-11-25,20862.85116693331,810.2872867198158,21673.138453653126,2
2025-11-26,20926.515902922652,824.1180482252744,21750.633951147927,2
2025-11-28,20926.515902922652,873.3329779837213,21799.848880906375,2
2025-12-01,20926.515902922652,847.3590336315993,21773.874936554254,2
2025-12-02,20926.515902922652,875.4998661543696,21802.01576907702,2
2025-12-03,20987.183466963204,839.0432768636074,21826.22674382681,2
2025-12-04,20987.183466963204,852.4767561289557,21839.66022309216,2
2025-12-05,21034.275420871294,821.3850918573712,21855.660512728664,2
2025-12-08,21034.275420871294,791.4418539255494,21825.717274796843,2
2025-12-09,21034.275420871294,785.566097009729,21819.841517881025,2
2025-12-10,21034.275420871294,844.9526939429732,21879.22811481427,2
2025-12-11,21034.275420871294,874.2420957558465,21908.51751662714,2
2025-12-12,21034.275420871294,801.9336822588073,21836.209103130102,2
2025-12-15,21034.275420871294,791.7625521158982,21826.037972987193,2
2025-12-16,21034.275420871294,779.7631927786156,21814.03861364991,2
2025-12-17,21034.275420871294,679.0802671183769,21713.35568798967,2
2025-12-18,21034.275420871294,755.1836240579888,21789.459044929285,2
2025-12-19,21034.275420871294,853.5123350611713,21887.787755932466,2
2025-12-22,21546.366827086484,404.0947833718363,21950.46161045832,1
2025-12-23,21140.01978381004,824.7060312645772,21964.725815074617,2
2025-12-24,21140.01978381004,855.7949106455197,21995.81469445556,2
2025-12-26,21140.01978381004,857.9335178943168,21997.953301704358,2
2025-12-29,21140.01978381004,836.8149548662387,21976.83473867628,2
2025-12-30,21140.01978381004,829.5315896794222,21969.551373489463,2
2025-12-31,21140.01978381004,771.4591245923145,21911.478908402354,2
2026-01-02,21140.01978381004,800.219666547838,21940.239450357876,2
2026-01-05,21140.01978381004,850.9515893481392,21990.97137315818,2
2026-01-06,21186.46161349201,844.715485961045,22031.177099453056,2
2026-01-07,21186.46161349201,817.6136698235666,22004.07528331558,2
2026-01-08,21186.46161349201,821.1622768119042,22007.623890303916,2
2026-01-09,21234.281119910043,827.6303337762399,22061.911453686283,2
2026-01-12,21234.281119910043,835.5803648722571,22069.8614847823,2
2026-01-13,21234.281119910043,814.0143796037521,22048.295499513795,2
2026-01-14,21234.281119910043,773.0588547364064,22007.33997464645,2
2026-01-15,21234.281119910043,806.5601660932515,22040.841286003295,2
2026-01-16,21234.281119910043,805.9558809742341,22040.237000884277,2
2026-01-20,21234.281119910043,620.6779320795107,21854.959051989554,2
2026-01-21,21234.281119910043,745.1673033583404,21979.448423268383,2
2026-01-22,21234.281119910043,809.668041780769,22043.949161690813,2
2026-01-23,21234.281119910043,810.3398966768736,22044.621016586916,2
2026-01-26,21234.281119910043,861.7692779292177,22096.050397839263,2
2026-01-27,21280.894628230602,841.1190799841463,22122.01370821475,2
2026-01-28,21280.894628230602,845.4411458796201,22126.335774110223,2
2026-01-29,21280.894628230602,835.213217293753,22116.107845524355,2
2026-01-30,21280.894628230602,806.0076400045034,22086.902268235106,2
2026-02-02,21331.23284521584,819.2312780346967,22150.46412325054,2
2026-02-03,21331.23284521584,750.189961017108,22081.42280623295,2
2026-02-04,21331.23284521584,713.758270950035,22044.991116165875,2
2026-02-05,21331.23284521584,610.957638856334,21942.190484072173,2
2026-02-06,21331.23284521584,743.7516816576817,22074.984526873523,2
2026-02-09,21331.23284521584,821.061869154866,22152.294714370706,2
2026-02-10,21331.23284521584,799.6973412966965,22130.930186512538,2
2026-02-11,21331.23284521584,805.9081321471041,22137.140977362946,2
2026-02-12,21331.23284521584,666.6732477773195,21997.90609299316,2
2026-02-13,21331.23284521584,675.435228117658,22006.668073333498,2
2026-02-17,21331.23284521584,702.8542164709137,22034.087061686754,2
2026-02-18,21331.23284521584,759.236984831854,22090.469830047696,2
2026-02-19,21331.23284521584,736.8493541860204,22068.08219940186,2
2026-02-20,21331.23284521584,811.1299036287094,22142.36274884455,2
2026-02-23,21331.23284521584,729.8399190399607,22061.0727642558,2
2026-02-24,21331.23284521584,824.1060448317995,22155.33889004764,2
2026-02-25,21401.24607785494,839.7820105549001,22241.02808840984,2
2026-02-26,21401.24607785494,804.3611262192442,22205.607204074182,2
2026-02-27,21401.24607785494,766.6565614456531,22167.90263930059,2
2026-03-02,21401.24607785494,776.091588651542,22177.337666506482,2
2026-03-03,21401.24607785494,692.6918236410586,22093.937901496,2
2026-03-04,21401.24607785494,789.1547559925541,22190.400833847492,2
2026-03-05,21401.24607785494,732.391820297785,22133.637898152723,2
2026-03-06,21401.24607785494,586.2473530039551,21987.493430858893,2
2026-03-09,21996.312413276642,321.3804238005224,22317.692837077164,1
2026-03-10,21996.312413276642,318.10536024434555,22314.41777352099,1
2026-03-11,21996.312413276642,319.01373175617493,22315.326145032817,1
2026-03-12,21996.312413276642,264.841418659222,22261.153831935866,1
2026-03-13,21996.312413276642,245.74617227326598,22242.05858554991,1
2026-03-16,21996.312413276642,286.31520458492616,22282.62761786157,1
2026-03-17,21996.312413276642,300.21410269727085,22296.526515973914,1
2026-03-18,21996.312413276642,240.16230724012075,22236.474720516762,1
2026-03-19,21996.312413276642,227.51206273367188,22223.824476010315,1
2026-03-20,21996.312413276642,167.80339061973564,22164.115803896377,1
2026-03-23,21996.312413276642,205.07784560206233,22201.390258878706,1
2026-03-24,21996.312413276642,185.42681014730533,22181.73922342395,1
2026-03-25,21996.312413276642,206.4931932740933,22202.805606550737,1
2026-03-26,21996.312413276642,117.81457122542065,22114.12698450206,1
2026-03-27,21996.312413276642,61.06899939863979,22057.381412675284,1
2026-03-30,21996.312413276642,10.489463154260648,22006.8018764309,1
2026-03-31,21996.312413276642,46.97904427130197,22043.291457547944,1
2026-04-01,22094.15496151113,0,22094.15496151113,0
2026-04-02,22094.15496151113,0,22094.15496151113,0
2026-04-06,22094.15496151113,0,22094.15496151113,0
2026-04-07,22094.15496151113,0,22094.15496151113,0
2026-04-08,21689.353043962547,403.20787745442175,22092.560921416967,1
2026-04-09,21281.423606129792,839.2263306693123,22120.649936799105,2
2026-04-10,21281.423606129792,842.4678801821542,22123.891486311946,2
2026-04-13,21338.354055350148,856.0707153575834,22194.42477070773,2
2026-04-14,21402.871571706924,863.1061307196632,22265.977702426586,2
2026-04-15,21460.76458797377,856.3801387396666,22317.144726713435,2
2026-04-16,21502.23698636573,841.9324964786682,22344.169482844398,2
2026-04-17,22020.224093299184,410.11200043933087,22430.336093738515,1
2026-04-20,21602.254684935935,826.0734701131327,22428.32815504907,2
2026-04-21,21602.254684935935,765.265981776048,22367.520666711982,2
2026-04-22,21602.254684935935,899.8391560917781,22502.093841027712,2
2026-04-23,21602.254684935935,883.6996677934508,22485.954352729386,2
2026-04-24,22147.54546233371,421.0066403882138,22568.552102721922,1
2026-04-27,22726.822037682305,0,22726.822037682305,0