date,cash,positionsValue,totalEquity,openPositionCount
2007-01-03,3300,0,3300,0
2007-01-04,3300,0,3300,0
2007-01-05,3300,0,3300,0
2007-01-08,3300,0,3300,0
2007-01-09,3300,0,3300,0
2007-01-10,3300,0,3300,0
2007-01-11,3300,0,3300,0
2007-01-12,3300,0,3300,0
2007-01-16,3300,0,3300,0
2007-01-17,3300,0,3300,0
2007-01-18,3300,0,3300,0
2007-01-19,3300,0,3300,0
2007-01-22,3300,0,3300,0
2007-01-23,3300,0,3300,0
2007-01-24,3300,0,3300,0
2007-01-25,3300,0,3300,0
2007-01-26,3300,0,3300,0
2007-01-29,3300,0,3300,0
2007-01-30,3300,0,3300,0
2007-01-31,3300,0,3300,0
2007-02-01,3300,0,3300,0
2007-02-02,3300,0,3300,0
2007-02-05,3300,0,3300,0
2007-02-06,3300,0,3300,0
2007-02-07,3300,0,3300,0
2007-02-08,3300,0,3300,0
2007-02-09,3300,0,3300,0
2007-02-12,3300,0,3300,0
2007-02-13,3300,0,3300,0
2007-02-14,3300,0,3300,0
2007-02-15,3300,0,3300,0
2007-02-16,3300,0,3300,0
2007-02-20,3300,0,3300,0
2007-02-21,3300,0,3300,0
2007-02-22,3300,0,3300,0
2007-02-23,3300,0,3300,0
2007-02-26,3300,0,3300,0
2007-02-27,3300,0,3300,0
2007-02-28,3300,0,3300,0
2007-03-01,3300,0,3300,0
2007-03-02,3300,0,3300,0
2007-03-05,3300,0,3300,0
2007-03-06,3300,0,3300,0
2007-03-07,3300,0,3300,0
2007-03-08,3300,0,3300,0
2007-03-09,3300,0,3300,0
2007-03-12,3300,0,3300,0
2007-03-13,3300,0,3300,0
2007-03-14,3300,0,3300,0
2007-03-15,3300,0,3300,0
2007-03-16,3300,0,3300,0
2007-03-19,3300,0,3300,0
2007-03-20,3300,0,3300,0
2007-03-21,2857.8501154013106,441.12207979071866,3298.972195192029,1
2007-03-22,2405.849335359016,885.4495408493535,3291.2988762083696,2
2007-03-23,2405.849335359016,892.816204566916,3298.665539925932,2
2007-03-26,2405.849335359016,902.0807284667387,3307.9300638257546,2
2007-03-27,2405.849335359016,869.865847138432,3275.715182497448,2
2007-03-28,2405.849335359016,801.4080746817825,3207.2574100407987,2
2007-03-29,2405.849335359016,825.4811345560522,3231.3304699150685,2
2007-03-30,2405.849335359016,829.7254019497615,3235.5747373087775,2
2007-04-02,2405.849335359016,858.6446840526336,3264.49401941165,2
2007-04-03,2405.849335359016,924.6655349648665,3330.514870323883,2
2007-04-04,2405.849335359016,935.6353107307381,3341.4846460897543,2
2007-04-05,2436.5361807273066,916.259380541868,3352.795561269175,2
2007-04-09,2464.5208016925294,901.9168910940209,3366.4376927865505,2
2007-04-10,2464.5208016925294,922.3259063276502,3386.8467080201794,2
2007-04-11,2464.5208016925294,883.9335072955269,3348.4543089880563,2
2007-04-12,2464.5208016925294,925.6911199708939,3390.2119216634233,2
2007-04-13,2485.511730201427,924.1099186763954,3409.6216488778223,2
2007-04-16,2999.2279264385734,446.5324832744751,3445.7604097130484,1
2007-04-17,2547.713129928405,901.3972404635447,3449.11037039195,2
2007-04-18,2547.713129928405,902.1936913303963,3449.9068212588013,2
2007-04-19,2547.713129928405,897.3848937513611,3445.0980236797664,2
2007-04-20,2547.713129928405,942.9056566361139,3490.618786564519,2
2007-04-23,2547.713129928405,929.0216418597304,3476.7347717881357,2
2007-04-24,2547.713129928405,929.5223178145021,3477.235447742907,2
2007-04-25,3059.067055177921,445.3801729057225,3504.4472280836435,1
2007-04-26,2610.6136999900605,895.7619930774111,3506.3756930674717,2
2007-04-27,2610.6136999900605,903.6840051467515,3514.297705136812,2
2007-04-30,2610.6136999900605,842.4507467369125,3453.064446726973,2
2007-05-01,2610.6136999900605,872.1277336273984,3482.741433617459,2
2007-05-02,2610.6136999900605,912.8651966711385,3523.478896661199,2
2007-05-03,2610.6136999900605,932.2997803400883,3542.9134803301486,2
2007-05-04,2633.636591577363,919.1938210093765,3552.83041258674,2
2007-05-07,2673.454641891199,890.1512122862312,3563.60585417743,2
2007-05-08,2673.454641891199,886.5392336388912,3559.9938755300905,2
2007-05-09,2673.454641891199,909.000400382004,3582.455042273203,2
2007-05-10,2673.454641891199,826.4931695919352,3499.9478114831345,2
2007-05-11,2673.454641891199,893.8518182453593,3567.3064601365586,2
2007-05-14,2673.454641891199,878.3769249953635,3551.8315668865625,2
2007-05-15,2673.454641891199,874.4000172385852,3547.8546591297845,2
2007-05-16,2673.454641891199,925.1602971379045,3598.614939029104,2
2007-05-17,2673.454641891199,924.9033659845475,3598.358007875747,2
2007-05-18,3184.836959425806,443.1759240272781,3628.012883453084,1
2007-05-21,2741.547283181438,888.326290987841,3629.873574169279,2
2007-05-22,2741.547283181438,892.2483506793999,3633.7956338608383,2
2007-05-23,2741.547283181438,886.4215225714981,3627.9688057529365,2
2007-05-24,2741.547283181438,821.2700814981853,3562.8173646796236,2
2007-05-25,2741.547283181438,868.9047158811953,3610.4519990626336,2
2007-05-29,2741.547283181438,887.8226721127453,3629.3699552941835,2
2007-05-30,2741.547283181438,936.7046613332623,3678.2519445147004,2
2007-05-31,2741.547283181438,937.8491371260352,3679.3964203074734,2
2007-06-01,3246.2023143951988,447.7093539690369,3693.9116683642355,1
2007-06-04,2797.34333991342,898.9236925778523,3696.2670324912724,2
2007-06-05,2797.34333991342,871.1829195290265,3668.5262594424466,2
2007-06-06,2797.34333991342,803.4394007984225,3600.7827407118425,2
2007-06-07,3011.259247476876,438.29753757178605,3449.5567850486623,1
2007-06-08,3046.288814358568,434.63610338507993,3480.9249177436477,1
2007-06-11,2607.0719284787624,879.9729546353526,3487.044883114115,2
2007-06-12,2607.0719284787624,799.4004012375361,3406.4723297162986,2
2007-06-13,2607.0719284787624,903.3786232524064,3510.450551731169,2
2007-06-14,2639.772253477063,902.974906610139,3542.747160087202,2
2007-06-15,2679.7457045231695,881.7348568871384,3561.480561410308,2
2007-06-18,2679.7457045231695,893.297884094628,3573.0435886177975,2
2007-06-19,2679.7457045231695,912.8491399736627,3592.594844496832,2
2007-06-20,2679.7457045231695,814.5947538265199,3494.3404583496895,2
2007-06-21,2679.7457045231695,861.1442207533389,3540.8899252765086,2
2007-06-22,2679.7457045231695,759.6794074283272,3439.4251119514965,2
2007-06-25,2679.7457045231695,734.3618327452905,3414.10753726846,2
2007-06-26,2679.7457045231695,689.3069129802957,3369.052617503465,2
2007-06-27,2679.7457045231695,798.5127504390869,3478.258454962256,2
2007-06-28,2679.7457045231695,799.6897957713545,3479.435500294524,2
2007-06-29,2679.7457045231695,782.9794412825821,3462.7251458057517,2
2007-07-02,2679.7457045231695,880.4345648071077,3560.180269330277,2
2007-07-03,2679.7457045231695,911.2833221844749,3591.0290267076443,2
2007-07-05,2705.2096200007763,889.0013117194881,3594.2109317202644,2
2007-07-06,2705.2096200007763,918.5810984686975,3623.790718469474,2
2007-07-09,2739.827507376901,892.8579486382611,3632.685456015162,2
2007-07-10,2739.827507376901,793.7839691504546,3533.6114765273555,2
2007-07-11,2739.827507376901,839.3122109728839,3579.1397183497847,2
2007-07-12,2769.47559979126,898.9001305893834,3668.3757303806433,2
2007-07-13,2769.47559979126,917.8312325777786,3687.3068323690386,2
2007-07-16,2769.47559979126,914.2407971404256,3683.7163969316853,2
2007-07-17,2769.47559979126,916.5123173264578,3685.9879171177176,2
2007-07-18,2769.47559979126,907.6240408785537,3677.0996406698137,2
2007-07-19,2805.418660359615,896.8700421165684,3702.288702476183,2
2007-07-20,2805.418660359615,818.7796803783114,3624.198340737926,2
2007-07-23,2805.418660359615,855.6675374277145,3661.086197787329,2
2007-07-24,2805.418660359615,721.896997965938,3527.315658325553,2
2007-07-25,2805.418660359615,760.5185793725675,3565.937239732182,2
2007-07-26,3380.1311157489113,0,3380.1311157489113,0
2007-07-27,3380.1311157489113,0,3380.1311157489113,0
2007-07-30,3380.1311157489113,0,3380.1311157489113,0
2007-07-31,3380.1311157489113,0,3380.1311157489113,0
2007-08-01,3380.1311157489113,0,3380.1311157489113,0
2007-08-02,3380.1311157489113,0,3380.1311157489113,0
2007-08-03,3380.1311157489113,0,3380.1311157489113,0
2007-08-06,3380.1311157489113,0,3380.1311157489113,0
2007-08-07,3380.1311157489113,0,3380.1311157489113,0
2007-08-08,3380.1311157489113,0,3380.1311157489113,0
2007-08-09,3380.1311157489113,0,3380.1311157489113,0
2007-08-10,3380.1311157489113,0,3380.1311157489113,0
2007-08-13,3380.1311157489113,0,3380.1311157489113,0
2007-08-14,3380.1311157489113,0,3380.1311157489113,0
2007-08-15,3380.1311157489113,0,3380.1311157489113,0
2007-08-16,3380.1311157489113,0,3380.1311157489113,0
2007-08-17,3380.1311157489113,0,3380.1311157489113,0
2007-08-20,3380.1311157489113,0,3380.1311157489113,0
2007-08-21,3380.1311157489113,0,3380.1311157489113,0
2007-08-22,3380.1311157489113,0,3380.1311157489113,0
2007-08-23,3380.1311157489113,0,3380.1311157489113,0
2007-08-24,3380.1311157489113,0,3380.1311157489113,0
2007-08-27,3380.1311157489113,0,3380.1311157489113,0
2007-08-28,3380.1311157489113,0,3380.1311157489113,0
2007-08-29,3380.1311157489113,0,3380.1311157489113,0
2007-08-30,3380.1311157489113,0,3380.1311157489113,0
2007-08-31,3380.1311157489113,0,3380.1311157489113,0
2007-09-04,2952.861141934411,426.392683244363,3379.253825178774,1
2007-09-05,2952.861141934411,398.20139755653514,3351.062539490946,1
2007-09-06,2952.861141934411,410.66083039583833,3363.5219723302494,1
2007-09-07,2952.861141934411,368.1842819989239,3321.045423933335,1
2007-09-10,2952.861141934411,365.3967231685275,3318.2578651029385,1
2007-09-11,2952.861141934411,404.38248627747663,3357.243628211888,1
2007-09-12,2952.861141934411,408.0529241971353,3360.9140661315464,1
2007-09-13,2530.2429963479476,847.9935503317679,3378.2365466797155,2
2007-09-14,2530.2429963479476,850.8988585527118,3381.1418549006594,2
2007-09-17,2530.2429963479476,830.7196197133785,3360.962616061326,2
2007-09-18,3063.7525915687447,426.44530090559874,3490.1978924743435,1
2007-09-19,2635.355970606601,867.0459043114649,3502.401874918066,2
2007-09-20,2635.355970606601,840.5152310693377,3475.871201675939,2
2007-09-21,2635.355970606601,878.6443962668885,3514.00036687349,2
2007-09-24,2635.355970606601,864.8667278210711,3500.222698427672,2
2007-09-25,2635.355970606601,876.8652162437359,3512.2211868503373,2
2007-09-26,2635.355970606601,911.6194741760505,3546.9754447826517,2
2007-09-27,2668.393408540681,898.0132108415637,3566.4066193822446,2
2007-09-28,2668.393408540681,877.2909112178633,3545.684319758544,2
2007-10-01,2718.7786898309864,878.3885721863235,3597.16726201731,2
2007-10-02,2718.7786898309864,872.1848253474611,3590.963515178448,2
2007-10-03,2718.7786898309864,853.8578612677918,3572.636551098778,2
2007-10-04,2718.7786898309864,870.1745110022064,3588.9532008331926,2
2007-10-05,2761.3934160909907,879.49887872302,3640.8922948140107,2
2007-10-08,2761.3934160909907,868.8273354704719,3630.2207515614627,2
2007-10-09,2794.993361318995,883.1445545454956,3678.1379158644904,2
2007-10-10,2794.993361318995,871.4693578015026,3666.4627191204977,2
2007-10-11,2794.993361318995,821.8254447514789,3616.8188060704742,2
2007-10-12,2794.993361318995,861.6367183602033,3656.6300796791984,2
2007-10-15,2794.993361318995,813.8425241899531,3608.835885508948,2
2007-10-16,2794.993361318995,773.678372128036,3568.6717334470313,2
2007-10-17,2794.993361318995,805.405699318991,3600.399060637986,2
2007-10-18,2794.993361318995,805.8897557045591,3600.8831170235544,2
2007-10-19,2655.1081204084194,740.653318740139,3395.7614391485586,2
2007-10-22,2655.1081204084194,781.3212816660739,3436.4294020744933,2
2007-10-23,2690.6208535366527,802.9099621883483,3493.530815725001,2
2007-10-24,2690.6208535366527,789.6704718806702,3480.2913254173227,2
2007-10-25,2690.6208535366527,784.6931697210252,3475.314023257678,2
2007-10-26,2690.6208535366527,877.8291526657842,3568.450006202437,2
2007-10-29,2690.6208535366527,907.1341594453247,3597.7550129819774,2
2007-10-30,2690.6208535366527,872.9474607731354,3563.568314309788,2
2007-10-31,3215.196148414644,422.02772744263797,3637.223875857282,1
2007-11-01,3215.196148414644,334.3964736448541,3549.5926220594984,1
2007-11-02,3215.196148414644,338.24410826118833,3553.4402566758326,1
2007-11-05,3215.196148414644,323.6781786082254,3538.8743270228697,1
2007-11-06,2792.8834132289685,790.0172298953859,3582.9006431243542,2
2007-11-07,2792.8834132289685,608.1545130758172,3401.0379263047857,2
2007-11-08,2792.8834132289685,608.25969609972,3401.1431093286883,2
2007-11-09,3023.2753069155124,298.1638673040685,3321.4391742195808,1
2007-11-12,3023.2753069155124,272.6753729748921,3295.9506798904044,1
2007-11-13,3023.2753069155124,361.72661676923747,3385.0019236847497,1
2007-11-14,3023.2753069155124,338.1217832960282,3361.3970902115407,1
2007-11-15,3023.2753069155124,299.33879077583686,3322.6140976913493,1
2007-11-16,3023.2753069155124,320.88741456719777,3344.1627214827104,1
2007-11-19,3023.2753069155124,270.6758792038997,3293.951186119412,1
2007-11-20,3023.2753069155124,286.9938390924915,3310.269146008004,1
2007-11-21,3256.197655373577,0,3256.197655373577,0
2007-11-23,3256.197655373577,0,3256.197655373577,0
2007-11-26,3256.197655373577,0,3256.197655373577,0
2007-11-27,3256.197655373577,0,3256.197655373577,0
2007-11-28,3256.197655373577,0,3256.197655373577,0
2007-11-29,3256.197655373577,0,3256.197655373577,0
2007-11-30,3256.197655373577,0,3256.197655373577,0
2007-12-03,3256.197655373577,0,3256.197655373577,0
2007-12-04,3256.197655373577,0,3256.197655373577,0
2007-12-05,3256.197655373577,0,3256.197655373577,0
2007-12-06,2834.5854964931505,420.59518565380534,3255.180682146956,1
2007-12-07,2402.7279279439163,850.1169406040908,3252.844868548007,2
2007-12-10,2402.7279279439163,886.2943780635555,3289.022306007472,2
2007-12-11,2402.7279279439163,758.9842531731595,3161.7121811170755,2
2007-12-12,2402.7279279439163,800.7664443586136,3203.49437230253,2
2007-12-13,2402.7279279439163,808.7215735839966,3211.4495015279126,2
2007-12-14,2402.7279279439163,740.8176596152799,3143.545587559196,2
2007-12-17,2402.7279279439163,658.7173848292306,3061.4453127731467,2
2007-12-18,2402.7279279439163,712.7690721215106,3115.4970000654266,2
2007-12-19,2402.7279279439163,717.060140635494,3119.7880685794103,2
2007-12-20,2402.7279279439163,762.2569995389903,3164.9849274829066,2
2007-12-21,2402.7279279439163,880.8017118607837,3283.5296398047,2
2007-12-24,2869.038770720624,458.4549939503625,3327.493764670987,1
2007-12-26,3333.0279020857474,0,3333.0279020857474,0
2007-12-27,3333.0279020857474,0,3333.0279020857474,0
2007-12-28,3333.0279020857474,0,3333.0279020857474,0
2007-12-31,3333.0279020857474,0,3333.0279020857474,0
2008-01-02,3333.0279020857474,0,3333.0279020857474,0
2008-01-03,3333.0279020857474,0,3333.0279020857474,0
2008-01-04,3333.0279020857474,0,3333.0279020857474,0
2008-01-07,3333.0279020857474,0,3333.0279020857474,0
2008-01-08,3333.0279020857474,0,3333.0279020857474,0
2008-01-09,3333.0279020857474,0,3333.0279020857474,0
2008-01-10,3333.0279020857474,0,3333.0279020857474,0
2008-01-11,3333.0279020857474,0,3333.0279020857474,0
2008-01-14,3333.0279020857474,0,3333.0279020857474,0
2008-01-15,3333.0279020857474,0,3333.0279020857474,0
2008-01-16,3333.0279020857474,0,3333.0279020857474,0
2008-01-17,3333.0279020857474,0,3333.0279020857474,0
2008-01-18,3333.0279020857474,0,3333.0279020857474,0
2008-01-22,3333.0279020857474,0,3333.0279020857474,0
2008-01-23,3333.0279020857474,0,3333.0279020857474,0
2008-01-24,3333.0279020857474,0,3333.0279020857474,0
2008-01-25,3333.0279020857474,0,3333.0279020857474,0
2008-01-28,3333.0279020857474,0,3333.0279020857474,0
2008-01-29,3333.0279020857474,0,3333.0279020857474,0
2008-01-30,3333.0279020857474,0,3333.0279020857474,0
2008-01-31,3333.0279020857474,0,3333.0279020857474,0
2008-02-01,3333.0279020857474,0,3333.0279020857474,0
2008-02-04,3333.0279020857474,0,3333.0279020857474,0
2008-02-05,3333.0279020857474,0,3333.0279020857474,0
2008-02-06,3333.0279020857474,0,3333.0279020857474,0
2008-02-07,3333.0279020857474,0,3333.0279020857474,0
2008-02-08,3333.0279020857474,0,3333.0279020857474,0
2008-02-11,3333.0279020857474,0,3333.0279020857474,0
2008-02-12,3333.0279020857474,0,3333.0279020857474,0
2008-02-13,3333.0279020857474,0,3333.0279020857474,0
2008-02-14,3333.0279020857474,0,3333.0279020857474,0
2008-02-15,3333.0279020857474,0,3333.0279020857474,0
2008-02-19,3333.0279020857474,0,3333.0279020857474,0
2008-02-20,3333.0279020857474,0,3333.0279020857474,0
2008-02-21,3333.0279020857474,0,3333.0279020857474,0
2008-02-22,3333.0279020857474,0,3333.0279020857474,0
2008-02-25,3333.0279020857474,0,3333.0279020857474,0
2008-02-26,3333.0279020857474,0,3333.0279020857474,0
2008-02-27,3333.0279020857474,0,3333.0279020857474,0
2008-02-28,3333.0279020857474,0,3333.0279020857474,0
2008-02-29,3333.0279020857474,0,3333.0279020857474,0
2008-03-03,3333.0279020857474,0,3333.0279020857474,0
2008-03-04,3333.0279020857474,0,3333.0279020857474,0
2008-03-05,3333.0279020857474,0,3333.0279020857474,0
2008-03-06,3333.0279020857474,0,3333.0279020857474,0
2008-03-07,3333.0279020857474,0,3333.0279020857474,0
2008-03-10,3333.0279020857474,0,3333.0279020857474,0
2008-03-11,3333.0279020857474,0,3333.0279020857474,0
2008-03-12,3333.0279020857474,0,3333.0279020857474,0
2008-03-13,3333.0279020857474,0,3333.0279020857474,0
2008-03-14,3333.0279020857474,0,3333.0279020857474,0
2008-03-17,3333.0279020857474,0,3333.0279020857474,0
2008-03-18,3333.0279020857474,0,3333.0279020857474,0
2008-03-19,3333.0279020857474,0,3333.0279020857474,0
2008-03-20,3333.0279020857474,0,3333.0279020857474,0
2008-03-24,3333.0279020857474,0,3333.0279020857474,0
2008-03-25,3333.0279020857474,0,3333.0279020857474,0
2008-03-26,3333.0279020857474,0,3333.0279020857474,0
2008-03-27,3333.0279020857474,0,3333.0279020857474,0
2008-03-28,3333.0279020857474,0,3333.0279020857474,0
2008-03-31,3333.0279020857474,0,3333.0279020857474,0
2008-04-01,3333.0279020857474,0,3333.0279020857474,0
2008-04-02,3333.0279020857474,0,3333.0279020857474,0
2008-04-03,3333.0279020857474,0,3333.0279020857474,0
2008-04-04,3333.0279020857474,0,3333.0279020857474,0
2008-04-07,3333.0279020857474,0,3333.0279020857474,0
2008-04-08,3333.0279020857474,0,3333.0279020857474,0
2008-04-09,3333.0279020857474,0,3333.0279020857474,0
2008-04-10,3333.0279020857474,0,3333.0279020857474,0
2008-04-11,3333.0279020857474,0,3333.0279020857474,0
2008-04-14,3333.0279020857474,0,3333.0279020857474,0
2008-04-15,3333.0279020857474,0,3333.0279020857474,0
2008-04-16,3333.0279020857474,0,3333.0279020857474,0
2008-04-17,3333.0279020857474,0,3333.0279020857474,0
2008-04-18,3333.0279020857474,0,3333.0279020857474,0
2008-04-21,3333.0279020857474,0,3333.0279020857474,0
2008-04-22,3333.0279020857474,0,3333.0279020857474,0
2008-04-23,3333.0279020857474,0,3333.0279020857474,0
2008-04-24,3333.0279020857474,0,3333.0279020857474,0
2008-04-25,3333.0279020857474,0,3333.0279020857474,0
2008-04-28,3333.0279020857474,0,3333.0279020857474,0
2008-04-29,3333.0279020857474,0,3333.0279020857474,0
2008-04-30,3333.0279020857474,0,3333.0279020857474,0
2008-05-01,3333.0279020857474,0,3333.0279020857474,0
2008-05-02,3333.0279020857474,0,3333.0279020857474,0
2008-05-05,3333.0279020857474,0,3333.0279020857474,0
2008-05-06,3333.0279020857474,0,3333.0279020857474,0
2008-05-07,3333.0279020857474,0,3333.0279020857474,0
2008-05-08,3333.0279020857474,0,3333.0279020857474,0
2008-05-09,3333.0279020857474,0,3333.0279020857474,0
2008-05-12,3333.0279020857474,0,3333.0279020857474,0
2008-05-13,3333.0279020857474,0,3333.0279020857474,0
2008-05-14,3333.0279020857474,0,3333.0279020857474,0
2008-05-15,3333.0279020857474,0,3333.0279020857474,0
2008-05-16,3333.0279020857474,0,3333.0279020857474,0
2008-05-19,3333.0279020857474,0,3333.0279020857474,0
2008-05-20,3333.0279020857474,0,3333.0279020857474,0
2008-05-21,3333.0279020857474,0,3333.0279020857474,0
2008-05-22,3333.0279020857474,0,3333.0279020857474,0
2008-05-23,3333.0279020857474,0,3333.0279020857474,0
2008-05-27,3333.0279020857474,0,3333.0279020857474,0
2008-05-28,3333.0279020857474,0,3333.0279020857474,0
2008-05-29,3333.0279020857474,0,3333.0279020857474,0
2008-05-30,3333.0279020857474,0,3333.0279020857474,0
2008-06-02,3333.0279020857474,0,3333.0279020857474,0
2008-06-03,3333.0279020857474,0,3333.0279020857474,0
2008-06-04,3333.0279020857474,0,3333.0279020857474,0
2008-06-05,3333.0279020857474,0,3333.0279020857474,0
2008-06-06,3333.0279020857474,0,3333.0279020857474,0
2008-06-09,3333.0279020857474,0,3333.0279020857474,0
2008-06-10,3333.0279020857474,0,3333.0279020857474,0
2008-06-11,3333.0279020857474,0,3333.0279020857474,0
2008-06-12,3333.0279020857474,0,3333.0279020857474,0
2008-06-13,3333.0279020857474,0,3333.0279020857474,0
2008-06-16,3333.0279020857474,0,3333.0279020857474,0
2008-06-17,3333.0279020857474,0,3333.0279020857474,0
2008-06-18,3333.0279020857474,0,3333.0279020857474,0
2008-06-19,3333.0279020857474,0,3333.0279020857474,0
2008-06-20,3333.0279020857474,0,3333.0279020857474,0
2008-06-23,3333.0279020857474,0,3333.0279020857474,0
2008-06-24,3333.0279020857474,0,3333.0279020857474,0
2008-06-25,3333.0279020857474,0,3333.0279020857474,0
2008-06-26,3333.0279020857474,0,3333.0279020857474,0
2008-06-27,3333.0279020857474,0,3333.0279020857474,0
2008-06-30,3333.0279020857474,0,3333.0279020857474,0
2008-07-01,3333.0279020857474,0,3333.0279020857474,0
2008-07-02,3333.0279020857474,0,3333.0279020857474,0
2008-07-03,3333.0279020857474,0,3333.0279020857474,0
2008-07-07,3333.0279020857474,0,3333.0279020857474,0
2008-07-08,3333.0279020857474,0,3333.0279020857474,0
2008-07-09,3333.0279020857474,0,3333.0279020857474,0
2008-07-10,3333.0279020857474,0,3333.0279020857474,0
2008-07-11,3333.0279020857474,0,3333.0279020857474,0
2008-07-14,3333.0279020857474,0,3333.0279020857474,0
2008-07-15,3333.0279020857474,0,3333.0279020857474,0
2008-07-16,3333.0279020857474,0,3333.0279020857474,0
2008-07-17,3333.0279020857474,0,3333.0279020857474,0
2008-07-18,3333.0279020857474,0,3333.0279020857474,0
2008-07-21,3333.0279020857474,0,3333.0279020857474,0
2008-07-22,3333.0279020857474,0,3333.0279020857474,0
2008-07-23,3333.0279020857474,0,3333.0279020857474,0
2008-07-24,3333.0279020857474,0,3333.0279020857474,0
2008-07-25,3333.0279020857474,0,3333.0279020857474,0
2008-07-28,3333.0279020857474,0,3333.0279020857474,0
2008-07-29,3333.0279020857474,0,3333.0279020857474,0
2008-07-30,3333.0279020857474,0,3333.0279020857474,0
2008-07-31,3333.0279020857474,0,3333.0279020857474,0
2008-08-01,3333.0279020857474,0,3333.0279020857474,0
2008-08-04,3333.0279020857474,0,3333.0279020857474,0
2008-08-05,3333.0279020857474,0,3333.0279020857474,0
2008-08-06,3333.0279020857474,0,3333.0279020857474,0
2008-08-07,3333.0279020857474,0,3333.0279020857474,0
2008-08-08,3333.0279020857474,0,3333.0279020857474,0
2008-08-11,3333.0279020857474,0,3333.0279020857474,0
2008-08-12,3333.0279020857474,0,3333.0279020857474,0
2008-08-13,3333.0279020857474,0,3333.0279020857474,0
2008-08-14,3333.0279020857474,0,3333.0279020857474,0
2008-08-15,3333.0279020857474,0,3333.0279020857474,0
2008-08-18,3333.0279020857474,0,3333.0279020857474,0
2008-08-19,3333.0279020857474,0,3333.0279020857474,0
2008-08-20,3333.0279020857474,0,3333.0279020857474,0
2008-08-21,3333.0279020857474,0,3333.0279020857474,0
2008-08-22,2901.057552373107,430.41451263180176,3331.4720650049085,1
2008-08-25,2901.057552373107,378.53247717420436,3279.590029547311,1
2008-08-26,2901.057552373107,391.7400310244158,3292.7975833975224,1
2008-08-27,2460.6885642005204,855.070946898273,3315.759511098793,2
2008-08-28,2460.6885642005204,910.5334097537557,3371.221973954276,2
2008-08-29,2460.6885642005204,854.629101400395,3315.3176656009155,2
2008-09-02,2460.6885642005204,838.5635725151825,3299.252136715703,2
2008-09-03,2460.6885642005204,840.5933909577877,3301.281955158308,2
2008-09-04,2460.6885642005204,664.5743625316865,3125.262926732207,2
2008-09-05,2460.6885642005204,700.5253560811379,3161.2139202816584,2
2008-09-08,2460.6885642005204,825.9896711803217,3286.678235380842,2
2008-09-09,2739.7047797845344,327.44024455252435,3067.1450243370587,1
2008-09-10,2739.7047797845344,350.2822434932053,3089.98702327774,1
2008-09-11,2739.7047797845344,390.4542842633257,3130.15906404786,1
2008-09-12,2739.7047797845344,392.4382212954102,3132.1430010799445,1
2008-09-15,2982.748057703226,0,2982.748057703226,0
2008-09-16,2982.748057703226,0,2982.748057703226,0
2008-09-17,2982.748057703226,0,2982.748057703226,0
2008-09-18,2982.748057703226,0,2982.748057703226,0
2008-09-19,2982.748057703226,0,2982.748057703226,0
2008-09-22,2982.748057703226,0,2982.748057703226,0
2008-09-23,2982.748057703226,0,2982.748057703226,0
2008-09-24,2982.748057703226,0,2982.748057703226,0
2008-09-25,2982.748057703226,0,2982.748057703226,0
2008-09-26,2982.748057703226,0,2982.748057703226,0
2008-09-29,2982.748057703226,0,2982.748057703226,0
2008-09-30,2982.748057703226,0,2982.748057703226,0
2008-10-01,2982.748057703226,0,2982.748057703226,0
2008-10-02,2982.748057703226,0,2982.748057703226,0
2008-10-03,2982.748057703226,0,2982.748057703226,0
2008-10-06,2982.748057703226,0,2982.748057703226,0
2008-10-07,2982.748057703226,0,2982.748057703226,0
2008-10-08,2982.748057703226,0,2982.748057703226,0
2008-10-09,2982.748057703226,0,2982.748057703226,0
2008-10-10,2982.748057703226,0,2982.748057703226,0
2008-10-13,2982.748057703226,0,2982.748057703226,0
2008-10-14,2982.748057703226,0,2982.748057703226,0
2008-10-15,2982.748057703226,0,2982.748057703226,0
2008-10-16,2982.748057703226,0,2982.748057703226,0
2008-10-17,2982.748057703226,0,2982.748057703226,0
2008-10-20,2982.748057703226,0,2982.748057703226,0
2008-10-21,2982.748057703226,0,2982.748057703226,0
2008-10-22,2982.748057703226,0,2982.748057703226,0
2008-10-23,2982.748057703226,0,2982.748057703226,0
2008-10-24,2982.748057703226,0,2982.748057703226,0
2008-10-27,2982.748057703226,0,2982.748057703226,0
2008-10-28,2982.748057703226,0,2982.748057703226,0
2008-10-29,2982.748057703226,0,2982.748057703226,0
2008-10-30,2982.748057703226,0,2982.748057703226,0
2008-10-31,2982.748057703226,0,2982.748057703226,0
2008-11-03,2982.748057703226,0,2982.748057703226,0
2008-11-04,2982.748057703226,0,2982.748057703226,0
2008-11-05,2982.748057703226,0,2982.748057703226,0
2008-11-06,2982.748057703226,0,2982.748057703226,0
2008-11-07,2982.748057703226,0,2982.748057703226,0
2008-11-10,2982.748057703226,0,2982.748057703226,0
2008-11-11,2982.748057703226,0,2982.748057703226,0
2008-11-12,2982.748057703226,0,2982.748057703226,0
2008-11-13,2982.748057703226,0,2982.748057703226,0
2008-11-14,2982.748057703226,0,2982.748057703226,0
2008-11-17,2982.748057703226,0,2982.748057703226,0
2008-11-18,2982.748057703226,0,2982.748057703226,0
2008-11-19,2982.748057703226,0,2982.748057703226,0
2008-11-20,2982.748057703226,0,2982.748057703226,0
2008-11-21,2982.748057703226,0,2982.748057703226,0
2008-11-24,2982.748057703226,0,2982.748057703226,0
2008-11-25,2982.748057703226,0,2982.748057703226,0
2008-11-26,2982.748057703226,0,2982.748057703226,0
2008-11-28,2982.748057703226,0,2982.748057703226,0
2008-12-01,2982.748057703226,0,2982.748057703226,0
2008-12-02,2982.748057703226,0,2982.748057703226,0
2008-12-03,2982.748057703226,0,2982.748057703226,0
2008-12-04,2982.748057703226,0,2982.748057703226,0
2008-12-05,2982.748057703226,0,2982.748057703226,0
2008-12-08,2982.748057703226,0,2982.748057703226,0
2008-12-09,2982.748057703226,0,2982.748057703226,0
2008-12-10,2982.748057703226,0,2982.748057703226,0
2008-12-11,2982.748057703226,0,2982.748057703226,0
2008-12-12,2982.748057703226,0,2982.748057703226,0
2008-12-15,2982.748057703226,0,2982.748057703226,0
2008-12-16,2982.748057703226,0,2982.748057703226,0
2008-12-17,2982.748057703226,0,2982.748057703226,0
2008-12-18,2982.748057703226,0,2982.748057703226,0
2008-12-19,2982.748057703226,0,2982.748057703226,0
2008-12-22,2982.748057703226,0,2982.748057703226,0
2008-12-23,2982.748057703226,0,2982.748057703226,0
2008-12-24,2982.748057703226,0,2982.748057703226,0
2008-12-26,2982.748057703226,0,2982.748057703226,0
2008-12-29,2982.748057703226,0,2982.748057703226,0
2008-12-30,2982.748057703226,0,2982.748057703226,0
2008-12-31,2982.748057703226,0,2982.748057703226,0
2009-01-02,2982.748057703226,0,2982.748057703226,0
2009-01-05,2982.748057703226,0,2982.748057703226,0
2009-01-06,2982.748057703226,0,2982.748057703226,0
2009-01-07,2982.748057703226,0,2982.748057703226,0
2009-01-08,2982.748057703226,0,2982.748057703226,0
2009-01-09,2982.748057703226,0,2982.748057703226,0
2009-01-12,2982.748057703226,0,2982.748057703226,0
2009-01-13,2982.748057703226,0,2982.748057703226,0
2009-01-14,2982.748057703226,0,2982.748057703226,0
2009-01-15,2982.748057703226,0,2982.748057703226,0
2009-01-16,2982.748057703226,0,2982.748057703226,0
2009-01-20,2982.748057703226,0,2982.748057703226,0
2009-01-21,2982.748057703226,0,2982.748057703226,0
2009-01-22,2982.748057703226,0,2982.748057703226,0
2009-01-23,2982.748057703226,0,2982.748057703226,0
2009-01-26,2982.748057703226,0,2982.748057703226,0
2009-01-27,2982.748057703226,0,2982.748057703226,0
2009-01-28,2982.748057703226,0,2982.748057703226,0
2009-01-29,2982.748057703226,0,2982.748057703226,0
2009-01-30,2982.748057703226,0,2982.748057703226,0
2009-02-02,2982.748057703226,0,2982.748057703226,0
2009-02-03,2982.748057703226,0,2982.748057703226,0
2009-02-04,2982.748057703226,0,2982.748057703226,0
2009-02-05,2982.748057703226,0,2982.748057703226,0
2009-02-06,2982.748057703226,0,2982.748057703226,0
2009-02-09,2982.748057703226,0,2982.748057703226,0
2009-02-10,2982.748057703226,0,2982.748057703226,0
2009-02-11,2982.748057703226,0,2982.748057703226,0
2009-02-12,2982.748057703226,0,2982.748057703226,0
2009-02-13,2982.748057703226,0,2982.748057703226,0
2009-02-17,2982.748057703226,0,2982.748057703226,0
2009-02-18,2982.748057703226,0,2982.748057703226,0
2009-02-19,2982.748057703226,0,2982.748057703226,0
2009-02-20,2982.748057703226,0,2982.748057703226,0
2009-02-23,2982.748057703226,0,2982.748057703226,0
2009-02-24,2982.748057703226,0,2982.748057703226,0
2009-02-25,2982.748057703226,0,2982.748057703226,0
2009-02-26,2982.748057703226,0,2982.748057703226,0
2009-02-27,2982.748057703226,0,2982.748057703226,0
2009-03-02,2982.748057703226,0,2982.748057703226,0
2009-03-03,2982.748057703226,0,2982.748057703226,0
2009-03-04,2982.748057703226,0,2982.748057703226,0
2009-03-05,2982.748057703226,0,2982.748057703226,0
2009-03-06,2982.748057703226,0,2982.748057703226,0
2009-03-09,2982.748057703226,0,2982.748057703226,0
2009-03-10,2982.748057703226,0,2982.748057703226,0
2009-03-11,2982.748057703226,0,2982.748057703226,0
2009-03-12,2982.748057703226,0,2982.748057703226,0
2009-03-13,2982.748057703226,0,2982.748057703226,0
2009-03-16,2982.748057703226,0,2982.748057703226,0
2009-03-17,2982.748057703226,0,2982.748057703226,0
2009-03-18,2982.748057703226,0,2982.748057703226,0
2009-03-19,2982.748057703226,0,2982.748057703226,0
2009-03-20,2982.748057703226,0,2982.748057703226,0
2009-03-23,2982.748057703226,0,2982.748057703226,0
2009-03-24,2982.748057703226,0,2982.748057703226,0
2009-03-25,2982.748057703226,0,2982.748057703226,0
2009-03-26,2982.748057703226,0,2982.748057703226,0
2009-03-27,2982.748057703226,0,2982.748057703226,0
2009-03-30,2982.748057703226,0,2982.748057703226,0
2009-03-31,2982.748057703226,0,2982.748057703226,0
2009-04-01,2982.748057703226,0,2982.748057703226,0
2009-04-02,2982.748057703226,0,2982.748057703226,0
2009-04-03,2982.748057703226,0,2982.748057703226,0
2009-04-06,2982.748057703226,0,2982.748057703226,0
2009-04-07,2982.748057703226,0,2982.748057703226,0
2009-04-08,2982.748057703226,0,2982.748057703226,0
2009-04-09,2982.748057703226,0,2982.748057703226,0
2009-04-13,2982.748057703226,0,2982.748057703226,0
2009-04-14,2982.748057703226,0,2982.748057703226,0
2009-04-15,2982.748057703226,0,2982.748057703226,0
2009-04-16,2982.748057703226,0,2982.748057703226,0
2009-04-17,2982.748057703226,0,2982.748057703226,0
2009-04-20,2982.748057703226,0,2982.748057703226,0
2009-04-21,2982.748057703226,0,2982.748057703226,0
2009-04-22,2982.748057703226,0,2982.748057703226,0
2009-04-23,2982.748057703226,0,2982.748057703226,0
2009-04-24,2982.748057703226,0,2982.748057703226,0
2009-04-27,2982.748057703226,0,2982.748057703226,0
2009-04-28,2982.748057703226,0,2982.748057703226,0
2009-04-29,2982.748057703226,0,2982.748057703226,0
2009-04-30,2982.748057703226,0,2982.748057703226,0
2009-05-01,2982.748057703226,0,2982.748057703226,0
2009-05-04,2982.748057703226,0,2982.748057703226,0
2009-05-05,2982.748057703226,0,2982.748057703226,0
2009-05-06,2982.748057703226,0,2982.748057703226,0
2009-05-07,2982.748057703226,0,2982.748057703226,0
2009-05-08,2982.748057703226,0,2982.748057703226,0
2009-05-11,2982.748057703226,0,2982.748057703226,0
2009-05-12,2982.748057703226,0,2982.748057703226,0
2009-05-13,2982.748057703226,0,2982.748057703226,0
2009-05-14,2982.748057703226,0,2982.748057703226,0
2009-05-15,2982.748057703226,0,2982.748057703226,0
2009-05-18,2982.748057703226,0,2982.748057703226,0
2009-05-19,2553.665738328609,428.2084567990435,2981.874195127653,1
2009-05-20,2117.164456452217,857.8601422503148,2975.024598702532,2
2009-05-21,2117.164456452217,796.048652372804,2913.213108825021,2
2009-05-22,2117.164456452217,785.04337646359,2902.207832915807,2
2009-05-26,2117.164456452217,884.1471461168113,3001.3116025690283,2
2009-05-27,2117.164456452217,825.9746868774836,2943.139143329701,2
2009-05-28,2117.164456452217,875.3738830241602,2992.5383394763776,2
2009-05-29,2159.6213171561967,882.441917064892,3042.063234221089,2
2009-06-01,2638.937200433914,450.55866240421705,3089.495862838131,1
2009-06-02,2208.542433432253,884.852314792488,3093.394748224741,2
2009-06-03,2208.542433432253,845.5011791828351,3054.043612615088,2
2009-06-04,2208.542433432253,881.9496830962484,3090.4921165285014,2
2009-06-05,2208.542433432253,884.4000602293152,3092.942493661568,2
2009-06-08,2208.542433432253,891.8402224294512,3100.382655861704,2
2009-06-09,2242.692804057317,877.1016432778645,3119.7944473351818,2
2009-06-10,2242.692804057317,870.5696277794187,3113.2624318367357,2
2009-06-11,2242.692804057317,891.7808185478515,3134.4736226051687,2
2009-06-12,2242.692804057317,898.2920571831733,3140.9848612404903,2
2009-06-15,2242.692804057317,825.2319075728842,3067.9247116302013,2
2009-06-16,2242.692804057317,773.0037980687538,3015.696602126071,2
2009-06-17,2242.692804057317,781.2795083438166,3023.9723124011334,2
2009-06-18,2242.692804057317,827.4666898443584,3070.1594939016754,2
2009-06-19,2242.692804057317,859.933912707851,3102.626716765168,2
2009-06-22,2242.692804057317,729.2849407946642,2971.9777448519812,2
2009-06-23,2242.692804057317,749.7168767727944,2992.4096808301115,2
2009-06-24,2242.692804057317,797.2919202210296,3039.9847242783467,2
2009-06-25,2242.692804057317,905.3909858007244,3148.083789858041,2
2009-06-26,2281.5851092654616,869.0684360629616,3150.653545328423,2
2009-06-29,2306.259376450491,884.9125860598542,3191.171962510345,2
2009-06-30,2306.259376450491,856.2653253133587,3162.5247017638494,2
2009-07-01,2306.259376450491,872.8033326846014,3179.0627091350925,2
2009-07-02,2306.259376450491,766.1656084864862,3072.424984936977,2
2009-07-06,2306.259376450491,781.7025652728444,3087.9619417233353,2
2009-07-07,2306.259376450491,692.8433425769581,2999.102719027449,2
2009-07-08,2306.259376450491,686.2811496251088,2992.5405260755997,2
2009-07-09,2306.259376450491,715.1458179284389,3021.40519437893,2
2009-07-10,2306.259376450491,706.0749105969803,3012.334287047471,2
2009-07-13,2306.259376450491,848.5223814625027,3154.7817579129937,2
2009-07-14,2306.259376450491,884.4393687715806,3190.6987452220715,2
2009-07-15,2825.7314352934422,429.86697825086094,3255.598413544303,1
2009-07-16,2396.6853281070685,872.6315389231773,3269.3168670302457,2
2009-07-17,2396.6853281070685,885.0840189846775,3281.769347091746,2
2009-07-20,2428.888905213791,885.755068035226,3314.643973249017,2
2009-07-21,2428.888905213791,902.7372127245854,3331.6261179383764,2
2009-07-22,2448.7380021530503,885.5810524539991,3334.319054607049,2
2009-07-23,2474.7118781692357,909.912197833944,3384.6240760031797,2
2009-07-24,2511.877152201329,881.8510621486255,3393.728214349954,2
2009-07-27,2511.877152201329,887.6085296859708,3399.4856818872995,2
2009-07-28,2511.877152201329,877.1438820738254,3389.0210342751543,2
2009-07-29,2511.877152201329,862.1181194374442,3373.9952716387734,2
2009-07-30,2511.877152201329,899.391120470757,3411.268272672086,2
2009-07-31,2511.877152201329,900.3157264262873,3412.192878627616,2
2009-08-03,3016.30365997323,436.10879923130744,3452.4124592045373,1
2009-08-04,2584.3793610398843,874.9904912314885,3459.369852271373,2
2009-08-05,2584.3793610398843,870.2900481908048,3454.669409230689,2
2009-08-06,2584.3793610398843,850.1496503417573,3434.529011381642,2
2009-08-07,2584.3793610398843,897.7120188827735,3482.091379922658,2
2009-08-10,2584.3793610398843,897.7461170160947,3482.125478055979,2
2009-08-11,2584.3793610398843,857.1249248152026,3441.504285855087,2
2009-08-12,2584.3793610398843,897.8745478382759,3482.2539088781605,2
2009-08-13,2584.3793610398843,923.7582381420643,3508.1375991819486,2
2009-08-14,2584.3793610398843,911.8178862163195,3496.197247256204,2
2009-08-17,2584.3793610398843,816.3592151802594,3400.738576220144,2
2009-08-18,2584.3793610398843,872.1707135361708,3456.550074576055,2
2009-08-19,2584.3793610398843,897.273385110007,3481.6527461498913,2
2009-08-20,2623.9337436957403,895.24782086069,3519.18156455643,2
2009-08-21,2676.114648545905,884.0841408438171,3560.198789389722,2
2009-08-24,2676.114648545905,891.0972964148242,3567.211944960729,2
2009-08-25,2676.114648545905,902.008539297526,3578.123187843431,2
2009-08-26,2676.114648545905,905.3596631965852,3581.47431174249,2
2009-08-27,2707.6588919247356,882.824638805107,3590.4835307298426,2
2009-08-28,2707.6588919247356,880.1966329485203,3587.855524873256,2
2009-08-31,2707.6588919247356,856.1589530719732,3563.817844996709,2
2009-09-01,2707.6588919247356,753.3485810919447,3461.0074730166803,2
2009-09-02,2707.6588919247356,745.9941687468004,3453.653060671536,2
2009-09-03,2707.6588919247356,799.2437154549568,3506.902607379692,2
2009-09-04,2707.6588919247356,867.4097357495154,3575.068627674251,2
2009-09-08,2707.6588919247356,909.4190237800271,3617.0779157047627,2
2009-09-09,2755.86718523902,891.1107958904811,3646.977981129501,2
2009-09-10,2802.0236895513676,876.8528068686323,3678.87649642,2
2009-09-11,2802.0236895513676,870.2295966660976,3672.2532862174653,2
2009-09-14,2802.0236895513676,899.7502108019453,3701.773900353313,2
2009-09-15,2835.956949118645,878.4958428663338,3714.452791984979,2
2009-09-16,2867.279708397784,882.8710391591471,3750.150747556931,2
2009-09-17,2867.279708397784,878.1657023825153,3745.4454107802994,2
2009-09-18,2867.279708397784,885.813523656094,3753.0932320538777,2
2009-09-21,2867.279708397784,885.5360239762612,3752.815732374045,2
2009-09-22,2902.3919323976716,876.8235389457308,3779.2154713434024,2
2009-09-23,2902.3919323976716,844.3581265254102,3746.7500589230817,2
2009-09-24,2902.3919323976716,798.7694622194074,3701.161394617079,2
2009-09-25,2902.3919323976716,772.014573381876,3674.4065057795474,2
2009-09-28,2902.3919323976716,856.3767345783971,3758.7686669760687,2
2009-09-29,2902.3919323976716,850.2583923825168,3752.6503247801884,2
2009-09-30,2902.3919323976716,839.1496001456348,3741.5415325433064,2
2009-10-01,2902.3919323976716,711.4458469058005,3613.837779303472,2
2009-10-02,2902.3919323976716,690.8800629105212,3593.271995308193,2
2009-10-05,2902.3919323976716,789.684422166333,3692.0763545640048,2
2009-10-06,2902.3919323976716,861.9277979767464,3764.319730374418,2
2009-10-07,2902.3919323976716,886.6545058450436,3789.0464382427153,2
2009-10-08,2948.4418486176446,871.0387014813009,3819.4805500989455,2
2009-10-09,2948.4418486176446,902.2140450567808,3850.6558936744254,2
2009-10-12,2986.3682896865735,885.9302573787538,3872.2985470653275,2
2009-10-13,2986.3682896865735,881.6597897141288,3868.028079400702,2
2009-10-14,3030.354908268421,881.5873754690182,3911.942283737439,2
2009-10-15,3056.887064083841,878.1145259811947,3935.0015900650355,2
2009-10-16,3056.887064083841,858.805778843602,3915.692842927443,2
2009-10-19,3056.887064083841,896.9627775262129,3953.8498416100538,2
2009-10-20,3056.887064083841,888.1973697541822,3945.084433838023,2
2009-10-21,3056.887064083841,846.9413636987263,3903.828427782567,2
2009-10-22,3056.887064083841,902.6906266143491,3959.57769069819,2
2009-10-23,3056.887064083841,847.994112644146,3904.8811767279867,2
2009-10-26,3056.887064083841,790.3910649844706,3847.2781290683115,2
2009-10-27,3056.887064083841,774.5041334224121,3831.391197506253,2
2009-10-28,3056.887064083841,654.3439601976896,3711.2310242815306,2
2009-10-29,3056.887064083841,796.8207935552336,3853.7078576390745,2
2009-10-30,3361.553932742323,307.3011532260185,3668.8550859683414,1
2009-11-02,3361.553932742323,332.72489664989246,3694.2788293922154,1
2009-11-03,3361.553932742323,345.12342982378783,3706.677362566111,1
2009-11-04,3361.553932742323,354.76181537386145,3716.3157481161843,1
2009-11-05,2937.6175450706437,843.2464724001823,3780.864017470826,2
2009-11-06,2937.6175450706437,870.5308134109143,3808.148358481558,2
2009-11-09,3462.7263564971663,425.64082221983944,3888.3671787170056,1
2009-11-10,3033.9118974399903,855.9912896437497,3889.90318708374,2
2009-11-11,3033.9118974399903,872.3499336329169,3906.261831072907,2
2009-11-12,3033.9118974399903,830.3426721607243,3864.2545696007146,2
2009-11-13,3033.9118974399903,861.7633953784995,3895.6752928184897,2
2009-11-16,3033.9118974399903,916.4573895388804,3950.3692869788706,2
2009-11-17,3057.120842334265,900.7939653957633,3957.9148077300283,2
2009-11-18,3094.3132288675683,870.5925736622014,3964.90580252977,2
2009-11-19,3094.3132288675683,816.1837905607103,3910.4970194282787,2
2009-11-20,3094.3132288675683,811.7087355419937,3906.0219644095623,2
2009-11-23,3094.3132288675683,882.1088102578478,3976.422039125416,2
2009-11-24,3094.3132288675683,891.5093907115229,3985.822619579091,2
2009-11-25,3094.3132288675683,908.344608577775,4002.6578374453434,2
2009-11-27,3094.3132288675683,811.5561002478913,3905.8693291154595,2
2009-11-30,3094.3132288675683,842.3970975069175,3936.7103263744857,2
2009-12-01,3094.3132288675683,913.1919912123299,4007.505220079898,2
2009-12-02,3132.9624448789564,884.561594358234,4017.52403923719,2
2009-12-03,3132.9624448789564,844.5445527999944,3977.506997678951,2
2009-12-04,3132.9624448789564,881.4663735902877,4014.428818469244,2
2009-12-07,3132.9624448789564,877.5201396714376,4010.4825845503938,2
2009-12-08,3132.9624448789564,826.0951343163774,3959.057579195334,2
2009-12-09,3132.9624448789564,857.2016485023526,3990.1640933813087,2
2009-12-10,3132.9624448789564,887.8417760853808,4020.804220964337,2
2009-12-11,3166.150025987758,875.7196279877483,4041.8696539755065,2
2009-12-14,3166.150025987758,911.7774911839124,4077.9275171716704,2
2009-12-15,3166.150025987758,896.0932078643323,4062.2432338520903,2
2009-12-16,3166.150025987758,913.1308437018992,4079.2808696896573,2
2009-12-17,3166.150025987758,856.9910969640928,4023.141122951851,2
2009-12-18,3166.150025987758,891.0542158658378,4057.2042418535957,2
2009-12-21,3199.1043772650314,908.5623739088817,4107.666751173913,2
2009-12-22,3239.043977833935,887.4686180996906,4126.512595933626,2
2009-12-23,3239.043977833935,895.3714650055094,4134.415442839445,2
2009-12-24,3239.043977833935,915.4391198539996,4154.483097687935,2
2009-12-28,3239.043977833935,925.6202676509872,4164.6642454849225,2
2009-12-29,3239.043977833935,924.576510494366,4163.620488328301,2
2009-12-30,3277.8077357804855,887.3744153634918,4165.1821511439775,2
2009-12-31,3277.8077357804855,836.0639904086607,4113.871726189146,2
2010-01-04,3309.2546249506227,885.6594937593907,4194.914118710013,2
2010-01-05,3309.2546249506227,906.0171157663409,4215.271740716964,2
2010-01-06,3309.2546249506227,912.7665443687547,4222.021169319378,2
2010-01-07,3331.9762830447253,901.8547701924169,4233.831053237142,2
2010-01-08,3331.9762830447253,922.985050100296,4254.961333145021,2
2010-01-11,3364.787588057225,905.6755198597969,4270.463107917022,2
2010-01-12,3364.787588057225,867.8539626274544,4232.64155068468,2
2010-01-13,3364.787588057225,904.3625830527332,4269.150171109958,2
2010-01-14,3364.787588057225,917.1024986089908,4281.890086666216,2
2010-01-15,3364.787588057225,881.1794845244444,4245.9670725816695,2
2010-01-19,3391.881931345457,906.8183610665094,4298.700292411966,2
2010-01-20,3391.881931345457,858.1714954601186,4250.053426805575,2
2010-01-21,3391.881931345457,731.3510232381584,4123.2329545836155,2
2010-01-22,3973.753774104462,0,3973.753774104462,0
2010-01-25,3973.753774104462,0,3973.753774104462,0
2010-01-26,3973.753774104462,0,3973.753774104462,0
2010-01-27,3973.753774104462,0,3973.753774104462,0
2010-01-28,3973.753774104462,0,3973.753774104462,0
2010-01-29,3973.753774104462,0,3973.753774104462,0
2010-02-01,3973.753774104462,0,3973.753774104462,0
2010-02-02,3973.753774104462,0,3973.753774104462,0
2010-02-03,3973.753774104462,0,3973.753774104462,0
2010-02-04,3973.753774104462,0,3973.753774104462,0
2010-02-05,3973.753774104462,0,3973.753774104462,0
2010-02-08,3973.753774104462,0,3973.753774104462,0
2010-02-09,3973.753774104462,0,3973.753774104462,0
2010-02-10,3973.753774104462,0,3973.753774104462,0
2010-02-11,3973.753774104462,0,3973.753774104462,0
2010-02-12,3973.753774104462,0,3973.753774104462,0
2010-02-16,3973.753774104462,0,3973.753774104462,0
2010-02-17,3973.753774104462,0,3973.753774104462,0
2010-02-18,3973.753774104462,0,3973.753774104462,0
2010-02-19,3536.5248210946484,435.465527892318,3971.990348986966,1
2010-02-22,3536.5248210946484,438.8561247532507,3975.380945847899,1
2010-02-23,3536.5248210946484,409.38243578485344,3945.907256879502,1
2010-02-24,3536.5248210946484,436.0049082472205,3972.529729341869,1
2010-02-25,3536.5248210946484,435.05974432326366,3971.584565417912,1
2010-02-26,3536.5248210946484,442.8653093388836,3979.390130433532,1
2010-03-01,3101.6244118628665,898.6321671587978,4000.256579021664,2
2010-03-02,3130.86087891438,879.4527801522484,4010.313659066628,2
2010-03-03,3130.86087891438,886.6600704747711,4017.520949389151,2
2010-03-04,3130.86087891438,902.6481828759888,4033.509061790369,2
2010-03-05,3631.5043660642086,447.9292671097742,4079.433633173983,1
2010-03-08,3184.8149653126216,894.9381876074067,4079.7531529200282,2
2010-03-09,3184.8149653126216,901.7561413219834,4086.571106634605,2
2010-03-10,3184.8149653126216,910.6224853909116,4095.437450703533,2
2010-03-11,3184.8149653126216,930.0064088886683,4114.8213742012895,2
2010-03-12,3184.8149653126216,937.3156174387359,4122.130582751357,2
2010-03-15,3184.8149653126216,942.8138550852545,4127.628820397877,2
2010-03-16,3698.6422668102705,445.437755990499,4144.080022800769,1
2010-03-17,3252.3452288883286,905.3546764651855,4157.699905353515,2
2010-03-18,3252.3452288883286,910.7065585625483,4163.051787450877,2
2010-03-19,3252.3452288883286,892.235426406806,4144.580655295134,2
2010-03-22,3252.3452288883286,919.0297093918427,4171.374938280172,2
2010-03-23,3284.2559943190518,912.0473007335902,4196.303295052642,2
2010-03-24,3284.2559943190518,880.8858603907095,4165.141854709761,2
2010-03-25,3284.2559943190518,866.8565966560768,4151.112590975128,2
2010-03-26,3284.2559943190518,881.0243584910615,4165.280352810113,2
2010-03-29,3284.2559943190518,913.3082167602158,4197.564211079268,2
2010-03-30,3317.3678709988053,886.7962044161283,4204.164075414934,2
2010-03-31,3317.3678709988053,871.3833295414072,4188.751200540212,2
2010-04-01,3317.3678709988053,903.2682532047485,4220.636124203554,2
2010-04-05,3348.1897088681217,910.7003834290109,4258.8900922971325,2
2010-04-06,3383.6588307769707,889.6815240852575,4273.340354862228,2
2010-04-07,3383.6588307769707,864.1176251300583,4247.776455907029,2
2010-04-08,3383.6588307769707,882.5430939384412,4266.201924715412,2
2010-04-09,3383.6588307769707,913.4485932710832,4297.107424048054,2
2010-04-12,3420.41708236088,894.9094512045492,4315.32653356543,2
2010-04-13,3420.41708236088,891.9993237007208,4312.416406061601,2
2010-04-14,3454.9995462657353,900.0363302462249,4355.03587651196,2
2010-04-15,3454.9995462657353,901.6564313628062,4356.655977628541,2
2010-04-16,3454.9995462657353,801.6211509956149,4256.62069726135,2
2010-04-19,3454.9995462657353,846.674398535398,4301.673944801133,2
2010-04-20,3454.9995462657353,905.5305806911138,4360.530126956849,2
2010-04-21,3454.9995462657353,897.2858708001868,4352.285417065922,2
2010-04-22,3454.9995462657353,907.2690909117675,4362.268637177503,2
2010-04-23,3482.343758170106,901.9565886706404,4384.300346840746,2
2010-04-26,3482.343758170106,885.3121351231819,4367.655893293288,2
2010-04-27,3482.343758170106,712.4708453542692,4194.814603524375,2
2010-04-28,3482.343758170106,768.0440345053348,4250.387792675441,2
2010-04-29,3482.343758170106,866.9569629261704,4349.300721096276,2
2010-04-30,3482.343758170106,744.4459797275322,4226.789737897638,2
2010-05-03,3482.343758170106,847.9475761588044,4330.29133432891,2
2010-05-04,3381.795561003348,776.5781605730657,4158.373721576414,2
2010-05-05,3703.0367557621066,414.74396439154884,4117.780720153655,1
2010-05-06,3703.0367557621066,325.60809963201046,4028.6448553941173,1
2010-05-07,3985.5615466274403,0,3985.5615466274403,0
2010-05-10,3985.5615466274403,0,3985.5615466274403,0
2010-05-11,3985.5615466274403,0,3985.5615466274403,0
2010-05-12,3985.5615466274403,0,3985.5615466274403,0
2010-05-13,3985.5615466274403,0,3985.5615466274403,0
2010-05-14,3985.5615466274403,0,3985.5615466274403,0
2010-05-17,3985.5615466274403,0,3985.5615466274403,0
2010-05-18,3985.5615466274403,0,3985.5615466274403,0
2010-05-19,3985.5615466274403,0,3985.5615466274403,0
2010-05-20,3985.5615466274403,0,3985.5615466274403,0
2010-05-21,3985.5615466274403,0,3985.5615466274403,0
2010-05-24,3985.5615466274403,0,3985.5615466274403,0
2010-05-25,3985.5615466274403,0,3985.5615466274403,0
2010-05-26,3985.5615466274403,0,3985.5615466274403,0
2010-05-27,3985.5615466274403,0,3985.5615466274403,0
2010-05-28,3985.5615466274403,0,3985.5615466274403,0
2010-06-01,3985.5615466274403,0,3985.5615466274403,0
2010-06-02,3985.5615466274403,0,3985.5615466274403,0
2010-06-03,3985.5615466274403,0,3985.5615466274403,0
2010-06-04,3985.5615466274403,0,3985.5615466274403,0
2010-06-07,3985.5615466274403,0,3985.5615466274403,0
2010-06-08,3985.5615466274403,0,3985.5615466274403,0
2010-06-09,3985.5615466274403,0,3985.5615466274403,0
2010-06-10,3985.5615466274403,0,3985.5615466274403,0
2010-06-11,3985.5615466274403,0,3985.5615466274403,0
2010-06-14,3985.5615466274403,0,3985.5615466274403,0
2010-06-15,3985.5615466274403,0,3985.5615466274403,0
2010-06-16,3985.5615466274403,0,3985.5615466274403,0
2010-06-17,3985.5615466274403,0,3985.5615466274403,0
2010-06-18,3985.5615466274403,0,3985.5615466274403,0
2010-06-21,3985.5615466274403,0,3985.5615466274403,0
2010-06-22,3985.5615466274403,0,3985.5615466274403,0
2010-06-23,3985.5615466274403,0,3985.5615466274403,0
2010-06-24,3985.5615466274403,0,3985.5615466274403,0
2010-06-25,3985.5615466274403,0,3985.5615466274403,0
2010-06-28,3985.5615466274403,0,3985.5615466274403,0
2010-06-29,3985.5615466274403,0,3985.5615466274403,0
2010-06-30,3985.5615466274403,0,3985.5615466274403,0
2010-07-01,3985.5615466274403,0,3985.5615466274403,0
2010-07-02,3985.5615466274403,0,3985.5615466274403,0
2010-07-06,3985.5615466274403,0,3985.5615466274403,0
2010-07-07,3985.5615466274403,0,3985.5615466274403,0
2010-07-08,3985.5615466274403,0,3985.5615466274403,0
2010-07-09,3985.5615466274403,0,3985.5615466274403,0
2010-07-12,3985.5615466274403,0,3985.5615466274403,0
2010-07-13,3985.5615466274403,0,3985.5615466274403,0
2010-07-14,3549.7954542090056,433.99610921607206,3983.7915634250776,1
2010-07-15,3113.8047282897783,870.3710081217755,3984.1757364115538,2
2010-07-16,3113.8047282897783,768.0689914851553,3881.8737197749333,2
2010-07-19,3113.8047282897783,802.7542986676312,3916.5590269574095,2
2010-07-20,3113.8047282897783,865.2163738358518,3979.02110212563,2
2010-07-21,3113.8047282897783,807.6242795548146,3921.429007844593,2
2010-07-22,3113.8047282897783,893.0140501500028,4006.818778439781,2
2010-07-23,3113.8047282897783,926.8644826273214,4040.6692109171,2
2010-07-26,3643.1276451714953,428.5402448852543,4071.6678900567495,1
2010-07-27,3217.346400105197,850.3837636002586,4067.7301637054557,2
2010-07-28,3217.346400105197,819.12804513163,4036.474445236827,2
2010-07-29,3217.346400105197,808.6072260127908,4025.953626117988,2
2010-07-30,3217.346400105197,818.7711630230048,4036.1175631282017,2
2010-08-02,3217.346400105197,913.6184494846534,4130.964849589851,2
2010-08-03,3217.346400105197,898.4076764769297,4115.754076582127,2
2010-08-04,3217.346400105197,921.6974995999583,4139.043899705155,2
2010-08-05,3217.346400105197,923.2864900826248,4140.632890187822,2
2010-08-06,3217.346400105197,921.2207831558733,4138.567183261071,2
2010-08-09,3721.25021383809,434.54987786276104,4155.800091700851,1
2010-08-10,3281.54464242988,863.9490756011385,4145.493718031018,2
2010-08-11,3281.54464242988,729.9910615277088,4011.5357039575883,2
2010-08-12,3281.54464242988,706.5895646944043,3988.1342071242843,2
2010-08-13,3281.54464242988,687.261543488414,3968.8061859182935,2
2010-08-16,3281.54464242988,696.7510535929407,3978.2956960228203,2
2010-08-17,3281.54464242988,770.7931254441557,4052.3377678740353,2
2010-08-18,3281.54464242988,778.595152793676,4060.1397952235557,2
2010-08-19,3281.54464242988,686.2572710315224,3967.8019134614024,2
2010-08-20,3281.54464242988,677.1515225978682,3958.696165027748,2
2010-08-23,3281.54464242988,662.8585375633232,3944.403179993203,2
2010-08-24,3850.2733021177237,0,3850.2733021177237,0
2010-08-25,3850.2733021177237,0,3850.2733021177237,0
2010-08-26,3850.2733021177237,0,3850.2733021177237,0
2010-08-27,3850.2733021177237,0,3850.2733021177237,0
2010-08-30,3850.2733021177237,0,3850.2733021177237,0
2010-08-31,3850.2733021177237,0,3850.2733021177237,0
2010-09-01,3850.2733021177237,0,3850.2733021177237,0
2010-09-02,3412.3073849192233,436.1711553337156,3848.4785402529387,1
2010-09-03,2973.826994718158,900.1190976654403,3873.946092383598,2
2010-09-07,2973.826994718158,853.7371029259714,3827.564097644129,2
2010-09-08,2973.826994718158,882.3947476715355,3856.2217423896936,2
2010-09-09,2973.826994718158,903.3494226003467,3877.1764173185047,2
2010-09-10,3005.8116434487943,891.0741729464874,3896.885816395282,2
2010-09-13,3044.3998011084063,893.8876551862899,3938.2874562946963,2
2010-09-14,3044.3998011084063,891.2906468007646,3935.690447909171,2
2010-09-15,3044.3998011084063,898.4527444538932,3942.8525455622994,2
2010-09-16,3044.3998011084063,904.440238018345,3948.8400391267514,2
2010-09-17,3044.3998011084063,906.9468642215904,3951.3466653299965,2
2010-09-20,3563.1594290557287,429.00116849594497,3992.1605975516736,1
2010-09-21,3127.191178051998,856.4846342748173,3983.6758123268155,2
2010-09-22,3127.191178051998,841.7486682346346,3968.939846286633,2
2010-09-23,3127.191178051998,799.8685660269482,3927.059744078946,2
2010-09-24,3127.191178051998,896.3353844065599,4023.526562458558,2
2010-09-27,3127.191178051998,881.5726944959555,4008.7638725479537,2
2010-09-28,3127.191178051998,898.8510929650859,4026.042271017084,2
2010-09-29,3127.191178051998,888.8223497851379,4016.0135278371363,2
2010-09-30,3127.191178051998,879.0604714821171,4006.251649534115,2
2010-10-01,3127.191178051998,907.9822465985375,4035.1734246505357,2
2010-10-04,3127.191178051998,887.2306477372792,4014.421825789277,2
2010-10-05,3643.5855455909987,437.5213318962284,4081.106877487227,1
2010-10-06,3204.6573342513157,877.5604843601132,4082.217818611429,2
2010-10-07,3204.6573342513157,874.891743599437,4079.549077850753,2
2010-10-08,3204.6573342513157,904.9241809816247,4109.581515232941,2
2010-10-11,3204.6573342513157,932.5491178425559,4137.206452093871,2
2010-10-12,3707.458890273717,437.0965395575051,4144.555429831222,1
2010-10-13,3273.612373690504,881.8612834424696,4155.473657132973,2
2010-10-14,3273.612373690504,862.621848325204,4136.234222015708,2
2010-10-15,3273.612373690504,883.0251932143227,4156.637566904827,2
2010-10-18,3273.612373690504,914.0360118234535,4187.648385513958,2
2010-10-19,3273.612373690504,845.2374178099328,4118.849791500436,2
2010-10-20,3273.612373690504,896.4813372996914,4170.093710990195,2
2010-10-21,3273.612373690504,911.3111848353007,4184.923558525805,2
2010-10-22,3299.5405845612195,898.2693591821915,4197.809943743411,2
2010-10-25,3299.5405845612195,903.1218153346086,4202.6623998958285,2
2010-10-26,3299.5405845612195,902.8659145900674,4202.406499151287,2
2010-10-27,3299.5405845612195,893.0132976469256,4192.553882208145,2
2010-10-28,3299.5405845612195,898.9265016312897,4198.46708619251,2
2010-10-29,3299.5405845612195,898.466985683857,4198.007570245077,2
2010-11-01,3299.5405845612195,908.9593178519816,4208.499902413201,2
2010-11-02,3350.765004398196,883.3431781978594,4234.1081825960555,2
2010-11-03,3394.8330402570255,871.7736548215252,4266.606695078551,2
2010-11-04,3892.336773085468,436.90293398114045,4329.239707066608,1
2010-11-05,3461.2876255430383,876.4510510565331,4337.738676599572,2
2010-11-08,3461.2876255430383,877.6537234975681,4338.941349040606,2
2010-11-09,3461.2876255430383,838.7439199938246,4300.031545536863,2
2010-11-10,3461.2876255430383,867.9330381261466,4329.220663669184,2
2010-11-11,3461.2876255430383,851.8216217439219,4313.10924728696,2
2010-11-12,3461.2876255430383,775.1982634916519,4236.48588903469,2
2010-11-15,3461.2876255430383,784.6554103772645,4245.9430359203025,2
2010-11-16,3461.2876255430383,670.0074567751508,4131.295082318189,2
2010-11-17,3461.2876255430383,680.6780299968991,4141.965655539938,2
2010-11-18,3461.2876255430383,809.8012007140192,4271.088826257057,2
2010-11-19,3461.2876255430383,837.6568630435968,4298.944488586635,2
2010-11-22,3461.2876255430383,840.603454041037,4301.891079584076,2
2010-11-23,3461.2876255430383,726.7085503608291,4187.996175903867,2
2010-11-24,3461.2876255430383,841.1227966676086,4302.410422210647,2
2010-11-26,3461.2876255430383,780.2635702814412,4241.55119582448,2
2010-11-29,3461.2876255430383,802.5353431204976,4263.822968663536,2
2010-11-30,3461.2876255430383,747.5858637141494,4208.873489257187,2
2010-12-01,3499.4295898152736,873.5464524474737,4372.976042262748,2
2010-12-02,3547.5727710341994,891.9578488751393,4439.530619909338,2
2010-12-03,3586.923555574002,876.3632200674638,4463.286775641465,2
2010-12-06,3586.923555574002,880.7002378324287,4467.62379340643,2
2010-12-07,3586.923555574002,886.1660213407592,4473.089576914761,2
2010-12-08,3586.923555574002,905.1016974378927,4492.025253011894,2
2010-12-09,3622.401690381612,887.1453674676374,4509.5470578492495,2
2010-12-10,3622.401690381612,905.7950262708453,4528.196716652457,2
2010-12-13,3650.4879108846867,885.7498672051611,4536.237778089848,2
2010-12-14,3650.4879108846867,891.17576153333,4541.663672418017,2
2010-12-15,3650.4879108846867,871.2348004734017,4521.722711358088,2
2010-12-16,3650.4879108846867,903.6559434186709,4554.143854303357,2
2010-12-17,3674.1366479054986,898.6677105028372,4572.804358408336,2
2010-12-20,3674.1366479054986,911.968255320626,4586.104903226124,2
2010-12-21,3707.593863520113,895.2888340132804,4602.882697533393,2
2010-12-22,3740.574011087227,886.8971920086761,4627.471203095904,2
2010-12-23,3740.574011087227,868.5203771719695,4609.094388259196,2
2010-12-27,3740.574011087227,867.3712409477482,4607.945252034975,2
2010-12-28,3740.574011087227,875.9720945674119,4616.546105654639,2
2010-12-29,3740.574011087227,886.6594956645042,4627.2335067517315,2
2010-12-30,3740.574011087227,881.2184811222352,4621.792492209463,2
2010-12-31,3740.574011087227,881.3276160173446,4621.901627104571,2
2011-01-03,3772.471641102133,899.4554762360815,4671.927117338215,2
2011-01-04,3772.471641102133,901.2299859724574,4673.701627074591,2
2011-01-05,3807.254425965031,887.4601238370606,4694.714549802091,2
2011-01-06,3807.254425965031,877.5780423166743,4684.832468281706,2
2011-01-07,3807.254425965031,877.0878050365513,4684.342231001582,2
2011-01-10,3807.254425965031,876.1970109682426,4683.451436933274,2
2011-01-11,3807.254425965031,902.0830966117007,4709.337522576731,2
2011-01-12,3843.104829625695,902.0231286259277,4745.127958251623,2
2011-01-13,3843.104829625695,897.0275101445718,4740.132339770267,2
2011-01-14,3879.1729837588728,896.2965299468256,4775.469513705699,2
2011-01-18,3879.1729837588728,907.2315383905823,4786.404522149455,2
2011-01-19,3879.1729837588728,849.438985833631,4728.611969592504,2
2011-01-20,3879.1729837588728,837.7868763202212,4716.959860079094,2
2011-01-21,3879.1729837588728,846.4901970549247,4725.663180813797,2
2011-01-24,3879.1729837588728,893.5804141404082,4772.753397899281,2
2011-01-25,3879.1729837588728,899.4563870803197,4778.629370839192,2
2011-01-26,3913.204791328047,892.2772926892621,4805.482084017309,2
2011-01-27,3913.204791328047,910.233686187446,4823.438477515493,2
2011-01-28,3913.204791328047,783.2445515472564,4696.449342875303,2
2011-01-31,3913.204791328047,840.5828754364677,4753.787666764515,2
2011-02-01,3957.051184223873,883.4994400759155,4840.550624299788,2
2011-02-02,3957.051184223873,880.8709729460638,4837.922157169936,2
2011-02-03,3957.051184223873,900.6054592019254,4857.656643425798,2
2011-02-04,3980.4975717639777,896.942544768363,4877.440116532341,2
2011-02-07,3980.4975717639777,921.6404161646379,4902.137987928616,2
2011-02-08,4014.2156368501605,905.0309108409142,4919.246547691075,2
2011-02-09,4014.2156368501605,897.3052462783714,4911.520883128532,2
2011-02-10,4014.2156368501605,899.9629784643237,4914.178615314484,2
2011-02-11,4045.1615753724905,892.3396036683905,4937.501179040881,2
2011-02-14,4045.1615753724905,906.3541613157081,4951.515736688199,2
2011-02-15,4045.1615753724905,891.8809825889987,4937.042557961489,2
2011-02-16,4045.1615753724905,912.897188030206,4958.058763402696,2
2011-02-17,4045.1615753724905,927.2718266250893,4972.4334019975795,2
2011-02-18,4070.2867621517016,909.8554067605664,4980.142168912268,2
2011-02-22,4070.2867621517016,781.3601413936615,4851.646903545363,2
2011-02-23,4070.2867621517016,739.2176309870656,4809.504393138767,2
2011-02-24,4070.2867621517016,745.4727774278509,4815.759539579552,2
2011-02-25,4070.2867621517016,828.7682344913392,4899.054996643041,2
2011-02-28,4070.2867621517016,878.726562100667,4949.013324252369,2
2011-03-01,4070.2867621517016,770.886474910201,4841.173237061903,2
2011-03-02,4070.2867621517016,788.7735225408799,4859.060284692581,2
2011-03-03,4070.2867621517016,902.1379052265651,4972.424667378266,2
2011-03-04,4070.2867621517016,870.6097497442536,4940.896511895955,2
2011-03-07,4070.2867621517016,828.1988107419324,4898.4855728936345,2
2011-03-08,4070.2867621517016,890.7580633295261,4961.044825481227,2
2011-03-09,4070.2867621517016,888.0157005745807,4958.302462726282,2
2011-03-10,4070.2867621517016,763.7682663893969,4834.055028541098,2
2011-03-11,4070.2867621517016,841.3306991286823,4911.617461280384,2
2011-03-14,4070.2867621517016,824.8640753963571,4895.150837548059,2
2011-03-15,4383.4797111576445,401.81917983506764,4785.298890992712,1
2011-03-16,4644.805630534681,0,4644.805630534681,0
2011-03-17,4644.805630534681,0,4644.805630534681,0
2011-03-18,4644.805630534681,0,4644.805630534681,0
2011-03-21,4644.805630534681,0,4644.805630534681,0
2011-03-22,4644.805630534681,0,4644.805630534681,0
2011-03-23,4644.805630534681,0,4644.805630534681,0
2011-03-24,4212.868763346757,430.2838149680573,4643.1525783148145,1
2011-03-25,3774.8383370956117,875.1613955529583,4649.99973264857,2
2011-03-28,3774.8383370956117,854.5288912287135,4629.367228324325,2
2011-03-29,3774.8383370956117,899.2590954778517,4674.097432573463,2
2011-03-30,3774.8383370956117,927.5044604947279,4702.34279759034,2
2011-03-31,3774.8383370956117,925.2636678077665,4700.102004903378,2
2011-04-01,4278.951044169315,436.6366091004792,4715.587653269794,1
2011-04-04,3841.057265914435,877.760196682069,4718.817462596504,2
2011-04-05,3841.057265914435,883.5096651347093,4724.566931049144,2
2011-04-06,3841.057265914435,899.0807579469566,4740.138023861392,2
2011-04-07,3841.057265914435,894.1113902082263,4735.168656122662,2
2011-04-08,3841.057265914435,872.1865122061985,4713.243778120634,2
2011-04-11,3841.057265914435,888.7498018097028,4729.807067724138,2
2011-04-12,3841.057265914435,850.264930468752,4691.3221963831875,2
2011-04-13,3841.057265914435,857.6428238281923,4698.700089742627,2
2011-04-14,3841.057265914435,871.3140581793441,4712.37132409378,2
2011-04-15,3841.057265914435,906.544649370413,4747.601915284848,2
2011-04-18,3841.057265914435,842.0063042920895,4683.063570206525,2
2011-04-19,3841.057265914435,893.6634794835522,4734.720745397987,2
2011-04-20,4360.393122542764,434.2683752358479,4794.661497778612,1
2011-04-21,3910.7989620502235,897.5030630890785,4808.302025139302,2
2011-04-25,3910.7989620502235,887.1207842270203,4797.919746277244,2
2011-04-26,3910.7989620502235,924.3248401541143,4835.123802204338,2
2011-04-27,3943.1959299953833,912.0719952413078,4855.267925236691,2
2011-04-28,3987.151274295989,888.3497138703467,4875.500988166335,2
2011-04-29,3987.151274295989,898.2369283195509,4885.38820261554,2
2011-05-02,3987.151274295989,882.1885849015956,4869.339859197585,2
2011-05-03,3987.151274295989,860.7830497209113,4847.9343240169,2
2011-05-04,3987.151274295989,825.3978223806749,4812.549096676664,2
2011-05-05,3987.151274295989,762.7652663518717,4749.9165406478605,2
2011-05-06,3987.151274295989,786.0640338217224,4773.215308117711,2
2011-05-09,3987.151274295989,839.6394712731587,4826.7907455691475,2
2011-05-10,3987.151274295989,899.9903407705743,4887.141615066564,2
2011-05-11,3987.151274295989,833.9422266977069,4821.093500993696,2
2011-05-12,3987.151274295989,878.0452088189397,4865.196483114929,2
2011-05-13,3987.151274295989,822.5947301460342,4809.746004442023,2
2011-05-16,3987.151274295989,781.7942307276641,4768.945505023653,2
2011-05-17,3987.151274295989,793.4643237131331,4780.615598009123,2
2011-05-18,3987.151274295989,876.3993676326897,4863.5506419286785,2
2011-05-19,3987.151274295989,904.3580585769089,4891.509332872898,2
2011-05-20,3987.151274295989,839.4475566701083,4826.598830966097,2
2011-05-23,3987.151274295989,754.1679518254956,4741.3192261214845,2
2011-05-24,3987.151274295989,759.9372419905093,4747.088516286498,2
2011-05-25,3987.151274295989,811.5186291484251,4798.669903444414,2
2011-05-26,3987.151274295989,871.8159228277241,4858.967197123713,2
2011-05-27,4014.2512466314097,887.1181198169335,4901.3693664483435,2
2011-05-31,4070.112194510551,908.4589264261601,4978.571120936711,2
2011-06-01,4070.112194510551,769.9320678428716,4840.044262353423,2
2011-06-02,4070.112194510551,768.6669094272925,4838.7791039378435,2
2011-06-03,4070.112194510551,714.8723435485622,4784.984538059113,2
2011-06-06,4360.407833599724,351.9080480325417,4712.315881632266,1
2011-06-07,4360.407833599724,352.17631202283746,4712.584145622561,1
2011-06-08,4693.835003711311,0,4693.835003711311,0
2011-06-09,4693.835003711311,0,4693.835003711311,0
2011-06-10,4693.835003711311,0,4693.835003711311,0
2011-06-13,4693.835003711311,0,4693.835003711311,0
2011-06-14,4693.835003711311,0,4693.835003711311,0
2011-06-15,4693.835003711311,0,4693.835003711311,0
2011-06-16,4693.835003711311,0,4693.835003711311,0
2011-06-17,4693.835003711311,0,4693.835003711311,0
2011-06-20,4693.835003711311,0,4693.835003711311,0
2011-06-21,4693.835003711311,0,4693.835003711311,0
2011-06-22,4693.835003711311,0,4693.835003711311,0
2011-06-23,4693.835003711311,0,4693.835003711311,0
2011-06-24,4693.835003711311,0,4693.835003711311,0
2011-06-27,4693.835003711311,0,4693.835003711311,0
2011-06-28,4693.835003711311,0,4693.835003711311,0
2011-06-29,4693.835003711311,0,4693.835003711311,0
2011-06-30,4251.6398148533335,441.0354654936447,4692.675280346978,1
2011-07-01,3807.639322705095,911.4928534528156,4719.13217615791,2
2011-07-05,3837.8228101261284,883.3035368799893,4721.126347006118,2
2011-07-06,3837.8228101261284,886.2952458752701,4724.118056001398,2
2011-07-07,3837.8228101261284,929.1758606348741,4766.998670761002,2
2011-07-08,3837.8228101261284,910.2940272457536,4748.116837371882,2
2011-07-11,3837.8228101261284,807.0567095771727,4644.879519703301,2
2011-07-12,3837.8228101261284,768.3190942456924,4606.141904371821,2
2011-07-13,3837.8228101261284,788.8366306050671,4626.659440731195,2
2011-07-14,3837.8228101261284,744.689085814889,4582.511895941017,2
2011-07-15,3837.8228101261284,795.1590372777977,4632.981847403926,2
2011-07-18,3837.8228101261284,743.7360891740968,4581.558899300226,2
2011-07-19,3837.8228101261284,861.5848709917225,4699.407681117851,2
2011-07-20,3837.8228101261284,865.453544317759,4703.276354443888,2
2011-07-21,3873.606088154925,902.6210797327637,4776.227167887689,2
2011-07-22,3901.69894858587,878.705949558718,4780.404898144588,2
2011-07-25,3901.69894858587,842.0702538324387,4743.769202418309,2
2011-07-26,3901.69894858587,816.8592571240536,4718.558205709924,2
2011-07-27,3901.69894858587,689.6852854179574,4591.384234003827,2
2011-07-28,3901.69894858587,668.8687725226696,4570.567721108539,2
2011-07-29,4213.081731630953,313.6287443113719,4526.710475942325,1
2011-08-01,4520.852535281817,0,4520.852535281817,0
2011-08-02,4520.852535281817,0,4520.852535281817,0
2011-08-03,4520.852535281817,0,4520.852535281817,0
2011-08-04,4520.852535281817,0,4520.852535281817,0
2011-08-05,4520.852535281817,0,4520.852535281817,0
2011-08-08,4520.852535281817,0,4520.852535281817,0
2011-08-09,4520.852535281817,0,4520.852535281817,0
2011-08-10,4520.852535281817,0,4520.852535281817,0
2011-08-11,4520.852535281817,0,4520.852535281817,0
2011-08-12,4520.852535281817,0,4520.852535281817,0
2011-08-15,4520.852535281817,0,4520.852535281817,0
2011-08-16,4520.852535281817,0,4520.852535281817,0
2011-08-17,4520.852535281817,0,4520.852535281817,0
2011-08-18,4520.852535281817,0,4520.852535281817,0
2011-08-19,4520.852535281817,0,4520.852535281817,0
2011-08-22,4520.852535281817,0,4520.852535281817,0
2011-08-23,4520.852535281817,0,4520.852535281817,0
2011-08-24,4520.852535281817,0,4520.852535281817,0
2011-08-25,4520.852535281817,0,4520.852535281817,0
2011-08-26,4520.852535281817,0,4520.852535281817,0
2011-08-29,4520.852535281817,0,4520.852535281817,0
2011-08-30,4520.852535281817,0,4520.852535281817,0
2011-08-31,4520.852535281817,0,4520.852535281817,0
2011-09-01,4520.852535281817,0,4520.852535281817,0
2011-09-02,4520.852535281817,0,4520.852535281817,0
2011-09-06,4520.852535281817,0,4520.852535281817,0
2011-09-07,4520.852535281817,0,4520.852535281817,0
2011-09-08,4520.852535281817,0,4520.852535281817,0
2011-09-09,4520.852535281817,0,4520.852535281817,0
2011-09-12,4520.852535281817,0,4520.852535281817,0
2011-09-13,4520.852535281817,0,4520.852535281817,0
2011-09-14,4520.852535281817,0,4520.852535281817,0
2011-09-15,4520.852535281817,0,4520.852535281817,0
2011-09-16,4520.852535281817,0,4520.852535281817,0
2011-09-19,4520.852535281817,0,4520.852535281817,0
2011-09-20,4520.852535281817,0,4520.852535281817,0
2011-09-21,4520.852535281817,0,4520.852535281817,0
2011-09-22,4520.852535281817,0,4520.852535281817,0
2011-09-23,4520.852535281817,0,4520.852535281817,0
2011-09-26,4520.852535281817,0,4520.852535281817,0
2011-09-27,4520.852535281817,0,4520.852535281817,0
2011-09-28,4520.852535281817,0,4520.852535281817,0
2011-09-29,4520.852535281817,0,4520.852535281817,0
2011-09-30,4520.852535281817,0,4520.852535281817,0
2011-10-03,4520.852535281817,0,4520.852535281817,0
2011-10-04,4520.852535281817,0,4520.852535281817,0
2011-10-05,4520.852535281817,0,4520.852535281817,0
2011-10-06,4520.852535281817,0,4520.852535281817,0
2011-10-07,4520.852535281817,0,4520.852535281817,0
2011-10-10,4520.852535281817,0,4520.852535281817,0
2011-10-11,4520.852535281817,0,4520.852535281817,0
2011-10-12,4520.852535281817,0,4520.852535281817,0
2011-10-13,4520.852535281817,0,4520.852535281817,0
2011-10-14,4103.093992369655,416.85537300631916,4519.949365375975,1
2011-10-17,4103.093992369655,370.92281431908066,4474.016806688735,1
2011-10-18,4103.093992369655,410.5296373834427,4513.623629753098,1
2011-10-19,4103.093992369655,382.4819199468117,4485.575912316467,1
2011-10-20,4103.093992369655,390.06846908408585,4493.162461453741,1
2011-10-21,4103.093992369655,431.4360809413706,4534.530073311025,1
2011-10-24,4139.354398761749,420.8714401024098,4560.2258388641585,1
2011-10-25,4139.354398761749,380.88474689113986,4520.2391456528885,1
2011-10-26,3721.6348469401382,825.0097564042501,4546.644603344388,2
2011-10-27,4233.46667320764,424.2881639268127,4657.754837134453,1
2011-10-28,3802.6217644388967,860.711002297651,4663.3327667365475,2
2011-10-31,3802.6217644388967,737.2111031974459,4539.832867636343,2
2011-11-01,3802.6217644388967,604.6631498208321,4407.284914259729,2
2011-11-02,3802.6217644388967,677.9364178045569,4480.558182243453,2
2011-11-03,3802.6217644388967,765.962279495598,4568.584043934495,2
2011-11-04,3802.6217644388967,749.2618012514401,4551.883565690337,2
2011-11-07,3802.6217644388967,787.7955471985631,4590.4173116374595,2
2011-11-08,3802.6217644388967,854.0316594416458,4656.6534238805425,2
2011-11-09,3802.6217644388967,652.8085476060028,4455.430312044899,2
2011-11-10,3802.6217644388967,711.2171406937083,4513.838905132605,2
2011-11-11,3802.6217644388967,814.5139821724481,4617.135746611345,2
2011-11-14,3802.6217644388967,785.8486721475455,4588.470436586442,2
2011-11-15,3802.6217644388967,811.5665475141656,4614.188311953062,2
2011-11-16,3802.6217644388967,728.2103948988006,4530.832159337697,2
2011-11-17,3802.6217644388967,642.7472253819342,4445.36898982083,2
2011-11-18,3802.6217644388967,657.7050869113077,4460.326851350204,2
2011-11-21,4073.8035827294802,273.5666658859074,4347.370248615388,1
2011-11-22,4332.3540270182575,0,4332.3540270182575,0
2011-11-23,4332.3540270182575,0,4332.3540270182575,0
2011-11-25,4332.3540270182575,0,4332.3540270182575,0
2011-11-28,4332.3540270182575,0,4332.3540270182575,0
2011-11-29,4332.3540270182575,0,4332.3540270182575,0
2011-11-30,3911.617985051154,419.60040560530257,4331.218390656457,1
2011-12-01,3491.181581664786,839.0828285480197,4330.264410212805,2
2011-12-02,3491.181581664786,840.755878536986,4331.9374602017715,2
2011-12-05,3491.181581664786,876.181879138338,4367.363460803124,2
2011-12-06,3491.181581664786,880.156275491594,4371.33785715638,2
2011-12-07,3491.181581664786,884.3182115299549,4375.499793194741,2
2011-12-08,3491.181581664786,812.3828957792375,4303.564477444023,2
2011-12-09,3491.181581664786,900.7811300013225,4391.962711666109,2
2011-12-12,3491.181581664786,879.6165641957899,4370.7981458605755,2
2011-12-13,3491.181581664786,858.6216768625702,4349.803258527356,2
2011-12-14,3491.181581664786,814.1514283327515,4305.333009997537,2
2011-12-15,3491.181581664786,841.5886765939986,4332.770258258784,2
2011-12-16,3491.181581664786,867.5660747256622,4358.747656390448,2
2011-12-19,3491.181581664786,830.8247443349962,4322.006325999782,2
2011-12-20,4015.3010824390763,422.45639950293315,4437.75748194201,1
2011-12-21,3578.5231479084923,872.514195792765,4451.037343701258,2
2011-12-22,3578.5231479084923,902.2401575635174,4480.76330547201,2
2011-12-23,3615.8921726638955,890.3970683684379,4506.289241032333,2
2011-12-27,3615.8921726638955,890.7407823555588,4506.632955019454,2
2011-12-28,3615.8921726638955,837.4907465506052,4453.3829192145,2
2011-12-29,3615.8921726638955,884.7383990223441,4500.63057168624,2
2011-12-30,3615.8921726638955,867.7769401081225,4483.669112772018,2
2012-01-03,3665.932556517253,877.0198202272686,4542.952376744522,2
2012-01-04,3665.932556517253,889.1309331737068,4555.06348969096,2
2012-01-05,3699.773796871105,872.4480094302064,4572.2218063013115,2
2012-01-06,3699.773796871105,877.2511595783485,4577.024956449453,2
2012-01-09,3699.773796871105,889.327174763487,4589.100971634592,2
2012-01-10,3731.4425107358024,886.8777347063512,4618.3202454421535,2
2012-01-11,3731.4425107358024,887.0566754293022,4618.499186165105,2
2012-01-12,3731.4425107358024,903.4490631214002,4634.891573857202,2
2012-01-13,3731.4425107358024,887.3601693180965,4618.802680053899,2
2012-01-17,3731.4425107358024,899.4850666268397,4630.927577362642,2
2012-01-18,3783.8969075198434,887.7588658771206,4671.655773396964,2
2012-01-19,3830.449781270253,866.0418737648265,4696.491655035079,2
2012-01-20,3830.449781270253,890.9664103588161,4721.416191629069,2
2012-01-23,3830.449781270253,897.0853854303925,4727.535166700645,2
2012-01-24,3830.449781270253,894.1893117333655,4724.639093003619,2
2012-01-25,3861.627428126862,895.3224045787307,4756.949832705593,2
2012-01-26,3861.627428126862,875.408086868418,4737.03551499528,2
2012-01-27,3861.627428126862,873.3429983345261,4734.970426461388,2
2012-01-30,3861.627428126862,863.7253168431309,4725.352744969993,2
2012-01-31,3861.627428126862,865.3643555114294,4726.991783638291,2
2012-02-01,3894.564522533135,875.8987116854775,4770.463234218612,2
2012-02-02,3894.564522533135,890.3780395435926,4784.942562076728,2
2012-02-03,4394.373053453321,441.29964149815237,4835.672694951473,1
2012-02-06,3957.4552766885677,876.691206627954,4834.146483316522,2
2012-02-07,3957.4552766885677,888.5153187995675,4845.970595488136,2
2012-02-08,3957.4552766885677,892.5845475514332,4850.039824240001,2
2012-02-09,3957.4552766885677,894.9451296171527,4852.40040630572,2
2012-02-10,3957.4552766885677,847.2826556637443,4804.737932352312,2
2012-02-13,3957.4552766885677,903.7136696055763,4861.168946294144,2
2012-02-14,3957.4552766885677,898.7254234846059,4856.180700173174,2
2012-02-15,3957.4552766885677,865.0890338230109,4822.544310511578,2
2012-02-16,3957.4552766885677,927.0877237448149,4884.543000433383,2
2012-02-17,4474.179450899242,429.86310047020754,4904.042551369449,1
2012-02-21,4044.3293410451133,863.3421358153241,4907.671476860438,2
2012-02-22,4044.3293410451133,853.0221075752349,4897.3514486203485,2
2012-02-23,4044.3293410451133,891.818983080333,4936.148324125446,2
2012-02-24,4044.3293410451133,894.3999813131218,4938.729322358235,2
2012-02-27,4044.3293410451133,898.5718083449159,4942.901149390029,2
2012-02-28,4044.3293410451133,916.0592008002322,4960.388541845346,2
2012-02-29,4044.3293410451133,898.4009921780957,4942.7303332232095,2
2012-03-01,4076.6047234313196,900.7151478153269,4977.3198712466465,2
2012-03-02,4076.6047234313196,892.2808270964268,4968.885550527746,2
2012-03-05,4076.6047234313196,878.7275267063396,4955.332250137659,2
2012-03-06,4076.6047234313196,776.3180841279956,4852.9228075593155,2
2012-03-07,4076.6047234313196,836.4701724020167,4913.074895833336,2
2012-03-08,4104.085008548367,866.7000039961079,4970.785012544475,2
2012-03-09,4104.085008548367,894.9780436320166,4999.063052180383,2
2012-03-12,4104.085008548367,924.3532893170677,5028.438297865435,2
2012-03-13,4635.208247185434,440.5211166881491,5075.729363873583,1
2012-03-14,4199.948036000009,869.4188744096953,5069.366910409704,2
2012-03-15,4199.948036000009,894.9527309356959,5094.900766935705,2
2012-03-16,4199.948036000009,915.525900772017,5115.473936772026,2
2012-03-19,4199.948036000009,929.2150769408321,5129.163112940841,2
2012-03-20,4199.948036000009,915.4053057733754,5115.353341773384,2
2012-03-21,4199.948036000009,918.0888416083387,5118.036877608348,2
2012-03-22,4199.948036000009,886.684138026563,5086.632174026572,2
2012-03-23,4199.948036000009,913.8319451402297,5113.779981140238,2
2012-03-26,4720.769384076015,444.09521301333655,5164.864597089351,1
2012-03-27,4275.954003561999,872.1532365814971,5148.107240143497,2
2012-03-28,4275.954003561999,854.6600659356372,5130.614069497637,2
2012-03-29,4275.954003561999,849.7390248985191,5125.693028460519,2
2012-03-30,4275.954003561999,869.9046271799815,5145.858630741981,2
2012-04-02,4275.954003561999,908.108383246426,5184.062386808426,2
2012-04-03,4275.954003561999,895.775262651682,5171.7292662136815,2
2012-04-04,4275.954003561999,840.032156366099,5115.9861599280985,2
2012-04-05,4275.954003561999,836.8152731577404,5112.7692767197395,2
2012-04-09,4275.954003561999,756.758325555357,5032.712329117357,2
2012-04-10,4894.2472939499685,0,4894.2472939499685,0
2012-04-11,4894.2472939499685,0,4894.2472939499685,0
2012-04-12,4452.3357391061745,440.95706573957625,4893.292804845751,1
2012-04-13,4452.3357391061745,400.85409708828337,4853.189836194458,1
2012-04-16,4452.3357391061745,404.4140712836345,4856.749810389809,1
2012-04-17,4014.101136775139,881.4204477114863,4895.521584486625,2
2012-04-18,4014.101136775139,867.4293629272657,4881.530499702405,2
2012-04-19,4014.101136775139,850.3280747838876,4864.429211559027,2
2012-04-20,4014.101136775139,871.0357074790561,4885.136844254195,2
2012-04-23,4014.101136775139,823.6504479627754,4837.7515847379145,2
2012-04-24,4014.101136775139,856.5749147738824,4870.676051549021,2
2012-04-25,4014.101136775139,928.5506278864156,4942.651764661555,2
2012-04-26,4530.160319112123,435.6608684159419,4965.821187528065,1
2012-04-27,4089.004530524763,881.1904195822669,4970.19495010703,2
2012-04-30,4089.004530524763,862.8788462437168,4951.88337676848,2
2012-05-01,4089.004530524763,896.0764901411804,4985.0810206659435,2
2012-05-02,4089.004530524763,886.1114147593307,4975.115945284094,2
2012-05-03,4089.004530524763,847.20706240177,4936.211592926533,2
2012-05-04,4089.004530524763,742.3814244382204,4831.385954962983,2
2012-05-07,4089.004530524763,757.3728213700651,4846.377351894828,2
2012-05-08,4089.004530524763,732.2480860587827,4821.252616583546,2
2012-05-09,4089.004530524763,679.4712953929494,4768.475825917712,2
2012-05-10,4089.004530524763,712.60108589282,4801.605616417583,2
2012-05-11,4089.004530524763,681.1258981435849,4770.130428668348,2
2012-05-14,4676.6392120961955,0,4676.6392120961955,0
2012-05-15,4676.6392120961955,0,4676.6392120961955,0
2012-05-16,4676.6392120961955,0,4676.6392120961955,0
2012-05-17,4676.6392120961955,0,4676.6392120961955,0
2012-05-18,4676.6392120961955,0,4676.6392120961955,0
2012-05-21,4676.6392120961955,0,4676.6392120961955,0
2012-05-22,4676.6392120961955,0,4676.6392120961955,0
2012-05-23,4676.6392120961955,0,4676.6392120961955,0
2012-05-24,4676.6392120961955,0,4676.6392120961955,0
2012-05-25,4676.6392120961955,0,4676.6392120961955,0
2012-05-29,4676.6392120961955,0,4676.6392120961955,0
2012-05-30,4676.6392120961955,0,4676.6392120961955,0
2012-05-31,4676.6392120961955,0,4676.6392120961955,0
2012-06-01,4676.6392120961955,0,4676.6392120961955,0
2012-06-04,4676.6392120961955,0,4676.6392120961955,0
2012-06-05,4676.6392120961955,0,4676.6392120961955,0
2012-06-06,4676.6392120961955,0,4676.6392120961955,0
2012-06-07,4676.6392120961955,0,4676.6392120961955,0
2012-06-08,4676.6392120961955,0,4676.6392120961955,0
2012-06-11,4676.6392120961955,0,4676.6392120961955,0
2012-06-12,4676.6392120961955,0,4676.6392120961955,0
2012-06-13,4676.6392120961955,0,4676.6392120961955,0
2012-06-14,4676.6392120961955,0,4676.6392120961955,0
2012-06-15,4676.6392120961955,0,4676.6392120961955,0
2012-06-18,4676.6392120961955,0,4676.6392120961955,0
2012-06-19,4239.172599328807,436.0718435807721,4675.244442909579,1
2012-06-20,3796.80533141066,882.6561813624093,4679.461512773069,2
2012-06-21,3796.80533141066,748.2349526761923,4545.040284086852,2
2012-06-22,3796.80533141066,811.4064816348563,4608.2118130455165,2
2012-06-25,3796.80533141066,706.8003944293132,4503.605725839973,2
2012-06-26,3796.80533141066,744.008330112451,4540.813661523111,2
2012-06-27,3796.80533141066,799.2127711526535,4596.018102563314,2
2012-06-28,3796.80533141066,788.7493758121668,4585.554707222827,2
2012-06-29,3796.80533141066,929.1249364953696,4725.930267906029,2
2012-07-02,4298.962400330766,442.5644348435568,4741.526835174323,1
2012-07-03,3857.21534910275,896.1032580438488,4753.318607146599,2
2012-07-05,3857.21534910275,873.5982852224665,4730.813634325217,2
2012-07-06,3857.21534910275,841.9469305927609,4699.162279695511,2
2012-07-09,3857.21534910275,832.2937190392154,4689.509068141966,2
2012-07-10,3857.21534910275,783.827884852839,4641.043233955589,2
2012-07-11,3857.21534910275,797.1118027855056,4654.327151888256,2
2012-07-12,3857.21534910275,766.5074480160392,4623.7227971187895,2
2012-07-13,3857.21534910275,879.3636793561413,4736.579028458891,2
2012-07-16,3857.21534910275,876.8260122803235,4734.041361383073,2
2012-07-17,3857.21534910275,920.1383299604348,4777.353679063185,2
2012-07-18,3892.1483738198485,910.812890098395,4802.961263918243,2
2012-07-19,3928.894534343077,891.7893363164474,4820.6838706595245,2
2012-07-20,3928.894534343077,839.0369769754317,4767.9315113185085,2
2012-07-23,3928.894534343077,769.8204063233361,4698.714940666413,2
2012-07-24,3928.894534343077,700.7572239928514,4629.651758335928,2
2012-07-25,3928.894534343077,712.650947198523,4641.5454815416,2
2012-07-26,3928.894534343077,831.4482432655238,4760.342777608601,2
2012-07-27,3928.894534343077,923.3332982491227,4852.2278325922,2
2012-07-30,3928.894534343077,917.2686439825559,4846.1631783256325,2
2012-07-31,3928.894534343077,896.0677500532915,4824.962284396368,2
2012-08-01,3928.894534343077,889.1322966885127,4818.02683103159,2
2012-08-02,3928.894534343077,878.723801308081,4807.618335651157,2
2012-08-03,4448.6154972431095,442.28268080273506,4890.898178045844,1
2012-08-06,4003.0185991599797,893.3103484945099,4896.32894765449,2
2012-08-07,4003.0185991599797,913.2873824485625,4916.305981608542,2
2012-08-08,4003.0185991599797,926.7283782482375,4929.746977408217,2
2012-08-09,4003.0185991599797,931.2031818902922,4934.221781050272,2
2012-08-10,4035.4550635018877,911.3313232299347,4946.786386731823,2
2012-08-13,4066.465243220611,895.5939014887254,4962.059144709336,2
2012-08-14,4066.465243220611,879.790066442513,4946.255309663124,2
2012-08-15,4066.465243220611,891.0702003633369,4957.535443583947,2
2012-08-16,4066.465243220611,925.4974607040635,4991.962703924674,2
2012-08-17,4101.269795924567,907.3692758481478,5008.6390717727145,2
2012-08-20,4101.269795924567,907.0209596107137,5008.29075553528,2
2012-08-21,4101.269795924567,880.9355368845362,4982.205332809103,2
2012-08-22,4101.269795924567,883.8936690719433,4985.163464996511,2
2012-08-23,4101.269795924567,835.2737670410526,4936.5435629656195,2
2012-08-24,4101.269795924567,882.280599458885,4983.550395383452,2
2012-08-27,4101.269795924567,875.4372569667557,4976.707052891323,2
2012-08-28,4101.269795924567,874.003402262476,4975.273198187043,2
2012-08-29,4101.269795924567,875.0710436641915,4976.340839588758,2
2012-08-30,4101.269795924567,829.1577924118769,4930.427588336444,2
2012-08-31,4101.269795924567,866.0782311779544,4967.348027102522,2
2012-09-04,4101.269795924567,876.8218180451495,4978.0916139697165,2
2012-09-05,4101.269795924567,880.5962246933439,4981.866020617911,2
2012-09-06,4630.913150604499,441.1110269371358,5072.024177541634,1
2012-09-07,4185.7958859699065,902.6067661834207,5088.402652153327,2
2012-09-10,4185.7958859699065,857.2110025934039,5043.00688856331,2
2012-09-11,4185.7958859699065,872.4352271428982,5058.231113112804,2
2012-09-12,4185.7958859699065,893.0017366130558,5078.7976225829625,2
2012-09-13,4699.075592712441,447.84511219168814,5146.920704904129,1
2012-09-14,4260.006749113039,890.5828306008252,5150.589579713865,2
2012-09-17,4260.006749113039,884.7577093143544,5144.764458427394,2
2012-09-18,4260.006749113039,888.5328843757907,5148.53963348883,2
2012-09-19,4260.006749113039,901.4338755837779,5161.440624696817,2
2012-09-20,4260.006749113039,899.3642387795325,5159.370987892572,2
2012-09-21,4260.006749113039,903.6656792667475,5163.672428379787,2
2012-09-24,4260.006749113039,901.8093656282846,5161.816114741324,2
2012-09-25,4260.006749113039,829.405833878591,5089.41258299163,2
2012-09-26,4260.006749113039,776.0239288669711,5036.03067798001,2
2012-09-27,4260.006749113039,869.8752791318141,5129.882028244853,2
2012-09-28,4260.006749113039,834.3226102510027,5094.329359364042,2
2012-10-01,4260.006749113039,858.0513369475478,5118.058086060587,2
2012-10-02,4260.006749113039,877.4572414639049,5137.4639905769445,2
2012-10-03,4260.006749113039,906.5151416277238,5166.521890740763,2
2012-10-04,4294.261485859257,914.6874654052531,5208.9489512645105,2
2012-10-05,4316.622142008528,895.2451641168977,5211.867306125425,2
2012-10-08,4316.622142008528,877.2869270579041,5193.909069066432,2
2012-10-09,4316.622142008528,811.3749019396714,5127.997043948199,2
2012-10-10,4316.622142008528,779.0412871980277,5095.6634292065555,2
2012-10-11,4316.622142008528,793.5774601365056,5110.199602145033,2
2012-10-12,4316.622142008528,769.5508294490221,5086.1729714575495,2
2012-10-15,4316.622142008528,844.1697312534668,5160.791873261995,2
2012-10-16,4316.622142008528,901.0853071667183,5217.7074491752455,2
2012-10-17,4316.622142008528,923.6227118784363,5240.244853886964,2
2012-10-18,4316.622142008528,918.783613180611,5235.405755189138,2
2012-10-19,4316.622142008528,805.9153144254826,5122.53745643401,2
2012-10-22,4316.622142008528,830.7371061884497,5147.359248196977,2
2012-10-23,4316.622142008528,697.8996104213529,5014.5217524298805,2
2012-10-24,4654.197605047118,340.98992346449,4995.1875285116075,1
2012-10-25,4654.197605047118,358.2675803133867,5012.465185360505,1
2012-10-26,4654.197605047118,359.3750673415965,5013.572672388714,1
2012-10-31,4654.197605047118,376.07633247730126,5030.273937524419,1
2012-11-01,4654.197605047118,444.2009547592754,5098.398559806393,1
2012-11-02,4654.197605047118,402.3601493579839,5056.557754405101,1
2012-11-05,4654.197605047118,440.15280191512494,5094.350406962242,1
2012-11-06,5137.942630636484,0,5137.942630636484,0
2012-11-07,5137.942630636484,0,5137.942630636484,0
2012-11-08,5137.942630636484,0,5137.942630636484,0
2012-11-09,5137.942630636484,0,5137.942630636484,0
2012-11-12,5137.942630636484,0,5137.942630636484,0
2012-11-13,5137.942630636484,0,5137.942630636484,0
2012-11-14,5137.942630636484,0,5137.942630636484,0
2012-11-15,5137.942630636484,0,5137.942630636484,0
2012-11-16,5137.942630636484,0,5137.942630636484,0
2012-11-19,5137.942630636484,0,5137.942630636484,0
2012-11-20,5137.942630636484,0,5137.942630636484,0
2012-11-21,5137.942630636484,0,5137.942630636484,0
2012-11-23,5137.942630636484,0,5137.942630636484,0
2012-11-26,5137.942630636484,0,5137.942630636484,0
2012-11-27,5137.942630636484,0,5137.942630636484,0
2012-11-28,5137.942630636484,0,5137.942630636484,0
2012-11-29,5137.942630636484,0,5137.942630636484,0
2012-11-30,5137.942630636484,0,5137.942630636484,0
2012-12-03,5137.942630636484,0,5137.942630636484,0
2012-12-04,5137.942630636484,0,5137.942630636484,0
2012-12-05,5137.942630636484,0,5137.942630636484,0
2012-12-06,5137.942630636484,0,5137.942630636484,0
2012-12-07,4702.806448601691,433.788201155925,5136.594649757616,1
2012-12-10,4268.179585818369,871.2603583082042,5139.439944126573,2
2012-12-11,4268.179585818369,906.338426359667,5174.518012178036,2
2012-12-12,4268.179585818369,905.6302516038776,5173.809837422246,2
2012-12-13,4268.179585818369,876.010684385148,5144.190270203517,2
2012-12-14,4268.179585818369,855.0312756826611,5123.210861501029,2
2012-12-17,4268.179585818369,921.01673092942,5189.196316747789,2
2012-12-18,4794.536436802156,432.0476511783221,5226.584087980477,1
2012-12-19,4359.7281662038995,835.6605361873122,5195.388702391212,2
2012-12-20,4359.7281662038995,857.920790590233,5217.648956794133,2
2012-12-21,4359.7281662038995,816.5994626582683,5176.327628862167,2
2012-12-24,4359.7281662038995,814.0483333186096,5173.776499522509,2
2012-12-26,4359.7281662038995,774.9072383317616,5134.635404535661,2
2012-12-27,4359.7281662038995,771.7938133010543,5131.521979504954,2
2012-12-28,4359.7281662038995,679.2140077981603,5038.94217400206,2
2012-12-31,4359.7281662038995,837.2522127577878,5196.980378961687,2
2013-01-02,4882.484637977442,446.26593988973127,5328.750577867173,1
2013-01-03,4438.411098010638,887.2966094805254,5325.707707491163,2
2013-01-04,4438.411098010638,919.6181074609747,5358.029205471613,2
2013-01-07,4438.411098010638,917.1945495645291,5355.605647575167,2
2013-01-08,4438.411098010638,910.1267010294457,5348.537799040084,2
2013-01-09,4438.411098010638,920.5963446466836,5359.007442657322,2
2013-01-10,4946.726671988746,439.3335346913463,5386.060206680092,1
2013-01-11,4504.719401024578,882.0143581650925,5386.73375918967,2
2013-01-14,4504.719401024578,883.4439100195243,5388.163311044102,2
2013-01-15,4504.719401024578,891.2535968527053,5395.972997877283,2
2013-01-16,4504.719401024578,897.3492775322422,5402.06867855682,2
2013-01-17,4504.719401024578,921.326046442905,5426.0454474674825,2
2013-01-18,5014.160244013789,436.7866981709838,5450.946942184773,1
2013-01-22,4565.430566279633,900.9993281128877,5466.4298943925205,2
2013-01-23,4565.430566279633,909.7804866507854,5475.211052930419,2
2013-01-24,4565.430566279633,908.7774140712843,5474.207980350918,2
2013-01-25,4565.430566279633,929.5697021353095,5495.000268414943,2
2013-01-28,4565.430566279633,921.6666912299698,5487.097257509603,2
2013-01-29,4591.312568235026,917.2953867201063,5508.607954955132,2
2013-01-30,4591.312568235026,888.9726039747,5480.285172209727,2
2013-01-31,4591.312568235026,881.1358703111874,5472.448438546214,2
2013-02-01,4626.134373323989,904.9115825938704,5531.04595591786,2
2013-02-04,4626.134373323989,825.9601098375899,5452.094483161579,2
2013-02-05,4626.134373323989,897.85550645476,5523.989879778749,2
2013-02-06,4626.134373323989,908.151745965105,5534.286119289094,2
2013-02-07,4626.134373323989,902.1133140376413,5528.247687361631,2
2013-02-08,4649.744136679244,908.396197650293,5558.140334329537,2
2013-02-11,4649.744136679244,915.9737849057121,5565.717921584956,2
2013-02-12,4649.744136679244,929.7597477363934,5579.503884415637,2
2013-02-13,4649.744136679244,930.0135777751564,5579.7577144544,2
2013-02-14,4680.541488179614,906.6753389416856,5587.2168271212995,2
2013-02-15,4680.541488179614,908.2256386417503,5588.767126821364,2
2013-02-19,4717.007596998034,908.6243483275525,5625.631945325587,2
2013-02-20,4717.007596998034,805.2700824919191,5522.277679489954,2
2013-02-21,4717.007596998034,758.6500644339744,5475.657661432009,2
2013-02-22,4717.007596998034,834.3485045384353,5551.356101536469,2
2013-02-25,4593.815236320609,778.6461963484624,5372.461432669072,2
2013-02-26,4593.815236320609,838.848933035094,5432.664169355703,2
2013-02-27,4644.524272553624,869.9633845181698,5514.487657071793,2
2013-02-28,4644.524272553624,857.1730738490364,5501.69734640266,2
2013-03-01,4644.524272553624,875.1336384640306,5519.657911017654,2
2013-03-04,4644.524272553624,926.721048591801,5571.245321145425,2
2013-03-05,5158.096257063592,446.6806671167188,5604.776924180311,1
2013-03-06,4723.952674688994,882.9000000253136,5606.852674714308,2
2013-03-07,4723.952674688994,901.4312073424463,5625.38388203144,2
2013-03-08,4723.952674688994,928.7462098956455,5652.69888458464,2
2013-03-11,5239.045598584467,440.992957714837,5680.038556299304,1
2013-03-12,4793.04748214414,873.9104622977243,5666.957944441865,2
2013-03-13,4793.04748214414,891.4693358267466,5684.516817970887,2
2013-03-14,4793.04748214414,928.2413132093026,5721.288795353443,2
2013-03-15,4793.04748214414,924.2204315566921,5717.267913700833,2
2013-03-18,4793.04748214414,870.918264320442,5663.9657464645825,2
2013-03-19,4793.04748214414,843.3452321509533,5636.392714295093,2
2013-03-20,4793.04748214414,910.443015355168,5703.490497499308,2
2013-03-21,4793.04748214414,847.3680778084247,5640.415559952565,2
2013-03-22,4793.04748214414,897.5905829303348,5690.638065074475,2
2013-03-25,4793.04748214414,889.8738476981671,5682.921329842307,2
2013-03-26,4825.3805866200355,908.472347473607,5733.852934093642,2
2013-03-27,4825.3805866200355,903.1999649129741,5728.580551533009,2
2013-03-28,4864.981479738014,887.7070092532847,5752.688488991299,2
2013-04-01,4864.981479738014,861.2037393415571,5726.185219079571,2
2013-04-02,4864.981479738014,903.7877620958174,5768.769241833831,2
2013-04-03,4864.981479738014,825.0625695997841,5690.044049337798,2
2013-04-04,4864.981479738014,858.2036837135901,5723.185163451604,2
2013-04-05,4864.981479738014,835.2279907132365,5700.209470451251,2
2013-04-08,4864.981479738014,895.6645590632706,5760.646038801285,2
2013-04-09,4864.981479738014,921.9405003154884,5786.921980053503,2
2013-04-10,5397.276116032271,433.97546375721384,5831.251579789485,1
2013-04-11,4951.466479655984,889.7107931072081,5841.1772727631915,2
2013-04-12,4951.466479655984,881.3620504701719,5832.828530126156,2
2013-04-15,4842.698030646646,763.3253435809012,5606.023374227547,2
2013-04-16,4887.177603786973,835.1628930677736,5722.340496854747,2
2013-04-17,4887.177603786973,706.2768826382438,5593.454486425217,2
2013-04-18,4887.177603786973,649.6271054561039,5536.804709243077,2
2013-04-19,4887.177603786973,745.8952894445503,5633.072893231523,2
2013-04-22,4887.177603786973,797.7232146630166,5684.90081844999,2
2013-04-23,4887.177603786973,882.0376685171742,5769.215272304147,2
2013-04-24,4887.177603786973,883.858034530545,5771.0356383175185,2
2013-04-25,4887.177603786973,908.0859149314492,5795.263518718422,2
2013-04-26,4887.177603786973,903.44296850911,5790.620572296083,2
2013-04-29,5397.13093088882,431.4814799734972,5828.612410862317,1
2013-04-30,4957.09432127601,879.6950882069698,5836.78940948298,2
2013-05-01,4957.09432127601,816.2615711848766,5773.355892460887,2
2013-05-02,4957.09432127601,884.2379095283209,5841.332230804332,2
2013-05-03,4986.053351407653,908.0072600353412,5894.060611442995,2
2013-05-06,5014.768731884142,894.5955503741983,5909.36428225834,2
2013-05-07,5014.768731884142,916.6115609741388,5931.380292858281,2
2013-05-08,5045.918388491901,903.116832012641,5949.035220504542,2
2013-05-09,5045.918388491901,881.1666099541378,5927.084998446039,2
2013-05-10,5045.918388491901,912.0125595363274,5957.930948028228,2
2013-05-13,5078.508058063415,885.9442030274624,5964.452261090877,2
2013-05-14,5078.508058063415,927.9704344634795,6006.478492526894,2
2013-05-15,5577.90860470423,443.23169955402255,6021.140304258252,1
2013-05-16,5132.546231682954,873.4320217035095,6005.978253386464,2
2013-05-17,5132.546231682954,929.9486583263667,6062.494890009321,2
2013-05-20,5132.546231682954,926.5493807081025,6059.095612391056,2
2013-05-21,5132.546231682954,930.243544034513,6062.789775717467,2
2013-05-22,5132.546231682954,893.0804028517025,6025.626634534657,2
2013-05-23,5132.546231682954,878.239343321838,6010.785575004792,2
2013-05-24,5132.546231682954,880.3070923250934,6012.853324008048,2
2013-05-28,5132.546231682954,917.4554075078019,6050.001639190757,2
2013-05-29,5132.546231682954,883.5899678706717,6016.136199553626,2
2013-05-30,5132.546231682954,910.5144325855508,6043.060664268505,2
2013-05-31,5132.546231682954,804.7160746223735,5937.262306305328,2
2013-06-03,5132.546231682954,861.3926022908711,5993.938833973825,2
2013-06-04,5132.546231682954,830.9365913325706,5963.482823015525,2
2013-06-05,5132.546231682954,703.6576798678545,5836.203911550809,2
2013-06-06,5132.546231682954,797.2134527319872,5929.759684414941,2
2013-06-07,5132.546231682954,914.5382536134503,6047.084485296405,2
2013-06-10,5132.546231682954,932.72341448018,6065.269646163135,2
2013-06-11,5132.546231682954,856.1567287468472,5988.702960429801,2
2013-06-12,5132.546231682954,770.0992386615427,5902.645470344497,2
2013-06-13,5132.546231682954,932.5027122826683,6065.048943965623,2
2013-06-14,5132.546231682954,900.1626379442998,6032.708869627254,2
2013-06-17,5689.774537523423,427.20692649691773,6116.98146402034,1
2013-06-18,5257.413835854804,876.9541028351298,6134.367938689934,2
2013-06-19,5257.413835854804,816.3382823170492,6073.752118171854,2
2013-06-20,5257.413835854804,628.8523573032699,5886.266193158074,2
2013-06-21,5257.413835854804,659.5770688503094,5916.990904705113,2
2013-06-24,5531.7442129904175,297.96488352829226,5829.70909651871,1
2013-06-25,5531.7442129904175,337.84492523792335,5869.589138228341,1
2013-06-26,5531.7442129904175,379.2302632205246,5910.974476210942,1
2013-06-27,5531.7442129904175,403.1866486132431,5934.930861603661,1
2013-06-28,5531.7442129904175,391.51941582959216,5923.26362882001,1
2013-07-01,5531.7442129904175,418.8760268670688,5950.620239857486,1
2013-07-02,5531.7442129904175,419.20613069854494,5950.950343688963,1
2013-07-03,5531.7442129904175,426.10149295931876,5957.845705949736,1
2013-07-05,5563.5331618102055,432.0302153826402,5995.563377192846,1
2013-07-08,5131.723430981106,878.7995906362045,6010.52302161731,2
2013-07-09,5158.82784395335,886.3065308411539,6045.134374794504,2
2013-07-10,5158.82784395335,892.1039895003553,6050.931833453705,2
2013-07-11,5192.080273715978,907.8157758400282,6099.896049556007,2
2013-07-12,5228.152246675299,885.2286077290756,6113.380854404374,2
2013-07-15,5228.152246675299,900.5176164815592,6128.669863156858,2
2013-07-16,5228.152246675299,876.8838755327547,6105.036122208054,2
2013-07-17,5228.152246675299,902.7470466639694,6130.899293339268,2
2013-07-18,5228.152246675299,925.5322910882971,6153.6845377635955,2
2013-07-19,5740.893026365228,433.081949519144,6173.974975884372,1
2013-07-22,5299.284516343388,885.5955052794916,6184.880021622879,2
2013-07-23,5299.284516343388,871.9418847677744,6171.226401111162,2
2013-07-24,5299.284516343388,843.6164388992627,6142.9009552426505,2
2013-07-25,5299.284516343388,865.3640506536931,6164.648566997081,2
2013-07-26,5299.284516343388,877.6104501378661,6176.8949664812535,2
2013-07-29,5299.284516343388,854.2919695904304,6153.576485933818,2
2013-07-30,5299.284516343388,860.3128754214875,6159.597391764875,2
2013-07-31,5299.284516343388,862.3335363465964,6161.618052689984,2
2013-08-01,5331.270617866639,901.3154310842411,6232.5860489508805,2
2013-08-02,5371.4679940271235,883.4801689104565,6254.9481629375805,2
2013-08-05,5371.4679940271235,886.5585494217344,6258.026543448857,2
2013-08-06,5371.4679940271235,839.2263095186911,6210.694303545814,2
2013-08-07,5371.4679940271235,811.8121143506316,6183.280108377755,2
2013-08-08,5371.4679940271235,845.772544810589,6217.240538837713,2
2013-08-09,5371.4679940271235,812.7434905766802,6184.211484603804,2
2013-08-12,5371.4679940271235,825.6091825115568,6197.07717653868,2
2013-08-13,5371.4679940271235,858.4691140246475,6229.937108051771,2
2013-08-14,5371.4679940271235,810.6547043994418,6182.122698426565,2
2013-08-15,5371.4679940271235,658.487408416731,6029.955402443855,2
2013-08-16,5668.399698818707,331.69986455486367,6000.099563373571,1
2013-08-19,5966.289511806266,0,5966.289511806266,0
2013-08-20,5966.289511806266,0,5966.289511806266,0
2013-08-21,5966.289511806266,0,5966.289511806266,0
2013-08-22,5966.289511806266,0,5966.289511806266,0
2013-08-23,5525.180904406068,439.7442047641025,5964.925109170171,1
2013-08-26,5525.180904406068,426.1277644441462,5951.308668850214,1
2013-08-27,5525.180904406068,367.12855163160964,5892.309456037678,1
2013-08-28,5525.180904406068,379.30093157635946,5904.481835982428,1
2013-08-29,5525.180904406068,384.88964207742987,5910.070546483498,1
2013-08-30,5525.180904406068,374.86441807987916,5900.0453224859475,1
2013-09-03,5525.180904406068,398.3606000019268,5923.5415044079955,1
2013-09-04,5525.180904406068,430.07396445305267,5955.254868859121,1
2013-09-05,5525.180904406068,436.38445841153555,5961.565362817604,1
2013-09-06,5525.180904406068,438.30204268695263,5963.482947093021,1
2013-09-09,5086.955020250682,905.9149623740319,5992.869982624714,2
2013-09-10,5135.378034251907,895.1002192560981,6030.478253508005,2
2013-09-11,5171.04943136916,881.4803834927775,6052.529814861937,2
2013-09-12,5171.04943136916,860.3110442949708,6031.360475664131,2
2013-09-13,5171.04943136916,878.4954174676252,6049.544848836785,2
2013-09-16,5171.04943136916,908.5434398865161,6079.592871255676,2
2013-09-17,5202.42766393888,890.7552915192205,6093.1829554581,2
2013-09-18,5239.010002021762,908.324837493304,6147.334839515066,2
2013-09-19,5262.737541561943,884.1595240301716,6146.897065592114,2
2013-09-20,5262.737541561943,849.9594304136624,6112.696971975605,2
2013-09-23,5262.737541561943,809.3292312754315,6072.066772837374,2
2013-09-24,5262.737541561943,799.0087789992981,6061.74632056124,2
2013-09-25,5262.737541561943,783.882369352164,6046.619910914107,2
2013-09-26,5262.737541561943,810.8970384759516,6073.634580037894,2
2013-09-27,5262.737541561943,763.6012626322358,6026.338804194178,2
2013-09-30,5262.737541561943,712.5167303634794,5975.254271925422,2
2013-10-01,5262.737541561943,791.2789656217168,6054.016507183659,2
2013-10-02,5262.737541561943,775.6032185006227,6038.340760062565,2
2013-10-03,5262.737541561943,696.7375733170431,5959.475114878986,2
2013-10-04,5262.737541561943,767.9483322314262,6030.685873793369,2
2013-10-07,5262.737541561943,682.5863222078215,5945.323863769764,2
2013-10-08,5829.586111209307,0,5829.586111209307,0
2013-10-09,5829.586111209307,0,5829.586111209307,0
2013-10-10,5397.913945064026,430.69973486940876,5828.6136799334345,1
2013-10-11,4960.27094885371,886.5673877068946,5846.838336560605,2
2013-10-14,4960.27094885371,905.4805294817188,5865.751478335429,2
2013-10-15,4960.27094885371,845.5876733729217,5805.858622226632,2
2013-10-16,5477.584151343116,427.08618411251894,5904.670335455635,1
2013-10-17,5036.965132891101,892.6879148222179,5929.653047713319,2
2013-10-18,5059.362257886293,902.1755159632467,5961.53777384954,2
2013-10-21,5059.362257886293,908.7989795340643,5968.161237420358,2
2013-10-22,5086.183903174036,900.6892106445645,5986.8731138186,2
2013-10-23,5086.183903174036,880.5727569742634,5966.756660148299,2
2013-10-24,5086.183903174036,902.1828044228362,5988.3667075968715,2
2013-10-25,5086.183903174036,924.3259364114508,6010.509839585487,2
2013-10-28,5121.637143651037,896.5197677679071,6018.156911418944,2
2013-10-29,5121.637143651037,920.2069244389003,6041.8440680899375,2
2013-10-30,5121.637143651037,899.9474960667785,6021.584639717816,2
2013-10-31,5121.637143651037,883.8649624079872,6005.502106059024,2
2013-11-01,5121.637143651037,908.010147476593,6029.6472911276305,2
2013-11-04,5163.53920150266,892.5335109649259,6056.072712467586,2
2013-11-05,5163.53920150266,875.9236457484325,6039.462847251092,2
2013-11-06,5163.53920150266,909.3347771506761,6072.873978653336,2
2013-11-07,5163.53920150266,818.6790402603334,5982.218241762994,2
2013-11-08,5163.53920150266,912.0831398152569,6075.622341317917,2
2013-11-11,5194.528761957036,897.0276567461918,6091.556418703228,2
2013-11-12,5194.528761957036,883.19143137825,6077.720193335286,2
2013-11-13,5217.044764842777,901.6917216403608,6118.736486483138,2
2013-11-14,5217.044764842777,926.166099453791,6143.210864296569,2
2013-11-15,5253.281601022814,906.698920285457,6159.980521308271,2
2013-11-18,5253.281601022814,882.1589636746002,6135.440564697415,2
2013-11-19,5253.281601022814,869.7633102648931,6123.044911287708,2
2013-11-20,5253.281601022814,852.4770565778645,6105.758657600679,2
2013-11-21,5253.281601022814,909.9607454779161,6163.2423465007305,2
2013-11-22,5298.224533131798,891.1622635330632,6189.386796664861,2
2013-11-25,5298.224533131798,884.5660152611283,6182.790548392926,2
2013-11-26,5298.224533131798,888.3311962346656,6186.555729366464,2
2013-11-27,5298.224533131798,901.2054635084505,6199.429996640249,2
2013-11-29,5298.224533131798,893.0505956104325,6191.275128742231,2
2013-12-02,5298.224533131798,883.138312337376,6181.362845469174,2
2013-12-03,5298.224533131798,864.5830091673765,6162.807542299175,2
2013-12-04,5298.224533131798,859.273921936541,6157.498455068339,2
2013-12-05,5298.224533131798,829.647417706097,6127.871950837895,2
2013-12-06,5336.570643199287,879.486900414397,6216.057543613684,2
2013-12-09,5336.570643199287,904.8989061581779,6241.4695493574645,2
2013-12-10,5336.570643199287,886.352608531923,6222.923251731209,2
2013-12-11,5336.570643199287,793.8016239277613,6130.372267127048,2
2013-12-12,5336.570643199287,767.3870763033158,6103.957719502602,2
2013-12-13,5336.570643199287,768.1682310946233,6104.73887429391,2
2013-12-16,5336.570643199287,830.1483456398266,6166.718988839113,2
2013-12-17,5336.570643199287,811.1179824447815,6147.688625644068,2
2013-12-18,5390.7212714135285,889.3719283246369,6280.093199738165,2
2013-12-19,5390.7212714135285,884.5037669754261,6275.225038388955,2
2013-12-20,5422.952522454678,879.7565323121046,6302.709054766782,2
2013-12-23,5422.952522454678,922.8861444662534,6345.838666920931,2
2013-12-24,5920.273383179482,442.3244256681111,6362.597808847593,1
2013-12-26,5477.319750616059,898.4278617610735,6375.747612377132,2
2013-12-27,5477.319750616059,897.2704693675073,6374.5902199835655,2
2013-12-30,5477.319750616059,886.3548859560813,6363.67463657214,2
2013-12-31,5477.319750616059,904.8538698008272,6382.173620416886,2
2014-01-02,5477.319750616059,859.6576251305885,6336.977375746647,2
2014-01-03,5477.319750616059,869.3655878548096,6346.685338470868,2
2014-01-06,5477.319750616059,870.2926221896296,6347.612372805688,2
2014-01-07,5477.319750616059,917.0149517143218,6394.33470233038,2
2014-01-08,5477.319750616059,920.8299056121537,6398.149656228212,2
2014-01-09,5515.489587497856,885.3868289901516,6400.876416488007,2
2014-01-10,5515.489587497856,913.011591782883,6428.501179280738,2
2014-01-13,5515.489587497856,829.7797330042587,6345.269320502114,2
2014-01-14,5547.476873258908,882.0831323365534,6429.560005595462,2
2014-01-15,5547.476873258908,909.7939073005002,6457.270780559408,2
2014-01-16,5547.476873258908,902.2895002382345,6449.766373497143,2
2014-01-17,5547.476873258908,887.7004453949361,6435.177318653844,2
2014-01-21,5547.476873258908,907.6188189001656,6455.095692159074,2
2014-01-22,5547.476873258908,914.3931367410801,6461.870009999988,2
2014-01-23,5547.476873258908,853.8688081973535,6401.345681456261,2
2014-01-24,5547.476873258908,638.2783668746988,6185.755240133607,2
2014-01-27,5847.320342503689,305.4629876066009,6152.78333011029,1
2014-01-28,5847.320342503689,345.3779851150511,6192.69832761874,1
2014-01-29,6131.911257214839,0,6131.911257214839,0
2014-01-30,6131.911257214839,0,6131.911257214839,0
2014-01-31,6131.911257214839,0,6131.911257214839,0
2014-02-03,6131.911257214839,0,6131.911257214839,0
2014-02-04,6131.911257214839,0,6131.911257214839,0
2014-02-05,6131.911257214839,0,6131.911257214839,0
2014-02-06,6131.911257214839,0,6131.911257214839,0
2014-02-07,6131.911257214839,0,6131.911257214839,0
2014-02-10,6131.911257214839,0,6131.911257214839,0
2014-02-11,5696.38563747508,434.2511318682581,6130.6367693433385,1
2014-02-12,5260.047585228484,872.1527360527375,6132.2003212812215,2
2014-02-13,5260.047585228484,902.5431580200175,6162.590743248502,2
2014-02-14,5260.047585228484,931.0108249476668,6191.0584101761515,2
2014-02-18,5758.165685071657,439.6837916034315,6197.849476675088,1
2014-02-19,5332.407990404687,835.5727118707132,6167.980702275399,2
2014-02-20,5332.407990404687,878.5605875583067,6210.968577962994,2
2014-02-21,5332.407990404687,874.6460367817319,6207.054027186418,2
2014-02-24,5360.331873466528,885.8284075888754,6246.160281055403,2
2014-02-25,5360.331873466528,891.8981596529511,6252.230033119479,2
2014-02-26,5360.331873466528,884.1669769937655,6244.498850460293,2
2014-02-27,5360.331873466528,913.0410684923943,6273.372941958923,2
2014-02-28,5394.745162370615,889.6664411216826,6284.411603492297,2
2014-03-03,5394.745162370615,831.1917528894057,6225.93691526002,2
2014-03-04,5437.755328049114,883.5622374637462,6321.31756551286,2
2014-03-05,5437.755328049114,889.6040979124034,6327.359425961517,2
2014-03-06,5437.755328049114,894.939300985684,6332.694629034798,2
2014-03-07,5437.755328049114,901.7577795728132,6339.513107621927,2
2014-03-10,5473.909667620242,869.1276792216113,6343.037346841853,2
2014-03-11,5473.909667620242,835.2921696058065,6309.201837226048,2
2014-03-12,5473.909667620242,845.7635216891015,6319.673189309343,2
2014-03-13,5473.909667620242,747.7451665025012,6221.654834122743,2
2014-03-14,5473.909667620242,711.398015388935,6185.307683009177,2
2014-03-17,5473.909667620242,815.2610424587795,6289.170710079021,2
2014-03-18,5473.909667620242,879.3371507367049,6353.246818356946,2
2014-03-19,5473.909667620242,838.5334929324939,6312.443160552735,2
2014-03-20,5473.909667620242,887.394727506751,6361.304395126993,2
2014-03-21,5473.909667620242,868.5087050937561,6342.418372713998,2
2014-03-24,5473.909667620242,852.8375354560467,6326.747203076288,2
2014-03-25,5473.909667620242,902.0175628916859,6375.9272305119275,2
2014-03-26,5473.909667620242,849.3356456774775,6323.245313297719,2
2014-03-27,5473.909667620242,846.6899100122616,6320.5995776325035,2
2014-03-28,5473.909667620242,889.711766397344,6363.621434017586,2
2014-03-31,6000.092976572564,426.0709878846051,6426.16396445717,1
2014-04-01,5562.321530026991,887.7326636681944,6450.054193695186,2
2014-04-02,5562.321530026991,903.2335592634731,6465.555089290465,2
2014-04-03,5562.321530026991,896.502658543269,6458.82418857026,2
2014-04-04,5562.321530026991,822.3711065340387,6384.69263656103,2
2014-04-07,5562.321530026991,732.1891584937202,6294.5106885207115,2
2014-04-08,5562.321530026991,772.3525903608711,6334.674120387863,2
2014-04-09,5562.321530026991,864.2599724987035,6426.581502525694,2
2014-04-10,5562.321530026991,685.0556055383038,6247.377135565295,2
2014-04-11,5846.847747569459,310.26650290688735,6157.114250476347,1
2014-04-14,5846.847747569459,353.9508107127048,6200.798558282164,1
2014-04-15,5846.847747569459,387.5280797879082,6234.375827357368,1
2014-04-16,5408.143371185203,876.4080461927194,6284.551417377923,2
2014-04-17,5408.143371185203,900.8637607535488,6309.007131938752,2
2014-04-21,5448.270952342831,892.7314950572675,6341.002447400098,2
2014-04-22,5489.1465972071,869.3839522227657,6358.5305494298655,2
2014-04-23,5489.1465972071,859.1218541914736,6348.268451398573,2
2014-04-24,5489.1465972071,870.153061909074,6359.299659116174,2
2014-04-25,5489.1465972071,813.4452955064347,6302.591892713534,2
2014-04-28,5489.1465972071,844.2617545378014,6333.408351744902,2
2014-04-29,5489.1465972071,878.5537832715839,6367.700380478684,2
2014-04-30,5489.1465972071,901.6687217192408,6390.815318926341,2
2014-05-01,5489.1465972071,907.0882385542038,6396.234835761304,2
2014-05-02,5489.1465972071,909.9252291307479,6399.071826337848,2
2014-05-05,5519.879941501713,889.8717510255519,6409.751692527265,2
2014-05-06,5519.879941501713,833.2463681008549,6353.126309602568,2
2014-05-07,5519.879941501713,877.4676198438095,6397.347561345522,2
2014-05-08,5519.879941501713,873.1950513756941,6393.074992877407,2
2014-05-09,5519.879941501713,894.1689346619818,6414.048876163694,2
2014-05-12,5573.186188883832,898.3903380828981,6471.57652696673,2
2014-05-13,5607.203423946522,868.1872310738299,6475.390655020352,2
2014-05-14,5607.203423946522,841.9135346569284,6449.11695860345,2
2014-05-15,5607.203423946522,759.1106780461455,6366.314101992668,2
2014-05-16,5607.203423946522,803.1895446699224,6410.392968616445,2
2014-05-19,5607.203423946522,840.0736176669174,6447.277041613439,2
2014-05-20,5607.203423946522,784.8802653971557,6392.083689343677,2
2014-05-21,5607.203423946522,867.2093746594849,6474.412798606007,2
2014-05-22,5607.203423946522,883.2476169496015,6490.451040896123,2
2014-05-23,5607.203423946522,921.9041611875106,6529.107585134033,2
2014-05-27,6114.8611071548985,445.22215703195565,6560.083264186854,1
2014-05-28,5673.075492180088,882.5809050214243,6555.656397201512,2
2014-05-29,5673.075492180088,913.3691769699769,6586.444669150065,2
2014-05-30,5673.075492180088,926.6357881163017,6599.711280296389,2
2014-06-02,5673.075492180088,934.261825062029,6607.337317242117,2
2014-06-03,5673.075492180088,930.9135750771811,6603.989067257269,2
2014-06-04,5673.075492180088,937.5905954751925,6610.6660876552805,2
2014-06-05,6193.816720092468,439.95844693536804,6633.775167027836,1
2014-06-06,5745.159286131903,909.2696377617497,6654.428923893653,2
2014-06-09,5745.159286131903,913.3976064776605,6658.556892609564,2
2014-06-10,5745.159286131903,917.9155411960518,6663.074827327955,2
2014-06-11,5745.159286131903,891.480622050507,6636.63990818241,2
2014-06-12,5745.159286131903,831.8975016278469,6577.05678775975,2
2014-06-13,5745.159286131903,863.3326771997533,6608.491963331657,2
2014-06-16,5745.159286131903,870.812655220488,6615.971941352391,2
2014-06-17,5745.159286131903,898.2303721115434,6643.389658243446,2
2014-06-18,6255.0516829392245,444.94119894356226,6699.992881882787,1
2014-06-19,5820.4380344036545,882.4215673808134,6702.8596017844675,2
2014-06-20,5820.4380344036545,890.0422443437994,6710.480278747454,2
2014-06-23,5820.4380344036545,894.9360480436142,6715.374082447269,2
2014-06-24,5820.4380344036545,834.2987130680151,6654.736747471669,2
2014-06-25,5820.4380344036545,879.9406431929112,6700.3786775965655,2
2014-06-26,5820.4380344036545,875.2461084754698,6695.684142879124,2
2014-06-27,5820.4380344036545,897.1897849386677,6717.627819342322,2
2014-06-30,5820.4380344036545,899.9604880488484,6720.398522452503,2
2014-07-01,5862.108019808289,898.1986525007308,6760.30667230902,2
2014-07-02,5892.63661563023,877.7392254858987,6770.375841116129,2
2014-07-03,5892.63661563023,919.5111613692981,6812.147776999528,2
2014-07-07,5892.63661563023,890.3040487044532,6782.940664334683,2
2014-07-08,5892.63661563023,834.8225880987397,6727.459203728969,2
2014-07-09,5892.63661563023,875.9501253057601,6768.586740935991,2
2014-07-10,5892.63661563023,833.4132420199755,6726.049857650206,2
2014-07-11,5892.63661563023,857.1794762758474,6749.816091906077,2
2014-07-14,5892.63661563023,904.1022031060215,6796.738818736252,2
2014-07-15,5892.63661563023,894.4260551770176,6787.062670807248,2
2014-07-16,5913.881872313079,914.0362070142457,6827.918079327324,2
2014-07-17,5913.881872313079,777.3213927286665,6691.203265041746,2
2014-07-18,5913.881872313079,892.642212916715,6806.524085229794,2
2014-07-21,5913.881872313079,878.0294200659174,6791.911292378996,2
2014-07-22,5947.820699788524,881.9647085446531,6829.785408333177,2
2014-07-23,5947.820699788524,907.2741690466204,6855.094868835144,2
2014-07-24,5947.820699788524,906.682663055552,6854.503362844076,2
2014-07-25,5947.820699788524,868.3779897433863,6816.19868953191,2
2014-07-28,5947.820699788524,882.9839905263043,6830.804690314828,2
2014-07-29,5947.820699788524,845.6731785064508,6793.493878294974,2
2014-07-30,5947.820699788524,849.2516004261984,6797.072300214722,2
2014-07-31,6269.773078807682,317.11778555811065,6586.890864365793,1
2014-08-01,6574.11435415563,0,6574.11435415563,0
2014-08-04,6574.11435415563,0,6574.11435415563,0
2014-08-05,6574.11435415563,0,6574.11435415563,0
2014-08-06,6574.11435415563,0,6574.11435415563,0
2014-08-07,6574.11435415563,0,6574.11435415563,0
2014-08-08,6574.11435415563,0,6574.11435415563,0
2014-08-11,6574.11435415563,0,6574.11435415563,0
2014-08-12,6574.11435415563,0,6574.11435415563,0
2014-08-13,6574.11435415563,0,6574.11435415563,0
2014-08-14,6574.11435415563,0,6574.11435415563,0
2014-08-15,6574.11435415563,0,6574.11435415563,0
2014-08-18,6138.480543189899,433.88383489487586,6572.364378084775,1
2014-08-19,5703.140182815011,883.1727628763049,6586.312945691316,2
2014-08-20,5703.140182815011,905.8285548849071,6608.968737699918,2
2014-08-21,5703.140182815011,921.5244655760155,6624.664648391026,2
2014-08-22,5703.140182815011,920.8816347159654,6624.0218175309765,2
2014-08-25,5743.909015150309,899.5068548273152,6643.4158699776235,2
2014-08-26,5775.205069219783,874.6485998419397,6649.853669061722,2
2014-08-27,5775.205069219783,874.6612544396596,6649.866323659442,2
2014-08-28,5775.205069219783,862.3240161678527,6637.529085387636,2
2014-08-29,5775.205069219783,883.3502329064992,6658.555302126282,2
2014-09-02,5775.205069219783,890.1283537309355,6665.333422950718,2
2014-09-03,5775.205069219783,887.2912191831915,6662.496288402974,2
2014-09-04,5775.205069219783,876.9809681768884,6652.186037396671,2
2014-09-05,5775.205069219783,917.2963028743197,6692.501372094102,2
2014-09-08,5775.205069219783,903.8729020537138,6679.077971273497,2
2014-09-09,5775.205069219783,853.2313139127084,6628.436383132491,2
2014-09-10,5775.205069219783,892.6461968679516,6667.851266087734,2
2014-09-11,5775.205069219783,904.132589533468,6679.337658753251,2
2014-09-12,5775.205069219783,861.8415152812591,6637.046584501042,2
2014-09-15,5775.205069219783,861.8068224653393,6637.0118916851225,2
2014-09-16,5803.61762281711,905.4535171131724,6709.071139930282,2
2014-09-17,5845.746749937387,872.7510129228917,6718.497762860279,2
2014-09-18,5845.746749937387,910.1807194443998,6755.927469381787,2
2014-09-19,5845.746749937387,909.357418512561,6755.104168449948,2
2014-09-22,5845.746749937387,848.7946315061399,6694.541381443527,2
2014-09-23,5845.746749937387,794.7913715193351,6640.538121456722,2
2014-09-24,5845.746749937387,874.5165915981786,6720.263341535566,2
2014-09-25,5845.746749937387,729.4630653098332,6575.20981524722,2
2014-09-26,5845.746749937387,806.9479651602808,6652.6947150976675,2
2014-09-29,5845.746749937387,783.8323410804417,6629.579091017828,2
2014-09-30,5845.746749937387,762.6793338734949,6608.426083810882,2
2014-10-01,5845.746749937387,648.781964687479,6494.528714624866,2
2014-10-02,5845.746749937387,656.5118267813418,6502.258576718728,2
2014-10-03,5845.746749937387,783.987575541058,6629.734325478445,2
2014-10-06,5845.746749937387,772.891208888931,6618.637958826318,2
2014-10-07,6160.685692800349,286.549979329115,6447.235672129464,1
2014-10-08,6160.685692800349,391.52014353155346,6552.205836331903,1
2014-10-09,6424.460604855921,0,6424.460604855921,0
2014-10-10,6424.460604855921,0,6424.460604855921,0
2014-10-13,6424.460604855921,0,6424.460604855921,0
2014-10-14,6424.460604855921,0,6424.460604855921,0
2014-10-15,6424.460604855921,0,6424.460604855921,0
2014-10-16,6424.460604855921,0,6424.460604855921,0
2014-10-17,6424.460604855921,0,6424.460604855921,0
2014-10-20,6424.460604855921,0,6424.460604855921,0
2014-10-21,6424.460604855921,0,6424.460604855921,0
2014-10-22,6424.460604855921,0,6424.460604855921,0
2014-10-23,6424.460604855921,0,6424.460604855921,0
2014-10-24,6424.460604855921,0,6424.460604855921,0
2014-10-27,6424.460604855921,0,6424.460604855921,0
2014-10-28,5990.208219484306,432.56891929085714,6422.777138775164,1
2014-10-29,5565.849654650659,847.2674562828115,6413.117110933471,2
2014-10-30,5565.849654650659,889.1229617629465,6454.972616413606,2
2014-10-31,6077.326970156806,424.61662379398496,6501.943593950791,1
2014-11-03,5644.313541521728,854.182589395396,6498.496130917125,2
2014-11-04,5644.313541521728,839.7737554692242,6484.087296990952,2
2014-11-05,5644.313541521728,883.4335595271887,6527.747101048917,2
2014-11-06,5644.313541521728,910.9115692712494,6555.225110792978,2
2014-11-07,5644.313541521728,923.8277985374784,6568.141340059206,2
2014-11-10,6154.17017836776,436.08348234467354,6590.253660712434,1
2014-11-11,5717.092731334201,872.5436717120135,6589.636403046215,2
2014-11-12,5717.092731334201,869.8891799434249,6586.981911277626,2
2014-11-13,5717.092731334201,861.8972791594887,6578.99001049369,2
2014-11-14,5717.092731334201,874.6642258672337,6591.7569572014345,2
2014-11-17,5717.092731334201,876.5526569096083,6593.645388243809,2
2014-11-18,5717.092731334201,906.3206083992118,6623.413339733413,2
2014-11-19,5717.092731334201,901.622238114617,6618.714969448818,2
2014-11-20,5717.092731334201,919.5468656375208,6636.639596971721,2
2014-11-21,6238.320578841782,426.01274763950306,6664.3333264812845,1
2014-11-24,5801.027875988953,877.166490044907,6678.19436603386,2
2014-11-25,5801.027875988953,880.912672467252,6681.940548456206,2
2014-11-26,5801.027875988953,901.3690074223377,6702.396883411291,2
2014-11-28,5801.027875988953,871.832361324324,6672.860237313277,2
2014-12-01,5801.027875988953,826.800836497333,6627.828712486286,2
2014-12-02,5801.027875988953,891.8161068154973,6692.84398280445,2
2014-12-03,5801.027875988953,919.9064652167744,6720.934341205728,2
2014-12-04,5832.7343988030425,885.5828398609418,6718.317238663984,2
2014-12-05,5832.7343988030425,905.8288449824164,6738.563243785459,2
2014-12-08,5832.7343988030425,834.9723873333401,6667.706786136383,2
2014-12-09,5832.7343988030425,819.1948090989503,6651.929207901992,2
2014-12-10,5832.7343988030425,664.7524172381324,6497.486816041175,2
2014-12-11,5832.7343988030425,686.8440827253557,6519.578481528399,2
2014-12-12,5975.477656932706,415.14422583286006,6390.621882765566,1
2014-12-15,5975.477656932706,411.16422546255865,6386.6418823952645,1
2014-12-16,5975.477656932706,376.3190864489445,6351.79674338165,1
2014-12-17,5559.478295045083,858.0072360191155,6417.485531064198,2
2014-12-18,6084.402212612813,428.3878004083096,6512.790013021123,1
2014-12-19,5653.316998718882,871.1229666916337,6524.4399654105155,2
2014-12-22,5653.316998718882,912.6433348442117,6565.960333563094,2
2014-12-23,5686.384905734665,891.6023957721841,6577.98730150685,2
2014-12-24,5686.384905734665,900.5487682916914,6586.933674026357,2
2014-12-26,5723.96269887701,877.0993469350688,6601.062045812078,2
2014-12-29,5723.96269887701,881.4013518907873,6605.364050767797,2
2014-12-30,5723.96269887701,847.9765257650545,6571.939224642064,2
2014-12-31,5723.96269887701,748.8427732070634,6472.805472084073,2
2015-01-02,5723.96269887701,771.0171549979457,6494.979853874956,2
2015-01-05,5723.96269887701,631.2581859785361,6355.220884855546,2
2015-01-06,6281.355434902976,0,6281.355434902976,0
2015-01-07,6281.355434902976,0,6281.355434902976,0
2015-01-08,5852.168583570158,427.8708271250014,6280.03941069516,1
2015-01-09,5852.168583570158,405.96899938013456,6258.137582950293,1
2015-01-12,5852.168583570158,375.90651342147294,6228.075096991632,1
2015-01-13,5852.168583570158,364.9144107837934,6217.082994353952,1
2015-01-14,5852.168583570158,345.2665800777829,6197.435163647941,1
2015-01-15,5852.168583570158,315.38683118913013,6167.555414759288,1
2015-01-16,5852.168583570158,362.39588819931396,6214.564471769472,1
2015-01-20,5852.168583570158,380.1383517141286,6232.306935284287,1
2015-01-21,5852.168583570158,402.97048702610994,6255.1390705962685,1
2015-01-22,5428.413913542717,881.2010170262893,6309.614930569006,2
2015-01-23,5428.413913542717,856.487014290019,6284.900927832736,2
2015-01-26,5472.58774731257,850.0368276146612,6322.624574927231,2
2015-01-27,5472.58774731257,752.7351877142999,6225.32293502687,2
2015-01-28,5472.58774731257,637.1479178142656,6109.735665126836,2
2015-01-29,5472.58774731257,714.2227060621351,6186.8104533747055,2
2015-01-30,5472.58774731257,613.889688114891,6086.477435427461,2
2015-02-02,5472.58774731257,717.2902917786153,6189.878039091185,2
2015-02-03,5472.58774731257,834.1736430775472,6306.761390390117,2
2015-02-04,5472.58774731257,801.2458847853779,6273.833632097948,2
2015-02-05,5472.58774731257,880.4959783142926,6353.083725626862,2
2015-02-06,5472.58774731257,862.3916042694722,6334.979351582042,2
2015-02-09,5472.58774731257,838.223811688622,6310.811559001192,2
2015-02-10,5509.784605435049,873.1901287140195,6382.974734149069,2
2015-02-11,5509.784605435049,880.8212472910318,6390.605852726081,2
2015-02-12,5566.22265035666,880.8593779994887,6447.082028356149,2
2015-02-13,5606.731707887474,866.006601140208,6472.738309027682,2
2015-02-17,5606.731707887474,868.3672751814111,6475.098983068885,2
2015-02-18,5606.731707887474,875.6869129857854,6482.418620873259,2
2015-02-19,5606.731707887474,876.725685776187,6483.457393663661,2
2015-02-20,5637.365231449719,887.9645380333923,6525.329769483112,2
2015-02-23,5637.365231449719,892.3075825147719,6529.672813964491,2
2015-02-24,5673.209271302474,881.7956949557158,6555.00496625819,2
2015-02-25,5673.209271302474,878.602285924564,6551.811557227038,2
2015-02-26,5673.209271302474,873.2753360236813,6546.484607326155,2
2015-02-27,5673.209271302474,870.9806620798424,6544.189933382317,2
2015-03-02,5709.146661111925,876.4642159791397,6585.610877091065,2
2015-03-03,5709.146661111925,839.9000290349718,6549.046690146897,2
2015-03-04,5709.146661111925,809.45169580475,6518.598356916675,2
2015-03-05,5709.146661111925,823.6788713147916,6532.825532426717,2
2015-03-06,5709.146661111925,704.7559614708313,6413.9026225827565,2
2015-03-09,5709.146661111925,746.9771243119343,6456.123785423859,2
2015-03-10,5988.0559063689925,304.8937440902499,6292.949650459243,1
2015-03-11,6282.630984357698,0,6282.630984357698,0
2015-03-12,5860.801418100989,420.8018843142003,6281.603302415189,1
2015-03-13,5860.801418100989,401.5309943148484,6262.332412415838,1
2015-03-16,5434.950569075281,867.3736980404415,6302.324267115722,2
2015-03-17,5434.950569075281,854.2284922657735,6289.179061341055,2
2015-03-18,5469.287702837154,894.5203500069273,6363.808052844081,2
2015-03-19,5469.287702837154,873.9295967415853,6343.21729957874,2
2015-03-20,5511.993021591095,884.3490989600926,6396.342120551188,2
2015-03-23,5511.993021591095,877.7540505860037,6389.747072177099,2
2015-03-24,5511.993021591095,843.3953552122309,6355.3883768033265,2
2015-03-25,5511.993021591095,716.9035052848159,6228.896526875911,2
2015-03-26,5511.993021591095,696.5400497732901,6208.533071364385,2
2015-03-27,5511.993021591095,726.9355303088848,6238.92855189998,2
2015-03-30,5511.993021591095,834.509190126805,6346.5022117179005,2
2015-03-31,5511.993021591095,763.1503525746283,6275.143374165724,2
2015-04-01,5511.993021591095,736.9818405324392,6248.974862123535,2
2015-04-02,5511.993021591095,776.8061947312162,6288.799216322312,2
2015-04-06,5511.993021591095,846.8393117203361,6358.832333311431,2
2015-04-07,5511.993021591095,837.1039373765307,6349.096958967626,2
2015-04-08,5511.993021591095,875.3628441025935,6387.355865693689,2
2015-04-09,5552.780306909265,878.2794448009149,6431.05975171018,2
2015-04-10,5579.222453706845,890.3073719909364,6469.529825697781,2
2015-04-13,5579.222453706845,851.1224485611785,6430.344902268023,2
2015-04-14,5579.222453706845,867.8475889465344,6447.0700426533795,2
2015-04-15,5579.222453706845,910.1112656244443,6489.333719331289,2
2015-04-16,5579.222453706845,913.8177355364951,6493.04018924334,2
2015-04-17,5579.222453706845,833.1651342746227,6412.387587981468,2
2015-04-20,5579.222453706845,906.1866507051333,6485.409104411979,2
2015-04-21,5579.222453706845,903.7195127849466,6482.941966491791,2
2015-04-22,5619.397730483871,895.0974342810994,6514.4951647649705,2
2015-04-23,5661.475851426069,868.0635671852212,6529.539418611291,2
2015-04-24,5661.475851426069,886.2494506946456,6547.725302120715,2
2015-04-27,5661.475851426069,857.2736535840909,6518.749505010161,2
2015-04-28,5661.475851426069,888.8054618957426,6550.2813133218115,2
2015-04-29,5661.475851426069,853.2128380843237,6514.688689510393,2
2015-04-30,5661.475851426069,767.6598541116966,6429.135705537766,2
2015-05-01,5661.475851426069,876.8059765308218,6538.281827956891,2
2015-05-04,5661.475851426069,901.7143382587495,6563.1901896848185,2
2015-05-05,5661.475851426069,804.2507066421149,6465.726558068184,2
2015-05-06,5661.475851426069,759.9217445768211,6421.39759600289,2
2015-05-07,5661.475851426069,794.8141224733948,6456.289973899464,2
2015-05-08,5699.873806157013,881.4849274173722,6581.358733574385,2
2015-05-11,5699.873806157013,845.8415214210476,6545.71532757806,2
2015-05-12,5699.873806157013,830.1034290408166,6529.97723519783,2
2015-05-13,5699.873806157013,834.3925037940708,6534.266309951084,2
2015-05-14,5737.416177245325,878.769450029208,6616.1856272745335,2
2015-05-15,5737.416177245325,892.3407471245303,6629.756924369855,2
2015-05-18,5737.416177245325,910.18038267311,6647.596559918436,2
2015-05-19,5737.416177245325,908.5952063290006,6646.011383574326,2
2015-05-20,5737.416177245325,907.260174447516,6644.676351692841,2
2015-05-21,5766.601175368318,901.7518309104341,6668.353006278752,2
2015-05-22,5766.601175368318,893.3964452637226,6659.997620632041,2
2015-05-26,5766.601175368318,809.6401584731758,6576.2413338414935,2
2015-05-27,5766.601175368318,883.8486351338366,6650.449810502155,2
2015-05-28,5766.601175368318,880.1032752126368,6646.7044505809545,2
2015-05-29,5766.601175368318,835.7440814149065,6602.345256783225,2
2015-06-01,5766.601175368318,861.0479708603777,6627.649146228696,2
2015-06-02,5766.601175368318,855.1116230913949,6621.712798459713,2
2015-06-03,5766.601175368318,883.343458282181,6649.944633650499,2
2015-06-04,5766.601175368318,810.3810967503334,6576.982272118651,2
2015-06-05,5766.601175368318,812.2692134845827,6578.870388852901,2
2015-06-08,5766.601175368318,754.7342633346723,6521.33543870299,2
2015-06-09,5766.601175368318,778.2234520947795,6544.824627463097,2
2015-06-10,5803.589285761323,868.8995001455601,6672.488785906882,2
2015-06-11,5803.589285761323,890.905010343517,6694.49429610484,2
2015-06-12,5803.589285761323,831.9023031489544,6635.491588910277,2
2015-06-15,5803.589285761323,785.1503340524062,6588.7396198137285,2
2015-06-16,5803.589285761323,847.848798610506,6651.438084371828,2
2015-06-17,5803.589285761323,874.7699573186003,6678.359243079923,2
2015-06-18,5855.659642814249,896.1970232435301,6751.85666605778,2
2015-06-19,5855.659642814249,860.3431617993072,6716.002804613557,2
2015-06-22,5891.876509399208,879.8630123588539,6771.7395217580615,2
2015-06-23,5891.876509399208,897.5546904064528,6789.431199805661,2
2015-06-24,5891.876509399208,838.0146118547209,6729.891121253929,2
2015-06-25,5891.876509399208,808.6226325791124,6700.49914197832,2
2015-06-26,5891.876509399208,809.0633288484156,6700.939838247624,2
2015-06-29,6190.640115863228,302.56591922038683,6493.206035083615,1
2015-06-30,6190.640115863228,316.1885849906042,6506.828700853832,1
2015-07-01,6190.640115863228,356.98507781127944,6547.6251936745075,1
2015-07-02,6190.640115863228,353.2536501959598,6543.893766059187,1
2015-07-06,6190.640115863228,342.289525188172,6532.9296410514,1
2015-07-07,6190.640115863228,378.54126421031003,6569.181380073538,1
2015-07-08,6473.101908195153,0,6473.101908195153,0
2015-07-09,6473.101908195153,0,6473.101908195153,0
2015-07-10,6473.101908195153,0,6473.101908195153,0
2015-07-13,6473.101908195153,0,6473.101908195153,0
2015-07-14,6044.681368416689,426.8567573922361,6471.5381258089255,1
2015-07-15,5617.379247959782,853.6319746216243,6471.011222581406,2
2015-07-16,5617.379247959782,915.6185032281733,6532.997751187955,2
2015-07-17,5617.379247959782,925.3842320497965,6542.763480009578,2
2015-07-20,6109.486384748951,435.4746485045313,6544.961033253483,1
2015-07-21,5670.979282462823,862.2132876338741,6533.192570096697,2
2015-07-22,5670.979282462823,852.7343426697311,6523.713625132554,2
2015-07-23,5670.979282462823,807.6932591755827,6478.672541638406,2
2015-07-24,5670.979282462823,707.8938904689977,6378.873172931821,2
2015-07-27,5670.979282462823,642.7394228844619,6313.718705347284,2
2015-07-28,5670.979282462823,776.2032101738757,6447.182492636699,2
2015-07-29,5670.979282462823,850.6372804133571,6521.61656287618,2
2015-07-30,5670.979282462823,861.6041310279438,6532.583413490767,2
2015-07-31,5670.979282462823,849.7713489373716,6520.750631400195,2
2015-08-03,5670.979282462823,832.9019153288046,6503.8811977916275,2
2015-08-04,5670.979282462823,810.7679965604241,6481.747279023247,2
2015-08-05,5670.979282462823,850.0512592874472,6521.0305417502705,2
2015-08-06,5670.979282462823,764.5113672612499,6435.490649724073,2
2015-08-07,5670.979282462823,745.999007050533,6416.978289513356,2
2015-08-10,5670.979282462823,898.9769705193808,6569.956252982203,2
2015-08-11,5670.979282462823,796.507930989726,6467.4872134525485,2
2015-08-12,5670.979282462823,815.280410967739,6486.259693430562,2
2015-08-13,5670.979282462823,811.9721400793799,6482.951422542203,2
2015-08-14,5670.979282462823,871.2045589119169,6542.18384137474,2
2015-08-17,5707.695782977692,899.4135981189229,6607.109381096615,2
2015-08-18,5707.695782977692,877.9458670528938,6585.641650030586,2
2015-08-19,5707.695782977692,794.1741866278614,6501.869969605554,2
2015-08-20,6210.340254322425,0,6210.340254322425,0
2015-08-21,6210.340254322425,0,6210.340254322425,0
2015-08-24,6210.340254322425,0,6210.340254322425,0
2015-08-25,6210.340254322425,0,6210.340254322425,0
2015-08-26,6210.340254322425,0,6210.340254322425,0
2015-08-27,6210.340254322425,0,6210.340254322425,0
2015-08-28,6210.340254322425,0,6210.340254322425,0
2015-08-31,6210.340254322425,0,6210.340254322425,0
2015-09-01,6210.340254322425,0,6210.340254322425,0
2015-09-02,6210.340254322425,0,6210.340254322425,0
2015-09-03,6210.340254322425,0,6210.340254322425,0
2015-09-04,6210.340254322425,0,6210.340254322425,0
2015-09-08,6210.340254322425,0,6210.340254322425,0
2015-09-09,6210.340254322425,0,6210.340254322425,0
2015-09-10,6210.340254322425,0,6210.340254322425,0
2015-09-11,6210.340254322425,0,6210.340254322425,0
2015-09-14,6210.340254322425,0,6210.340254322425,0
2015-09-15,6210.340254322425,0,6210.340254322425,0
2015-09-16,6210.340254322425,0,6210.340254322425,0
2015-09-17,6210.340254322425,0,6210.340254322425,0
2015-09-18,6210.340254322425,0,6210.340254322425,0
2015-09-21,6210.340254322425,0,6210.340254322425,0
2015-09-22,6210.340254322425,0,6210.340254322425,0
2015-09-23,6210.340254322425,0,6210.340254322425,0
2015-09-24,6210.340254322425,0,6210.340254322425,0
2015-09-25,6210.340254322425,0,6210.340254322425,0
2015-09-28,6210.340254322425,0,6210.340254322425,0
2015-09-29,6210.340254322425,0,6210.340254322425,0
2015-09-30,6210.340254322425,0,6210.340254322425,0
2015-10-01,6210.340254322425,0,6210.340254322425,0
2015-10-02,6210.340254322425,0,6210.340254322425,0
2015-10-05,6210.340254322425,0,6210.340254322425,0
2015-10-06,6210.340254322425,0,6210.340254322425,0
2015-10-07,6210.340254322425,0,6210.340254322425,0
2015-10-08,5791.24222463656,417.7450184575736,6208.987243094134,1
2015-10-09,5368.201397669035,845.1827122548978,6213.384109923933,2
2015-10-12,5368.201397669035,873.673407664855,6241.8748053338895,2
2015-10-13,5368.201397669035,823.1745154965548,6191.37591316559,2
2015-10-14,5368.201397669035,796.9043732691176,6165.105770938153,2
2015-10-15,5368.201397669035,898.5852540651983,6266.786651734234,2
2015-10-16,5873.9368948616875,421.94746373741305,6295.884358599101,1
2015-10-19,5449.826769538062,850.9280412326696,6300.754810770732,2
2015-10-20,5449.826769538062,834.3876144901373,6284.214384028199,2
2015-10-21,5449.826769538062,790.9707602357151,6240.797529773777,2
2015-10-22,5449.826769538062,909.7839749603975,6359.610744498459,2
2015-10-23,5966.147300188084,427.1857367358745,6393.333036923958,1
2015-10-26,5537.223899898934,847.8956893914876,6385.119589290422,2
2015-10-27,5537.223899898934,835.5259749060341,6372.749874804968,2
2015-10-28,5537.223899898934,910.0952612348857,6447.31916113382,2
2015-10-29,5537.223899898934,907.191251171053,6444.415151069987,2
2015-10-30,5537.223899898934,883.1711062968379,6420.395006195772,2
2015-11-02,6055.056839945907,426.89683654497907,6481.953676490886,1
2015-11-03,5623.565502895931,862.2529418840204,6485.818444779951,2
2015-11-04,5623.565502895931,831.3200509232324,6454.885553819164,2
2015-11-05,5623.565502895931,835.7098407402038,6459.2753436361345,2
2015-11-06,5623.565502895931,848.9499407218261,6472.515443617757,2
2015-11-09,5623.565502895931,764.4420553801151,6388.0075582760455,2
2015-11-10,5623.565502895931,795.9073833725024,6419.472886268433,2
2015-11-11,5623.565502895931,765.8270985590558,6389.392601454987,2
2015-11-12,5623.565502895931,638.4753407404972,6262.040843636428,2
2015-11-13,5743.718152281859,420.79953696633686,6164.517689248196,1
2015-11-16,5781.71141546158,421.37518565909284,6203.086601120673,1
2015-11-17,5355.865637165375,840.0227128520555,6195.888350017431,2
2015-11-18,5400.938418156652,877.867274812676,6278.805692969328,2
2015-11-19,5400.938418156652,874.5875947317572,6275.526012888409,2
2015-11-20,5453.556090589526,856.7459783988172,6310.302068988343,2
2015-11-23,5453.556090589526,857.6267300198269,6311.182820609353,2
2015-11-24,5453.556090589526,861.7939655325404,6315.350056122066,2
2015-11-25,5453.556090589526,875.8689730442462,6329.425063633773,2
2015-11-27,5453.556090589526,886.4288100677962,6339.984900657322,2
2015-11-30,5453.556090589526,860.3618421787095,6313.917932768236,2
2015-12-01,5492.316734003536,889.6606893399544,6381.977423343491,2
2015-12-02,5492.316734003536,818.2380391376068,6310.5547731411425,2
2015-12-03,5492.316734003536,701.248024848055,6193.564758851591,2
2015-12-04,5492.316734003536,873.6393678584488,6365.956101861985,2
2015-12-07,5492.316734003536,831.281034476897,6323.597768480433,2
2015-12-08,5492.316734003536,769.4780796429295,6261.794813646466,2
2015-12-09,5492.316734003536,697.1077234322345,6189.424457435771,2
2015-12-10,5492.316734003536,719.3568595684628,6211.673593571999,2
2015-12-11,5756.4459545186455,285.5752269896712,6042.021181508317,1
2015-12-14,5756.4459545186455,311.99358823187,6068.439542750515,1
2015-12-15,5756.4459545186455,365.9871039951661,6122.433058513811,1
2015-12-16,5333.323763179163,863.415723432523,6196.739486611686,2
2015-12-17,5333.323763179163,761.3841203913836,6094.707883570546,2
2015-12-18,5333.323763179163,605.0477583490555,5938.371521528218,2
2015-12-21,5333.323763179163,703.8147290748504,6037.138492254013,2
2015-12-22,5333.323763179163,819.0002924476497,6152.324055626812,2
2015-12-23,5381.314147254278,871.0122470266257,6252.326394280904,2
2015-12-24,5381.314147254278,864.333645077407,6245.647792331685,2
2015-12-28,5381.314147254278,851.12448582461,6232.438633078888,2
2015-12-29,5412.312870115503,879.557000802989,6291.869870918492,2
2015-12-30,5412.312870115503,832.4838806762443,6244.796750791747,2
2015-12-31,5412.312870115503,773.0720084418988,6185.384878557402,2
2016-01-04,5412.312870115503,663.3266948304467,6075.63956494595,2
2016-01-05,5412.312870115503,691.6676826609994,6103.980552776502,2
2016-01-06,5695.071873472876,306.3529715932887,6001.424845066165,1
2016-01-07,5909.365825003142,0,5909.365825003142,0
2016-01-08,5909.365825003142,0,5909.365825003142,0
2016-01-11,5909.365825003142,0,5909.365825003142,0
2016-01-12,5909.365825003142,0,5909.365825003142,0
2016-01-13,5909.365825003142,0,5909.365825003142,0
2016-01-14,5909.365825003142,0,5909.365825003142,0
2016-01-15,5909.365825003142,0,5909.365825003142,0
2016-01-19,5909.365825003142,0,5909.365825003142,0
2016-01-20,5909.365825003142,0,5909.365825003142,0
2016-01-21,5909.365825003142,0,5909.365825003142,0
2016-01-22,5909.365825003142,0,5909.365825003142,0
2016-01-25,5909.365825003142,0,5909.365825003142,0
2016-01-26,5909.365825003142,0,5909.365825003142,0
2016-01-27,5909.365825003142,0,5909.365825003142,0
2016-01-28,5909.365825003142,0,5909.365825003142,0
2016-01-29,5909.365825003142,0,5909.365825003142,0
2016-02-01,5909.365825003142,0,5909.365825003142,0
2016-02-02,5909.365825003142,0,5909.365825003142,0
2016-02-03,5909.365825003142,0,5909.365825003142,0
2016-02-04,5909.365825003142,0,5909.365825003142,0
2016-02-05,5909.365825003142,0,5909.365825003142,0
2016-02-08,5909.365825003142,0,5909.365825003142,0
2016-02-09,5909.365825003142,0,5909.365825003142,0
2016-02-10,5909.365825003142,0,5909.365825003142,0
2016-02-11,5909.365825003142,0,5909.365825003142,0
2016-02-12,5909.365825003142,0,5909.365825003142,0
2016-02-16,5909.365825003142,0,5909.365825003142,0
2016-02-17,5909.365825003142,0,5909.365825003142,0
2016-02-18,5909.365825003142,0,5909.365825003142,0
2016-02-19,5909.365825003142,0,5909.365825003142,0
2016-02-22,5909.365825003142,0,5909.365825003142,0
2016-02-23,5909.365825003142,0,5909.365825003142,0
2016-02-24,5909.365825003142,0,5909.365825003142,0
2016-02-25,5489.198617504538,419.2314440454265,5908.430061549964,1
2016-02-26,5065.9870135567035,834.1626749288398,5900.149688485543,2
2016-02-29,5065.9870135567035,799.4541516801994,5865.441165236903,2
2016-03-01,5565.051221366541,423.4845027127971,5988.535724079337,1
2016-03-02,5138.892880937138,862.8581788524493,6001.751059789587,2
2016-03-03,5138.892880937138,885.2471390428557,6024.140019979994,2
2016-03-04,5138.892880937138,898.0693178114375,6036.962198748575,2
2016-03-07,5138.892880937138,904.2701509849293,6043.163031922068,2
2016-03-08,5138.892880937138,845.711345324911,5984.604226262049,2
2016-03-09,5138.892880937138,875.3622801396305,6014.255161076769,2
2016-03-10,5138.892880937138,883.6749981608948,6022.567879098033,2
2016-03-11,5667.807982747159,422.5188896471682,6090.326872394327,1
2016-03-14,5238.61273297743,849.2629846206793,6087.875717598109,2
2016-03-15,5238.61273297743,845.1485305159263,6083.761263493356,2
2016-03-16,5238.61273297743,900.3311848646451,6138.943917842075,2
2016-03-17,5744.895679385633,423.2979468869331,6168.193626272567,1
2016-03-18,5318.405747991051,864.2207040164487,6182.626452007499,2
2016-03-21,5318.405747991051,881.863363437312,6200.2691114283625,2
2016-03-22,5318.405747991051,874.3857722291422,6192.791520220193,2
2016-03-23,5318.405747991051,830.3664357031196,6148.77218369417,2
2016-03-24,5318.405747991051,834.8562416021884,6153.261989593239,2
2016-03-28,5318.405747991051,845.3056744678997,6163.71142245895,2
2016-03-29,5347.346535800553,885.5349091641168,6232.88144496467,2
2016-03-30,5375.627732943283,881.322907086971,6256.950640030254,2
2016-03-31,5375.627732943283,867.6349481304185,6243.262681073702,2
2016-04-01,5375.627732943283,913.1128150445738,6288.740547987857,2
2016-04-04,5375.627732943283,892.0020088598736,6267.629741803157,2
2016-04-05,5375.627732943283,820.5894287768867,6196.21716172017,2
2016-04-06,5375.627732943283,900.3885566559807,6276.0162895992635,2
2016-04-07,5375.627732943283,806.8152646700792,6182.442997613362,2
2016-04-08,5375.627732943283,839.8173757107379,6215.445108654021,2
2016-04-11,5375.627732943283,822.135196598034,6197.762929541317,2
2016-04-12,5375.627732943283,901.5778394405181,6277.205572383801,2
2016-04-13,5898.691363088811,428.63513047806873,6327.326493566879,1
2016-04-14,5467.723574148276,861.6985196838417,6329.422093832118,2
2016-04-15,5467.723574148276,861.2209599473415,6328.944534095618,2
2016-04-18,5467.723574148276,906.1164212235371,6373.8399953718135,2
2016-04-19,5467.723574148276,923.2355788645077,6390.959153012784,2
2016-04-20,5497.993185205368,896.0123414600117,6394.00552666538,2
2016-04-21,5497.993185205368,862.7195246972497,6360.7127099026175,2
2016-04-22,5497.993185205368,878.5220868434876,6376.515272048855,2
2016-04-25,5497.993185205368,864.6268842875922,6362.62006949296,2
2016-04-26,5497.993185205368,880.1541832849796,6378.147368490348,2
2016-04-27,5528.790862332374,861.8134458644627,6390.604308196836,2
2016-04-28,5528.790862332374,784.856359339368,6313.647221671742,2
2016-04-29,5528.790862332374,745.9392996238392,6274.730161956213,2
2016-05-02,5528.790862332374,824.9701917412854,6353.761054073659,2
2016-05-03,5528.790862332374,752.9861734792448,6281.777035811619,2
2016-05-04,5528.790862332374,703.0566016092138,6231.847463941587,2
2016-05-05,5528.790862332374,705.7456837176708,6234.536546050044,2
2016-05-06,5528.790862332374,752.2607170954352,6281.051579427809,2
2016-05-09,5528.790862332374,774.0038131704125,6302.794675502786,2
2016-05-10,5528.790862332374,888.6024239273,6417.393286259674,2
2016-05-11,5528.790862332374,806.9743860780634,6335.765248410437,2
2016-05-12,5528.790862332374,816.1164616246459,6344.90732395702,2
2016-05-13,5528.790862332374,730.9086200182928,6259.699482350667,2
2016-05-16,5528.790862332374,852.2207815906131,6381.011643922987,2
2016-05-17,5528.790862332374,754.1506154867914,6282.941477819165,2
2016-05-18,5528.790862332374,760.538401155397,6289.329263487771,2
2016-05-19,5528.790862332374,720.2957379478839,6249.086600280258,2
2016-05-20,5528.790862332374,820.7029186017805,6349.4937809341545,2
2016-05-23,5528.790862332374,843.356899393604,6372.147761725978,2
2016-05-24,6066.84855644401,428.6209809814668,6495.469537425477,1
2016-05-25,5640.762988098199,875.3381855506407,6516.101173648839,2
2016-05-26,5640.762988098199,885.1469139349813,6525.90990203318,2
2016-05-27,5674.470219543457,874.9622321348518,6549.432451678308,2
2016-05-31,5674.470219543457,863.4197806141071,6537.890000157564,2
2016-06-01,5674.470219543457,872.5160295460045,6546.986249089461,2
2016-06-02,5674.470219543457,899.0250140361891,6573.495233579646,2
2016-06-03,5674.470219543457,891.2449550632738,6565.71517460673,2
2016-06-06,5714.999209575919,878.7311751114307,6593.730384687349,2
2016-06-07,5714.999209575919,881.7769830596283,6596.776192635547,2
2016-06-08,5714.999209575919,899.8787236551133,6614.877933231032,2
2016-06-09,5714.999209575919,887.0295022545365,6602.028711830455,2
2016-06-10,5714.999209575919,805.7732644056741,6520.772473981593,2
2016-06-13,5714.999209575919,720.4218210014112,6435.42103057733,2
2016-06-14,5714.999209575919,717.4042482307726,6432.403457806691,2
2016-06-15,5714.999209575919,712.5524204052163,6427.551629981135,2
2016-06-16,5714.999209575919,747.2677100844408,6462.26691966036,2
2016-06-17,5714.999209575919,728.3372118514742,6443.336421427393,2
2016-06-20,5714.999209575919,801.1111201608963,6516.110329736815,2
2016-06-21,5714.999209575919,825.7854386993632,6540.784648275282,2
2016-06-22,5714.999209575919,791.6911525855355,6506.690362161455,2
2016-06-23,5770.7582741254155,860.5747118724153,6631.332985997831,2
2016-06-24,5770.7582741254155,568.099342745397,6338.857616870812,2
2016-06-27,6219.328775532928,0,6219.328775532928,0
2016-06-28,6219.328775532928,0,6219.328775532928,0
2016-06-29,6219.328775532928,0,6219.328775532928,0
2016-06-30,5796.60481457774,420.9773130990044,6217.582127676745,1
2016-07-01,5363.020812120115,866.6537014277847,6229.6745135479,2
2016-07-05,5363.020812120115,831.0772324920616,6194.098044612177,2
2016-07-06,5363.020812120115,872.1073548383811,6235.128166958496,2
2016-07-07,5363.020812120115,874.5496462306644,6237.5704583507795,2
2016-07-08,5886.7905793192285,428.59499249604517,6315.385571815274,1
2016-07-11,5450.8172622106085,873.1845572456275,6324.001819456236,2
2016-07-12,5450.8172622106085,907.4315256294376,6358.248787840046,2
2016-07-13,5450.8172622106085,919.0055498168147,6369.822812027423,2
2016-07-14,5954.70204585459,435.36389448689334,6390.065940341484,1
2016-07-15,5519.12439445269,870.0153973295129,6389.139791782202,2
2016-07-18,5519.12439445269,895.0949846002098,6414.219379052899,2
2016-07-19,5519.12439445269,899.6211897537898,6418.745584206479,2
2016-07-20,5519.12439445269,925.5136671289108,6444.638061581601,2
2016-07-21,5519.12439445269,895.2183921226659,6414.342786575356,2
2016-07-22,5519.12439445269,930.9849377076051,6450.109332160295,2
2016-07-25,5519.12439445269,914.403636359036,6433.528030811725,2
2016-07-26,5519.12439445269,916.75297312864,6435.87736758133,2
2016-07-27,5519.12439445269,918.6908401825283,6437.815234635218,2
2016-07-28,5519.12439445269,931.4003525882106,6450.5247470409,2
2016-07-29,6037.76710093705,430.5667062478269,6468.333807184877,1
2016-08-01,5602.7261736569535,858.8676040145733,6461.593777671527,2
2016-08-02,5602.7261736569535,803.9741114089277,6406.700285065881,2
2016-08-03,5602.7261736569535,836.8606275525938,6439.586801209547,2
2016-08-04,5602.7261736569535,849.6503367938583,6452.376510450812,2
2016-08-05,5602.7261736569535,919.0936789507894,6521.819852607743,2
2016-08-08,5602.7261736569535,922.0836456305627,6524.809819287516,2
2016-08-09,5602.7261736569535,924.3156893143719,6527.041862971326,2
2016-08-10,5602.7261736569535,907.1630210523106,6509.889194709264,2
2016-08-11,6102.243286462478,434.9262355398331,6537.169522002311,1
2016-08-12,5666.90257586743,869.22360636263,6536.126182230059,2
2016-08-15,5666.90257586743,888.1896243514522,6555.092200218882,2
2016-08-16,5666.90257586743,842.5762447466943,6509.478820614124,2
2016-08-17,5666.90257586743,866.2041276895677,6533.106703556998,2
2016-08-18,5666.90257586743,897.0148853518772,6563.917461219307,2
2016-08-19,5666.90257586743,893.9512500053427,6560.853825872772,2
2016-08-22,5666.90257586743,883.6688523076768,6550.571428175106,2
2016-08-23,5666.90257586743,896.925329780473,6563.827905647902,2
2016-08-24,5666.90257586743,849.1907276978333,6516.093303565263,2
2016-08-25,5666.90257586743,840.9860675490812,6507.888643416511,2
2016-08-26,5666.90257586743,833.7870391877675,6500.6896150551975,2
2016-08-29,5666.90257586743,897.7991613722429,6564.701737239673,2
2016-08-30,5666.90257586743,887.9949926471829,6554.897568514612,2
2016-08-31,5666.90257586743,872.4966818947959,6539.399257762226,2
2016-09-01,5666.90257586743,877.8554883694469,6544.758064236877,2
2016-09-02,5695.979513683653,903.9057831818204,6599.885296865474,2
2016-09-06,5744.956399981151,883.1366724210475,6628.093072402198,2
2016-09-07,5744.956399981151,886.7459553040485,6631.702355285199,2
2016-09-08,5744.956399981151,866.6130597087118,6611.569459689863,2
2016-09-09,5744.956399981151,623.108614853524,6368.065014834675,2
2016-09-12,5744.956399981151,766.3158324182518,6511.272232399402,2
2016-09-13,5744.956399981151,623.3263557908729,6368.282755772024,2
2016-09-14,5744.956399981151,618.1613019501433,6363.1177019312945,2
2016-09-15,5744.956399981151,718.8990206444572,6463.855420625608,2
2016-09-16,5744.956399981151,701.9476471021626,6446.904047083313,2
2016-09-19,5744.956399981151,709.9199919676905,6454.876391948841,2
2016-09-20,5744.956399981151,711.7662315056954,6456.722631486846,2
2016-09-21,5744.956399981151,850.1803708900861,6595.136770871237,2
2016-09-22,5780.362785330961,882.2775642662501,6662.640349597211,2
2016-09-23,5780.362785330961,842.6778084493092,6623.04059378027,2
2016-09-26,5780.362785330961,745.9989090950213,6526.361694425982,2
2016-09-27,5780.362785330961,828.961232581807,6609.324017912768,2
2016-09-28,5780.362785330961,885.3916660915909,6665.754451422552,2
2016-09-29,5780.362785330961,789.2178083777129,6569.580593708673,2
2016-09-30,5780.362785330961,871.4183788267754,6651.781164157736,2
2016-10-03,5780.362785330961,863.7156333994676,6644.078418730429,2
2016-10-04,5780.362785330961,828.4490596070075,6608.811844937968,2
2016-10-05,5780.362785330961,884.8347052152083,6665.197490546169,2
2016-10-06,6252.47804085627,426.4136707920397,6678.89171164831,1
2016-10-07,6252.47804085627,410.516328841922,6662.994369698192,1
2016-10-10,6252.47804085627,436.90958243736304,6689.387623293633,1
2016-10-11,6252.47804085627,370.4411211988358,6622.9191620551055,1
2016-10-12,6252.47804085627,375.0911684471603,6627.56920930343,1
2016-10-13,6252.47804085627,357.7436675242055,6610.221708380475,1
2016-10-14,6252.47804085627,365.2610344660793,6617.73907532235,1
2016-10-17,6252.47804085627,358.1390632339179,6610.617104090188,1
2016-10-18,6252.47804085627,404.99948260378,6657.47752346005,1
2016-10-19,6252.47804085627,429.06092327480235,6681.538964131072,1
2016-10-20,6252.47804085627,433.7261031180831,6686.204143974353,1
2016-10-21,6252.47804085627,443.81617141917553,6696.294212275446,1
2016-10-24,6739.0905815425685,0,6739.0905815425685,0
2016-10-25,6739.0905815425685,0,6739.0905815425685,0
2016-10-26,6739.0905815425685,0,6739.0905815425685,0
2016-10-27,6739.0905815425685,0,6739.0905815425685,0
2016-10-28,6739.0905815425685,0,6739.0905815425685,0
2016-10-31,6739.0905815425685,0,6739.0905815425685,0
2016-11-01,6739.0905815425685,0,6739.0905815425685,0
2016-11-02,6739.0905815425685,0,6739.0905815425685,0
2016-11-03,6739.0905815425685,0,6739.0905815425685,0
2016-11-04,6739.0905815425685,0,6739.0905815425685,0
2016-11-07,6739.0905815425685,0,6739.0905815425685,0
2016-11-08,6739.0905815425685,0,6739.0905815425685,0
2016-11-09,6304.639252552254,433.058087140574,6737.697339692828,1
2016-11-10,5880.049049411023,858.9897359741874,6739.03878538521,2
2016-11-11,5880.049049411023,864.5869361420459,6744.635985553068,2
2016-11-14,5880.049049411023,868.177635449447,6748.2266848604695,2
2016-11-15,5880.049049411023,922.1019683781636,6802.151017789186,2
2016-11-16,5880.049049411023,913.6616877313973,6793.71073714242,2
2016-11-17,6381.478572392535,433.5208621279531,6814.999434520489,1
2016-11-18,5948.326962456015,865.0456207827212,6813.372583238736,2
2016-11-21,5948.326962456015,916.8450504415259,6865.172012897541,2
2016-11-22,5948.326962456015,928.3005193717491,6876.627481827764,2
2016-11-23,6453.23332940726,425.0636056432512,6878.296935050511,1
2016-11-25,6015.214815903453,876.7058440392987,6891.920659942752,2
2016-11-28,6015.214815903453,839.8542633403871,6855.06907924384,2
2016-11-29,6015.214815903453,855.8850151942484,6871.099831097701,2
2016-11-30,6015.214815903453,834.6110789032953,6849.825894806749,2
2016-12-01,6015.214815903453,801.067942984391,6816.2827588878445,2
2016-12-02,6015.214815903453,806.4745773645282,6821.689393267981,2
2016-12-05,6015.214815903453,891.7788881466372,6906.99370405009,2
2016-12-06,6015.214815903453,920.1824798204378,6935.397295723891,2
2016-12-07,6541.631575390978,434.232546507603,6975.86412189858,1
2016-12-08,6104.366514985276,873.4496774642739,6977.81619244955,2
2016-12-09,6104.366514985276,920.2897263409385,7024.6562413262145,2
2016-12-12,6104.366514985276,908.3053321877826,7012.671847173058,2
2016-12-13,6141.553170955267,895.4743967773686,7037.027567732635,2
2016-12-14,6141.553170955267,847.8921530379621,6989.445323993229,2
2016-12-15,6141.553170955267,879.2614504776143,7020.814621432881,2
2016-12-16,6141.553170955267,883.5164827946287,7025.069653749895,2
2016-12-19,6188.582409345034,861.6254207883868,7050.20783013342,2
2016-12-20,6188.582409345034,891.15344020103,7079.735849546064,2
2016-12-21,6188.582409345034,883.7915264219262,7072.37393576696,2
2016-12-22,6188.582409345034,872.2750837962495,7060.857493141283,2
2016-12-23,6188.582409345034,883.145548185064,7071.727957530098,2
2016-12-27,6188.582409345034,900.192506943959,7088.774916288992,2
2016-12-28,6188.582409345034,831.0796153731992,7019.662024718233,2
2016-12-29,6188.582409345034,825.6566511643157,7014.23906050935,2
2016-12-30,6188.582409345034,780.7344311714555,6969.316840516489,2
2017-01-03,6188.582409345034,888.5404546616179,7077.122864006652,2
2017-01-04,6690.6874281968285,435.7231503715166,7126.410578568345,1
2017-01-05,6254.002730466008,872.050791920363,7126.053522386371,2
2017-01-06,6254.002730466008,900.6044809846754,7154.607211450683,2
2017-01-09,6254.002730466008,885.5043363261618,7139.50706679217,2
2017-01-10,6254.002730466008,889.9857977259924,7143.988528192001,2
2017-01-11,6254.002730466008,912.5012998185402,7166.504030284548,2
2017-01-12,6254.002730466008,899.2466618717262,7153.249392337734,2
2017-01-13,6254.002730466008,917.927302926121,7171.930033392129,2
2017-01-17,6254.002730466008,905.3234835385979,7159.326214004606,2
2017-01-18,6254.002730466008,908.3629230668253,7162.365653532834,2
2017-01-19,6254.002730466008,886.899622001809,7140.902352467817,2
2017-01-20,6254.002730466008,931.4087335574246,7185.411464023433,2
2017-01-23,6254.002730466008,928.0036651093392,7182.006395575347,2
2017-01-24,6790.145067622809,428.7702188594046,7218.915286482214,1
2017-01-25,6360.398769634411,883.5489079976237,7243.947677632035,2
2017-01-26,6360.398769634411,885.6774466369609,7246.076216271372,2
2017-01-27,6360.398769634411,884.2846974925689,7244.68346712698,2
2017-01-30,6360.398769634411,825.6345034807971,7186.033273115208,2
2017-01-31,6360.398769634411,819.9042465720453,7180.303016206456,2
2017-02-01,6360.398769634411,828.9495545671348,7189.348324201546,2
2017-02-02,6360.398769634411,834.271752691627,7194.670522326038,2
2017-02-03,6384.077749932608,878.0408116226987,7262.118561555307,2
2017-02-06,6384.077749932608,865.6700637117203,7249.747813644328,2
2017-02-07,6384.077749932608,872.4542181425301,7256.531968075138,2
2017-02-08,6384.077749932608,877.5750149291367,7261.652764861745,2
2017-02-09,6406.569680894283,900.7926810093867,7307.36236190367,2
2017-02-10,6435.735381481919,889.5327463180668,7325.268127799985,2
2017-02-13,6435.735381481919,919.3474116321784,7355.0827931140975,2
2017-02-14,6469.622104819174,907.4122145246167,7377.03431934379,2
2017-02-15,6469.622104819174,910.4785780845066,7380.1006829036805,2
2017-02-16,6507.9052406881465,872.2693015647965,7380.174542252943,2
2017-02-17,6507.9052406881465,889.6829950953424,7397.588235783489,2
2017-02-21,6548.484174001992,885.1563085621526,7433.640482564145,2
2017-02-22,6548.484174001992,878.7135653509084,7427.1977393529005,2
2017-02-23,6548.484174001992,884.5854281683116,7433.069602170303,2
2017-02-24,6580.876560488627,865.5712577271984,7446.4478182158255,2
2017-02-27,6580.876560488627,868.1073038080212,7448.983864296648,2
2017-02-28,6580.876560488627,839.1145403649589,7419.9911008535855,2
2017-03-01,6580.876560488627,921.6335598467256,7502.510120335352,2
2017-03-02,6580.876560488627,911.1032017086407,7491.9797621972675,2
2017-03-03,6616.384728391991,893.2335742041405,7509.618302596132,2
2017-03-06,6616.384728391991,877.5102230449932,7493.894951436984,2
2017-03-07,6616.384728391991,857.6045916047863,7473.989319996777,2
2017-03-08,6616.384728391991,836.6342234007057,7453.018951792697,2
2017-03-09,6616.384728391991,837.6537286547282,7454.0384570467195,2
2017-03-10,6616.384728391991,875.9747320967813,7492.359460488773,2
2017-03-13,6656.257973267974,853.3788000016784,7509.636773269653,2
2017-03-14,6656.257973267974,812.3865007942271,7468.644474062201,2
2017-03-15,6656.257973267974,886.331639722358,7542.589612990332,2
2017-03-16,6656.257973267974,888.4021550502712,7544.660128318245,2
2017-03-17,6656.257973267974,882.3284271746011,7538.586400442575,2
2017-03-20,6656.257973267974,879.6653525117404,7535.923325779715,2
2017-03-21,6656.257973267974,752.9957563671186,7409.253729635093,2
2017-03-22,6656.257973267974,770.2182700004468,7426.476243268421,2
2017-03-23,6656.257973267974,758.7611121772663,7415.01908544524,2
2017-03-24,6656.257973267974,757.2905083822402,7413.548481650214,2
2017-03-27,6656.257973267974,769.8170128216575,7426.074986089632,2
2017-03-28,6656.257973267974,870.3118865539536,7526.569859821928,2
2017-03-29,6656.257973267974,889.1242285204288,7545.382201788403,2
2017-03-30,6691.7447019301535,879.0696545300234,7570.814356460177,2
2017-03-31,6691.7447019301535,851.6299201868217,7543.374622116975,2
2017-04-03,6691.7447019301535,853.3452437206194,7545.089945650773,2
2017-04-04,6691.7447019301535,873.8725831069057,7565.617285037059,2
2017-04-05,6691.7447019301535,834.9498443062839,7526.694546236437,2
2017-04-06,6691.7447019301535,865.3973270909933,7557.142029021146,2
2017-04-07,6691.7447019301535,856.6530675898198,7548.397769519974,2
2017-04-10,6691.7447019301535,865.0287875535021,7556.773489483656,2
2017-04-11,6691.7447019301535,847.7023530447186,7539.447054974872,2
2017-04-12,6691.7447019301535,816.0237199765369,7507.7684219066905,2
2017-04-13,6691.7447019301535,753.0452457746344,7444.789947704788,2
2017-04-17,7265.300282687346,408.9913548218839,7674.29163750923,1
2017-04-18,7265.300282687346,401.51368704079925,7666.813969728146,1
2017-04-19,7265.300282687346,392.73503283819514,7658.035315525542,1
2017-04-20,7265.300282687346,434.6314416338487,7699.931724321195,1
2017-04-21,7265.300282687346,422.5034097439185,7687.803692431265,1
2017-04-24,7321.149941768862,431.52338651847197,7752.673328287334,1
2017-04-25,6880.435313588008,889.9756943191072,7770.411007907115,2
2017-04-26,6880.435313588008,887.9652955780412,7768.400609166049,2
2017-04-27,6880.435313588008,903.9395164823054,7784.374830070314,2
2017-04-28,6880.435313588008,886.2234872674605,7766.658800855469,2
2017-05-01,6880.435313588008,919.058022807425,7799.493336395433,2
2017-05-02,6880.435313588008,918.5791738962314,7799.01448748424,2
2017-05-03,6880.435313588008,913.3870000023102,7793.822313590318,2
2017-05-04,6915.139812206657,886.302971687338,7801.442783893995,2
2017-05-05,6915.139812206657,910.0655789917255,7825.205391198382,2
2017-05-08,6954.199737010358,892.8118862818953,7847.011623292254,2
2017-05-09,6954.199737010358,884.7569488616977,7838.9566858720555,2
2017-05-10,6954.199737010358,889.0676409806822,7843.26737799104,2
2017-05-11,6954.199737010358,869.4101668287926,7823.609903839151,2
2017-05-12,6954.199737010358,866.6082755973307,7820.808012607689,2
2017-05-15,6954.199737010358,906.7547818904111,7860.9545189007695,2
2017-05-16,6954.199737010358,901.4917909701209,7855.691527980479,2
2017-05-17,6954.199737010358,673.6707851907865,7627.870522201145,2
2017-05-18,6954.199737010358,720.9428885123416,7675.1426255227,2
2017-05-19,6954.199737010358,828.2443672339443,7782.444104244302,2
2017-05-22,6954.199737010358,902.9788164976098,7857.178553507968,2
2017-05-23,6985.378269242531,889.2974041107182,7874.675673353249,2
2017-05-24,6985.378269242531,921.6657559077718,7907.044025150303,2
2017-05-25,7020.333106953796,908.42025718472,7928.753364138516,2
2017-05-26,7057.519981823878,876.8942779375708,7934.414259761449,2
2017-05-30,7057.519981823878,866.48437214555,7924.004353969428,2
2017-05-31,7057.519981823878,865.5650656373231,7923.085047461201,2
2017-06-01,7057.519981823878,925.3912056747421,7982.91118749862,2
2017-06-02,7565.3598355076365,435.3356207430696,8000.695456250706,1
2017-06-05,7122.4197338921795,872.5838961905301,7995.00363008271,2
2017-06-06,7122.4197338921795,846.8473092986983,7969.267043190877,2
2017-06-07,7122.4197338921795,862.3853572748269,7984.805091167006,2
2017-06-08,7122.4197338921795,872.4091279085483,7994.828861800728,2
2017-06-09,7122.4197338921795,857.3743626622136,7979.794096554393,2
2017-06-12,7122.4197338921795,843.7532124387619,7966.172946330941,2
2017-06-13,7122.4197338921795,900.6027783411337,8023.022512233313,2
2017-06-14,7122.4197338921795,893.2921441385851,8015.711878030765,2
2017-06-15,7122.4197338921795,876.2964192781018,7998.716153170281,2
2017-06-16,7122.4197338921795,893.3515523241244,8015.771286216304,2
2017-06-19,7635.916115562759,433.66571159198025,8069.58182715474,1
2017-06-20,7201.181661460773,838.5501518600822,8039.7318133208555,2
2017-06-21,7201.181661460773,839.3328051688112,8040.514466629585,2
2017-06-22,7201.181661460773,844.6395376827406,8045.821199143514,2
2017-06-23,7201.181661460773,869.1185010993988,8070.300162560172,2
2017-06-26,7201.181661460773,882.7858580747318,8083.967519535505,2
2017-06-27,7201.181661460773,794.9586515639296,7996.140313024703,2
2017-06-28,7201.181661460773,890.7625554560221,8091.944216916795,2
2017-06-29,7201.181661460773,794.7690918319488,7995.950753292722,2
2017-06-30,7201.181661460773,817.3407010856251,8018.522362546399,2
2017-07-03,7201.181661460773,848.3210447610736,8049.502706221847,2
2017-07-05,7201.181661460773,872.3012428840643,8073.482904344837,2
2017-07-06,7201.181661460773,760.552591540192,7961.7342530009655,2
2017-07-07,7201.181661460773,854.5381836987357,8055.719845159509,2
2017-07-10,7201.181661460773,881.8422276149273,8083.023889075701,2
2017-07-11,7201.181661460773,885.9182892707258,8087.099950731499,2
2017-07-12,7714.531335183338,434.6095554890848,8149.140890672423,1
2017-07-13,7282.279209076965,877.6926642534075,8159.971873330373,2
2017-07-14,7282.279209076965,916.3367325877489,8198.615941664713,2
2017-07-17,7282.279209076965,917.1389400328957,8199.41814910986,2
2017-07-18,7282.279209076965,921.5078740177883,8203.787083094754,2
2017-07-19,7787.930538706713,440.05241002443915,8227.982948731153,1
2017-07-20,7344.401880050669,885.3532522437681,8229.755132294438,2
2017-07-21,7344.401880050669,890.769343290139,8235.171223340809,2
2017-07-24,7344.401880050669,890.1442935025075,8234.546173553177,2
2017-07-25,7344.401880050669,911.3192277204736,8255.721107771144,2
2017-07-26,7344.401880050669,912.1056855572463,8256.507565607915,2
2017-07-27,7344.401880050669,898.1967669834883,8242.598647034158,2
2017-07-28,7344.401880050669,888.9102303354097,8233.31211038608,2
2017-07-31,7344.401880050669,895.519389256326,8239.921269306995,2
2017-08-01,7344.401880050669,918.3333400501368,8262.735220100805,2
2017-08-02,7344.401880050669,921.2810640794905,8265.68294413016,2
2017-08-03,7344.401880050669,908.967425239595,8253.369305290264,2
2017-08-04,7344.401880050669,932.3630147413103,8276.764894791979,2
2017-08-07,7860.628680078797,434.06980918403093,8294.698489262828,1
2017-08-08,7431.487490587463,843.0617607188626,8274.549251306325,2
2017-08-09,7431.487490587463,839.8770420115522,8271.364532599015,2
2017-08-10,7431.487490587463,651.8471998502157,8083.334690437679,2
2017-08-11,7431.487490587463,668.794141817235,8100.281632404698,2
2017-08-14,7431.487490587463,804.7217682394855,8236.209258826948,2
2017-08-15,7431.487490587463,809.6369845362733,8241.124475123735,2
2017-08-16,7431.487490587463,830.3680164100385,8261.855506997501,2
2017-08-17,7431.487490587463,639.5108088612019,8070.998299448665,2
2017-08-18,7431.487490587463,636.0010767964852,8067.488567383948,2
2017-08-21,7431.487490587463,665.6618733496344,8097.149363937097,2
2017-08-22,7431.487490587463,806.0433793964709,8237.530869983933,2
2017-08-23,7431.487490587463,757.2727356806947,8188.760226268158,2
2017-08-24,7431.487490587463,738.6169864652682,8170.104477052731,2
2017-08-25,7431.487490587463,779.7409536945246,8211.228444281987,2
2017-08-28,7431.487490587463,801.1913011628707,8232.678791750333,2
2017-08-29,7431.487490587463,810.2453074298064,8241.73279801727,2
2017-08-30,7431.487490587463,875.9242664698629,8307.411757057325,2
2017-08-31,7474.909662067568,892.8786776822348,8367.788339749803,2
2017-09-01,7511.160782053894,880.4791857660879,8391.639967819981,2
2017-09-05,7511.160782053894,791.8701046873135,8303.030886741208,2
2017-09-06,7511.160782053894,831.1212464269776,8342.282028480871,2
2017-09-07,7511.160782053894,834.6451862289555,8345.80596828285,2
2017-09-08,7511.160782053894,814.8720777243486,8326.032859778243,2
2017-09-11,7511.160782053894,924.4477104851978,8435.608492539091,2
2017-09-12,8019.253285777632,433.56716469441386,8452.820450472047,1
2017-09-13,7581.5385460640455,875.04179530846,8456.580341372506,2
2017-09-14,7581.5385460640455,872.018795089642,8453.557341153688,2
2017-09-15,7581.5385460640455,892.3008079970724,8473.839354061118,2
2017-09-18,7581.5385460640455,909.5861509606543,8491.1246970247,2
2017-09-19,7581.5385460640455,917.8669830556812,8499.405529119727,2
2017-09-20,7581.5385460640455,931.883505102335,8513.42205116638,2
2017-09-21,7581.5385460640455,921.4394256414064,8502.977971705452,2
2017-09-22,7581.5385460640455,929.6194133943543,8511.1579594584,2
2017-09-25,7581.5385460640455,915.1408784351103,8496.679424499156,2
2017-09-26,7581.5385460640455,920.2410008802358,8501.77954694428,2
2017-09-27,8085.91165026999,441.98910961078843,8527.900759880778,1
2017-09-28,7648.364008823817,886.8401498569365,8535.204158680754,2
2017-09-29,7648.364008823817,912.0192410561389,8560.383249879957,2
2017-10-02,7684.854061557731,900.0404689237848,8584.894530481517,2
2017-10-03,7710.58400974427,885.1223821678416,8595.706391912112,2
2017-10-04,7710.58400974427,892.7269116276108,8603.31092137188,2
2017-10-05,7734.043586984261,908.7684761840195,8642.812063168281,2
2017-10-06,7734.043586984261,894.4826476924696,8628.52623467673,2
2017-10-09,7734.043586984261,875.9729341289044,8610.016521113166,2
2017-10-10,7734.043586984261,899.0960133878813,8633.139600372142,2
2017-10-11,7734.043586984261,917.0910374196806,8651.134624403941,2
2017-10-12,7734.043586984261,909.4022627360071,8643.445849720269,2
2017-10-13,7767.255847601077,887.522268093911,8654.778115694988,2
2017-10-16,7767.255847601077,900.9797428939648,8668.235590495042,2
2017-10-17,7767.255847601077,899.7433432534604,8666.999190854538,2
2017-10-18,7767.255847601077,912.5285884927783,8679.784436093856,2
2017-10-19,7767.255847601077,918.1723897122345,8685.428237313312,2
2017-10-20,7809.078068519152,903.369641654808,8712.44771017396,2
2017-10-23,7809.078068519152,864.4097013644906,8673.487769883643,2
2017-10-24,7809.078068519152,876.4570040611104,8685.535072580262,2
2017-10-25,7809.078068519152,845.9957837943302,8655.073852313482,2
2017-10-26,7809.078068519152,857.4908155153214,8666.568884034474,2
2017-10-27,7858.009667705648,886.3476969050112,8744.35736461066,2
2017-10-30,7858.009667705648,857.1521171854112,8715.16178489106,2
2017-10-31,7858.009667705648,874.4905802372809,8732.50024794293,2
2017-11-01,7858.009667705648,888.3903581676387,8746.400025873287,2
2017-11-02,7858.009667705648,898.9143836983583,8756.924051404007,2
2017-11-03,7898.571232485493,892.8952217272292,8791.466454212723,2
2017-11-06,7898.571232485493,903.4773133045134,8802.048545790007,2
2017-11-07,7898.571232485493,894.390311444977,8792.96154393047,2
2017-11-08,7926.506934403884,878.8862355615913,8805.393169965475,2
2017-11-09,7926.506934403884,837.275191694602,8763.782126098486,2
2017-11-10,7926.506934403884,815.624969193929,8742.131903597812,2
2017-11-13,7926.506934403884,828.5501892502278,8755.057123654111,2
2017-11-14,7926.506934403884,811.1085034843746,8737.615437888258,2
2017-11-15,7926.506934403884,736.3965733744564,8662.903507778341,2
2017-11-16,7926.506934403884,836.630655023743,8763.137589427626,2
2017-11-17,7926.506934403884,825.53578118766,8752.042715591544,2
2017-11-20,7926.506934403884,866.1892472775406,8792.696181681424,2
2017-11-21,7967.227779078776,891.4189474684714,8858.646726547247,2
2017-11-22,7967.227779078776,886.2727783289706,8853.500557407746,2
2017-11-24,8002.709905230421,872.6951386577759,8875.405043888197,2
2017-11-27,8002.709905230421,873.5219321589186,8876.23183738934,2
2017-11-28,8031.6207171076185,898.3097732270289,8929.930490334647,2
2017-11-29,8031.6207171076185,884.4911954504436,8916.111912558063,2
2017-11-30,8066.247501560845,881.1382192502208,8947.385720811066,2
2017-12-01,8066.247501560845,868.8971473392303,8935.144648900075,2
2017-12-04,8066.247501560845,866.212336668962,8932.459838229806,2
2017-12-05,8066.247501560845,851.5582451139223,8917.805746674767,2
2017-12-06,8066.247501560845,860.639120421238,8926.886621982083,2
2017-12-07,8066.247501560845,901.9424122828502,8968.189913843695,2
2017-12-08,8574.562332234726,432.2925184154897,9006.854850650216,1
2017-12-11,8141.623473173507,881.4764753620352,9023.099948535542,2
2017-12-12,8141.623473173507,880.5455038154747,9022.168976988982,2
2017-12-13,8141.623473173507,874.1676591932239,9015.79113236673,2
2017-12-14,8141.623473173507,840.4128024350073,8982.036275608514,2
2017-12-15,8170.379294336141,894.2175750678316,9064.596869403973,2
2017-12-18,8209.286240375452,887.4976723516529,9096.783912727104,2
2017-12-19,8209.286240375452,856.1225208114654,9065.408761186916,2
2017-12-20,8209.286240375452,859.9808298661924,9069.267070241644,2
2017-12-21,8209.286240375452,879.5149659628518,9088.801206338303,2
2017-12-22,8209.286240375452,872.6690691455074,9081.95530952096,2
2017-12-26,8209.286240375452,869.9178038592606,9079.204044234712,2
2017-12-27,8209.286240375452,874.5723115445082,9083.85855191996,2
2017-12-28,8209.286240375452,897.2699194282673,9106.556159803718,2
2017-12-29,8209.286240375452,843.7598263317802,9053.046066707231,2
2018-01-02,8255.838292752049,892.9216420906322,9148.759934842681,2
2018-01-03,8298.369578288462,899.2708553054872,9197.64043359395,2
2018-01-04,8329.515163203298,888.5083620817555,9218.023525285053,2
2018-01-05,8361.207847328958,895.687882355568,9256.895729684526,2
2018-01-08,8361.207847328958,906.3019179034613,9267.50976523242,2
2018-01-09,8361.207847328958,904.2813360986095,9265.489183427568,2
2018-01-10,8361.207847328958,906.3145736529476,9267.522420981906,2
2018-01-11,8405.957113231907,895.3054367429222,9301.262549974828,2
2018-01-12,8452.809210139843,877.9071727420652,9330.716382881908,2
2018-01-16,8452.809210139843,832.3095282971699,9285.118738437013,2
2018-01-17,8452.809210139843,889.967041827837,9342.77625196768,2
2018-01-18,8452.809210139843,878.2216160983198,9331.030826238162,2
2018-01-19,8489.596850779812,882.3193535122443,9371.916204292056,2
2018-01-22,8539.667445520525,882.481645458105,9422.14909097863,2
2018-01-23,8539.667445520525,895.6751290938525,9435.342574614377,2
2018-01-24,8539.667445520525,888.1801882338341,9427.847633754358,2
2018-01-25,8539.667445520525,892.2152745564833,9431.882720077008,2
2018-01-26,9054.778077230047,433.1641854122594,9487.942262642306,1
2018-01-29,8635.201493944387,805.4988958510083,9440.700389795395,2
2018-01-30,8635.201493944387,715.4923376254565,9350.693831569843,2
2018-01-31,8635.201493944387,739.8559515374566,9375.057445481843,2
2018-02-01,8635.201493944387,738.0686992325949,9373.270193176983,2
2018-02-02,8461.39807265544,697.2463934954526,9158.644466150892,2
2018-02-05,8640.482187314634,256.60071373124964,8897.082901045884,1
2018-02-06,8640.482187314634,301.6627949265299,8942.144982241163,1
2018-02-07,8640.482187314634,295.6953168698277,8936.177504184461,1
2018-02-08,8845.09867661177,0,8845.09867661177,0
2018-02-09,8845.09867661177,0,8845.09867661177,0
2018-02-12,8845.09867661177,0,8845.09867661177,0
2018-02-13,8845.09867661177,0,8845.09867661177,0
2018-02-14,8845.09867661177,0,8845.09867661177,0
2018-02-15,8426.771002757469,417.0855200874406,8843.85652284491,1
2018-02-16,8010.145127631989,832.9630553759885,8843.108183007978,2
2018-02-20,8010.145127631989,806.2957725913024,8816.440900223291,2
2018-02-21,8010.145127631989,790.443421711089,8800.588549343078,2
2018-02-22,8010.145127631989,815.6254726210847,8825.770600253074,2
2018-02-23,8504.83723669231,419.1062974169022,8923.943534109212,1
2018-02-26,8083.326647417435,872.541279579455,8955.86792699689,2
2018-02-27,8083.326647417435,774.9941305063708,8858.320777923806,2
2018-02-28,8083.326647417435,701.9310107050749,8785.25765812251,2
2018-03-01,8083.326647417435,606.2450611845804,8689.571708602016,2
2018-03-02,8083.326647417435,658.098671905406,8741.425319322841,2
2018-03-05,8083.326647417435,742.8950597950518,8826.221707212488,2
2018-03-06,8083.326647417435,766.6520522381198,8849.978699655556,2
2018-03-07,8083.326647417435,774.8959180127123,8858.222565430147,2
2018-03-08,8083.326647417435,822.5590349229642,8905.885682340398,2
2018-03-09,8142.64541610779,871.6704450064094,9014.315861114199,2
2018-03-12,8142.64541610779,858.7495887025103,9001.3950048103,2
2018-03-13,8142.64541610779,819.0706560087917,8961.716072116582,2
2018-03-14,8142.64541610779,774.7942509201628,8917.439667027953,2
2018-03-15,8142.64541610779,782.5115608132904,8925.15697692108,2
2018-03-16,8142.64541610779,810.0291167273923,8952.674532835183,2
2018-03-19,8142.64541610779,676.2860094991411,8818.93142560693,2
2018-03-20,8142.64541610779,700.9746054895957,8843.620021597386,2
2018-03-21,8142.64541610779,693.253353849142,8835.898769956932,2
2018-03-22,8586.235394541734,0,8586.235394541734,0
2018-03-23,8586.235394541734,0,8586.235394541734,0
2018-03-26,8586.235394541734,0,8586.235394541734,0
2018-03-27,8586.235394541734,0,8586.235394541734,0
2018-03-28,8586.235394541734,0,8586.235394541734,0
2018-03-29,8586.235394541734,0,8586.235394541734,0
2018-04-02,8586.235394541734,0,8586.235394541734,0
2018-04-03,8586.235394541734,0,8586.235394541734,0
2018-04-04,8586.235394541734,0,8586.235394541734,0
2018-04-05,8586.235394541734,0,8586.235394541734,0
2018-04-06,8586.235394541734,0,8586.235394541734,0
2018-04-09,8586.235394541734,0,8586.235394541734,0
2018-04-10,8586.235394541734,0,8586.235394541734,0
2018-04-11,8586.235394541734,0,8586.235394541734,0
2018-04-12,8586.235394541734,0,8586.235394541734,0
2018-04-13,8586.235394541734,0,8586.235394541734,0
2018-04-16,8586.235394541734,0,8586.235394541734,0
2018-04-17,8170.257362215852,415.02965503015224,8585.287017246004,1
2018-04-18,7744.780643282793,839.948560841426,8584.729204124218,2
2018-04-19,7744.780643282793,806.6434618359892,8551.424105118782,2
2018-04-20,7744.780643282793,744.8094534900797,8489.590096772872,2
2018-04-23,7744.780643282793,761.0246191487739,8505.805262431566,2
2018-04-24,7744.780643282793,649.5764013463613,8394.357044629154,2
2018-04-25,7744.780643282793,666.6548822835985,8411.43552556639,2
2018-04-26,7744.780643282793,763.6249985225284,8508.40564180532,2
2018-04-27,7744.780643282793,787.3118669634785,8532.092510246272,2
2018-04-30,7744.780643282793,727.9084573125743,8472.689100595368,2
2018-05-01,7744.780643282793,758.8741644801793,8503.654807762972,2
2018-05-02,7744.780643282793,693.5202393303719,8438.300882613165,2
2018-05-03,7744.780643282793,676.3742433056045,8421.154886588398,2
2018-05-04,7744.780643282793,810.7977635793333,8555.578406862127,2
2018-05-07,7744.780643282793,856.1151078709009,8600.895751153694,2
2018-05-08,7744.780643282793,861.829711650207,8606.610354933,2
2018-05-09,8263.608112717922,422.11505831559924,8685.723171033522,1
2018-05-10,7833.785557448506,877.236026086792,8711.021583535297,2
2018-05-11,7833.785557448506,898.4850477200848,8732.270605168591,2
2018-05-14,7865.812761173627,871.8707298705751,8737.683491044203,2
2018-05-15,7865.812761173627,804.6366353989481,8670.449396572576,2
2018-05-16,7865.812761173627,853.4629568160916,8719.275717989718,2
2018-05-17,7865.812761173627,851.5335985208444,8717.346359694471,2
2018-05-18,7865.812761173627,838.9036203570306,8704.716381530658,2
2018-05-21,7865.812761173627,897.8292711450093,8763.642032318636,2
2018-05-22,7865.812761173627,882.6121620226231,8748.42492319625,2
2018-05-23,7905.004243372105,872.4069888952124,8777.411232267317,2
2018-05-24,7905.004243372105,864.9028182006768,8769.907061572781,2
2018-05-25,7905.004243372105,840.8370361900226,8745.841279562128,2
2018-05-29,7905.004243372105,713.4723964996226,8618.476639871727,2
2018-05-30,7905.004243372105,837.5436390446587,8742.547882416764,2
2018-05-31,7905.004243372105,786.4868903613864,8691.49113373349,2
2018-06-01,7905.004243372105,894.1867710922562,8799.19101446436,2
2018-06-04,7960.445902789028,881.660440923166,8842.106343712194,2
2018-06-05,7989.533977411213,863.0597368446697,8852.593714255883,2
2018-06-06,7989.533977411213,922.0185967939933,8911.552574205205,2
2018-06-07,7989.533977411213,912.9799349003118,8902.513912311524,2
2018-06-08,8030.2784472184,883.920661319749,8914.199108538149,2
2018-06-11,8072.789832472035,849.229213878079,8922.019046350115,2
2018-06-12,8072.789832472035,862.875086535822,8935.664919007857,2
2018-06-13,8072.789832472035,829.0701894516076,8901.860021923643,2
2018-06-14,8072.789832472035,863.9567346887279,8936.746567160764,2
2018-06-15,8072.789832472035,863.6335381919565,8936.423370663992,2
2018-06-18,8072.789832472035,853.5682260085757,8926.358058480611,2
2018-06-19,8072.789832472035,808.4231586676499,8881.212991139686,2
2018-06-20,8072.789832472035,835.5789158446478,8908.368748316683,2
2018-06-21,8072.789832472035,757.1464512174465,8829.936283689482,2
2018-06-22,8072.789832472035,790.7387707721903,8863.528603244225,2
2018-06-25,8072.789832472035,631.8301429111968,8704.619975383232,2
2018-06-26,8072.789832472035,668.9020845950495,8741.691917067084,2
2018-06-27,8072.789832472035,569.6213185102266,8642.411150982261,2
2018-06-28,8072.789832472035,641.2061007095843,8713.995933181619,2
2018-06-29,8072.789832472035,659.6664155535918,8732.456248025628,2
2018-07-02,8072.789832472035,714.7446273126349,8787.53445978467,2
2018-07-03,8072.789832472035,654.3190770871333,8727.108909559169,2
2018-07-05,8072.789832472035,791.4673404134359,8864.257172885471,2
2018-07-06,8112.060645037569,869.5588456829425,8981.619490720512,2
2018-07-09,8176.796841617753,876.3775442076098,9053.174385825363,2
2018-07-10,8216.933680569806,854.666373144797,9071.600053714603,2
2018-07-11,8216.933680569806,793.9128865679927,9010.846567137798,2
2018-07-12,8216.933680569806,870.6402598785978,9087.573940448403,2
2018-07-13,8216.933680569806,887.1181751356412,9104.051855705447,2
2018-07-16,8216.933680569806,879.0604091084994,9095.994089678305,2
2018-07-17,8255.927183309623,874.6167097070218,9130.543893016644,2
2018-07-18,8255.927183309623,888.6585678533156,9144.585751162938,2
2018-07-19,8255.927183309623,855.0558700281399,9110.983053337763,2
2018-07-20,8255.927183309623,852.7868484172377,9108.71403172686,2
2018-07-23,8255.927183309623,879.1183272282453,9135.045510537868,2
2018-07-24,8294.850127609721,870.1039513995553,9164.954079009276,2
2018-07-25,8332.6243209762,880.0271630506068,9212.651484026806,2
2018-07-26,8332.6243209762,869.2486987096562,9201.873019685856,2
2018-07-27,8332.6243209762,814.3246652791262,9146.948986255326,2
2018-07-30,8332.6243209762,760.7284167682778,9093.352737744477,2
2018-07-31,8332.6243209762,824.0269756931646,9156.651296669364,2
2018-08-01,8332.6243209762,814.0933089777924,9146.717629953991,2
2018-08-02,8332.6243209762,868.9234045924467,9201.547725568646,2
2018-08-03,8373.985204501545,865.2923172884847,9239.277521790029,2
2018-08-06,8373.985204501545,903.5464550217223,9277.531659523267,2
2018-08-07,8411.842048245255,886.7983840055831,9298.640432250839,2
2018-08-08,8411.842048245255,889.7391917782875,9301.581240023543,2
2018-08-09,8411.842048245255,875.4299232947374,9287.271971539993,2
2018-08-10,8411.842048245255,792.7105747716834,9204.552623016938,2
2018-08-13,8411.842048245255,744.7142098911243,9156.55625813638,2
2018-08-14,8411.842048245255,820.7017165123474,9232.543764757602,2
2018-08-15,8411.842048245255,742.9553411170517,9154.797389362306,2
2018-08-16,8411.842048245255,827.8787135490188,9239.720761794273,2
2018-08-17,8411.842048245255,869.6145365068439,9281.456584752099,2
2018-08-20,8451.409821429168,858.8864837617527,9310.296305190921,2
2018-08-21,8451.409821429168,868.4574103314418,9319.86723176061,2
2018-08-22,8451.409821429168,881.4025313786397,9332.812352807807,2
2018-08-23,8451.409821429168,871.8964929072076,9323.306314336376,2
2018-08-24,8490.308285691273,876.8996500498229,9367.207935741097,2
2018-08-27,8532.766522411493,874.5483082087137,9407.314830620207,2
2018-08-28,8532.766522411493,872.3990448615403,9405.165567273034,2
2018-08-29,8574.107925896005,864.6531567206562,9438.761082616662,2
2018-08-30,8574.107925896005,816.2821782896842,9390.39010418569,2
2018-08-31,8574.107925896005,832.4349096739463,9406.542835569951,2
2018-09-04,8574.107925896005,828.6665834599767,9402.774509355982,2
2018-09-05,8574.107925896005,798.9466337102222,9373.054559606227,2
2018-09-06,8574.107925896005,762.7285461861006,9336.836472082106,2
2018-09-07,8574.107925896005,745.0248080736174,9319.132733969622,2
2018-09-10,8574.107925896005,783.0337616629456,9357.141687558951,2
2018-09-11,8574.107925896005,833.6798571054562,9407.787783001462,2
2018-09-12,8574.107925896005,842.7152913273208,9416.823217223326,2
2018-09-13,8574.107925896005,898.0197908724645,9472.12771676847,2
2018-09-14,8615.370776267431,865.9129573634989,9481.28373363093,2
2018-09-17,8615.370776267431,807.9769397394521,9423.347716006883,2
2018-09-18,8615.370776267431,868.242210548445,9483.612986815877,2
2018-09-19,8644.657968394016,868.0274491893389,9512.685417583356,2
2018-09-20,8644.657968394016,911.3280489530603,9555.986017347077,2
2018-09-21,8644.657968394016,914.7459834946837,9559.4039518887,2
2018-09-24,8644.657968394016,897.4801518794749,9542.138120273492,2
2018-09-25,8644.657968394016,889.9151798714461,9534.573148265463,2
2018-09-26,8644.657968394016,865.4929292029017,9510.150897596917,2
2018-09-27,8644.657968394016,894.7585980083645,9539.41656640238,2
2018-09-28,8644.657968394016,904.0091544052558,9548.667122799272,2
2018-10-01,8691.549078684651,886.4315608338104,9577.980639518462,2
2018-10-02,8691.549078684651,886.6484044023341,9578.197483086986,2
2018-10-03,8730.612784117906,859.7620939346683,9590.374878052575,2
2018-10-04,8730.612784117906,757.4878670138801,9488.100651131786,2
2018-10-05,8730.612784117906,709.3520325387879,9439.964816656693,2
2018-10-08,8730.612784117906,701.7746652085833,9432.387449326488,2
2018-10-09,8730.612784117906,689.848904126022,9420.461688243928,2
2018-10-10,9150.057146910329,0,9150.057146910329,0
2018-10-11,9150.057146910329,0,9150.057146910329,0
2018-10-12,9150.057146910329,0,9150.057146910329,0
2018-10-15,9150.057146910329,0,9150.057146910329,0
2018-10-16,9150.057146910329,0,9150.057146910329,0
2018-10-17,9150.057146910329,0,9150.057146910329,0
2018-10-18,9150.057146910329,0,9150.057146910329,0
2018-10-19,9150.057146910329,0,9150.057146910329,0
2018-10-22,9150.057146910329,0,9150.057146910329,0
2018-10-23,9150.057146910329,0,9150.057146910329,0
2018-10-24,9150.057146910329,0,9150.057146910329,0
2018-10-25,9150.057146910329,0,9150.057146910329,0
2018-10-26,9150.057146910329,0,9150.057146910329,0
2018-10-29,9150.057146910329,0,9150.057146910329,0
2018-10-30,9150.057146910329,0,9150.057146910329,0
2018-10-31,9150.057146910329,0,9150.057146910329,0
2018-11-01,9150.057146910329,0,9150.057146910329,0
2018-11-02,9150.057146910329,0,9150.057146910329,0
2018-11-05,9150.057146910329,0,9150.057146910329,0
2018-11-06,9150.057146910329,0,9150.057146910329,0
2018-11-07,9150.057146910329,0,9150.057146910329,0
2018-11-08,9150.057146910329,0,9150.057146910329,0
2018-11-09,9150.057146910329,0,9150.057146910329,0
2018-11-12,9150.057146910329,0,9150.057146910329,0
2018-11-13,9150.057146910329,0,9150.057146910329,0
2018-11-14,9150.057146910329,0,9150.057146910329,0
2018-11-15,9150.057146910329,0,9150.057146910329,0
2018-11-16,9150.057146910329,0,9150.057146910329,0
2018-11-19,9150.057146910329,0,9150.057146910329,0
2018-11-20,9150.057146910329,0,9150.057146910329,0
2018-11-21,9150.057146910329,0,9150.057146910329,0
2018-11-23,9150.057146910329,0,9150.057146910329,0
2018-11-26,9150.057146910329,0,9150.057146910329,0
2018-11-27,9150.057146910329,0,9150.057146910329,0
2018-11-28,9150.057146910329,0,9150.057146910329,0
2018-11-29,9150.057146910329,0,9150.057146910329,0
2018-11-30,9150.057146910329,0,9150.057146910329,0
2018-12-03,8733.024918040306,415.74503097241546,9148.769949012722,1
2018-12-04,8733.024918040306,298.3440201950586,9031.368938235364,1
2018-12-06,8733.024918040306,293.371171939998,9026.396089980304,1
2018-12-07,8952.068827123812,0,8952.068827123812,0
2018-12-10,8952.068827123812,0,8952.068827123812,0
2018-12-11,8952.068827123812,0,8952.068827123812,0
2018-12-12,8952.068827123812,0,8952.068827123812,0
2018-12-13,8952.068827123812,0,8952.068827123812,0
2018-12-14,8952.068827123812,0,8952.068827123812,0
2018-12-17,8952.068827123812,0,8952.068827123812,0
2018-12-18,8952.068827123812,0,8952.068827123812,0
2018-12-19,8952.068827123812,0,8952.068827123812,0
2018-12-20,8952.068827123812,0,8952.068827123812,0
2018-12-21,8952.068827123812,0,8952.068827123812,0
2018-12-24,8952.068827123812,0,8952.068827123812,0
2018-12-26,8952.068827123812,0,8952.068827123812,0
2018-12-27,8952.068827123812,0,8952.068827123812,0
2018-12-28,8952.068827123812,0,8952.068827123812,0
2018-12-31,8952.068827123812,0,8952.068827123812,0
2019-01-02,8952.068827123812,0,8952.068827123812,0
2019-01-03,8952.068827123812,0,8952.068827123812,0
2019-01-04,8952.068827123812,0,8952.068827123812,0
2019-01-07,8952.068827123812,0,8952.068827123812,0
2019-01-08,8952.068827123812,0,8952.068827123812,0
2019-01-09,8952.068827123812,0,8952.068827123812,0
2019-01-10,8952.068827123812,0,8952.068827123812,0
2019-01-11,8952.068827123812,0,8952.068827123812,0
2019-01-14,8952.068827123812,0,8952.068827123812,0
2019-01-15,8952.068827123812,0,8952.068827123812,0
2019-01-16,8952.068827123812,0,8952.068827123812,0
2019-01-17,8535.296248812385,415.54917338063007,8950.845422193015,1
2019-01-18,8113.814855316102,864.8841708827003,8978.699026198803,2
2019-01-22,8113.814855316102,775.8024055950174,8889.61726091112,2
2019-01-23,8113.814855316102,805.451601786757,8919.266457102858,2
2019-01-24,8113.814855316102,823.8631953485623,8937.678050664665,2
2019-01-25,8113.814855316102,884.8887039357453,8998.703559251848,2
2019-01-28,8113.814855316102,843.0903823450241,8956.905237661125,2
2019-01-29,8113.814855316102,837.0742924895599,8950.889147805661,2
2019-01-30,8171.387238950764,863.2780113736814,9034.665250324446,2
2019-01-31,8220.224492466637,861.7160681455364,9081.940560612175,2
2019-02-01,8220.224492466637,874.961932858927,9095.186425325564,2
2019-02-04,8263.949802201598,869.3149424860987,9133.264744687696,2
2019-02-05,8300.568519240678,854.9879244516817,9155.55644369236,2
2019-02-06,8300.568519240678,850.292472824464,9150.860992065142,2
2019-02-07,8300.568519240678,786.764279679123,9087.3327989198,2
2019-02-08,8300.568519240678,803.6368482367976,9104.205367477476,2
2019-02-11,8300.568519240678,813.9832744801349,9114.551793720813,2
2019-02-12,8300.568519240678,892.1079424982283,9192.676461738907,2
2019-02-13,8300.568519240678,905.090413923665,9205.658933164343,2
2019-02-14,8300.568519240678,889.7533069241824,9190.32182616486,2
2019-02-15,8821.94886570485,424.0731321450699,9246.021997849919,1
2019-02-19,8402.652049577282,852.7249442436702,9255.376993820952,2
2019-02-20,8402.652049577282,879.0461456931929,9281.698195270475,2
2019-02-21,8402.652049577282,857.0052427583857,9259.657292335667,2
2019-02-22,8402.652049577282,906.7457114007973,9309.39776097808,2
2019-02-25,8402.652049577282,901.0515739623163,9303.703623539599,2
2019-02-26,8402.652049577282,896.5548833259354,9299.206932903217,2
2019-02-27,8402.652049577282,905.1248914083424,9307.776940985625,2
2019-02-28,8402.652049577282,895.1769437673368,9297.82899334462,2
2019-03-01,8919.436830706536,422.77152885019797,9342.208359556735,1
2019-03-04,8495.433728255011,829.5087725224923,9324.942500777504,2
2019-03-05,8495.433728255011,824.1678700554829,9319.601598310494,2
2019-03-06,8495.433728255011,770.8532014207549,9266.286929675767,2
2019-03-07,8495.433728255011,706.3220663809539,9201.755794635965,2
2019-03-08,8495.433728255011,699.4698241479831,9194.903552402995,2
2019-03-11,8495.433728255011,837.8161732328213,9333.249901487832,2
2019-03-12,8495.433728255011,869.2339980653028,9364.667726320315,2
2019-03-13,8534.300379578228,872.9861390352073,9407.286518613435,2
2019-03-14,8534.300379578228,870.2636050294132,9404.563984607641,2
2019-03-15,8577.531255830587,863.2270867204877,9440.758342551075,2
2019-03-18,8577.531255830587,886.704737348311,9464.235993178898,2
2019-03-19,8577.531255830587,881.0361134986209,9458.567369329208,2
2019-03-20,8577.531255830587,862.9913215503304,9440.522577380918,2
2019-03-21,8620.834835695297,874.2020399150344,9495.036875610333,2
2019-03-22,8620.834835695297,717.759105088784,9338.593940784081,2
2019-03-25,8620.834835695297,721.1469215078878,9341.981757203186,2
2019-03-26,8620.834835695297,797.719568696138,9418.554404391436,2
2019-03-27,8620.834835695297,761.0727234201634,9381.907559115461,2
2019-03-28,8620.834835695297,801.3143845205431,9422.14922021584,2
2019-03-29,8620.834835695297,860.7959290840895,9481.630764779387,2
2019-04-01,8672.37692285814,878.9619978271702,9551.33892068531,2
2019-04-02,8672.37692285814,883.1991343761489,9555.57605723429,2
2019-04-03,8672.37692285814,891.0182403634794,9563.39516322162,2
2019-04-04,8711.521049096502,864.9056377815264,9576.426686878029,2
2019-04-05,8711.521049096502,903.6504303339891,9615.171479430492,2
2019-04-08,8711.521049096502,911.1012949261444,9622.622344022646,2
2019-04-09,8711.521049096502,866.8288738213246,9578.349922917827,2
2019-04-10,8711.521049096502,904.193004497874,9615.714053594376,2
2019-04-11,8752.451583869528,868.4735752620388,9620.925159131566,2
2019-04-12,8795.788291405199,875.1702199509295,9670.958511356128,2
2019-04-15,8795.788291405199,874.3095144954016,9670.097805900601,2
2019-04-16,8795.788291405199,882.8953455050196,9678.683636910218,2
2019-04-17,8795.788291405199,865.0915408897833,9660.879832294982,2
2019-04-18,8795.788291405199,887.1937460598274,9682.982037465026,2
2019-04-22,8832.121808804148,862.2659427268022,9694.38775153095,2
2019-04-23,8875.585049601039,867.8460962635236,9743.431145864562,2
2019-04-24,8875.585049601039,841.7751868579796,9717.360236459019,2
2019-04-25,8875.585049601039,840.4239147058853,9716.008964306924,2
2019-04-26,8875.585049601039,879.2286184850011,9754.81366808604,2
2019-04-29,8875.585049601039,887.3778980236245,9762.962947624663,2
2019-04-30,8875.585049601039,895.2970572171778,9770.882106818217,2
2019-05-01,8875.585049601039,828.1978854260021,9703.78293502704,2
2019-05-02,8875.585049601039,824.648043627031,9700.23309322807,2
2019-05-03,8914.253917694807,868.2809174976896,9782.534835192497,2
2019-05-06,8914.253917694807,807.1757901935919,9721.4297078884,2
2019-05-07,8914.253917694807,646.1284916957112,9560.382409390519,2
2019-05-08,8914.253917694807,635.8530863727892,9550.107004067595,2
2019-05-09,8914.253917694807,616.8318090439783,9531.085726738786,2
2019-05-10,8914.253917694807,676.9708646929466,9591.224782387753,2
2019-05-13,9354.880287128732,0,9354.880287128732,0
2019-05-14,9354.880287128732,0,9354.880287128732,0
2019-05-15,9354.880287128732,0,9354.880287128732,0
2019-05-16,8936.377232240902,417.59117675929076,9353.968409000194,1
2019-05-17,8936.377232240902,397.6224287799688,9333.999661020871,1
2019-05-20,8936.377232240902,378.4968700682498,9314.874102309152,1
2019-05-21,8936.377232240902,416.82371337487393,9353.200945615776,1
2019-05-22,8936.377232240902,411.76274535865434,9348.139977599556,1
2019-05-23,8936.377232240902,356.89039706905066,9293.267629309952,1
2019-05-24,8936.377232240902,370.21033398714707,9306.587566228049,1
2019-05-28,8936.377232240902,333.32761547955414,9269.704847720457,1
2019-05-29,8936.377232240902,303.43998886639554,9239.817221107298,1
2019-05-30,8936.377232240902,315.82508364396347,9252.202315884866,1
2019-05-31,8936.377232240902,252.65779628632004,9189.035028527222,1
2019-06-03,9173.212901331533,0,9173.212901331533,0
2019-06-04,9173.212901331533,0,9173.212901331533,0
2019-06-05,9173.212901331533,0,9173.212901331533,0
2019-06-06,9173.212901331533,0,9173.212901331533,0
2019-06-07,8755.297338269062,416.1740215250894,9171.471359794152,1
2019-06-10,8332.31554831913,856.0294121022075,9188.344960421337,2
2019-06-11,8332.31554831913,856.7783003945729,9189.093848713703,2
2019-06-12,8332.31554831913,851.4945717297511,9183.81012004888,2
2019-06-13,8332.31554831913,875.373094356948,9207.688642676078,2
2019-06-14,8332.31554831913,879.882930699548,9212.198479018678,2
2019-06-17,8332.31554831913,893.8813764840935,9226.196924803224,2
2019-06-18,8845.914982150036,418.4626924050505,9264.377674555086,1
2019-06-19,8420.304061767609,858.1599356232299,9278.463997390838,2
2019-06-20,8420.304061767609,896.6853108628288,9316.989372630438,2
2019-06-21,8420.304061767609,884.4478425902686,9304.751904357878,2
2019-06-24,8420.304061767609,889.0533866345752,9309.357448402185,2
2019-06-25,8420.304061767609,829.7618880600055,9250.065949827615,2
2019-06-26,8420.304061767609,827.6375558533083,9247.941617620918,2
2019-06-27,8420.304061767609,858.3685939021582,9278.672655669767,2
2019-06-28,8420.304061767609,901.1371834931721,9321.441245260781,2
2019-07-01,8946.444058564834,422.74470776896004,9369.188766333793,1
2019-07-02,8523.537108167468,863.493568074296,9387.030676241764,2
2019-07-03,8556.37471664371,873.8545961539123,9430.229312797623,2
2019-07-05,8556.37471664371,856.5678575290783,9412.942574172788,2
2019-07-08,8556.37471664371,824.7376454872331,9381.112362130943,2
2019-07-09,8556.37471664371,833.7075093886458,9390.082226032355,2
2019-07-10,8556.37471664371,882.4736060859766,9438.848322729686,2
2019-07-11,8556.37471664371,899.6622759953901,9456.0369926391,2
2019-07-12,8601.79584492799,884.7331787722915,9486.529023700281,2
2019-07-15,8601.79584492799,890.2904316433766,9492.086276571366,2
2019-07-16,8601.79584492799,871.8637070103832,9473.659551938374,2
2019-07-17,8601.79584492799,813.5760221570671,9415.371867085058,2
2019-07-18,8601.79584492799,849.5185164515224,9451.314361379513,2
2019-07-19,8601.79584492799,794.5481299525653,9396.343974880556,2
2019-07-22,8601.79584492799,844.8898805919259,9446.685725519916,2
2019-07-23,8647.413310178612,859.8377563455472,9507.251066524159,2
2019-07-24,8647.413310178612,900.2320504147376,9547.64536059335,2
2019-07-25,8647.413310178612,860.8306186182479,9508.24392879686,2
2019-07-26,8689.083183688294,871.9618177729504,9561.045001461243,2
2019-07-29,8689.083183688294,858.9857436832176,9548.06892737151,2
2019-07-30,8689.083183688294,826.5090211551353,9515.59220484343,2
2019-07-31,8689.083183688294,720.666150106311,9409.749333794605,2
2019-08-01,8689.083183688294,637.0316010444668,9326.114784732761,2
2019-08-02,8689.083183688294,582.8063260058258,9271.88950969412,2
2019-08-05,9053.797431602372,0,9053.797431602372,0
2019-08-06,9053.797431602372,0,9053.797431602372,0
2019-08-07,9053.797431602372,0,9053.797431602372,0
2019-08-08,8639.639390042215,413.21433853619993,9052.853728578415,1
2019-08-09,8639.639390042215,390.1399907376401,9029.779380779855,1
2019-08-12,8639.639390042215,341.83097800723914,8981.470368049455,1
2019-08-13,8639.639390042215,406.59284203406827,9046.232232076283,1
2019-08-14,8639.639390042215,295.84846236246705,8935.487852404682,1
2019-08-15,8639.639390042215,306.871567298424,8946.510957340639,1
2019-08-16,8639.639390042215,367.1726425860037,9006.812032628219,1
2019-08-19,8639.639390042215,420.55919529235234,9060.198585334569,1
2019-08-20,8639.639390042215,394.31381006004784,9033.953200102264,1
2019-08-21,8639.639390042215,434.07134270215977,9073.710732744375,1
2019-08-22,8639.639390042215,428.55059322571344,9068.189983267928,1
2019-08-23,8639.639390042215,318.54120299867077,8958.180593040886,1
2019-08-26,8639.639390042215,370.4068576035965,9010.046247645812,1
2019-08-27,8639.639390042215,355.25940279308304,8994.898792835298,1
2019-08-28,8639.639390042215,389.01075871687783,9028.650148759094,1
2019-08-29,8639.639390042215,443.6525289446788,9083.291918986894,1
2019-08-30,8639.639390042215,442.39218253349895,9082.031572575714,1
2019-09-03,8639.639390042215,437.9240242423173,9077.563414284532,1
2019-09-04,9120.120444888089,0,9120.120444888089,0
2019-09-05,8704.181547586366,414.7660334329423,9118.947581019309,1
2019-09-06,8284.69413812784,846.9089620711642,9131.603100199003,2
2019-09-09,8284.69413812784,851.341824470396,9136.035962598235,2
2019-09-10,8284.69413812784,857.4548990326441,9142.149037160483,2
2019-09-11,8284.69413812784,903.3210054678857,9188.015143595725,2
2019-09-12,8332.731830537543,872.8311020359232,9205.562932573466,2
2019-09-13,8374.887955022301,835.8615407274932,9210.749495749795,2
2019-09-16,8374.887955022301,809.6723359086376,9184.560290930938,2
2019-09-17,8374.887955022301,832.5326332168281,9207.420588239129,2
2019-09-18,8374.887955022301,846.4728611346529,9221.360816156954,2
2019-09-19,8374.887955022301,848.331923699584,9223.219878721884,2
2019-09-20,8374.887955022301,799.766928656853,9174.654883679153,2
2019-09-23,8374.887955022301,817.3000051394432,9192.187960161744,2
2019-09-24,8374.887955022301,728.6622080951979,9103.5501631175,2
2019-09-25,8374.887955022301,793.2244197336807,9168.112374755981,2
2019-09-26,8374.887955022301,778.1925799567866,9153.080534979088,2
2019-09-27,8374.887955022301,725.2360022167566,9100.123957239057,2
2019-09-30,8374.887955022301,793.8775368641864,9168.765491886486,2
2019-10-01,8374.887955022301,664.141875083068,9039.02983010537,2
2019-10-02,8858.953702375973,0,8858.953702375973,0
2019-10-03,8858.953702375973,0,8858.953702375973,0
2019-10-04,8442.114307068314,415.06767257271804,8857.181979641031,1
2019-10-07,8442.114307068314,402.68571581921935,8844.800022887533,1
2019-10-08,8442.114307068314,345.6649563320127,8787.779263400327,1
2019-10-09,8442.114307068314,382.6851070420155,8824.79941411033,1
2019-10-10,8024.020858483721,826.0956824859079,8850.11654096963,2
2019-10-11,8024.020858483721,906.0298395188124,8930.050698002533,2
2019-10-14,8525.600926055273,419.97227108364825,8945.573197138921,1
2019-10-15,8106.778003293629,871.2294152441665,8978.007418537796,2
2019-10-16,8106.778003293629,861.4997445187179,8968.277747812346,2
2019-10-17,8106.778003293629,876.3984549760353,8983.176458269663,2
2019-10-18,8106.778003293629,851.5672131805989,8958.345216474228,2
2019-10-21,8146.094720633725,857.369556210276,9003.464276844,2
2019-10-22,8146.094720633725,832.4196705347895,8978.514391168515,2
2019-10-23,8146.094720633725,859.7991256147626,9005.893846248488,2
2019-10-24,8146.094720633725,878.7190156395077,9024.813736273232,2
2019-10-25,8186.186183737344,876.7871568090889,9062.973340546434,2
2019-10-28,8226.032307028194,861.5685372948182,9087.600844323011,2
2019-10-29,8226.032307028194,858.26290638111,9084.295213409303,2
2019-10-30,8226.032307028194,894.7494936691153,9120.781800697308,2
2019-10-31,8226.032307028194,865.4414188101103,9091.473725838305,2
2019-11-01,8275.73499881415,877.4111975634173,9153.146196377567,2
2019-11-04,8315.60026958759,852.364775343062,9167.965044930652,2
2019-11-05,8315.60026958759,843.1163348991556,9158.716604486746,2
2019-11-06,8315.60026958759,859.5860792418193,9175.18634882941,2
2019-11-07,8315.60026958759,876.2902845346509,9191.890554122241,2
2019-11-08,8315.60026958759,905.0953946697086,9220.695664257299,2
2019-11-11,8315.60026958759,894.0247046746044,9209.624974262195,2
2019-11-12,8315.60026958759,905.9118590386857,9221.512128626277,2
2019-11-13,8315.60026958759,907.7077885537127,9223.308058141303,2
2019-11-14,8354.11514222258,874.0139530223189,9228.129095244898,2
2019-11-15,8407.605282990635,873.330207970513,9280.935490961148,2
2019-11-18,8407.605282990635,876.8322469505065,9284.43752994114,2
2019-11-19,8407.605282990635,869.2146943360431,9276.819977326679,2
2019-11-20,8407.605282990635,851.6854684936192,9259.290751484254,2
2019-11-21,8407.605282990635,838.4098824725331,9246.015165463168,2
2019-11-22,8407.605282990635,870.4078695883684,9278.013152579004,2
2019-11-25,8453.898518198683,879.611534347077,9333.51005254576,2
2019-11-26,8487.303984728516,865.1815226631136,9352.48550739163,2
2019-11-27,8487.303984728516,887.3113777040629,9374.61536243258,2
2019-11-29,8487.303984728516,853.0846730506064,9340.388657779124,2
2019-12-02,8487.303984728516,763.2759728351366,9250.579957563652,2
2019-12-03,8487.303984728516,700.826218434139,9188.130203162655,2
2019-12-04,8487.303984728516,768.8161657299227,9256.120150458439,2
2019-12-05,8487.303984728516,788.131694243448,9275.435678971964,2
2019-12-06,8487.303984728516,869.2153949143382,9356.519379642854,2
2019-12-09,8487.303984728516,825.6060235996401,9312.910008328156,2
2019-12-10,8487.303984728516,826.0294861518048,9313.333470880321,2
2019-12-11,8487.303984728516,861.4386843269376,9348.742669055453,2
2019-12-12,8533.807564504265,879.7808608756513,9413.588425379916,2
2019-12-13,8579.347841108176,857.3381144962223,9436.685955604398,2
2019-12-16,8617.90482465409,870.0883394240166,9487.993164078107,2
2019-12-17,8617.90482465409,871.8722739109,9489.77709856499,2
2019-12-18,8617.90482465409,866.890919825239,9484.795744479328,2
2019-12-19,8658.229704141018,852.258903986957,9510.488608127975,2
2019-12-20,8658.229704141018,882.511838548239,9540.741542689257,2
2019-12-23,8658.229704141018,894.2508364938185,9552.480540634837,2
2019-12-24,8658.229704141018,895.4405642289075,9553.670268369926,2
2019-12-26,8701.924304174843,879.5763707860813,9581.500674960924,2
2019-12-27,8701.924304174843,868.9322433533014,9570.856547528145,2
2019-12-30,8701.924304174843,822.1389585308764,9524.06326270572,2
2019-12-31,8701.924304174843,860.9665950076344,9562.890899182477,2
2020-01-02,8759.394977293065,870.6232048436486,9630.018182136713,2
2020-01-03,8759.394977293065,801.2236952034052,9560.61867249647,2
2020-01-06,8759.394977293065,837.5761627778875,9596.971140070953,2
2020-01-07,8759.394977293065,823.8904088181023,9583.285386111167,2
2020-01-08,8759.394977293065,865.0792712324744,9624.47424852554,2
2020-01-09,8813.182090863671,862.4395244881341,9675.621615351805,2
2020-01-10,8813.182090863671,847.783497528965,9660.965588392635,2
2020-01-13,8855.051358247489,857.1962994127855,9712.247657660275,2
2020-01-14,8855.051358247489,849.5039367787392,9704.555295026228,2
2020-01-15,8855.051358247489,863.3353692832422,9718.386727530731,2
2020-01-16,8896.495249649848,867.7927670470084,9764.288016696857,2
2020-01-17,8930.743914192424,858.4928303222259,9789.23674451465,2
2020-01-21,8930.743914192424,839.146006239092,9769.889920431517,2
2020-01-22,8930.743914192424,843.155995211743,9773.899909404166,2
2020-01-23,8930.743914192424,852.5338879177642,9783.277802110188,2
2020-01-24,8930.743914192424,764.3698545626414,9695.113768755065,2
2020-01-27,8930.743914192424,603.8744722636509,9534.618386456075,2
2020-01-28,8930.743914192424,706.5977506849265,9637.341664877351,2
2020-01-29,8930.743914192424,701.2240501817544,9631.967964374178,2
2020-01-30,8930.743914192424,743.0584820610661,9673.80239625349,2
2020-01-31,8930.743914192424,557.652642307967,9488.396556500391,2
2020-02-03,8930.743914192424,633.8055830422007,9564.549497234624,2
2020-02-04,8930.743914192424,795.5155195017894,9726.259433694213,2
2020-02-05,8930.743914192424,894.9177595536814,9825.661673746106,2
2020-02-06,8982.316493364744,867.364474658579,9849.680968023324,2
2020-02-07,8982.316493364744,832.5656039972358,9814.88209736198,2
2020-02-10,9037.10162315723,838.8282945434703,9875.929917700701,2
2020-02-11,9037.10162315723,848.6061898754151,9885.707813032644,2
2020-02-12,9074.99398456481,865.6196631775565,9940.613647742366,2
2020-02-13,9074.99398456481,853.0466231181158,9928.040607682926,2
2020-02-14,9074.99398456481,873.6271326130097,9948.62111717782,2
2020-02-18,9074.99398456481,852.2980407403988,9927.292025305209,2
2020-02-19,9116.679586436734,842.8322114735024,9959.511797910236,2
2020-02-20,9116.679586436734,804.031888872899,9920.711475309634,2
2020-02-21,9116.679586436734,715.9772201957054,9832.65680663244,2
2020-02-24,9568.51837608943,0,9568.51837608943,0
2020-02-25,9568.51837608943,0,9568.51837608943,0
2020-02-26,9568.51837608943,0,9568.51837608943,0
2020-02-27,9568.51837608943,0,9568.51837608943,0
2020-02-28,9568.51837608943,0,9568.51837608943,0
2020-03-02,9568.51837608943,0,9568.51837608943,0
2020-03-03,9568.51837608943,0,9568.51837608943,0
2020-03-04,9568.51837608943,0,9568.51837608943,0
2020-03-05,9568.51837608943,0,9568.51837608943,0
2020-03-06,9568.51837608943,0,9568.51837608943,0
2020-03-09,9568.51837608943,0,9568.51837608943,0
2020-03-10,9568.51837608943,0,9568.51837608943,0
2020-03-11,9568.51837608943,0,9568.51837608943,0
2020-03-12,9568.51837608943,0,9568.51837608943,0
2020-03-13,9568.51837608943,0,9568.51837608943,0
2020-03-16,9568.51837608943,0,9568.51837608943,0
2020-03-17,9568.51837608943,0,9568.51837608943,0
2020-03-18,9568.51837608943,0,9568.51837608943,0
2020-03-19,9568.51837608943,0,9568.51837608943,0
2020-03-20,9568.51837608943,0,9568.51837608943,0
2020-03-23,9568.51837608943,0,9568.51837608943,0
2020-03-24,9568.51837608943,0,9568.51837608943,0
2020-03-25,9568.51837608943,0,9568.51837608943,0
2020-03-26,9568.51837608943,0,9568.51837608943,0
2020-03-27,9568.51837608943,0,9568.51837608943,0
2020-03-30,9568.51837608943,0,9568.51837608943,0
2020-03-31,9568.51837608943,0,9568.51837608943,0
2020-04-01,9568.51837608943,0,9568.51837608943,0
2020-04-02,9568.51837608943,0,9568.51837608943,0
2020-04-03,9568.51837608943,0,9568.51837608943,0
2020-04-06,9568.51837608943,0,9568.51837608943,0
2020-04-07,9568.51837608943,0,9568.51837608943,0
2020-04-08,9568.51837608943,0,9568.51837608943,0
2020-04-09,9568.51837608943,0,9568.51837608943,0
2020-04-13,9568.51837608943,0,9568.51837608943,0
2020-04-14,9568.51837608943,0,9568.51837608943,0
2020-04-15,9568.51837608943,0,9568.51837608943,0
2020-04-16,9568.51837608943,0,9568.51837608943,0
2020-04-17,9568.51837608943,0,9568.51837608943,0
2020-04-20,9568.51837608943,0,9568.51837608943,0
2020-04-21,9568.51837608943,0,9568.51837608943,0
2020-04-22,9568.51837608943,0,9568.51837608943,0
2020-04-23,9568.51837608943,0,9568.51837608943,0
2020-04-24,9568.51837608943,0,9568.51837608943,0
2020-04-27,9568.51837608943,0,9568.51837608943,0
2020-04-28,9568.51837608943,0,9568.51837608943,0
2020-04-29,9568.51837608943,0,9568.51837608943,0
2020-04-30,9568.51837608943,0,9568.51837608943,0
2020-05-01,9568.51837608943,0,9568.51837608943,0
2020-05-04,9568.51837608943,0,9568.51837608943,0
2020-05-05,9568.51837608943,0,9568.51837608943,0
2020-05-06,9568.51837608943,0,9568.51837608943,0
2020-05-07,9568.51837608943,0,9568.51837608943,0
2020-05-08,9166.855910926084,400.40447656605875,9567.260387492142,1
2020-05-11,8763.380113241443,810.2088388114432,9573.588952052885,2
2020-05-12,8763.380113241443,698.7683787518122,9462.148491993255,2
2020-05-13,8763.380113241443,625.5694121627287,9388.949525404172,2
2020-05-14,8763.380113241443,684.7369554409738,9448.117068682417,2
2020-05-15,8763.380113241443,707.1892293486258,9470.569342590068,2
2020-05-18,8763.380113241443,847.1769584204228,9610.557071661866,2
2020-05-19,8763.380113241443,807.5582997547556,9570.938412996198,2
2020-05-20,8763.380113241443,884.8855472532332,9648.265660494675,2
2020-05-21,8763.380113241443,853.9919859512188,9617.372099192662,2
2020-05-22,8763.380113241443,878.0851262946364,9641.465239536079,2
2020-05-26,9285.953287538814,404.62782098707703,9690.58110852589,1
2020-05-27,8883.30283876154,830.8871471945132,9714.189985956053,2
2020-05-28,8883.30283876154,819.1126329796368,9702.415471741177,2
2020-05-29,8883.30283876154,846.6312574287198,9729.93409619026,2
2020-06-01,8883.30283876154,861.7257726750914,9745.028611436632,2
2020-06-02,8941.387086397264,838.3042051414701,9779.691291538735,2
2020-06-03,8994.600608499106,834.6349832735577,9829.235591772664,2
2020-06-04,8994.600608499106,825.7323717750567,9820.332980274163,2
2020-06-05,9053.18349495893,851.4042946471885,9904.58778960612,2
2020-06-08,9104.650295143247,828.3344634283268,9932.984758571574,2
2020-06-09,9104.650295143247,788.4444207371794,9893.094715880427,2
2020-06-10,9104.650295143247,772.7072108402211,9877.357505983467,2
2020-06-11,9104.650295143247,488.2148756777724,9592.86517082102,2
2020-06-12,9104.650295143247,542.3437944599357,9646.994089603182,2
2020-06-15,9104.650295143247,584.0613688560311,9688.711663999278,2
2020-06-16,9104.650295143247,667.6578363426614,9772.308131485908,2
2020-06-17,9104.650295143247,656.9385142835117,9761.588809426758,2
2020-06-18,9104.650295143247,665.6046076153473,9770.254902758594,2
2020-06-19,9104.650295143247,633.3109845790077,9737.961279722254,2
2020-06-22,9104.650295143247,691.8825060357563,9796.532801179002,2
2020-06-23,9104.650295143247,719.9107533373749,9824.561048480622,2
2020-06-24,9104.650295143247,578.6699868185437,9683.32028196179,2
2020-06-25,9104.650295143247,646.8951747901074,9751.545469933353,2
2020-06-26,9104.650295143247,505.83647007803734,9610.486765221283,2
2020-06-29,9104.650295143247,607.4623014694652,9712.112596612711,2
2020-06-30,9104.650295143247,719.4610868607767,9824.111382004023,2
2020-07-01,9104.650295143247,773.7823720746953,9878.432667217941,2
2020-07-02,9104.650295143247,820.4318260796786,9925.082121222926,2
2020-07-06,9644.705662840764,401.9444848870634,10046.650147727827,1
2020-07-07,9243.641775857453,778.3846000573213,10022.026375914775,2
2020-07-08,9243.641775857453,818.5870338930386,10062.228809750492,2
2020-07-09,9243.641775857453,793.5360580966139,10037.177833954067,2
2020-07-10,9243.641775857453,847.4548129699997,10091.096588827453,2
2020-07-13,9243.641775857453,787.4965109968464,10031.1382868543,2
2020-07-14,9243.641775857453,854.4456201796784,10098.087396037132,2
2020-07-15,9297.578475646333,841.0284208614307,10138.606896507763,2
2020-07-16,9297.578475646333,832.4786212941983,10130.05709694053,2
2020-07-17,9347.278372798954,814.6019948734967,10161.880367672451,2
2020-07-20,9347.278372798954,864.7867780478343,10212.065150846787,2
2020-07-21,9347.278372798954,869.6807223786132,10216.959095177566,2
2020-07-22,9393.77432214822,846.121113244179,10239.895435392398,2
2020-07-23,9393.77432214822,789.2710610958793,10183.045383244098,2
2020-07-24,9393.77432214822,771.1554572407138,10164.929779388933,2
2020-07-27,9393.77432214822,821.681624059692,10215.455946207912,2
2020-07-28,9393.77432214822,793.5496111217994,10187.32393327002,2
2020-07-29,9436.245551961883,812.2660689961606,10248.511620958045,2
2020-07-30,9436.245551961883,794.4084973201036,10230.654049281988,2
2020-07-31,9436.245551961883,830.4860479512861,10266.73159991317,2
2020-08-03,9436.245551961883,869.5862288842945,10305.831780846178,2
2020-08-04,9436.245551961883,890.5422468790373,10326.78779884092,2
2020-08-05,9949.034838014977,403.1876341415689,10352.222472156545,1
2020-08-06,9542.32336035532,823.7454556764028,10366.068816031722,2
2020-08-07,9542.32336035532,834.3858943519116,10376.709254707232,2
2020-08-10,9542.32336035532,855.7305313738315,10398.05389172915,2
2020-08-11,9542.32336035532,808.4054513169328,10350.728811672252,2
2020-08-12,9542.32336035532,881.3977672879382,10423.721127643257,2
2020-08-13,9542.32336035532,880.4036787893892,10422.72703914471,2
2020-08-14,9542.32336035532,884.8049703350565,10427.128330690377,2
2020-08-17,9594.880732044689,858.1193623203486,10453.000094365038,2
2020-08-18,9643.538476827724,816.8240235347831,10460.362500362507,2
2020-08-19,9643.538476827724,790.094693160755,10433.63316998848,2
2020-08-20,9643.538476827724,804.3958671511249,10447.934343978848,2
2020-08-21,9643.538476827724,823.552746887954,10467.091223715677,2
2020-08-24,9643.538476827724,872.9320376442661,10516.47051447199,2
2020-08-25,9643.538476827724,892.0518280258805,10535.590304853604,2
2020-08-26,10148.328176140365,402.95644114746096,10551.284617287825,1
2020-08-27,9741.313160654074,806.5155963573432,10547.828757011417,2
2020-08-28,9741.313160654074,849.7176865320582,10591.030847186132,2
2020-08-31,9741.313160654074,816.9183710865766,10558.23153174065,2
2020-09-01,9741.313160654074,848.4756569930148,10589.788817647088,2
2020-09-02,9741.313160654074,891.2511737693087,10632.564334423383,2
2020-09-03,9741.313160654074,722.296531349815,10463.609692003889,2
2020-09-04,9741.313160654074,714.2276550056351,10455.54081565971,2
2020-09-08,9741.313160654074,594.3646047317472,10335.67776538582,2
2020-09-09,9741.313160654074,711.3053346406489,10452.618495294722,2
2020-09-10,9741.313160654074,617.8876516783561,10359.20081233243,2
2020-09-11,9741.313160654074,638.5863004222429,10379.899461076317,2
2020-09-14,9741.313160654074,735.6695156670867,10476.98267632116,2
2020-09-15,9741.313160654074,774.7416380693004,10516.054798723375,2
2020-09-16,9741.313160654074,750.505052457607,10491.818213111681,2
2020-09-17,9741.313160654074,699.3746731415613,10440.687833795635,2
2020-09-18,9741.313160654074,626.3840565557543,10367.697217209829,2
2020-09-21,9741.313160654074,531.6616771459949,10272.97483780007,2
2020-09-22,9741.313160654074,633.5395223078351,10374.85268296191,2
2020-09-23,10142.186296199052,0,10142.186296199052,0
2020-09-24,10142.186296199052,0,10142.186296199052,0
2020-09-25,10142.186296199052,0,10142.186296199052,0
2020-09-28,10142.186296199052,0,10142.186296199052,0
2020-09-29,10142.186296199052,0,10142.186296199052,0
2020-09-30,9736.861242509827,404.40578671357486,10141.267029223402,1
2020-10-01,9334.389977893337,813.9991710869012,10148.389148980239,2
2020-10-02,9334.389977893337,775.777264940571,10110.167242833908,2
2020-10-05,9334.389977893337,841.9005473361182,10176.290525229455,2
2020-10-06,9334.389977893337,786.7612339817092,10121.151211875047,2
2020-10-07,9334.389977893337,858.2216859343589,10192.611663827696,2
2020-10-08,9382.854259788144,848.1005511226006,10230.954810910745,2
2020-10-09,9438.753590609174,830.138451855639,10268.892042464813,2
2020-10-12,9488.347891493824,835.1475462930352,10323.49543778686,2
2020-10-13,9488.347891493824,807.4862024810812,10295.834093974905,2
2020-10-14,9488.347891493824,783.8943036911573,10272.242195184981,2
2020-10-15,9488.347891493824,776.4017497868374,10264.749641280661,2
2020-10-16,9488.347891493824,776.5583631745358,10264.90625466836,2
2020-10-19,9488.347891493824,706.1093124374893,10194.457203931313,2
2020-10-20,9488.347891493824,728.6295491420645,10216.977440635888,2
2020-10-21,9488.347891493824,728.3943974511601,10216.742288944984,2
2020-10-22,9488.347891493824,759.6090824248712,10247.956973918695,2
2020-10-23,9488.347891493824,783.7295801710652,10272.077471664888,2
2020-10-26,9488.347891493824,677.3295247547139,10165.677416248538,2
2020-10-27,9488.347891493824,662.2424553513127,10150.590346845136,2
2020-10-28,9488.347891493824,476.16622790308725,9964.514119396912,2
2020-10-29,9488.347891493824,535.2940301999283,10023.641921693752,2
2020-10-30,9488.347891493824,474.42676577974794,9962.774657273572,2
2020-11-02,9488.347891493824,543.5424310131352,10031.890322506959,2
2020-11-03,9488.347891493824,655.1058404664133,10143.453731960237,2
2020-11-04,9488.347891493824,823.6277705178711,10311.975662011695,2
2020-11-05,9567.190401557578,844.5220734972619,10411.712475054841,2
2020-11-06,9618.542654137944,821.9897899433676,10440.532444081311,2
2020-11-09,9618.542654137944,860.198459091837,10478.74111322978,2
2020-11-10,9618.542654137944,869.3075613882694,10487.850215526214,2
2020-11-11,9667.978715058613,855.6189365679732,10523.597651626586,2
2020-11-12,9667.978715058613,805.5892913749105,10473.568006433523,2
2020-11-13,9720.42808413117,822.2417237890667,10542.669807920236,2
2020-11-16,9720.42808413117,879.0309573711418,10599.459041502312,2
2020-11-17,9720.42808413117,864.5195533289211,10584.94763746009,2
2020-11-18,9720.42808413117,813.5155940511752,10533.943678182346,2
2020-11-19,9720.42808413117,840.6773930245506,10561.105477155721,2
2020-11-20,9720.42808413117,811.3340561604474,10531.762140291617,2
2020-11-23,9720.42808413117,858.6536898317263,10579.081773962896,2
2020-11-24,10237.039222916288,405.08512400224174,10642.12434691853,1
2020-11-25,9831.498966022811,809.887311504388,10641.3862775272,2
2020-11-27,9831.498966022811,831.1966238200455,10662.695589842857,2
2020-11-30,9831.498966022811,825.8649480473941,10657.363914070205,2
2020-12-01,9831.498966022811,871.9488133973364,10703.447779420148,2
2020-12-02,9831.498966022811,877.5271143510274,10709.026080373838,2
2020-12-03,9831.498966022811,878.1748926589278,10709.67385868174,2
2020-12-04,10338.790058444427,404.4048036241634,10743.19486206859,1
2020-12-07,9934.321740931284,805.2731973475773,10739.59493827886,2
2020-12-08,9934.321740931284,827.7675406478452,10762.089281579129,2
2020-12-09,9934.321740931284,777.8514457131273,10712.173186644412,2
2020-12-10,9934.321740931284,772.5889912240774,10706.910732155362,2
2020-12-11,9934.321740931284,761.8302295820342,10696.151970513318,2
2020-12-14,9934.321740931284,737.9729940106586,10672.294734941943,2
2020-12-15,9934.321740931284,820.3705828480323,10754.692323779316,2
2020-12-16,9934.321740931284,836.8659091118872,10771.187650043172,2
2020-12-17,9934.321740931284,871.0590541916374,10805.380795122921,2
2020-12-18,9934.321740931284,866.4051887502992,10800.726929681583,2
2020-12-21,9934.321740931284,827.5850552202513,10761.906796151536,2
2020-12-22,9934.321740931284,834.0110690464776,10768.332809977761,2
2020-12-23,9934.321740931284,853.6360800197073,10787.957820950991,2
2020-12-24,9934.321740931284,894.6935945858193,10829.015335517102,2
2020-12-28,10471.743855160152,407.26040848788114,10879.004263648032,1
2020-12-29,10064.557786379999,802.6168178580449,10867.174604238044,2
2020-12-30,10064.557786379999,814.5062378995277,10879.064024279527,2
2020-12-31,10064.557786379999,841.9174160854034,10906.475202465403,2
2021-01-04,10064.557786379999,755.8938589854947,10820.451645365494,2
2021-01-05,10064.557786379999,803.9349694492352,10868.492755829235,2
2021-01-06,10064.557786379999,832.7443550781269,10897.302141458125,2
2021-01-07,10115.54099241988,859.3626830225829,10974.903675442461,2
2021-01-08,10174.977055943677,827.4298691047754,11002.406925048452,2
2021-01-11,10174.977055943677,783.2268353518806,10958.203891295558,2
2021-01-12,10174.977055943677,796.3199099458577,10971.296965889534,2
2021-01-13,10174.977055943677,821.8293333996058,10996.806389343283,2
2021-01-14,10174.977055943677,798.2762247141217,10973.253280657798,2
2021-01-15,10174.977055943677,758.5526733474836,10933.52972929116,2
2021-01-19,10174.977055943677,823.7369231846722,10998.713979128348,2
2021-01-20,10228.354286912176,844.4038910611766,11072.758177973352,2
2021-01-21,10228.354286912176,852.6191084004931,11080.973395312669,2
2021-01-22,10228.354286912176,838.2295919939409,11066.583878906116,2
2021-01-25,10228.354286912176,852.1158679749199,11080.470154887096,2
2021-01-26,10228.354286912176,853.1923910982766,11081.546678010453,2
2021-01-27,10228.354286912176,640.6379221938848,10868.99220910606,2
2021-01-28,10228.354286912176,728.3126527323147,10956.66693964449,2
2021-01-29,10228.354286912176,621.4107133560503,10849.765000268226,2
2021-02-01,10228.354286912176,735.061098202052,10963.415385114227,2
2021-02-02,10281.266871181237,791.816788858285,11073.083660039521,2
2021-02-03,10281.266871181237,828.0044391839176,11109.271310365155,2
2021-02-04,10281.266871181237,885.9257181739963,11167.192589355232,2
2021-02-05,10781.251934488337,408.37427529232997,11189.626209780667,1
2021-02-08,10375.016730625945,830.0285997025085,11205.045330328452,2
2021-02-09,10375.016730625945,824.3709885485977,11199.387719174541,2
2021-02-10,10375.016730625945,822.2681158797457,11197.28484650569,2
2021-02-11,10375.016730625945,841.1128890055245,11216.129619631469,2
2021-02-12,10375.016730625945,877.8124055506456,11252.82913617659,2
2021-02-16,10375.016730625945,874.1963400450139,11249.213070670958,2
2021-02-17,10375.016730625945,877.0079966529195,11252.024727278864,2
2021-02-18,10375.016730625945,853.7635452045173,11228.780275830462,2
2021-02-19,10375.016730625945,856.1242351842083,11231.140965810153,2
2021-02-22,10375.016730625945,822.731160542859,11197.747891168803,2
2021-02-23,10375.016730625945,838.2964666329024,11213.313197258847,2
2021-02-24,10435.022468813046,846.8894539989318,11281.911922811978,2
2021-02-25,10435.022468813046,667.5205561871521,11102.543025000197,2
2021-02-26,10435.022468813046,652.7730069420585,11087.795475755103,2
2021-03-01,10435.022468813046,824.4608244442496,11259.483293257295,2
2021-03-02,10435.022468813046,783.7230516588278,11218.745520471874,2
2021-03-03,10435.022468813046,694.524928822517,11129.547397635562,2
2021-03-04,10435.022468813046,605.5008490115583,11040.523317824604,2
2021-03-05,10435.022468813046,758.0961795523081,11193.118648365355,2
2021-03-08,10435.022468813046,742.9840516334132,11178.006520446459,2
2021-03-09,10495.012489406014,784.9193975357593,11279.931886941773,2
2021-03-10,10495.012489406014,830.9740146400728,11325.986504046086,2
2021-03-11,10495.012489406014,882.1253516961526,11377.137841102167,2
2021-03-12,10539.24664470033,856.2913434442212,11395.537988144551,2
2021-03-15,10602.646763968312,834.590810884955,11437.237574853267,2
2021-03-16,10602.646763968312,834.475843803844,11437.122607772157,2
2021-03-17,10602.646763968312,856.8186435083106,11459.465407476622,2
2021-03-18,10602.646763968312,765.1151586971991,11367.761922665512,2
2021-03-19,10602.646763968312,772.5534413051926,11375.200205273504,2
2021-03-22,10602.646763968312,843.9092123508451,11446.555976319158,2
2021-03-23,10602.646763968312,791.8418257871458,11394.488589755458,2
2021-03-24,10602.646763968312,755.5260141490663,11358.17277811738,2
2021-03-25,10602.646763968312,805.153775497157,11407.80053946547,2
2021-03-26,10654.836290521598,843.6417290674043,11498.478019589002,2
2021-03-29,10654.836290521598,828.2796652230766,11483.115955744675,2
2021-03-30,10654.836290521598,831.8776030999032,11486.713893621501,2
2021-03-31,10654.836290521598,855.7712001851759,11510.607490706774,2
2021-04-01,10719.801391911973,861.9455405909894,11581.746932502963,2
2021-04-05,10779.967256001048,855.9090962675612,11635.87635226861,2
2021-04-06,10779.967256001048,852.2287129633185,11632.195968964366,2
2021-04-07,10779.967256001048,874.885373690768,11654.852629691815,2
2021-04-08,10830.083827494189,844.5599890156573,11674.643816509846,2
2021-04-09,10830.083827494189,884.1731528746056,11714.256980368795,2
2021-04-12,10830.083827494189,890.3086605119149,11720.392488006104,2
2021-04-13,10882.635874340025,853.905240839402,11736.541115179427,2
2021-04-14,10882.635874340025,832.8977470252817,11715.533621365306,2
2021-04-15,10934.131877744514,836.4407560390475,11770.572633783562,2
2021-04-16,10934.131877744514,861.2303681805947,11795.36224592511,2
2021-04-19,10934.131877744514,830.4537231946512,11764.585600939165,2
2021-04-20,10934.131877744514,778.4316486859709,11712.563526430486,2
2021-04-21,10934.131877744514,846.8484094630746,11780.980287207589,2
2021-04-22,10934.131877744514,785.275506897922,11719.407384642436,2
2021-04-23,10934.131877744514,864.8889320261617,11799.020809770676,2
2021-04-26,10934.131877744514,881.783171385915,11815.915049130428,2
2021-04-27,10934.131877744514,886.6192463084382,11820.751124052953,2
2021-04-28,10978.105708759387,844.8615496701933,11822.96725842958,2
2021-04-29,10978.105708759387,875.0681198330952,11853.173828592482,2
2021-04-30,10978.105708759387,832.3241297777741,11810.429838537162,2
2021-05-03,10978.105708759387,863.6170339657266,11841.722742725115,2
2021-05-04,10978.105708759387,819.5134776778011,11797.619186437189,2
2021-05-05,10978.105708759387,833.0007077842381,11811.106416543626,2
2021-05-06,11030.209677665762,833.1519680807162,11863.361645746478,2
2021-05-07,11076.199221601388,842.9860652132093,11919.185286814598,2
2021-05-10,11076.199221601388,759.4631410194168,11835.662362620804,2
2021-05-11,11076.199221601388,692.1430156898068,11768.342237291195,2
2021-05-12,11076.199221601388,546.1520930203591,11622.351314621746,2
2021-05-13,11076.199221601388,632.3794689568942,11708.578690558283,2
2021-05-14,11076.199221601388,763.0162174118851,11839.215439013273,2
2021-05-17,11076.199221601388,747.8165602715662,11824.015781872953,2
2021-05-18,11076.199221601388,680.6167391352972,11756.815960736685,2
2021-05-19,11076.199221601388,657.4986491261484,11733.697870727536,2
2021-05-20,11076.199221601388,743.2395183137885,11819.438739915176,2
2021-05-21,11076.199221601388,748.2890008582742,11824.488222459662,2
2021-05-24,11076.199221601388,847.9185586421088,11924.117780243496,2
2021-05-25,11076.199221601388,836.0658219734844,11912.265043574873,2
2021-05-26,11118.964541216188,828.1333277737069,11947.097868989895,2
2021-05-27,11118.964541216188,848.990929155837,11967.955470372024,2
2021-05-28,11118.964541216188,858.3710894174451,11977.335630633634,2
2021-06-01,11118.964541216188,864.8558519831668,11983.820393199356,2
2021-06-02,11162.14685585004,839.4720732725219,12001.618929122562,2
2021-06-03,11162.14685585004,817.2607263480195,11979.407582198059,2
2021-06-04,11162.14685585004,884.8320341448069,12046.978889994847,2
2021-06-07,11204.20560301266,847.994656461168,12052.200259473828,2
2021-06-08,11204.20560301266,842.476469586446,12046.682072599106,2
2021-06-09,11204.20560301266,825.3775860831795,12029.58318909584,2
2021-06-10,11204.20560301266,876.6413233539606,12080.846926366621,2
2021-06-11,11250.618691941008,846.1543982584217,12096.77309019943,2
2021-06-14,11250.618691941008,853.5735378087417,12104.19222974975,2
2021-06-15,11250.618691941008,837.8594043435726,12088.478096284582,2
2021-06-16,11250.618691941008,796.8705168358298,12047.489208776838,2
2021-06-17,11250.618691941008,803.6396624130994,12054.258354354108,2
2021-06-18,11250.618691941008,692.4184555581718,11943.03714749918,2
2021-06-21,11250.618691941008,822.6406450789398,12073.259337019948,2
2021-06-22,11250.618691941008,872.4161847738372,12123.034876714846,2
2021-06-23,11250.618691941008,876.765032668191,12127.383724609199,2
2021-06-24,11309.791641281174,851.1868193950079,12160.978460676182,2
2021-06-25,11351.374135057522,832.1928335818022,12183.566968639325,2
2021-06-28,11351.374135057522,851.1997074288864,12202.573842486408,2
2021-06-29,11351.374135057522,851.8905558905999,12203.264690948123,2
2021-06-30,11351.374135057522,864.8609061252649,12216.235041182787,2
2021-07-01,11351.374135057522,897.0828135753063,12248.45694863283,2
2021-07-02,11871.02398318015,409.28282988297224,12280.306813063122,1
2021-07-06,11457.679658456469,810.8878825105237,12268.567540966993,2
2021-07-07,11457.679658456469,835.5627977052833,12293.242456161752,2
2021-07-08,11457.679658456469,752.7054660380003,12210.385124494469,2
2021-07-09,11457.679658456469,855.8468321904002,12313.52649064687,2
2021-07-12,11457.679658456469,883.315266970716,12340.994925427185,2
2021-07-13,11457.679658456469,856.8209702181186,12314.500628674588,2
2021-07-14,11457.679658456469,878.2937848972742,12335.973443353743,2
2021-07-15,11457.679658456469,856.5030780775721,12314.182736534041,2
2021-07-16,11457.679658456469,798.0936526622805,12255.77331111875,2
2021-07-19,11457.679658456469,662.1448321670996,12119.824490623569,2
2021-07-20,11457.679658456469,796.2330988525209,12253.91275730899,2
2021-07-21,11457.679658456469,873.9880564188845,12331.667714875353,2
2021-07-22,11457.679658456469,893.3374362657361,12351.017094722205,2
2021-07-23,11988.752800167633,409.598517014679,12398.351317182312,1
2021-07-26,11580.154926674362,824.202310787328,12404.35723746169,2
2021-07-27,11580.154926674362,779.8030129014052,12359.957939575768,2
2021-07-28,11580.154926674362,795.6918412635389,12375.846767937901,2
2021-07-29,11580.154926674362,828.9804718583391,12409.1353985327,2
2021-07-30,11580.154926674362,796.8655756295334,12377.020502303896,2
2021-08-02,11580.154926674362,781.90884985911,12362.063776533472,2
2021-08-03,11580.154926674362,848.0812712675572,12428.23619794192,2
2021-08-04,11580.154926674362,829.4802916623183,12409.63521833668,2
2021-08-05,11580.154926674362,874.0995721784507,12454.254498852813,2
2021-08-06,11626.619692482001,852.8034548329351,12479.423147314938,2
2021-08-09,11626.619692482001,851.2797657170701,12477.899458199072,2
2021-08-10,11626.619692482001,859.3882174342674,12486.007909916269,2
2021-08-11,11672.413001075114,829.9893920107643,12502.402393085878,2
2021-08-12,11672.413001075114,863.1339222642794,12535.546923339394,2
2021-08-13,11672.413001075114,876.2255931037841,12548.638594178898,2
2021-08-16,11672.413001075114,888.4183297148446,12560.831330789959,2
2021-08-17,11672.413001075114,832.7989745927844,12505.211975667899,2
2021-08-18,11672.413001075114,732.0071328458141,12404.420133920928,2
2021-08-19,11672.413001075114,741.987072105303,12414.400073180417,2
2021-08-20,11672.413001075114,829.4706798930135,12501.883680968127,2
2021-08-23,11721.366347253132,852.8619348161606,12574.228282069293,2
2021-08-24,11721.366347253132,862.5481607930304,12583.914508046162,2
2021-08-25,11772.393126448665,828.9074110512928,12601.300537499957,2
2021-08-26,11772.393126448665,773.4514118027889,12545.844538251455,2
2021-08-27,11772.393126448665,855.3931617909016,12627.786288239568,2
2021-08-30,11772.393126448665,887.706532253263,12660.099658701929,2
2021-08-31,11772.393126448665,881.4062499131119,12653.799376361778,2
2021-09-01,11772.393126448665,891.9129502101864,12664.306076658851,2
2021-09-02,11818.637879940845,854.488119310313,12673.125999251159,2
2021-09-03,11818.637879940845,856.3676243761613,12675.005504317007,2
2021-09-07,11818.637879940845,830.4495047821476,12649.087384722992,2
2021-09-08,11818.637879940845,830.3082204283264,12648.946100369172,2
2021-09-09,11818.637879940845,798.1831236681153,12616.82100360896,2
2021-09-10,11818.637879940845,731.0428421253632,12549.680722066209,2
2021-09-13,11818.637879940845,777.1722600582677,12595.810139999112,2
2021-09-14,11818.637879940845,742.0700405368862,12560.707920477731,2
2021-09-15,11818.637879940845,820.7880627863326,12639.425942727177,2
2021-09-16,11818.637879940845,810.6559116067871,12629.293791547632,2
2021-09-17,11818.637879940845,728.1967516433639,12546.834631584208,2
2021-09-20,11818.637879940845,573.6765284254062,12392.314408366252,2
2021-09-21,11818.637879940845,574.8846612456703,12393.522541186516,2
2021-09-22,11818.637879940845,692.4809230458138,12511.118802986659,2
2021-09-23,11866.171001818646,783.4494668815964,12649.620468700243,2
2021-09-24,11866.171001818646,810.1008307720676,12676.271832590714,2
2021-09-27,11866.171001818646,795.9245912176023,12662.095593036249,2
2021-09-28,11866.171001818646,596.5506315992286,12462.721633417874,2
2021-09-29,11866.171001818646,615.1374697203082,12481.308471538954,2
2021-09-30,12064.282226731273,307.0453642478441,12371.327590979117,1
2021-10-01,12064.282226731273,350.3481463826006,12414.630373113874,1
2021-10-04,12064.282226731273,305.89591884516096,12370.178145576434,1
2021-10-05,12064.282226731273,347.5789328005817,12411.861159531854,1
2021-10-06,12064.282226731273,364.17501122876814,12428.457237960041,1
2021-10-07,12064.282226731273,400.5922546573032,12464.874481388577,1
2021-10-08,12064.282226731273,402.34746015984086,12466.629686891114,1
2021-10-11,12064.282226731273,380.0738709907236,12444.356097721997,1
2021-10-12,12064.282226731273,374.9814839117718,12439.263710643045,1
2021-10-13,12064.282226731273,397.0961058684395,12461.378332599712,1
2021-10-14,12115.75922795535,409.35194703188813,12525.111174987238,1
2021-10-15,11705.480372300348,841.1943070577195,12546.674679358068,2
2021-10-18,11705.480372300348,866.1374625375188,12571.617834837867,2
2021-10-19,11754.985392378785,855.8717707746496,12610.857163153434,2
2021-10-20,11797.026492712925,833.8221310573047,12630.84862377023,2
2021-10-21,11797.026492712925,859.8014949489161,12656.82798766184,2
2021-10-22,11797.026492712925,850.7759581937236,12647.802450906649,2
2021-10-25,11797.026492712925,886.2522903371441,12683.27878305007,2
2021-10-26,11797.026492712925,886.4278664547129,12683.454359167637,2
2021-10-27,11797.026492712925,851.9944898920812,12649.020982605005,2
2021-10-28,11845.754094656006,853.9718815243589,12699.725976180365,2
2021-10-29,11845.754094656006,870.1448399246427,12715.898934580648,2
2021-11-01,11900.262582766429,829.1606464277031,12729.423229194132,2
2021-11-02,11900.262582766429,856.3529725289158,12756.615555295344,2
2021-11-03,11942.881487275472,856.3294689692839,12799.210956244755,2
2021-11-04,11942.881487275472,873.2633126046935,12816.144799880165,2
2021-11-05,11942.881487275472,876.6304800797315,12819.511967355204,2
2021-11-08,11986.165466398637,834.5555462366476,12820.721012635286,2
2021-11-09,11986.165466398637,812.4362842619348,12798.601750660571,2
2021-11-10,11986.165466398637,758.0965258308468,12744.261992229483,2
2021-11-11,11986.165466398637,778.4198604912433,12764.58532688988,2
2021-11-12,11986.165466398637,842.2380149118119,12828.40348131045,2
2021-11-15,11986.165466398637,851.0606753646969,12837.226141763334,2
2021-11-16,11986.165466398637,876.4942825772124,12862.65974897585,2
2021-11-17,11986.165466398637,857.3207760441256,12843.486242442763,2
2021-11-18,11986.165466398637,871.9756075710749,12858.141073969713,2
2021-11-19,11986.165466398637,865.8045239777749,12851.969990376412,2
2021-11-22,11986.165466398637,849.4114815085234,12835.57694790716,2
2021-11-23,11986.165466398637,861.6850449690475,12847.850511367686,2
2021-11-24,12038.200344556953,834.826008350845,12873.026352907798,2
2021-11-26,12038.200344556953,627.0328916288236,12665.233236185777,2
2021-11-29,12038.200344556953,754.7559761203047,12792.956320677258,2
2021-11-30,12038.200344556953,611.0924543475107,12649.292798904464,2
2021-12-01,12038.200344556953,528.7046598125386,12566.905004369492,2
2021-12-02,12038.200344556953,627.9546699303523,12666.155014487305,2
2021-12-03,12038.200344556953,566.6620897323924,12604.862434289345,2
2021-12-06,12038.200344556953,676.7632121350075,12714.96355669196,2
2021-12-07,12101.242971615095,800.8500443099379,12902.093015925033,2
2021-12-08,12101.242971615095,843.2694729091694,12944.512444524264,2
2021-12-09,12101.242971615095,792.8478003322084,12894.090771947303,2
2021-12-10,12101.242971615095,877.7875184842528,12979.030490099347,2
2021-12-13,12101.242971615095,829.1641661872411,12930.407137802336,2
2021-12-14,12101.242971615095,774.6376215937246,12875.88059320882,2
2021-12-15,12148.538092321714,843.7996587523812,12992.337751074096,2
2021-12-16,12148.538092321714,792.0066435916425,12940.544735913358,2
2021-12-17,12148.538092321714,731.7277893284186,12880.265881650133,2
2021-12-20,12148.538092321714,664.3329669350351,12812.87105925675,2
2021-12-21,12148.538092321714,785.4625624878458,12934.00065480956,2
2021-12-22,12195.160904204147,818.55606850838,13013.716972712527,2
2021-12-23,12195.160904204147,859.662447759208,13054.823351963356,2
2021-12-27,12711.139915204669,407.48939732300613,13118.629312527675,1
2021-12-28,12303.860809297494,813.5282412170881,13117.389050514581,2
2021-12-29,12303.860809297494,832.1290041013917,13135.989813398886,2
2021-12-30,12303.860809297494,814.7150842561018,13118.575893553596,2
2021-12-31,12303.860809297494,805.6469221145946,13109.507731412088,2
2022-01-03,12303.860809297494,858.148386416596,13162.00919571409,2
2022-01-04,12303.860809297494,854.3057449394055,13158.1665542369,2
2022-01-05,12303.860809297494,707.5422401542511,13011.403049451745,2
2022-01-06,12303.860809297494,705.5465373802022,13009.407346677695,2
2022-01-07,12303.860809297494,689.1491779795601,12993.009987277053,2
2022-01-10,12303.860809297494,681.5638806273199,12985.424689924814,2
2022-01-11,12303.860809297494,763.5871106824552,13067.44791997995,2
2022-01-12,12303.860809297494,798.7886565334932,13102.649465830988,2
2022-01-13,12303.860809297494,665.0804958120148,12968.941305109509,2
2022-01-14,12303.860809297494,685.7320313966468,12989.59284069414,2
2022-01-18,12303.860809297494,511.43234266770037,12815.293151965194,2
2022-01-19,12724.13622920437,0,12724.13622920437,0
2022-01-20,12724.13622920437,0,12724.13622920437,0
2022-01-21,12724.13622920437,0,12724.13622920437,0
2022-01-24,12724.13622920437,0,12724.13622920437,0
2022-01-25,12724.13622920437,0,12724.13622920437,0
2022-01-26,12724.13622920437,0,12724.13622920437,0
2022-01-27,12724.13622920437,0,12724.13622920437,0
2022-01-28,12724.13622920437,0,12724.13622920437,0
2022-01-31,12724.13622920437,0,12724.13622920437,0
2022-02-01,12724.13622920437,0,12724.13622920437,0
2022-02-02,12724.13622920437,0,12724.13622920437,0
2022-02-03,12724.13622920437,0,12724.13622920437,0
2022-02-04,12724.13622920437,0,12724.13622920437,0
2022-02-07,12724.13622920437,0,12724.13622920437,0
2022-02-08,12724.13622920437,0,12724.13622920437,0
2022-02-09,12724.13622920437,0,12724.13622920437,0
2022-02-10,12724.13622920437,0,12724.13622920437,0
2022-02-11,12724.13622920437,0,12724.13622920437,0
2022-02-14,12724.13622920437,0,12724.13622920437,0
2022-02-15,12724.13622920437,0,12724.13622920437,0
2022-02-16,12724.13622920437,0,12724.13622920437,0
2022-02-17,12724.13622920437,0,12724.13622920437,0
2022-02-18,12724.13622920437,0,12724.13622920437,0
2022-02-22,12724.13622920437,0,12724.13622920437,0
2022-02-23,12724.13622920437,0,12724.13622920437,0
2022-02-24,12724.13622920437,0,12724.13622920437,0
2022-02-25,12724.13622920437,0,12724.13622920437,0
2022-02-28,12724.13622920437,0,12724.13622920437,0
2022-03-01,12724.13622920437,0,12724.13622920437,0
2022-03-02,12724.13622920437,0,12724.13622920437,0
2022-03-03,12724.13622920437,0,12724.13622920437,0
2022-03-04,12724.13622920437,0,12724.13622920437,0
2022-03-07,12724.13622920437,0,12724.13622920437,0
2022-03-08,12724.13622920437,0,12724.13622920437,0
2022-03-09,12724.13622920437,0,12724.13622920437,0
2022-03-10,12724.13622920437,0,12724.13622920437,0
2022-03-11,12724.13622920437,0,12724.13622920437,0
2022-03-14,12724.13622920437,0,12724.13622920437,0
2022-03-15,12724.13622920437,0,12724.13622920437,0
2022-03-16,12724.13622920437,0,12724.13622920437,0
2022-03-17,12724.13622920437,0,12724.13622920437,0
2022-03-18,12320.255134238703,402.7993358992944,12723.054470137999,1
2022-03-21,11920.067626200296,808.1390276438824,12728.20665384418,2
2022-03-22,11920.067626200296,858.0215160900366,12778.089142290333,2
2022-03-23,11920.067626200296,810.3016851385532,12730.369311338849,2
2022-03-24,11920.067626200296,885.3550511706039,12805.4226773709,2
2022-03-25,12424.549400098622,404.1879513883387,12828.737351486961,1
2022-03-28,12016.543152179433,837.8688922185852,12854.412044398017,2
2022-03-29,12068.274504891455,840.8474712914099,12909.121976182865,2
2022-03-30,12068.274504891455,810.9778991157519,12879.252404007208,2
2022-03-31,12068.274504891455,720.3533733018517,12788.627878193307,2
2022-04-01,12068.274504891455,751.6897841563292,12819.964289047784,2
2022-04-04,12068.274504891455,817.1037433097638,12885.37824820122,2
2022-04-05,12068.274504891455,723.1741836411459,12791.4486885326,2
2022-04-06,12068.274504891455,658.7343780153376,12727.008882906792,2
2022-04-07,12068.274504891455,691.760386799514,12760.034891690968,2
2022-04-08,12068.274504891455,681.5143807574727,12749.788885648928,2
2022-04-11,12068.274504891455,557.2556122981212,12625.530117189575,2
2022-04-12,12068.274504891455,535.3472014328077,12603.621706324262,2
2022-04-13,12068.274504891455,626.254203257507,12694.528708148962,2
2022-04-14,12068.274504891455,531.7560605072572,12600.030565398712,2
2022-04-18,12068.274504891455,533.1534820767729,12601.427986968229,2
2022-04-19,12068.274504891455,679.9345473177837,12748.209052209239,2
2022-04-20,12068.274504891455,689.0094331947139,12757.28393808617,2
2022-04-21,12068.274504891455,538.6876265062085,12606.962131397664,2
2022-04-22,12372.248866767202,0,12372.248866767202,0
2022-04-25,12372.248866767202,0,12372.248866767202,0
2022-04-26,12372.248866767202,0,12372.248866767202,0
2022-04-27,12372.248866767202,0,12372.248866767202,0
2022-04-28,12372.248866767202,0,12372.248866767202,0
2022-04-29,12372.248866767202,0,12372.248866767202,0
2022-05-02,12372.248866767202,0,12372.248866767202,0
2022-05-03,12372.248866767202,0,12372.248866767202,0
2022-05-04,12372.248866767202,0,12372.248866767202,0
2022-05-05,12372.248866767202,0,12372.248866767202,0
2022-05-06,12372.248866767202,0,12372.248866767202,0
2022-05-09,12372.248866767202,0,12372.248866767202,0
2022-05-10,12372.248866767202,0,12372.248866767202,0
2022-05-11,12372.248866767202,0,12372.248866767202,0
2022-05-12,12372.248866767202,0,12372.248866767202,0
2022-05-13,12372.248866767202,0,12372.248866767202,0
2022-05-16,12372.248866767202,0,12372.248866767202,0
2022-05-17,12372.248866767202,0,12372.248866767202,0
2022-05-18,12372.248866767202,0,12372.248866767202,0
2022-05-19,12372.248866767202,0,12372.248866767202,0
2022-05-20,12372.248866767202,0,12372.248866767202,0
2022-05-23,12372.248866767202,0,12372.248866767202,0
2022-05-24,12372.248866767202,0,12372.248866767202,0
2022-05-25,12372.248866767202,0,12372.248866767202,0
2022-05-26,12372.248866767202,0,12372.248866767202,0
2022-05-27,12372.248866767202,0,12372.248866767202,0
2022-05-31,12372.248866767202,0,12372.248866767202,0
2022-06-01,12372.248866767202,0,12372.248866767202,0
2022-06-02,12372.248866767202,0,12372.248866767202,0
2022-06-03,12372.248866767202,0,12372.248866767202,0
2022-06-06,12372.248866767202,0,12372.248866767202,0
2022-06-07,12372.248866767202,0,12372.248866767202,0
2022-06-08,12372.248866767202,0,12372.248866767202,0
2022-06-09,12372.248866767202,0,12372.248866767202,0
2022-06-10,12372.248866767202,0,12372.248866767202,0
2022-06-13,12372.248866767202,0,12372.248866767202,0
2022-06-14,12372.248866767202,0,12372.248866767202,0
2022-06-15,12372.248866767202,0,12372.248866767202,0
2022-06-16,12372.248866767202,0,12372.248866767202,0
2022-06-17,12372.248866767202,0,12372.248866767202,0
2022-06-21,12372.248866767202,0,12372.248866767202,0
2022-06-22,12372.248866767202,0,12372.248866767202,0
2022-06-23,12372.248866767202,0,12372.248866767202,0
2022-06-24,12372.248866767202,0,12372.248866767202,0
2022-06-27,12372.248866767202,0,12372.248866767202,0
2022-06-28,12372.248866767202,0,12372.248866767202,0
2022-06-29,12372.248866767202,0,12372.248866767202,0
2022-06-30,12372.248866767202,0,12372.248866767202,0
2022-07-01,12372.248866767202,0,12372.248866767202,0
2022-07-05,12372.248866767202,0,12372.248866767202,0
2022-07-06,12372.248866767202,0,12372.248866767202,0
2022-07-07,12372.248866767202,0,12372.248866767202,0
2022-07-08,12372.248866767202,0,12372.248866767202,0
2022-07-11,12372.248866767202,0,12372.248866767202,0
2022-07-12,12372.248866767202,0,12372.248866767202,0
2022-07-13,12372.248866767202,0,12372.248866767202,0
2022-07-14,12372.248866767202,0,12372.248866767202,0
2022-07-15,12372.248866767202,0,12372.248866767202,0
2022-07-18,12372.248866767202,0,12372.248866767202,0
2022-07-19,11968.757152637918,402.0156469404533,12370.772799578372,1
2022-07-20,11566.473143391415,818.524888970468,12384.998032361884,2
2022-07-21,11566.473143391415,863.1376908915108,12429.610834282925,2
2022-07-22,11566.473143391415,836.1152090867009,12402.588352478117,2
2022-07-25,11566.473143391415,848.1428937037805,12414.616037095195,2
2022-07-26,11566.473143391415,793.5232854447271,12359.996428836143,2
2022-07-27,11616.135169434381,848.9825806320503,12465.11775006643,2
2022-07-28,11676.619173610981,835.0891854142403,12511.708359025222,2
2022-07-29,11727.202556367512,841.3229059697308,12568.525462337244,2
2022-08-01,11727.202556367512,823.5340940686143,12550.736650436127,2
2022-08-02,11727.202556367512,788.7615921974572,12515.96414856497,2
2022-08-03,11727.202556367512,872.3675277422249,12599.570084109737,2
2022-08-04,11772.277618873151,831.1964309214779,12603.47404979463,2
2022-08-05,11772.277618873151,831.7033877590213,12603.981006632173,2
2022-08-08,11772.277618873151,836.3837205880735,12608.661339461225,2
2022-08-09,11772.277618873151,816.5254168029555,12588.803035676106,2
2022-08-10,11830.865097152035,859.2788108000715,12690.143907952106,2
2022-08-11,11830.865097152035,854.4392609969034,12685.304358148938,2
2022-08-12,11896.45865756355,851.1965041937515,12747.6551617573,2
2022-08-15,11896.45865756355,870.509776139858,12766.968433703407,2
2022-08-16,11948.907678178224,828.2575118014585,12777.165189979683,2
2022-08-17,11948.907678178224,796.0680132051777,12744.975691383403,2
2022-08-18,11948.907678178224,814.4146952925964,12763.32237347082,2
2022-08-19,11948.907678178224,739.3553632508415,12688.263041429065,2
2022-08-22,11948.907678178224,595.7964587625071,12544.70413694073,2
2022-08-23,11948.907678178224,582.2605276614411,12531.168205839665,2
2022-08-24,11948.907678178224,608.1808522644551,12557.08853044268,2
2022-08-25,11948.907678178224,706.8001647224364,12655.707842900661,2
2022-08-26,11948.907678178224,473.28239936114187,12422.190077539366,2
2022-08-29,11749.035178017597,625.2820084334203,12374.317186451017,2
2022-08-30,11932.4791650556,383.4088389366599,12315.88800399226,1
2022-08-31,11932.4791650556,370.89629280441727,12303.375457860016,1
2022-09-01,11932.4791650556,380.04292241904096,12312.522087474641,1
2022-09-02,11932.4791650556,358.6860613792979,12291.165226434898,1
2022-09-06,11932.4791650556,349.43437328626175,12281.913538341862,1
2022-09-07,11932.4791650556,402.65445864973015,12335.13362370533,1
2022-09-08,11932.4791650556,423.5405816163066,12356.019746671907,1
2022-09-09,11982.511436382609,402.7356942112746,12385.247130593883,1
2022-09-12,11579.272328811116,823.0828347631459,12402.355163574262,2
2022-09-13,11579.272328811116,608.199870235238,12187.472199046353,2
2022-09-14,11579.272328811116,631.9972778739284,12211.269606685044,2
2022-09-15,11579.272328811116,575.8201522002025,12155.092481011317,2
2022-09-16,11579.272328811116,538.8848331437913,12118.157161954907,2
2022-09-19,11579.272328811116,580.3318088810073,12159.604137692122,2
2022-09-20,11579.272328811116,513.9220396640411,12093.194368475157,2
2022-09-21,11778.306671729186,218.49367433544273,11996.800346064629,1
2022-09-22,11969.891010036607,0,11969.891010036607,0
2022-09-23,11969.891010036607,0,11969.891010036607,0
2022-09-26,11969.891010036607,0,11969.891010036607,0
2022-09-27,11969.891010036607,0,11969.891010036607,0
2022-09-28,11969.891010036607,0,11969.891010036607,0
2022-09-29,11969.891010036607,0,11969.891010036607,0
2022-09-30,11969.891010036607,0,11969.891010036607,0
2022-10-03,11969.891010036607,0,11969.891010036607,0
2022-10-04,11969.891010036607,0,11969.891010036607,0
2022-10-05,11969.891010036607,0,11969.891010036607,0
2022-10-06,11969.891010036607,0,11969.891010036607,0
2022-10-07,11969.891010036607,0,11969.891010036607,0
2022-10-10,11969.891010036607,0,11969.891010036607,0
2022-10-11,11969.891010036607,0,11969.891010036607,0
2022-10-12,11969.891010036607,0,11969.891010036607,0
2022-10-13,11969.891010036607,0,11969.891010036607,0
2022-10-14,11969.891010036607,0,11969.891010036607,0
2022-10-17,11969.891010036607,0,11969.891010036607,0
2022-10-18,11969.891010036607,0,11969.891010036607,0
2022-10-19,11969.891010036607,0,11969.891010036607,0
2022-10-20,11969.891010036607,0,11969.891010036607,0
2022-10-21,11969.891010036607,0,11969.891010036607,0
2022-10-24,11969.891010036607,0,11969.891010036607,0
2022-10-25,11969.891010036607,0,11969.891010036607,0
2022-10-26,11969.891010036607,0,11969.891010036607,0
2022-10-27,11969.891010036607,0,11969.891010036607,0
2022-10-28,11569.299359729443,398.85928290847016,11968.158642637913,1
2022-10-31,11168.185397420966,788.890580518995,11957.075977939961,2
2022-11-01,11168.185397420966,777.3843669805856,11945.569764401553,2
2022-11-02,11168.185397420966,670.3184208088189,11838.503818229785,2
2022-11-03,11168.185397420966,623.1295626879714,11791.314960108937,2
2022-11-04,11168.185397420966,699.524537219115,11867.709934640081,2
2022-11-07,11168.185397420966,757.9543009908406,11926.139698411807,2
2022-11-08,11168.185397420966,776.0980764718773,11944.283473892843,2
2022-11-09,11168.185397420966,672.252990999543,11840.438388420509,2
2022-11-10,11684.19461407945,401.4165107337888,12085.611124813238,1
2022-11-11,11279.05733554637,829.3786054594775,12108.435941005846,2
2022-11-14,11279.05733554637,791.4492920359535,12070.506627582323,2
2022-11-15,11279.05733554637,820.1927642341602,12099.25009978053,2
2022-11-16,11279.05733554637,796.2128711905243,12075.270206736894,2
2022-11-17,11279.05733554637,788.8505934179392,12067.907928964309,2
2022-11-18,11279.05733554637,821.347470861624,12100.404806407993,2
2022-11-21,11279.05733554637,826.262163574097,12105.319499120465,2
2022-11-22,11328.530810199296,843.6720351438424,12172.202845343138,2
2022-11-23,11373.937099956207,832.6345134712404,12206.571613427448,2
2022-11-25,11373.937099956207,836.1965548962552,12210.133654852461,2
2022-11-28,11373.937099956207,756.714338860138,12130.651438816345,2
2022-11-29,11373.937099956207,755.5093540788931,12129.4464540351,2
2022-11-30,11422.788915938801,849.7265069580777,12272.515422896879,2
2022-12-01,11422.788915938801,858.9669894535411,12281.755905392343,2
2022-12-02,11422.788915938801,867.7143738063237,12290.503289745126,2
2022-12-05,11422.788915938801,776.0860408017422,12198.874956740543,2
2022-12-06,11422.788915938801,683.3017843202185,12106.09070025902,2
2022-12-07,11422.788915938801,670.9169943418374,12093.705910280638,2
2022-12-08,11422.788915938801,722.5415952200592,12145.33051115886,2
2022-12-09,11422.788915938801,676.8466706908284,12099.635586629629,2
2022-12-12,11422.788915938801,754.048840896234,12176.837756835035,2
2022-12-13,11422.788915938801,822.0129437785779,12244.80185971738,2
2022-12-14,11422.788915938801,811.5708945572428,12234.359810496044,2
2022-12-15,11422.788915938801,629.7593607553097,12052.548276694111,2
2022-12-16,11422.788915938801,541.993914816328,11964.78283075513,2
2022-12-19,11624.062153933653,256.99506431726036,11881.057218250913,1
2022-12-20,11624.062153933653,264.0594732366736,11888.121627170327,1
2022-12-21,11213.929667389772,772.6968293547316,11986.626496744502,2
2022-12-22,11213.929667389772,632.0333424453381,11845.96300983511,2
2022-12-23,11213.929667389772,701.8531320347563,11915.782799424527,2
2022-12-27,11213.929667389772,691.7541063347314,11905.683773724502,2
2022-12-28,11305.203214793324,345.91545458502964,11651.118669378353,1
2022-12-29,11305.203214793324,397.3963386360012,11702.599553429325,1
2022-12-30,11305.203214793324,391.78655921789556,11696.98977401122,1
2023-01-03,11305.203214793324,383.3662717694551,11688.56948656278,1
2023-01-04,11305.203214793324,410.3187829135308,11715.521997706855,1
2023-01-05,11305.203214793324,378.6152280282167,11683.81844282154,1
2023-01-06,11305.203214793324,445.1744602718506,11750.377675065174,1
2023-01-09,11305.203214793324,448.4705632595432,11753.673778052867,1
2023-01-10,11367.62613668514,404.9055996058456,11772.531736290985,1
2023-01-11,10960.080257460253,834.2292841867377,11794.309541646991,2
2023-01-12,10960.080257460253,878.300494620773,11838.380752081026,2
2023-01-13,11005.920624843373,852.3595429588141,11858.280167802188,2
2023-01-17,11005.920624843373,844.0340657150749,11849.954690558448,2
2023-01-18,11005.920624843373,759.8352821634521,11765.755907006826,2
2023-01-19,11005.920624843373,718.0065297196876,11723.92715456306,2
2023-01-20,11005.920624843373,828.7532174519299,11834.673842295302,2
2023-01-23,11056.054801851351,838.3984686181713,11894.453270469523,2
2023-01-24,11056.054801851351,846.9865167320627,11903.041318583413,2
2023-01-25,11056.054801851351,851.7063641477399,11907.76116599909,2
2023-01-26,11108.99289162924,846.8300419691218,11955.822933598361,2
2023-01-27,11108.99289162924,862.9755039858644,11971.968395615104,2
2023-01-30,11108.99289162924,797.1905129052715,11906.183404534511,2
2023-01-31,11108.99289162924,871.2969391120212,11980.28983074126,2
2023-02-01,11170.327387120897,863.5061950548061,12033.833582175703,2
2023-02-02,11228.107062619138,846.6166347822515,12074.723697401389,2
2023-02-03,11228.107062619138,808.7969956868029,12036.904058305941,2
2023-02-06,11228.107062619138,772.7767211503703,12000.883783769508,2
2023-02-07,11228.107062619138,848.4511340017107,12076.558196620848,2
2023-02-08,11228.107062619138,785.7972157405896,12013.904278359727,2
2023-02-09,11228.107062619138,727.848404160477,11955.955466779615,2
2023-02-10,11228.107062619138,745.7271743867267,11973.834237005864,2
2023-02-13,11228.107062619138,821.6280845836145,12049.735147202751,2
2023-02-14,11228.107062619138,842.9735582318244,12071.080620850962,2
2023-02-15,11228.107062619138,870.2955010904102,12098.402563709547,2
2023-02-16,11228.107062619138,774.6512624566435,12002.758325075782,2
2023-02-17,11228.107062619138,763.716124682783,11991.823187301921,2
2023-02-21,11228.107062619138,606.8660405720564,11834.973103191194,2
2023-02-22,11228.107062619138,599.5576872989631,11827.6647499181,2
2023-02-23,11228.107062619138,656.8826655772298,11884.989728196368,2
2023-02-24,11228.107062619138,558.7072681761881,11786.814330795325,2
2023-02-27,11228.107062619138,602.1983728055816,11830.30543542472,2
2023-02-28,11228.107062619138,571.9994466850977,11800.106509304236,2
2023-03-01,11441.981651011782,299.39327293274687,11741.374923944528,1
2023-03-02,11441.981651011782,359.37078243370877,11801.35243344549,1
2023-03-03,11490.46015234828,408.3516195237827,11898.811771872062,1
2023-03-06,11081.574046863416,820.9565233022779,11902.530570165694,2
2023-03-07,11081.574046863416,733.864420970599,11815.438467834014,2
2023-03-08,11081.574046863416,749.9018691897106,11831.475916053127,2
2023-03-09,11081.574046863416,614.7833848621317,11696.357431725548,2
2023-03-10,11081.574046863416,525.0726367657734,11606.64668362919,2
2023-03-13,11081.574046863416,513.9093217301365,11595.483368593552,2
2023-03-14,11081.574046863416,617.3773928167066,11698.951439680122,2
2023-03-15,11081.574046863416,567.3790695047416,11648.953116368157,2
2023-03-16,11081.574046863416,688.7487369985479,11770.322783861964,2
2023-03-17,11081.574046863416,609.3079131854822,11690.881960048899,2
2023-03-20,11081.574046863416,679.6169823421949,11761.19102920561,2
2023-03-21,11081.574046863416,788.6445514558332,11870.218598319248,2
2023-03-22,11081.574046863416,677.7544591246383,11759.328505988055,2
2023-03-23,11081.574046863416,699.7849937768806,11781.359040640296,2
2023-03-24,11081.574046863416,751.776528023214,11833.35057488663,2
2023-03-27,11081.574046863416,796.1043871230609,11877.678433986477,2
2023-03-28,11081.574046863416,800.455391535327,11882.029438398742,2
2023-03-29,11130.917295891855,854.555841829983,11985.473137721838,2
2023-03-30,11190.17022017561,825.2710270742696,12015.44124724988,2
2023-03-31,11190.17022017561,888.1387921244211,12078.309012300031,2
2023-04-03,11238.839182320517,860.3834124587034,12099.22259477922,2
2023-04-04,11238.839182320517,833.9279561136229,12072.76713843414,2
2023-04-05,11238.839182320517,825.2125618346462,12064.051744155162,2
2023-04-06,11238.839182320517,853.1517369109154,12091.990919231432,2
2023-04-10,11281.672036091903,819.2268100826595,12100.898846174561,2
2023-04-11,11281.672036091903,820.8253790527679,12102.49741514467,2
2023-04-12,11281.672036091903,804.1780178602828,12085.850053952185,2
2023-04-13,11281.672036091903,885.2307558305504,12166.902791922454,2
2023-04-14,11281.672036091903,890.876607942205,12172.548644034108,2
2023-04-17,11782.672842069996,412.1239525492165,12194.796794619213,1
2023-04-18,11372.909997383382,825.4972698286458,12198.407267212027,2
2023-04-19,11372.909997383382,833.7433512505888,12206.65334863397,2
2023-04-20,11372.909997383382,794.9244145805416,12167.834411963924,2
2023-04-21,11372.909997383382,808.8986944600734,12181.808691843455,2
2023-04-24,11372.909997383382,822.189192643576,12195.099190026958,2
2023-04-25,11372.909997383382,702.9053852742948,12075.815382657676,2
2023-04-26,11372.909997383382,678.3551547125385,12051.26515209592,2
2023-04-27,11372.909997383382,829.6604795484704,12202.570476931853,2
2023-04-28,11372.909997383382,894.1652458832234,12267.075243266605,2
2023-05-01,11372.909997383382,901.4907720954689,12274.40076947885,2
2023-05-02,11372.909997383382,819.9000030847358,12192.810000468118,2
2023-05-03,11372.909997383382,770.8364467008792,12143.746444084261,2
2023-05-04,11372.909997383382,702.1858181861887,12075.09581556957,2
2023-05-05,11372.909997383382,869.5323650802414,12242.442362463624,2
2023-05-08,11372.909997383382,895.178966137167,12268.08896352055,2
2023-05-09,11372.909997383382,866.3350102311633,12239.245007614545,2
2023-05-10,11420.298842779226,860.2659763704913,12280.564819149717,2
2023-05-11,11420.298842779226,857.0729437059449,12277.371786485171,2
2023-05-12,11420.298842779226,853.0121892361713,12273.311032015397,2
2023-05-15,11482.385560366438,822.9049447534386,12305.290505119876,2
2023-05-16,11482.385560366438,779.9005890891948,12262.286149455633,2
2023-05-17,11482.385560366438,859.2490449831331,12341.63460534957,2
2023-05-18,11531.655151384419,860.3994750147599,12392.054626399178,2
2023-05-19,11531.655151384419,845.7212928483614,12377.376444232781,2
2023-05-22,11531.655151384419,850.5379988400073,12382.193150224426,2
2023-05-23,11531.655151384419,778.5186859703906,12310.173837354809,2
2023-05-24,11531.655151384419,722.0188530368688,12253.674004421287,2
2023-05-25,11531.655151384419,785.5117837113283,12317.166935095747,2
2023-05-26,11578.721207787341,819.3897500590801,12398.11095784642,2
2023-05-30,11578.721207787341,841.550112421691,12420.271320209033,2
2023-05-31,11578.721207787341,805.6404427371135,12384.361650524454,2
2023-06-01,11578.721207787341,894.3240277050293,12473.045235492371,2
2023-06-02,12119.121410050482,415.0844445745697,12534.205854625052,1
2023-06-05,11702.475037970156,827.9109423323177,12530.385980302473,2
2023-06-06,11702.475037970156,857.4388350139095,12559.913872984065,2
2023-06-07,11702.475037970156,839.3628266515386,12541.837864621695,2
2023-06-08,11702.475037970156,881.6032281772018,12584.078266147359,2
2023-06-09,11702.475037970156,887.4895192971551,12589.96455726731,2
2023-06-12,12203.362370099798,414.4962917486325,12617.85866184843,1
2023-06-13,11791.458913891027,847.2483724870478,12638.707286378074,2
2023-06-14,11791.458913891027,866.947499063692,12658.406412954719,2
2023-06-15,11839.376441861139,861.2020303963561,12700.578472257495,2
2023-06-16,11839.376441861139,861.9134503936727,12701.289892254812,2
2023-06-20,11839.376441861139,841.7498981167248,12681.126339977864,2
2023-06-21,11839.376441861139,823.2293191138183,12662.605760974957,2
2023-06-22,11839.376441861139,856.5864615692597,12695.962903430398,2
2023-06-23,11839.376441861139,796.7911960038905,12636.16763786503,2
2023-06-26,11839.376441861139,757.9121168682591,12597.288558729399,2
2023-06-27,11839.376441861139,856.9922922417192,12696.368734102858,2
2023-06-28,11839.376441861139,864.6889597854021,12704.065401646541,2
2023-06-29,11892.314335060746,838.7889576875367,12731.103292748283,2
2023-06-30,11942.876717516907,855.5925748490025,12798.46929236591,2
2023-07-03,11942.876717516907,871.0638802945691,12813.940597811476,2
2023-07-05,11942.876717516907,856.4788409152534,12799.35555843216,2
2023-07-06,11942.876717516907,790.953196122063,12733.82991363897,2
2023-07-07,11942.876717516907,784.2920366359828,12727.16875415289,2
2023-07-10,11942.876717516907,808.3073685196553,12751.184086036563,2
2023-07-11,11942.876717516907,858.9685586104181,12801.845276127326,2
2023-07-12,12001.252865977884,859.8873289719925,12861.140194949876,2
2023-07-13,12057.042707875957,846.2931818667535,12903.33588974271,2
2023-07-14,12057.042707875957,848.299630450395,12905.34233832635,2
2023-07-17,12057.042707875957,876.0913873317609,12933.134095207717,2
2023-07-18,12107.096089199898,862.2116132828766,12969.307702482774,2
2023-07-19,12107.096089199898,869.595526384699,12976.691615584597,2
2023-07-20,12107.096089199898,830.6022545121017,12937.698343712,2
2023-07-21,12107.096089199898,842.7821841338919,12949.87827333379,2
2023-07-24,12107.096089199898,871.4223762890018,12978.5184654889,2
2023-07-25,12154.689075257444,840.0858907812633,12994.774966038707,2
2023-07-26,12154.689075257444,854.6799724710311,13009.369047728474,2
2023-07-27,12154.689075257444,794.6573633902503,12949.346438647694,2
2023-07-28,12154.689075257444,878.163221829034,13032.852297086478,2
2023-07-31,12154.689075257444,891.8645589941782,13046.553634251622,2
2023-08-01,12154.689075257444,876.594033161816,13031.28310841926,2
2023-08-02,12154.689075257444,751.5809329165137,12906.270008173957,2
2023-08-03,12154.689075257444,737.4907686352387,12892.179843892682,2
2023-08-04,12154.689075257444,681.9906767390207,12836.679751996464,2
2023-08-07,12154.689075257444,788.759265340903,12943.448340598346,2
2023-08-08,12154.689075257444,755.1101995237516,12909.799274781195,2
2023-08-09,12154.689075257444,692.2459572295224,12846.935032486967,2
2023-08-10,12154.689075257444,701.139746428862,12855.828821686306,2
2023-08-11,12154.689075257444,707.3096970722063,12861.99877232965,2
2023-08-14,12154.689075257444,795.729975098817,12950.41905035626,2
2023-08-15,12154.689075257444,639.4945545279114,12794.183629785355,2
2023-08-16,12154.689075257444,530.6228908438385,12685.311966101282,2
2023-08-17,12561.961029142318,0,12561.961029142318,0
2023-08-18,12561.961029142318,0,12561.961029142318,0
2023-08-21,12561.961029142318,0,12561.961029142318,0
2023-08-22,12561.961029142318,0,12561.961029142318,0
2023-08-23,12561.961029142318,0,12561.961029142318,0
2023-08-24,12561.961029142318,0,12561.961029142318,0
2023-08-25,12561.961029142318,0,12561.961029142318,0
2023-08-28,12561.961029142318,0,12561.961029142318,0
2023-08-29,12146.122864284955,414.3626264842659,12560.48549076922,1
2023-08-30,11734.655850074192,841.5727966476261,12576.228646721818,2
2023-08-31,11734.655850074192,840.9305204136145,12575.586370487807,2
2023-09-01,11734.655850074192,863.0460201318698,12597.701870206061,2
2023-09-05,11734.655850074192,834.6068593691307,12569.262709443323,2
2023-09-06,11734.655850074192,782.8398088478224,12517.495658922015,2
2023-09-07,11734.655850074192,762.5166752671148,12497.172525341306,2
2023-09-08,11734.655850074192,786.4578702746378,12521.11372034883,2
2023-09-11,11734.655850074192,848.7933702068908,12583.449220281083,2
2023-09-12,11734.655850074192,804.0230082193432,12538.678858293535,2
2023-09-13,11734.655850074192,831.6593947040119,12566.315244778205,2
2023-09-14,11782.129896343235,855.0383441477713,12637.168240491006,2
2023-09-15,11782.129896343235,747.8817298812601,12530.011626224496,2
2023-09-18,11782.129896343235,762.4955158040834,12544.625412147318,2
2023-09-19,11782.129896343235,745.4772294419797,12527.607125785215,2
2023-09-20,11782.129896343235,641.1897942889112,12423.319690632146,2
2023-09-21,12238.578688471442,0,12238.578688471442,0
2023-09-22,12238.578688471442,0,12238.578688471442,0
2023-09-25,12238.578688471442,0,12238.578688471442,0
2023-09-26,12238.578688471442,0,12238.578688471442,0
2023-09-27,12238.578688471442,0,12238.578688471442,0
2023-09-28,12238.578688471442,0,12238.578688471442,0
2023-09-29,12238.578688471442,0,12238.578688471442,0
2023-10-02,12238.578688471442,0,12238.578688471442,0
2023-10-03,12238.578688471442,0,12238.578688471442,0
2023-10-04,12238.578688471442,0,12238.578688471442,0
2023-10-05,12238.578688471442,0,12238.578688471442,0
2023-10-06,12238.578688471442,0,12238.578688471442,0
2023-10-09,12238.578688471442,0,12238.578688471442,0
2023-10-10,12238.578688471442,0,12238.578688471442,0
2023-10-11,12238.578688471442,0,12238.578688471442,0
2023-10-12,12238.578688471442,0,12238.578688471442,0
2023-10-13,12238.578688471442,0,12238.578688471442,0
2023-10-16,12238.578688471442,0,12238.578688471442,0
2023-10-17,12238.578688471442,0,12238.578688471442,0
2023-10-18,12238.578688471442,0,12238.578688471442,0
2023-10-19,12238.578688471442,0,12238.578688471442,0
2023-10-20,12238.578688471442,0,12238.578688471442,0
2023-10-23,12238.578688471442,0,12238.578688471442,0
2023-10-24,12238.578688471442,0,12238.578688471442,0
2023-10-25,12238.578688471442,0,12238.578688471442,0
2023-10-26,12238.578688471442,0,12238.578688471442,0
2023-10-27,12238.578688471442,0,12238.578688471442,0
2023-10-30,12238.578688471442,0,12238.578688471442,0
2023-10-31,12238.578688471442,0,12238.578688471442,0
2023-11-01,12238.578688471442,0,12238.578688471442,0
2023-11-02,12238.578688471442,0,12238.578688471442,0
2023-11-03,11823.286967015205,414.44411191469044,12237.731078929895,1
2023-11-06,11409.517981468263,836.7861010816077,12246.304082549872,2
2023-11-07,11409.517981468263,856.1893364232808,12265.707317891543,2
2023-11-08,11409.517981468263,870.51193369143,12280.029915159694,2
2023-11-09,11409.517981468263,815.2899191910685,12224.807900659333,2
2023-11-10,11458.361447274217,862.8528464370042,12321.214293711222,2
2023-11-13,11458.361447274217,858.3242647655087,12316.685712039725,2
2023-11-14,11989.738011583602,408.91319090556874,12398.65120248917,1
2023-11-15,11574.770366341343,828.3365881600013,12403.106954501345,2
2023-11-16,11574.770366341343,835.6682980387596,12410.438664380103,2
2023-11-17,11574.770366341343,855.1342978074806,12429.904664148824,2
2023-11-20,11612.7228350996,867.3678077948998,12480.090642894498,2
2023-11-21,11612.7228350996,860.6862188569216,12473.40905395652,2
2023-11-22,11661.873272998017,841.3601374627988,12503.233410460816,2
2023-11-24,11661.873272998017,858.4083224359716,12520.281595433988,2
2023-11-27,11661.873272998017,851.3937530633953,12513.267026061412,2
2023-11-28,11661.873272998017,860.9821641197484,12522.855437117765,2
2023-11-29,11661.873272998017,853.0672569170079,12514.940529915024,2
2023-11-30,11661.873272998017,880.725797558894,12542.599070556911,2
2023-12-01,11712.40974930532,866.480345094697,12578.890094400016,2
2023-12-04,11712.40974930532,834.6586419030459,12547.068391208366,2
2023-12-05,11712.40974930532,838.7048891939137,12551.114638499233,2
2023-12-06,11712.40974930532,811.9647065937884,12524.374455899107,2
2023-12-07,11750.822560916897,827.7928256136796,12578.615386530577,2
2023-12-08,11750.822560916897,870.2981095085242,12621.120670425422,2
2023-12-11,11750.822560916897,896.6640771759061,12647.486638092803,2
2023-12-12,12261.22903046135,416.61244771598615,12677.841478177337,1
2023-12-13,11843.549450859462,870.5718456998688,12714.121296559331,2
2023-12-14,11884.700384189342,838.2516548436585,12722.952039033,2
2023-12-15,11884.700384189342,844.6186761368679,12729.31906032621,2
2023-12-18,11884.700384189342,875.454787465562,12760.155171654904,2
2023-12-19,11884.700384189342,909.039045165969,12793.739429355312,2
2023-12-20,11884.700384189342,803.6911166844988,12688.39150087384,2
2023-12-21,11884.700384189342,873.0134309049056,12757.713815094248,2
2023-12-22,11884.700384189342,896.5713749963622,12781.271759185704,2
2023-12-26,12400.76264871275,412.3447898743322,12813.107438587083,1
2023-12-27,11984.189987414826,839.1794076615582,12823.369395076385,2
2023-12-28,11984.189987414826,843.576308640244,12827.76629605507,2
2023-12-29,11984.189987414826,828.3353736692675,12812.525361084094,2
2024-01-02,11984.189987414826,784.6436786377467,12768.833666052573,2
2024-01-03,11984.189987414826,706.1014462461187,12690.291433660945,2
2024-01-04,11984.189987414826,675.8115935061255,12660.00158092095,2
2024-01-05,11984.189987414826,706.1256352463217,12690.315622661148,2
2024-01-08,11984.189987414826,843.3362042864303,12827.526191701256,2
2024-01-09,11984.189987414826,842.9610676920895,12827.151055106915,2
2024-01-10,11984.189987414826,888.6527095706065,12872.842696985432,2
2024-01-11,11984.189987414826,894.053441371441,12878.243428786267,2
2024-01-12,11984.189987414826,899.2283386603589,12883.418326075185,2
2024-01-16,11984.189987414826,879.3510672922239,12863.54105470705,2
2024-01-17,11984.189987414826,825.2177846466878,12809.407772061513,2
2024-01-18,12029.445789293539,862.5597125918908,12892.00550188543,2
2024-01-19,12101.852036988885,863.5488656293867,12965.400902618272,2
2024-01-22,12148.363502505947,836.14911231467,12984.512614820616,2
2024-01-23,12148.363502505947,868.6852235291767,13017.048726035124,2
2024-01-24,12148.363502505947,865.1393997831469,13013.502902289094,2
2024-01-25,12148.363502505947,890.0019512778051,13038.365453783752,2
2024-01-26,12148.363502505947,893.4834700049649,13041.846972510912,2
2024-01-29,12662.433209505654,411.9424530726363,13074.37566257829,1
2024-01-30,12248.779768454126,826.9613347893795,13075.741103243505,2
2024-01-31,12248.779768454126,695.0299816088943,12943.80975006302,2
2024-02-01,12248.779768454126,797.4604535794242,13046.24022203355,2
2024-02-02,12248.779768454126,865.4516928198419,13114.231461273968,2
2024-02-05,12248.779768454126,861.256696754019,13110.036465208144,2
2024-02-06,12248.779768454126,888.6691110084406,13137.448879462567,2
2024-02-07,12768.28468082757,409.1650602191109,13177.449741046681,1
2024-02-08,12355.759002036082,824.2399826976083,13179.998984733691,2
2024-02-09,12355.759002036082,859.4079080250588,13215.166910061142,2
2024-02-12,12355.759002036082,844.870608984018,13200.6296110201,2
2024-02-13,12355.759002036082,724.3798189906258,13080.138821026709,2
2024-02-14,12355.759002036082,817.4435982575716,13173.202600293655,2
2024-02-15,12355.759002036082,863.185650188273,13218.944652224356,2
2024-02-16,12355.759002036082,833.7286850267368,13189.48768706282,2
2024-02-20,12355.759002036082,788.543971384405,13144.302973420487,2
2024-02-21,12355.759002036082,803.817545906169,13159.576547942252,2
2024-02-22,12876.823686368924,411.7791395959941,13288.602825964917,1
2024-02-23,12465.60550419228,831.0233955461242,13296.628899738404,2
2024-02-26,12465.60550419228,816.6263220906131,13282.231826282892,2
2024-02-27,12465.60550419228,836.0640451010397,13301.66954929332,2
2024-02-28,12465.60550419228,821.2739196691047,13286.879423861385,2
2024-02-29,12465.60550419228,864.1803804329996,13329.785884625278,2
2024-03-01,12513.01746764638,862.0668958625665,13375.084363508946,2
2024-03-04,12513.01746764638,857.9010275745702,13370.918495220949,2
2024-03-05,12513.01746764638,778.663272649618,13291.680740295997,2
2024-03-06,12513.01746764638,816.2353937477939,13329.252861394174,2
2024-03-07,12557.81474110116,832.126590580652,13389.941331681812,2
2024-03-08,12557.81474110116,789.020979077533,13346.835720178693,2
2024-03-11,12557.81474110116,783.4289841531074,13341.243725254268,2
2024-03-12,12557.81474110116,879.6478974195054,13437.462638520665,2
2024-03-13,12557.81474110116,874.6323788577882,13432.447119958948,2
2024-03-14,12557.81474110116,850.5416665666567,13408.356407667816,2
2024-03-15,12557.81474110116,810.9264180815501,13368.74115918271,2
2024-03-18,12557.81474110116,869.0706864677409,13426.885427568901,2
2024-03-19,12607.826269615878,860.5109302473338,13468.337199863212,2
2024-03-20,12672.54885145542,852.4357694037021,13524.984620859123,2
2024-03-21,12672.54885145542,874.9993464684508,13547.54819792387,2
2024-03-22,12672.54885145542,867.9657853152448,13540.514636770666,2
2024-03-25,12672.54885145542,857.8303077328286,13530.37915918825,2
2024-03-26,12672.54885145542,843.1352179414148,13515.684069396835,2
2024-03-27,12723.312523817485,849.4783919414836,13572.79091575897,2
2024-03-28,12723.312523817485,855.1170731207335,13578.429596938218,2
2024-04-01,12723.312523817485,845.2002453060601,13568.512769123545,2
2024-04-02,12723.312523817485,781.5472196393969,13504.859743456882,2
2024-04-03,12723.312523817485,798.3381380623086,13521.650661879794,2
2024-04-04,12723.312523817485,671.6442150458249,13394.95673886331,2
2024-04-05,12723.312523817485,769.8656938580698,13493.178217675555,2
2024-04-08,12723.312523817485,794.0717132914458,13517.38423710893,2
2024-04-09,12723.312523817485,814.4648703292155,13537.7773941467,2
2024-04-10,12723.312523817485,724.4398611128133,13447.752384930298,2
2024-04-11,12723.312523817485,810.99246417619,13534.304987993675,2
2024-04-12,12723.312523817485,643.9562131319377,13367.268736949423,2
2024-04-15,12723.312523817485,506.8648220086601,13230.177345826145,2
2024-04-16,12953.8678326179,249.58396016498057,13203.45179278288,1
2024-04-17,13156.419269202537,0,13156.419269202537,0
2024-04-18,13156.419269202537,0,13156.419269202537,0
2024-04-19,13156.419269202537,0,13156.419269202537,0
2024-04-22,13156.419269202537,0,13156.419269202537,0
2024-04-23,13156.419269202537,0,13156.419269202537,0
2024-04-24,13156.419269202537,0,13156.419269202537,0
2024-04-25,13156.419269202537,0,13156.419269202537,0
2024-04-26,13156.419269202537,0,13156.419269202537,0
2024-04-29,13156.419269202537,0,13156.419269202537,0
2024-04-30,13156.419269202537,0,13156.419269202537,0
2024-05-01,13156.419269202537,0,13156.419269202537,0
2024-05-02,13156.419269202537,0,13156.419269202537,0
2024-05-03,13156.419269202537,0,13156.419269202537,0
2024-05-06,12745.693179666841,409.2226699481131,13154.915849614954,1
2024-05-07,12335.143189738223,826.802282526934,13161.945472265157,2
2024-05-08,12335.143189738223,834.0002981461175,13169.14348788434,2
2024-05-09,12335.143189738223,872.902166827884,13208.045356566106,2
2024-05-10,12335.143189738223,887.4076406713491,13222.550830409571,2
2024-05-13,12335.143189738223,876.9089600256152,13212.052149763838,2
2024-05-14,12377.391966178717,862.6828540604442,13240.07482023916,2
2024-05-15,12441.787873106268,867.1842381404737,13308.972111246741,2
2024-05-16,12441.787873106268,858.8299705974016,13300.61784370367,2
2024-05-17,12487.441752592706,827.7472950864507,13315.189047679156,2
2024-05-20,12487.441752592706,839.4193406872816,13326.861093279987,2
2024-05-21,12487.441752592706,864.9127912965831,13352.354543889289,2
2024-05-22,12487.441752592706,841.5400900466011,13328.981842639307,2
2024-05-23,12487.441752592706,779.1643816804353,13266.606134273141,2
2024-05-24,12487.441752592706,852.8091655653966,13340.250918158103,2
2024-05-28,12487.441752592706,850.7486478472948,13338.19040044,2
2024-05-29,12487.441752592706,772.9281246669516,13260.369877259658,2
2024-05-30,12487.441752592706,719.9133959109048,13207.35514850361,2
2024-05-31,12487.441752592706,823.0981022661155,13310.539854858822,2
2024-06-03,12487.441752592706,845.1251015265982,13332.566854119304,2
2024-06-04,12487.441752592706,862.4312483345776,13349.873000927284,2
2024-06-05,13020.710929550025,409.52812912311884,13430.239058673144,1
2024-06-06,12609.781267256323,820.0656225464186,13429.846889802742,2
2024-06-07,12609.781267256323,822.3642193891194,13432.145486645442,2
2024-06-10,12609.781267256323,838.6362834779533,13448.417550734277,2
2024-06-11,12609.781267256323,857.1172102035995,13466.898477459923,2
2024-06-12,13114.378633324526,412.1555051842961,13526.534138508821,1
2024-06-13,12698.646800404575,837.132166843817,13535.778967248392,2
2024-06-14,12698.646800404575,822.7548774083673,13521.401677812943,2
2024-06-17,12698.646800404575,877.1008443325322,13575.747644737106,2
2024-06-18,12698.646800404575,901.9363662661689,13600.583166670744,2
2024-06-20,12698.646800404575,877.6189095279562,13576.265709932532,2
2024-06-21,12698.646800404575,873.9851363725251,13572.6319367771,2
2024-06-24,12698.646800404575,865.2616809226188,13563.908481327193,2
2024-06-25,12698.646800404575,901.7139858639496,13600.360786268524,2
2024-06-26,12748.609391330774,866.4859129261174,13615.09530425689,2
2024-06-27,12798.667000187159,827.8976533599575,13626.564653547117,2
2024-06-28,12798.667000187159,797.5850261631947,13596.252026350354,2
2024-07-01,12798.667000187159,830.2440120641577,13628.911012251316,2
2024-07-02,12798.667000187159,877.648887693794,13676.315887880954,2
2024-07-03,12839.66641140743,863.6725953476081,13703.339006755039,2
2024-07-05,12890.726091953711,838.2453678351311,13728.971459788841,2
2024-07-08,12890.726091953711,855.8390307189619,13746.565122672673,2
2024-07-09,12890.726091953711,860.8972927408793,13751.62338469459,2
2024-07-10,12943.327858243505,855.8765029409883,13799.204361184493,2
2024-07-11,12943.327858243505,800.4265283871987,13743.754386630704,2
2024-07-12,12943.327858243505,849.4598859860446,13792.78774422955,2
2024-07-15,12943.327858243505,864.4386871851352,13807.76654542864,2
2024-07-16,12996.475428838265,844.5982336295806,13841.073662467845,2
2024-07-17,12996.475428838265,726.6586122990943,13723.134041137359,2
2024-07-18,12996.475428838265,648.1579178716828,13644.633346709947,2
2024-07-19,12996.475428838265,585.5437649892849,13582.01919382755,2
2024-07-22,12996.475428838265,698.1377221224179,13694.613150960682,2
2024-07-23,12996.475428838265,689.2734972610128,13685.748926099277,2
2024-07-24,13219.17469157436,234.76073382872755,13453.935425403088,1
2024-07-25,13428.58008837816,0,13428.58008837816,0
2024-07-26,13020.53340557419,406.2723688342331,13426.805774408424,1
2024-07-29,12613.558026707566,816.808687814293,13430.366714521859,2
2024-07-30,12613.558026707566,777.1585996947167,13390.716626402282,2
2024-07-31,12613.558026707566,877.327871077415,13490.885897784981,2
2024-08-01,12613.558026707566,781.6999115526855,13395.25793826025,2
2024-08-02,12613.558026707566,633.0625319623692,13246.620558669934,2
2024-08-05,12613.558026707566,458.0885358255131,13071.646562533078,2
2024-08-06,12613.558026707566,509.30115814709893,13122.859184854664,2
2024-08-07,12613.558026707566,466.74997597046115,13080.308002678026,2
2024-08-08,12613.558026707566,611.545985031438,13225.104011739004,2
2024-08-09,12613.558026707566,668.7946692941608,13282.352696001726,2
2024-08-12,12613.558026707566,675.9016593299606,13289.459686037526,2
2024-08-13,12613.558026707566,827.0733246629604,13440.631351370526,2
2024-08-14,12613.558026707566,883.1238065607586,13496.681833268325,2
2024-08-15,13166.847458242424,405.4723288388743,13572.319787081298,1
2024-08-16,12755.673164702772,825.4892250988178,13581.16238980159,2
2024-08-19,12755.673164702772,886.3449430445144,13642.018107747286,2
2024-08-20,12755.673164702772,860.7795259967844,13616.452690699556,2
2024-08-21,12755.673164702772,877.7414726930452,13633.414637395817,2
2024-08-22,12755.673164702772,818.7045191253176,13574.37768382809,2
2024-08-23,12801.891496414564,852.4120548533318,13654.303551267896,2
2024-08-26,12801.891496414564,842.5784991849206,13644.469995599486,2
2024-08-27,12845.681174243844,818.4447910894178,13664.125965333262,2
2024-08-28,12845.681174243844,760.7726795227279,13606.453853766572,2
2024-08-29,12845.681174243844,784.7402579972993,13630.421432241143,2
2024-08-30,12845.681174243844,857.3609121466511,13703.042086390495,2
2024-09-03,12845.681174243844,665.0446480414416,13510.725822285285,2
2024-09-04,12845.681174243844,652.1142463983267,13497.795420642171,2
2024-09-05,12845.681174243844,644.4732922869946,13490.15446653084,2
2024-09-06,12845.681174243844,507.96013157106756,13353.641305814912,2
2024-09-09,12845.681174243844,610.2025657026786,13455.883739946523,2
2024-09-10,12845.681174243844,653.2931161828259,13498.97429042667,2
2024-09-11,12845.681174243844,760.5286894498619,13606.209863693706,2
2024-09-12,12845.681174243844,830.6588023843631,13676.339976628207,2
2024-09-13,12845.681174243844,879.1064916863086,13724.787665930153,2
2024-09-16,12895.236478186958,848.6506685254006,13743.887146712359,2
2024-09-17,12895.236478186958,848.6780228178411,13743.9145010048,2
2024-09-18,12895.236478186958,830.0746019148776,13725.311080101836,2
2024-09-19,12974.070006779419,850.5564983230051,13824.626505102424,2
2024-09-20,12974.070006779419,847.2353994308455,13821.305406210264,2
2024-09-23,13024.763411356951,820.5253529617124,13845.288764318664,2
2024-09-24,13024.763411356951,845.1332023526646,13869.896613709616,2
2024-09-25,13024.763411356951,838.2163828567002,13862.979794213652,2
2024-09-26,13024.763411356951,863.2461219398565,13888.009533296809,2
2024-09-27,13024.763411356951,835.9137174311513,13860.677128788102,2
2024-09-30,13024.763411356951,871.9170698169257,13896.680481173877,2
2024-10-01,13024.763411356951,792.1596531703244,13816.923064527276,2
2024-10-02,13024.763411356951,801.9424511325639,13826.705862489514,2
2024-10-03,13024.763411356951,777.0160649379804,13801.77947629493,2
2024-10-04,13024.763411356951,846.4121088377766,13871.175520194727,2
2024-10-07,13024.763411356951,769.1770424942661,13793.940453851217,2
2024-10-08,13024.763411356951,842.0032461312893,13866.76665748824,2
2024-10-09,13072.977041875476,836.9631410347622,13909.940182910239,2
2024-10-10,13072.977041875476,831.5431053641333,13904.52014723961,2
2024-10-11,13072.977041875476,867.5547010132354,13940.531742888712,2
2024-10-14,13145.460400416086,842.6262763718669,13988.086676787952,2
2024-10-15,13145.460400416086,801.7553629994736,13947.21576341556,2
2024-10-16,13145.460400416086,838.7565740902226,13984.21697450631,2
2024-10-17,13145.460400416086,847.6256608668614,13993.086061282947,2
2024-10-18,13199.34780981896,825.0160081572261,14024.363817976187,2
2024-10-21,13199.34780981896,821.7093281482335,14021.057137967195,2
2024-10-22,13199.34780981896,825.3353518651238,14024.683161684085,2
2024-10-23,13199.34780981896,765.7420195268301,13965.08982934579,2
2024-10-24,13199.34780981896,783.5586235981496,13982.90643341711,2
2024-10-25,13199.34780981896,770.4931583240623,13969.840968143024,2
2024-10-28,13199.34780981896,804.5288703660262,14003.876680184987,2
2024-10-29,13199.34780981896,824.0637004229882,14023.41151024195,2
2024-10-30,13199.34780981896,798.1484145513391,13997.4962243703,2
2024-10-31,13199.34780981896,655.5788750654017,13854.926684884362,2
2024-11-01,13199.34780981896,697.7826849050672,13897.130494724028,2
2024-11-04,13199.34780981896,690.5042189531883,13889.85202877215,2
2024-11-05,13199.34780981896,800.5735083724176,13999.921318191378,2
2024-11-06,13756.7375134323,407.52031055981064,14164.25782399211,1
2024-11-07,13347.738426759763,843.3616844436415,14191.100111203405,2
2024-11-08,13347.738426759763,868.8640579914562,14216.602484751218,2
2024-11-11,13390.435143200102,836.6289828187703,14227.064126018873,2
2024-11-12,13390.435143200102,827.8433305089081,14218.27847370901,2
2024-11-13,13390.435143200102,844.3535330403549,14234.788676240458,2
2024-11-14,13390.435143200102,804.722389637007,14195.15753283711,2
2024-11-15,13390.435143200102,683.719934769519,14074.15507796962,2
2024-11-18,13390.435143200102,729.41520890287,14119.850352102972,2
2024-11-19,13390.435143200102,752.3605292319587,14142.795672432061,2
2024-11-20,13390.435143200102,745.3783631840878,14135.81350638419,2
2024-11-21,13390.435143200102,790.7885031288032,14181.223646328905,2
2024-11-22,13390.435143200102,843.1583354731515,14233.593478673254,2
2024-11-25,13434.783155353658,840.2046991495752,14274.987854503233,2
2024-11-26,13434.783155353658,884.477607136575,14319.260762490234,2
2024-11-27,13434.783155353658,868.1462349615487,14302.929390315207,2
2024-11-29,13491.087123540807,855.7914252810917,14346.878548821898,2
2024-12-02,13536.731278159952,833.1214297071853,14369.852707867138,2
2024-12-03,13536.731278159952,839.6383364887669,14376.369614648718,2
2024-12-04,13536.731278159952,874.1234135063521,14410.854691666304,2
2024-12-05,13536.731278159952,865.7555200968452,14402.486798256798,2
2024-12-06,13536.731278159952,896.0852621245281,14432.81654028448,2
2024-12-09,13536.731278159952,847.3180220380989,14384.04930019805,2
2024-12-10,13536.731278159952,832.5206746287065,14369.251952788658,2
2024-12-11,13536.731278159952,895.1676716162488,14431.898949776201,2
2024-12-12,13536.731278159952,862.9330715788435,14399.664349738796,2
2024-12-13,13536.731278159952,869.2329351033684,14405.96421326332,2
2024-12-16,13536.731278159952,891.3735729587074,14428.10485111866,2
2024-12-17,13536.731278159952,855.6454966025165,14392.376774762468,2
2024-12-18,13536.731278159952,545.4994863354074,14082.23076449536,2
2024-12-19,13536.731278159952,549.8028801782766,14086.534158338229,2
2024-12-20,13536.731278159952,679.3141097610743,14216.045387921027,2
2024-12-23,13536.731278159952,786.6489578670667,14323.380236027018,2
2024-12-24,13596.75721279577,855.7884002721046,14452.545613067874,2
2024-12-26,13596.75721279577,857.2066875407138,14453.963900336485,2
2024-12-27,13596.75721279577,759.9886908492635,14356.745903645035,2
2024-12-30,13596.75721279577,654.4175937577222,14251.174806553492,2
2024-12-31,13596.75721279577,609.1686289581702,14205.92584175394,2
2025-01-02,13596.75721279577,585.4520113217433,14182.209224117514,2
2025-01-03,13596.75721279577,786.1218437965015,14382.879056592272,2
2025-01-06,13780.133933496294,785.3047122617384,14565.438645758033,2
2025-01-07,13780.133933496294,686.5775898880855,14466.71152338438,2
2025-01-08,13780.133933496294,702.0682350289889,14482.202168525282,2
2025-01-10,13780.133933496294,571.1097487609919,14351.243682257285,2
2025-01-13,13780.133933496294,588.1136481237917,14368.247581620086,2
2025-01-14,13780.133933496294,602.1179249801236,14382.251858476418,2
2025-01-15,13780.133933496294,793.3644873080908,14573.498420804384,2
2025-01-16,13780.133933496294,774.8428788338174,14554.976812330111,2
2025-01-17,13780.133933496294,866.4203450044574,14646.554278500751,2
2025-01-21,14323.976797913481,405.4254730258819,14729.402270939363,1
2025-01-22,13914.67552630624,831.1722572810495,14745.84778358729,2
2025-01-23,13914.67552630624,862.580971145298,14777.256497451539,2
2025-01-24,13914.67552630624,854.336252355305,14769.011778661545,2
2025-01-27,13914.67552630624,732.1249955401441,14646.800521846384,2
2025-01-28,13914.67552630624,812.7206729704696,14727.39619927671,2
2025-01-29,13914.67552630624,785.4319422550632,14700.107468561304,2
2025-01-30,13914.67552630624,832.4614647094038,14747.136991015645,2
2025-01-31,13914.67552630624,796.1768676505799,14710.85239395682,2
2025-02-03,13914.67552630624,726.7787324457316,14641.454258751972,2
2025-02-04,13914.67552630624,799.471372046851,14714.146898353092,2
2025-02-05,13914.67552630624,851.3295626892116,14766.005088995453,2
2025-02-06,13914.67552630624,882.0671748197988,14796.742701126039,2
2025-02-07,13914.67552630624,811.3125070085048,14725.988033314745,2
2025-02-10,13914.67552630624,885.6941167076634,14800.369643013904,2
2025-02-11,13960.137774715258,843.170510767127,14803.308285482386,2
2025-02-12,13960.137774715258,833.7489586588539,14793.886733374113,2
2025-02-13,14020.85018339438,842.9865594152574,14863.836742809637,2
2025-02-14,14020.85018339438,851.1048182636919,14871.95500165807,2
2025-02-18,14020.85018339438,867.2146546868887,14888.064838081267,2
2025-02-19,14069.020526209131,832.480130201104,14901.500656410235,2
2025-02-20,14069.020526209131,804.474659474097,14873.495185683229,2
2025-02-21,14069.020526209131,660.7711068180151,14729.791633027147,2
2025-02-24,14069.020526209131,624.20655043598,14693.227076645111,2
2025-02-25,14069.020526209131,587.9417270156608,14656.962253224792,2
2025-02-26,14069.020526209131,591.9615408192982,14660.98206702843,2
2025-02-27,14069.020526209131,465.4935378447078,14534.51406405384,2
2025-02-28,14069.020526209131,589.5849407406075,14658.605466949739,2
2025-03-03,14069.020526209131,446.3502131693019,14515.370739378433,2
2025-03-04,14423.018748597666,0,14423.018748597666,0
2025-03-05,14423.018748597666,0,14423.018748597666,0
2025-03-06,14423.018748597666,0,14423.018748597666,0
2025-03-07,14423.018748597666,0,14423.018748597666,0
2025-03-10,14423.018748597666,0,14423.018748597666,0
2025-03-11,14423.018748597666,0,14423.018748597666,0
2025-03-12,14423.018748597666,0,14423.018748597666,0
2025-03-13,14423.018748597666,0,14423.018748597666,0
2025-03-14,14423.018748597666,0,14423.018748597666,0
2025-03-17,14423.018748597666,0,14423.018748597666,0
2025-03-18,14423.018748597666,0,14423.018748597666,0
2025-03-19,14423.018748597666,0,14423.018748597666,0
2025-03-20,14423.018748597666,0,14423.018748597666,0
2025-03-21,14423.018748597666,0,14423.018748597666,0
2025-03-24,14423.018748597666,0,14423.018748597666,0
2025-03-25,14423.018748597666,0,14423.018748597666,0
2025-03-26,14423.018748597666,0,14423.018748597666,0
2025-03-27,14423.018748597666,0,14423.018748597666,0
2025-03-28,14423.018748597666,0,14423.018748597666,0
2025-03-31,14423.018748597666,0,14423.018748597666,0
2025-04-01,14423.018748597666,0,14423.018748597666,0
2025-04-02,14423.018748597666,0,14423.018748597666,0
2025-04-03,14423.018748597666,0,14423.018748597666,0
2025-04-04,14423.018748597666,0,14423.018748597666,0
2025-04-07,14423.018748597666,0,14423.018748597666,0
2025-04-08,14423.018748597666,0,14423.018748597666,0
2025-04-09,14423.018748597666,0,14423.018748597666,0
2025-04-10,14423.018748597666,0,14423.018748597666,0
2025-04-11,14423.018748597666,0,14423.018748597666,0
2025-04-14,14423.018748597666,0,14423.018748597666,0
2025-04-15,14423.018748597666,0,14423.018748597666,0
2025-04-16,14423.018748597666,0,14423.018748597666,0
2025-04-17,14423.018748597666,0,14423.018748597666,0
2025-04-21,14423.018748597666,0,14423.018748597666,0
2025-04-22,14423.018748597666,0,14423.018748597666,0
2025-04-23,14423.018748597666,0,14423.018748597666,0
2025-04-24,14423.018748597666,0,14423.018748597666,0
2025-04-25,14423.018748597666,0,14423.018748597666,0
2025-04-28,14423.018748597666,0,14423.018748597666,0
2025-04-29,14423.018748597666,0,14423.018748597666,0
2025-04-30,14423.018748597666,0,14423.018748597666,0
2025-05-01,14021.659819833594,399.8589990273629,14421.518818860957,1
2025-05-02,13621.449699416018,835.0701421879294,14456.519841603947,2
2025-05-05,13621.449699416018,811.1697884544697,14432.619487870488,2
2025-05-06,13621.449699416018,772.3353579989507,14393.785057414969,2
2025-05-07,13621.449699416018,805.9465471189498,14427.396246534969,2
2025-05-08,13621.449699416018,843.8769412341856,14465.326640650204,2
2025-05-09,13621.449699416018,851.6012815236103,14473.050980939628,2
2025-05-12,14188.040488082104,404.9518115942547,14592.99229967636,1
2025-05-13,13784.88903447966,825.9145249930853,14610.803559472744,2
2025-05-14,13784.88903447966,828.1985880316682,14613.087622511328,2
2025-05-15,13784.88903447966,860.1869958958765,14645.076030375536,2
2025-05-16,13836.405694376273,844.5237392835324,14680.929433659807,2
2025-05-19,13836.405694376273,845.7634573878487,14682.169151764123,2
2025-05-20,13836.405694376273,832.015752596002,14668.421446972276,2
2025-05-21,13836.405694376273,714.9294797782545,14551.335174154528,2
2025-05-22,13836.405694376273,721.3175536816507,14557.723248057924,2
2025-05-23,13836.405694376273,665.6706564145992,14502.076350790872,2
2025-05-27,13836.405694376273,833.501230293313,14669.906924669587,2
2025-05-28,13836.405694376273,803.2613321405421,14639.667026516816,2
2025-05-29,13836.405694376273,832.3762577405305,14668.781952116804,2
2025-05-30,13836.405694376273,845.1658433607129,14681.571537736987,2
2025-06-02,13894.246988346524,825.6238855377248,14719.870873884249,2
2025-06-03,13894.246988346524,868.5143065659737,14762.761294912498,2
2025-06-04,13894.246988346524,874.8061950447279,14769.053183391252,2
2025-06-05,13894.246988346524,841.9536159321083,14736.200604278632,2
2025-06-06,13959.069629396225,848.4294124722687,14807.499041868494,2
2025-06-09,13959.069629396225,856.8691076300374,14815.938737026263,2
2025-06-10,14013.802641275974,828.8190449979923,14842.621686273966,2
2025-06-11,14013.802641275974,813.5235882850723,14827.326229561046,2
2025-06-12,14013.802641275974,825.3135232918496,14839.116164567824,2
2025-06-13,14013.802641275974,734.4474870313547,14748.250128307329,2
2025-06-16,14013.802641275974,815.4278743018182,14829.230515577792,2
2025-06-17,14013.802641275974,744.8598892616005,14758.662530537575,2
2025-06-18,14013.802641275974,763.1149542728722,14776.917595548846,2
2025-06-20,14013.802641275974,752.9303163953457,14766.73295767132,2
2025-06-23,14013.802641275974,832.4507389877311,14846.253380263704,2
2025-06-24,14074.784038720505,855.0739594086672,14929.857998129173,2
2025-06-25,14122.601237558327,819.2002533879177,14941.801490946244,2
2025-06-26,14122.601237558327,862.6650370349366,14985.266274593263,2
2025-06-27,14122.601237558327,891.1606275641645,15013.761865122491,2
2025-06-30,14626.663981147869,406.0384765100693,15032.702457657939,1
2025-07-01,14223.148079312285,806.1987106282544,15029.346789940539,2
2025-07-02,14223.148079312285,836.234737949394,15059.382817261678,2
2025-07-03,14223.148079312285,880.6151122971315,15103.763191609416,2
2025-07-07,14223.148079312285,838.6691835966872,15061.817262908971,2
2025-07-08,14223.148079312285,853.2614377561544,15076.40951706844,2
2025-07-09,14223.148079312285,897.7453711503763,15120.893450462661,2
2025-07-10,14728.188330494984,405.52433944207564,15133.71266993706,1
2025-07-11,14321.284354433648,798.0864267262149,15119.370781159863,2
2025-07-14,14321.284354433648,803.201638264477,15124.485992698126,2
2025-07-15,14321.284354433648,781.4405490551806,15102.724903488828,2
2025-07-16,14321.284354433648,806.219954265228,15127.504308698877,2
2025-07-17,14321.284354433648,848.1121948229757,15169.396549256624,2
2025-07-18,14321.284354433648,853.1486369434504,15174.432991377098,2
2025-07-21,14321.284354433648,868.9739066873386,15190.258261120987,2
2025-07-22,14321.284354433648,878.7526595260381,15200.037013959687,2
2025-07-23,14841.749305644847,406.71438568376743,15248.463691328616,1
2025-07-24,14436.85880417445,813.8621575872463,15250.720961761695,2
2025-07-25,14436.85880417445,846.0764277989256,15282.935231973375,2
2025-07-28,14436.85880417445,855.0777364671262,15291.936540641576,2
2025-07-29,14436.85880417445,827.1154664716335,15263.974270646084,2
2025-07-30,14436.85880417445,831.560515331229,15268.41931950568,2
2025-07-31,14436.85880417445,793.8373104157804,15230.69611459023,2
2025-08-01,14436.85880417445,649.0572872316335,15085.916091406083,2
2025-08-04,14436.85880417445,788.9442699054456,15225.803074079895,2
2025-08-05,14436.85880417445,755.830983898818,15192.689788073269,2
2025-08-06,14436.85880417445,824.4342178782504,15261.2930220527,2
2025-08-07,14436.85880417445,827.4537743721978,15264.312578546647,2
2025-08-08,14436.85880417445,899.6915782773193,15336.55038245177,2
2025-08-11,14436.85880417445,887.6870307518616,15324.545834926312,2
2025-08-12,14988.242767118336,404.3361063350005,15392.578873453336,1
2025-08-13,14580.905171293556,823.5879043593072,15404.493075652863,2
2025-08-14,14580.905171293556,822.4839333541795,15403.389104647737,2
2025-08-15,14580.905171293556,803.9293346042683,15384.834505897825,2
2025-08-18,14580.905171293556,814.5972005059648,15395.502371799521,2
2025-08-19,14580.905171293556,769.8898882546971,15350.795059548253,2
2025-08-20,14580.905171293556,754.0124401221944,15334.91761141575,2
2025-08-21,14580.905171293556,715.0120801845759,15295.917251478131,2
2025-08-22,14580.905171293556,859.5612182758814,15440.466389569438,2
2025-08-25,14580.905171293556,836.0263463794411,15416.931517672998,2
2025-08-26,14580.905171293556,869.8023288416962,15450.707500135253,2
2025-08-27,14580.905171293556,884.7124984846496,15465.617669778207,2
2025-08-28,14636.022497465925,855.2514862387142,15491.27398370464,2
2025-08-29,14636.022497465925,805.176736227412,15441.199233693336,2
2025-09-02,14636.022497465925,748.2042246383259,15384.226722104251,2
2025-09-03,14636.022497465925,801.384312363578,15437.406809829503,2
2025-09-04,14693.496700308368,814.2500646724784,15507.746764980846,2
2025-09-05,14693.496700308368,799.8866602959979,15493.383360604366,2
2025-09-08,14693.496700308368,824.9699687125315,15518.4666690209,2
2025-09-09,14693.496700308368,846.3169261723152,15539.813626480684,2
2025-09-10,14693.496700308368,862.2246264000552,15555.721326708423,2
2025-09-11,15198.951495730762,407.59475718576965,15606.546252916532,1
2025-09-12,14792.217916924876,812.9416992089176,15605.159616133793,2
2025-09-15,14792.217916924876,833.4199789114933,15625.63789583637,2
2025-09-16,14792.217916924876,819.2050014916873,15611.422918416563,2
2025-09-17,14792.217916924876,827.2266521006359,15619.444569025512,2
2025-09-18,14792.217916924876,857.0939128399203,15649.311829764796,2
2025-09-19,14792.217916924876,888.2166582347963,15680.434575159672,2
2025-09-22,15291.065090187349,406.0568459027934,15697.121936090141,1
2025-09-23,14886.38626840958,791.7308130431763,15678.117081452756,2
2025-09-24,14886.38626840958,785.0001711530424,15671.386439562622,2
2025-09-25,14886.38626840958,748.8910797016189,15635.2773481112,2
2025-09-26,14886.38626840958,810.0658704735281,15696.452138883109,2
2025-09-29,14886.38626840958,822.6049787175682,15708.99124712715,2
2025-09-30,14886.38626840958,846.4278419233864,15732.814110332967,2
2025-10-01,14886.38626840958,867.4657330307739,15753.852001440355,2
2025-10-02,14886.38626840958,869.4972275867322,15755.883495996313,2
2025-10-03,14886.38626840958,873.8095424012934,15760.195810810874,2
2025-10-06,14941.684921982185,850.3515424491184,15792.036464431303,2
2025-10-07,14941.684921982185,821.863251654321,15763.548173636505,2
2025-10-08,14994.26218388335,814.144236516151,15808.4064203995,2
2025-10-09,14994.26218388335,799.9882340906267,15794.250417973975,2
2025-10-10,14994.26218388335,582.1308148549605,15576.392998738309,2
2025-10-13,14994.26218388335,704.9934018134792,15699.255585696828,2
2025-10-14,14994.26218388335,680.3421044801269,15674.604288363476,2
2025-10-15,14994.26218388335,709.4156662850509,15703.6778501684,2
2025-10-16,14994.26218388335,638.210720731675,15632.472904615024,2
2025-10-17,14994.26218388335,707.8123245976826,15702.074508481031,2
2025-10-20,14994.26218388335,816.5611652373599,15810.823349120708,2
2025-10-21,14994.26218388335,826.8236877625014,15821.085871645852,2
2025-10-22,14994.26218388335,788.4569450962772,15782.719128979626,2
2025-10-23,14994.26218388335,848.6996261305492,15842.961810013898,2
2025-10-24,15044.91619828926,855.520549806198,15900.436748095459,2
2025-10-27,15118.740796749467,849.7852076932872,15968.526004442754,2
2025-10-28,15118.740796749467,854.0344755420364,15972.775272291503,2
2025-10-29,15118.740796749467,849.7282168603817,15968.469013609849,2
2025-10-30,15118.740796749467,802.4672648499546,15921.208061599422,2
2025-10-31,15118.740796749467,812.603651991202,15931.344448740669,2
2025-11-03,15118.740796749467,836.6740149782203,15955.414811727687,2
2025-11-04,15118.740796749467,748.1717520109598,15866.912548760427,2
2025-11-05,15118.740796749467,786.9398938875222,15905.68069063699,2
2025-11-06,15118.740796749467,699.634072519251,15818.374869268719,2
2025-11-07,15118.740796749467,716.2337192078382,15834.974515957305,2
2025-11-10,15118.740796749467,847.6988518766234,15966.43964862609,2
2025-11-11,15169.82577582252,815.693817186667,15985.519593009189,2
2025-11-12,15169.82577582252,820.2766303654556,15990.102406187976,2
2025-11-13,15169.82577582252,686.8373472349361,15856.663123057457,2
2025-11-14,15169.82577582252,688.1597234962868,15857.985499318807,2
2025-11-17,15169.82577582252,610.3427145452855,15780.168490367807,2
2025-11-18,15169.82577582252,542.0372049430057,15711.862980765527,2
2025-11-19,15169.82577582252,574.0274085636344,15743.853184386155,2
2025-11-20,15376.784942791837,245.84085191560234,15622.62579470744,1
2025-11-21,15376.784942791837,278.22656411105413,15655.01150690289,1
2025-11-24,15376.784942791837,342.21408383323535,15718.999026625073,1
2025-11-25,14972.322375882135,789.9617730996895,15762.284148981824,2
2025-11-26,14972.322375882135,850.89849861956,15823.220874501694,2
2025-11-28,14972.322375882135,897.3151934657004,15869.637569347835,2
2025-12-01,14972.322375882135,874.6398509046514,15846.962226786787,2
2025-12-02,14972.322375882135,901.1711605068733,15873.493536389009,2
2025-12-03,15492.156909069712,401.94211688054935,15894.099025950261,1
2025-12-04,15087.843738145708,811.7975184962902,15899.641256641999,2
2025-12-05,15087.843738145708,831.3230087173451,15919.166746863053,2
2025-12-08,15087.843738145708,801.9944610223803,15889.838199168089,2
2025-12-09,15087.843738145708,796.3037953703335,15884.147533516041,2
2025-12-10,15087.843738145708,854.9561255250878,15942.799863670796,2
2025-12-11,15087.843738145708,883.8184803483927,15971.6622184941,2
2025-12-12,15087.843738145708,813.6607342503595,15901.504472396067,2
2025-12-15,15087.843738145708,804.119559007583,15891.96329715329,2
2025-12-16,15087.843738145708,792.7195779674164,15880.563316113125,2
2025-12-17,15087.843738145708,692.9650576050989,15780.808795750807,2
2025-12-18,15087.843738145708,769.0815568897335,15856.925295035442,2
2025-12-19,15087.843738145708,866.2460121724166,15954.089750318124,2
2025-12-22,15610.376130946588,404.0947833718363,16014.470914318425,1
2025-12-23,15204.029087670146,824.7060312645772,16028.735118934723,2
2025-12-24,15204.029087670146,855.7949106455197,16059.823998315665,2
2025-12-26,15204.029087670146,857.9335178943168,16061.962605564462,2
2025-12-29,15204.029087670146,836.8149548662387,16040.844042536384,2
2025-12-30,15204.029087670146,829.5315896794222,16033.560677349567,2
2025-12-31,15204.029087670146,771.4591245923145,15975.48821226246,2
2026-01-02,15204.029087670146,800.219666547838,16004.248754217984,2
2026-01-05,15204.029087670146,850.9515893481392,16054.980677018284,2
2026-01-06,15250.470917352115,844.715485961045,16095.18640331316,2
2026-01-07,15250.470917352115,817.6136698235666,16068.084587175681,2
2026-01-08,15250.470917352115,821.1622768119042,16071.63319416402,2
2026-01-09,15298.290423770148,827.6303337762399,16125.920757546388,2
2026-01-12,15298.290423770148,835.5803648722571,16133.870788642405,2
2026-01-13,15298.290423770148,814.0143796037521,16112.3048033739,2
2026-01-14,15298.290423770148,773.0588547364064,16071.349278506554,2
2026-01-15,15298.290423770148,806.5601660932515,16104.8505898634,2
2026-01-16,15298.290423770148,805.9558809742341,16104.246304744382,2
2026-01-20,15298.290423770148,620.6779320795107,15918.968355849658,2
2026-01-21,15298.290423770148,745.1673033583404,16043.457727128489,2
2026-01-22,15298.290423770148,809.668041780769,16107.958465550917,2
2026-01-23,15298.290423770148,810.3398966768736,16108.63032044702,2
2026-01-26,15298.290423770148,861.7692779292177,16160.059701699365,2
2026-01-27,15344.903932090707,841.1190799841463,16186.023012074853,2
2026-01-28,15344.903932090707,845.4411458796201,16190.345077970327,2
2026-01-29,15344.903932090707,835.213217293753,16180.11714938446,2
2026-01-30,15344.903932090707,806.0076400045034,16150.91157209521,2
2026-02-02,15395.242149075946,819.2312780346967,16214.473427110643,2
2026-02-03,15395.242149075946,750.189961017108,16145.432110093054,2
2026-02-04,15395.242149075946,713.758270950035,16109.000420025981,2
2026-02-05,15395.242149075946,610.957638856334,16006.19978793228,2
2026-02-06,15395.242149075946,743.7516816576817,16138.993830733627,2
2026-02-09,15395.242149075946,821.061869154866,16216.304018230812,2
2026-02-10,15395.242149075946,799.6973412966965,16194.939490372642,2
2026-02-11,15395.242149075946,805.9081321471041,16201.15028122305,2
2026-02-12,15395.242149075946,666.6732477773195,16061.915396853266,2
2026-02-13,15395.242149075946,675.435228117658,16070.677377193604,2
2026-02-17,15395.242149075946,702.8542164709137,16098.09636554686,2
2026-02-18,15395.242149075946,759.236984831854,16154.4791339078,2
2026-02-19,15395.242149075946,736.8493541860204,16132.091503261967,2
2026-02-20,15395.242149075946,811.1299036287094,16206.372052704655,2
2026-02-23,15395.242149075946,729.8399190399607,16125.082068115908,2
2026-02-24,15395.242149075946,824.1060448317995,16219.348193907746,2
2026-02-25,15465.255381715046,839.7820105549001,16305.037392269945,2
2026-02-26,15465.255381715046,804.3611262192442,16269.61650793429,2
2026-02-27,15465.255381715046,766.6565614456531,16231.9119431607,2
2026-03-02,15465.255381715046,776.091588651542,16241.346970366587,2
2026-03-03,15465.255381715046,692.6918236410586,16157.947205356104,2
2026-03-04,15465.255381715046,789.1547559925541,16254.4101377076,2
2026-03-05,15465.255381715046,732.391820297785,16197.647202012831,2
2026-03-06,15465.255381715046,586.2473530039551,16051.502734719,2
2026-03-09,16060.32171713675,321.3804238005224,16381.702140937274,1
2026-03-10,16060.32171713675,318.10536024434555,16378.427077381097,1
2026-03-11,16060.32171713675,319.01373175617493,16379.335448892925,1
2026-03-12,16060.32171713675,264.841418659222,16325.163135795972,1
2026-03-13,16060.32171713675,245.74617227326598,16306.067889410017,1
2026-03-16,16060.32171713675,286.31520458492616,16346.636921721676,1
2026-03-17,16060.32171713675,300.21410269727085,16360.535819834022,1
2026-03-18,16060.32171713675,240.16230724012075,16300.48402437687,1
2026-03-19,16060.32171713675,227.51206273367188,16287.833779870423,1
2026-03-20,16226.825107756487,0,16226.825107756487,0
2026-03-23,16226.825107756487,0,16226.825107756487,0
2026-03-24,16226.825107756487,0,16226.825107756487,0
2026-03-25,16226.825107756487,0,16226.825107756487,0
2026-03-26,16226.825107756487,0,16226.825107756487,0
2026-03-27,16226.825107756487,0,16226.825107756487,0
2026-03-30,16226.825107756487,0,16226.825107756487,0
2026-03-31,16226.825107756487,0,16226.825107756487,0
2026-04-01,16226.825107756487,0,16226.825107756487,0
2026-04-02,16226.825107756487,0,16226.825107756487,0
2026-04-06,16226.825107756487,0,16226.825107756487,0
2026-04-07,16226.825107756487,0,16226.825107756487,0
2026-04-08,15822.023190207905,403.20787745442175,16225.231067662327,1
2026-04-09,15414.09375237515,839.2263306693123,16253.320083044464,2
2026-04-10,15414.09375237515,842.4678801821542,16256.561632557305,2
2026-04-13,15471.024201595506,856.0707153575834,16327.09491695309,2
2026-04-14,15535.541717952286,863.1061307196632,16398.64784867195,2
2026-04-15,15593.434734219132,856.3801387396666,16449.8148729588,2
2026-04-16,15634.907132611097,841.9324964786682,16476.839629089765,2
2026-04-17,16152.894239544552,410.11200043933087,16563.006239983883,1
2026-04-20,15734.9248311813,826.0734701131327,16560.998301294432,2
2026-04-21,15734.9248311813,765.265981776048,16500.19081295735,2
2026-04-22,15734.9248311813,899.8391560917781,16634.76398727308,2
2026-04-23,15734.9248311813,883.6996677934508,16618.62449897475,2
2026-04-24,16280.215608579074,421.0066403882138,16701.222248967286,1
2026-04-27,16859.49218392767,0,16859.49218392767,0