date,cash,positionsValue,totalEquity,openPositionCount
2007-01-03,3300,0,3300,0
2007-01-04,3300,0,3300,0
2007-01-05,3300,0,3300,0
2007-01-08,3300,0,3300,0
2007-01-09,3300,0,3300,0
2007-01-10,3300,0,3300,0
2007-01-11,3300,0,3300,0
2007-01-12,3300,0,3300,0
2007-01-16,3300,0,3300,0
2007-01-17,3300,0,3300,0
2007-01-18,3300,0,3300,0
2007-01-19,3300,0,3300,0
2007-01-22,3300,0,3300,0
2007-01-23,3300,0,3300,0
2007-01-24,3300,0,3300,0
2007-01-25,3300,0,3300,0
2007-01-26,3300,0,3300,0
2007-01-29,3300,0,3300,0
2007-01-30,3300,0,3300,0
2007-01-31,3300,0,3300,0
2007-02-01,3300,0,3300,0
2007-02-02,3300,0,3300,0
2007-02-05,3300,0,3300,0
2007-02-06,3300,0,3300,0
2007-02-07,3300,0,3300,0
2007-02-08,3300,0,3300,0
2007-02-09,3300,0,3300,0
2007-02-12,3300,0,3300,0
2007-02-13,3300,0,3300,0
2007-02-14,3300,0,3300,0
2007-02-15,3300,0,3300,0
2007-02-16,3300,0,3300,0
2007-02-20,3300,0,3300,0
2007-02-21,3300,0,3300,0
2007-02-22,3300,0,3300,0
2007-02-23,3300,0,3300,0
2007-02-26,3300,0,3300,0
2007-02-27,3300,0,3300,0
2007-02-28,3300,0,3300,0
2007-03-01,3300,0,3300,0
2007-03-02,3300,0,3300,0
2007-03-05,3300,0,3300,0
2007-03-06,3300,0,3300,0
2007-03-07,3300,0,3300,0
2007-03-08,3300,0,3300,0
2007-03-09,3300,0,3300,0
2007-03-12,3300,0,3300,0
2007-03-13,3300,0,3300,0
2007-03-14,3300,0,3300,0
2007-03-15,3300,0,3300,0
2007-03-16,3300,0,3300,0
2007-03-19,3300,0,3300,0
2007-03-20,3300,0,3300,0
2007-03-21,2857.8501154013106,441.12207979071866,3298.972195192029,1
2007-03-22,2405.849335359016,885.4495408493535,3291.2988762083696,2
2007-03-23,2405.849335359016,892.816204566916,3298.665539925932,2
2007-03-26,2405.849335359016,902.0807284667387,3307.9300638257546,2
2007-03-27,2405.849335359016,869.865847138432,3275.715182497448,2
2007-03-28,2405.849335359016,801.4080746817825,3207.2574100407987,2
2007-03-29,2405.849335359016,825.4811345560522,3231.3304699150685,2
2007-03-30,2405.849335359016,829.7254019497615,3235.5747373087775,2
2007-04-02,2405.849335359016,858.6446840526336,3264.49401941165,2
2007-04-03,2405.849335359016,924.6655349648665,3330.514870323883,2
2007-04-04,2405.849335359016,935.6353107307381,3341.4846460897543,2
2007-04-05,2436.5361807273066,916.259380541868,3352.795561269175,2
2007-04-09,2464.5208016925294,901.9168910940209,3366.4376927865505,2
2007-04-10,2464.5208016925294,922.3259063276502,3386.8467080201794,2
2007-04-11,2464.5208016925294,883.9335072955269,3348.4543089880563,2
2007-04-12,2464.5208016925294,925.6911199708939,3390.2119216634233,2
2007-04-13,2485.511730201427,924.1099186763954,3409.6216488778223,2
2007-04-16,2999.2279264385734,446.5324832744751,3445.7604097130484,1
2007-04-17,2547.713129928405,901.3972404635447,3449.11037039195,2
2007-04-18,2547.713129928405,902.1936913303963,3449.9068212588013,2
2007-04-19,2547.713129928405,897.3848937513611,3445.0980236797664,2
2007-04-20,2547.713129928405,942.9056566361139,3490.618786564519,2
2007-04-23,2547.713129928405,929.0216418597304,3476.7347717881357,2
2007-04-24,2547.713129928405,929.5223178145021,3477.235447742907,2
2007-04-25,3059.067055177921,445.3801729057225,3504.4472280836435,1
2007-04-26,2610.6136999900605,895.7619930774111,3506.3756930674717,2
2007-04-27,2610.6136999900605,903.6840051467515,3514.297705136812,2
2007-04-30,2610.6136999900605,842.4507467369125,3453.064446726973,2
2007-05-01,2610.6136999900605,872.1277336273984,3482.741433617459,2
2007-05-02,2610.6136999900605,912.8651966711385,3523.478896661199,2
2007-05-03,2610.6136999900605,932.2997803400883,3542.9134803301486,2
2007-05-04,2633.636591577363,919.1938210093765,3552.83041258674,2
2007-05-07,2673.454641891199,890.1512122862312,3563.60585417743,2
2007-05-08,2673.454641891199,886.5392336388912,3559.9938755300905,2
2007-05-09,2673.454641891199,909.000400382004,3582.455042273203,2
2007-05-10,2673.454641891199,826.4931695919352,3499.9478114831345,2
2007-05-11,2673.454641891199,893.8518182453593,3567.3064601365586,2
2007-05-14,2673.454641891199,878.3769249953635,3551.8315668865625,2
2007-05-15,2673.454641891199,874.4000172385852,3547.8546591297845,2
2007-05-16,2673.454641891199,925.1602971379045,3598.614939029104,2
2007-05-17,2673.454641891199,924.9033659845475,3598.358007875747,2
2007-05-18,3184.836959425806,443.1759240272781,3628.012883453084,1
2007-05-21,2741.547283181438,888.326290987841,3629.873574169279,2
2007-05-22,2741.547283181438,892.2483506793999,3633.7956338608383,2
2007-05-23,2741.547283181438,886.4215225714981,3627.9688057529365,2
2007-05-24,2741.547283181438,821.2700814981853,3562.8173646796236,2
2007-05-25,2741.547283181438,868.9047158811953,3610.4519990626336,2
2007-05-29,2741.547283181438,887.8226721127453,3629.3699552941835,2
2007-05-30,2741.547283181438,936.7046613332623,3678.2519445147004,2
2007-05-31,2741.547283181438,937.8491371260352,3679.3964203074734,2
2007-06-01,3246.2023143951988,447.7093539690369,3693.9116683642355,1
2007-06-04,2797.34333991342,898.9236925778523,3696.2670324912724,2
2007-06-05,2797.34333991342,871.1829195290265,3668.5262594424466,2
2007-06-06,2797.34333991342,803.4394007984225,3600.7827407118425,2
2007-06-07,2797.34333991342,655.9063397337219,3453.249679647142,2
2007-06-08,2797.34333991342,767.3661508044315,3564.7094907178516,2
2007-06-11,2797.34333991342,785.5647914606402,3582.9081313740603,2
2007-06-12,2797.34333991342,681.3997157201616,3478.7430556335817,2
2007-06-13,2797.34333991342,822.397109000593,3619.740448914013,2
2007-06-14,2797.34333991342,874.047065451249,3671.3904053646693,2
2007-06-15,2797.34333991342,907.0785764175754,3704.4219163309954,2
2007-06-18,2797.34333991342,921.8077823737008,3719.151122287121,2
2007-06-19,2797.34333991342,941.0617487300447,3738.4050886434648,2
2007-06-20,2797.34333991342,843.4752760082785,3640.8186159216984,2
2007-06-21,2797.34333991342,895.8425734712264,3693.1859133846465,2
2007-06-22,2797.34333991342,785.5352122092554,3582.8785521226755,2
2007-06-25,2797.34333991342,764.4076238779435,3561.7509637913636,2
2007-06-26,2797.34333991342,715.2345909493682,3512.5779308627884,2
2007-06-27,2797.34333991342,848.04681224057,3645.39015215399,2
2007-06-28,2797.34333991342,854.2135270729458,3651.556866986366,2
2007-06-29,2797.34333991342,842.1974292807811,3639.540769194201,2
2007-07-02,2850.3081432145837,903.7007566271483,3754.008899841732,2
2007-07-03,2889.674608432968,888.3184175274798,3777.993025960448,2
2007-07-05,2889.674608432968,887.0995882128702,3776.774196645838,2
2007-07-06,2889.674608432968,913.7041446721137,3803.3787531050816,2
2007-07-09,2889.674608432968,919.8520221610825,3809.5266305940504,2
2007-07-10,2889.674608432968,827.2712564052587,3716.9458648382265,2
2007-07-11,2889.674608432968,872.0202956883766,3761.6949041213447,2
2007-07-12,3398.3187203438615,441.06197515769344,3839.380695501555,1
2007-07-13,2960.5841043234,887.6217214892197,3848.20582581262,2
2007-07-16,2960.5841043234,882.0645314124822,3842.648635735882,2
2007-07-17,2960.5841043234,884.2441767279086,3844.8282810513083,2
2007-07-18,2960.5841043234,873.2022623079164,3833.7863666313165,2
2007-07-19,2960.5841043234,906.1178801150414,3866.7019844384413,2
2007-07-20,2960.5841043234,828.2222324947991,3788.8063368181993,2
2007-07-23,2960.5841043234,866.6900495078651,3827.274153831265,2
2007-07-24,2960.5841043234,729.8206727839297,3690.4047771073297,2
2007-07-25,2960.5841043234,770.2608113380422,3730.8449156614424,2
2007-07-26,2960.5841043234,578.6217262757439,3539.205830599144,2
2007-07-27,2960.5841043234,456.4708184583835,3417.0549227817837,2
2007-07-30,2960.5841043234,533.8996685657172,3494.483772889117,2
2007-07-31,2960.5841043234,429.7829534950168,3390.367057818417,2
2007-08-01,2960.5841043234,484.7663025666954,3445.350406890095,2
2007-08-02,2960.5841043234,523.7060123984669,3484.290116721867,2
2007-08-03,2960.5841043234,308.8444635290756,3269.4285678524757,2
2007-08-06,2960.5841043234,491.533849227222,3452.117953550622,2
2007-08-07,2960.5841043234,558.0443994909836,3518.6285038143833,2
2007-08-08,2960.5841043234,711.8017634671762,3672.3858677905764,2
2007-08-09,2960.5841043234,388.2958040346502,3348.87990835805,2
2007-08-10,2960.5841043234,390.3763777751223,3350.9604820985223,2
2007-08-13,2960.5841043234,342.31465076284167,3302.8987550862416,2
2007-08-14,2960.5841043234,115.7476448822834,3076.3317492056835,2
2007-08-15,2960.5841043234,21.446132564045683,2982.0302368874454,2
2007-08-16,3018.1703827683164,4.596172336712812,3022.766555105029,1
2007-08-17,3080.435766747855,0,3080.435766747855,0
2007-08-20,3080.435766747855,0,3080.435766747855,0
2007-08-21,3080.435766747855,0,3080.435766747855,0
2007-08-22,3080.435766747855,0,3080.435766747855,0
2007-08-23,3080.435766747855,0,3080.435766747855,0
2007-08-24,3080.435766747855,0,3080.435766747855,0
2007-08-27,3080.435766747855,0,3080.435766747855,0
2007-08-28,3080.435766747855,0,3080.435766747855,0
2007-08-29,3080.435766747855,0,3080.435766747855,0
2007-08-30,3080.435766747855,0,3080.435766747855,0
2007-08-31,3080.435766747855,0,3080.435766747855,0
2007-09-04,3080.435766747855,0,3080.435766747855,0
2007-09-05,3080.435766747855,0,3080.435766747855,0
2007-09-06,3080.435766747855,0,3080.435766747855,0
2007-09-07,3080.435766747855,0,3080.435766747855,0
2007-09-10,3080.435766747855,0,3080.435766747855,0
2007-09-11,3080.435766747855,0,3080.435766747855,0
2007-09-12,3080.435766747855,0,3080.435766747855,0
2007-09-13,3080.435766747855,0,3080.435766747855,0
2007-09-14,3080.435766747855,0,3080.435766747855,0
2007-09-17,3080.435766747855,0,3080.435766747855,0
2007-09-18,3080.435766747855,0,3080.435766747855,0
2007-09-19,3080.435766747855,0,3080.435766747855,0
2007-09-20,3080.435766747855,0,3080.435766747855,0
2007-09-21,3080.435766747855,0,3080.435766747855,0
2007-09-24,3080.435766747855,0,3080.435766747855,0
2007-09-25,3080.435766747855,0,3080.435766747855,0
2007-09-26,3080.435766747855,0,3080.435766747855,0
2007-09-27,3080.435766747855,0,3080.435766747855,0
2007-09-28,3080.435766747855,0,3080.435766747855,0
2007-10-01,3080.435766747855,0,3080.435766747855,0
2007-10-02,3080.435766747855,0,3080.435766747855,0
2007-10-03,3080.435766747855,0,3080.435766747855,0
2007-10-04,3080.435766747855,0,3080.435766747855,0
2007-10-05,3080.435766747855,0,3080.435766747855,0
2007-10-08,3080.435766747855,0,3080.435766747855,0
2007-10-09,3080.435766747855,0,3080.435766747855,0
2007-10-10,3080.435766747855,0,3080.435766747855,0
2007-10-11,3080.435766747855,0,3080.435766747855,0
2007-10-12,3080.435766747855,0,3080.435766747855,0
2007-10-15,3080.435766747855,0,3080.435766747855,0
2007-10-16,3080.435766747855,0,3080.435766747855,0
2007-10-17,3080.435766747855,0,3080.435766747855,0
2007-10-18,3080.435766747855,0,3080.435766747855,0
2007-10-19,3080.435766747855,0,3080.435766747855,0
2007-10-22,3080.435766747855,0,3080.435766747855,0
2007-10-23,3080.435766747855,0,3080.435766747855,0
2007-10-24,3080.435766747855,0,3080.435766747855,0
2007-10-25,3080.435766747855,0,3080.435766747855,0
2007-10-26,3080.435766747855,0,3080.435766747855,0
2007-10-29,3080.435766747855,0,3080.435766747855,0
2007-10-30,3080.435766747855,0,3080.435766747855,0
2007-10-31,3080.435766747855,0,3080.435766747855,0
2007-11-01,3080.435766747855,0,3080.435766747855,0
2007-11-02,3080.435766747855,0,3080.435766747855,0
2007-11-05,3080.435766747855,0,3080.435766747855,0
2007-11-06,3080.435766747855,0,3080.435766747855,0
2007-11-07,3080.435766747855,0,3080.435766747855,0
2007-11-08,3080.435766747855,0,3080.435766747855,0
2007-11-09,3080.435766747855,0,3080.435766747855,0
2007-11-12,3080.435766747855,0,3080.435766747855,0
2007-11-13,3080.435766747855,0,3080.435766747855,0
2007-11-14,3080.435766747855,0,3080.435766747855,0
2007-11-15,3080.435766747855,0,3080.435766747855,0
2007-11-16,3080.435766747855,0,3080.435766747855,0
2007-11-19,3080.435766747855,0,3080.435766747855,0
2007-11-20,3080.435766747855,0,3080.435766747855,0
2007-11-21,3080.435766747855,0,3080.435766747855,0
2007-11-23,3080.435766747855,0,3080.435766747855,0
2007-11-26,3080.435766747855,0,3080.435766747855,0
2007-11-27,3080.435766747855,0,3080.435766747855,0
2007-11-28,3080.435766747855,0,3080.435766747855,0
2007-11-29,3080.435766747855,0,3080.435766747855,0
2007-11-30,3080.435766747855,0,3080.435766747855,0
2007-12-03,3080.435766747855,0,3080.435766747855,0
2007-12-04,3080.435766747855,0,3080.435766747855,0
2007-12-05,3080.435766747855,0,3080.435766747855,0
2007-12-06,3080.435766747855,0,3080.435766747855,0
2007-12-07,3080.435766747855,0,3080.435766747855,0
2007-12-10,3080.435766747855,0,3080.435766747855,0
2007-12-11,3080.435766747855,0,3080.435766747855,0
2007-12-12,3080.435766747855,0,3080.435766747855,0
2007-12-13,3080.435766747855,0,3080.435766747855,0
2007-12-14,3080.435766747855,0,3080.435766747855,0
2007-12-17,3080.435766747855,0,3080.435766747855,0
2007-12-18,3080.435766747855,0,3080.435766747855,0
2007-12-19,3080.435766747855,0,3080.435766747855,0
2007-12-20,3080.435766747855,0,3080.435766747855,0
2007-12-21,3080.435766747855,0,3080.435766747855,0
2007-12-24,3080.435766747855,0,3080.435766747855,0
2007-12-26,3080.435766747855,0,3080.435766747855,0
2007-12-27,3080.435766747855,0,3080.435766747855,0
2007-12-28,3080.435766747855,0,3080.435766747855,0
2007-12-31,3080.435766747855,0,3080.435766747855,0
2008-01-02,3080.435766747855,0,3080.435766747855,0
2008-01-03,3080.435766747855,0,3080.435766747855,0
2008-01-04,3080.435766747855,0,3080.435766747855,0
2008-01-07,3080.435766747855,0,3080.435766747855,0
2008-01-08,3080.435766747855,0,3080.435766747855,0
2008-01-09,3080.435766747855,0,3080.435766747855,0
2008-01-10,3080.435766747855,0,3080.435766747855,0
2008-01-11,3080.435766747855,0,3080.435766747855,0
2008-01-14,3080.435766747855,0,3080.435766747855,0
2008-01-15,3080.435766747855,0,3080.435766747855,0
2008-01-16,3080.435766747855,0,3080.435766747855,0
2008-01-17,3080.435766747855,0,3080.435766747855,0
2008-01-18,3080.435766747855,0,3080.435766747855,0
2008-01-22,3080.435766747855,0,3080.435766747855,0
2008-01-23,3080.435766747855,0,3080.435766747855,0
2008-01-24,3080.435766747855,0,3080.435766747855,0
2008-01-25,3080.435766747855,0,3080.435766747855,0
2008-01-28,3080.435766747855,0,3080.435766747855,0
2008-01-29,3080.435766747855,0,3080.435766747855,0
2008-01-30,3080.435766747855,0,3080.435766747855,0
2008-01-31,3080.435766747855,0,3080.435766747855,0
2008-02-01,3080.435766747855,0,3080.435766747855,0
2008-02-04,3080.435766747855,0,3080.435766747855,0
2008-02-05,3080.435766747855,0,3080.435766747855,0
2008-02-06,3080.435766747855,0,3080.435766747855,0
2008-02-07,3080.435766747855,0,3080.435766747855,0
2008-02-08,3080.435766747855,0,3080.435766747855,0
2008-02-11,3080.435766747855,0,3080.435766747855,0
2008-02-12,3080.435766747855,0,3080.435766747855,0
2008-02-13,3080.435766747855,0,3080.435766747855,0
2008-02-14,3080.435766747855,0,3080.435766747855,0
2008-02-15,3080.435766747855,0,3080.435766747855,0
2008-02-19,3080.435766747855,0,3080.435766747855,0
2008-02-20,3080.435766747855,0,3080.435766747855,0
2008-02-21,3080.435766747855,0,3080.435766747855,0
2008-02-22,3080.435766747855,0,3080.435766747855,0
2008-02-25,3080.435766747855,0,3080.435766747855,0
2008-02-26,3080.435766747855,0,3080.435766747855,0
2008-02-27,3080.435766747855,0,3080.435766747855,0
2008-02-28,3080.435766747855,0,3080.435766747855,0
2008-02-29,3080.435766747855,0,3080.435766747855,0
2008-03-03,3080.435766747855,0,3080.435766747855,0
2008-03-04,3080.435766747855,0,3080.435766747855,0
2008-03-05,3080.435766747855,0,3080.435766747855,0
2008-03-06,3080.435766747855,0,3080.435766747855,0
2008-03-07,3080.435766747855,0,3080.435766747855,0
2008-03-10,3080.435766747855,0,3080.435766747855,0
2008-03-11,3080.435766747855,0,3080.435766747855,0
2008-03-12,3080.435766747855,0,3080.435766747855,0
2008-03-13,3080.435766747855,0,3080.435766747855,0
2008-03-14,3080.435766747855,0,3080.435766747855,0
2008-03-17,3080.435766747855,0,3080.435766747855,0
2008-03-18,3080.435766747855,0,3080.435766747855,0
2008-03-19,3080.435766747855,0,3080.435766747855,0
2008-03-20,3080.435766747855,0,3080.435766747855,0
2008-03-24,3080.435766747855,0,3080.435766747855,0
2008-03-25,3080.435766747855,0,3080.435766747855,0
2008-03-26,3080.435766747855,0,3080.435766747855,0
2008-03-27,3080.435766747855,0,3080.435766747855,0
2008-03-28,3080.435766747855,0,3080.435766747855,0
2008-03-31,3080.435766747855,0,3080.435766747855,0
2008-04-01,3080.435766747855,0,3080.435766747855,0
2008-04-02,3080.435766747855,0,3080.435766747855,0
2008-04-03,3080.435766747855,0,3080.435766747855,0
2008-04-04,2651.7330130736887,427.14314741109206,3078.8761604847805,1
2008-04-07,2220.8414104035396,864.5379869749825,3085.3793973785223,2
2008-04-08,2220.8414104035396,851.7531666685773,3072.594577072117,2
2008-04-09,2220.8414104035396,820.7155189203813,3041.556929323921,2
2008-04-10,2220.8414104035396,850.1662285257953,3071.007638929335,2
2008-04-11,2220.8414104035396,752.0113478764006,2972.85275827994,2
2008-04-14,2220.8414104035396,742.5589742686857,2963.4003846722253,2
2008-04-15,2220.8414104035396,779.1527537430347,2999.9941641465743,2
2008-04-16,2220.8414104035396,900.3291497288521,3121.170560132392,2
2008-04-17,2220.8414104035396,908.2142459633621,3129.0556563669015,2
2008-04-18,2748.7270538439534,425.59838018246234,3174.3254340264157,1
2008-04-21,2314.50332717317,857.7951027751478,3172.298429948318,2
2008-04-22,2314.50332717317,822.8714959027631,3137.374823075933,2
2008-04-23,2314.50332717317,845.0954213442369,3159.598748517407,2
2008-04-24,2314.50332717317,874.6307044172488,3189.134031590419,2
2008-04-25,2314.50332717317,904.3971453112339,3218.900472484404,2
2008-04-28,2314.50332717317,911.1898618958701,3225.6931890690403,2
2008-04-29,2314.50332717317,896.1989005510411,3210.7022277242113,2
2008-04-30,2314.50332717317,880.8928239854232,3195.396151158593,2
2008-05-01,2832.0648834825242,430.5263395808115,3262.5912230633357,1
2008-05-02,2403.6804488645043,869.2526697162854,3272.9331185807896,2
2008-05-05,2403.6804488645043,851.6801068154523,3255.3605556799566,2
2008-05-06,2403.6804488645043,892.4607428167673,3296.1411916812717,2
2008-05-07,2403.6804488645043,800.3435144040967,3204.023963268601,2
2008-05-08,2403.6804488645043,825.4186214591134,3229.0990703236175,2
2008-05-09,2403.6804488645043,795.8353333023329,3199.515782166837,2
2008-05-12,2403.6804488645043,880.5360273677272,3284.216476232232,2
2008-05-13,2403.6804488645043,880.719817829596,3284.4002666941005,2
2008-05-14,2403.6804488645043,904.9090340980147,3308.589482962519,2
2008-05-15,2916.206199071697,438.760448745216,3354.966647816913,1
2008-05-16,2475.305909078315,881.3858150293916,3356.6917241077062,2
2008-05-19,2475.305909078315,886.4173339172175,3361.7232429955325,2
2008-05-20,2475.305909078315,842.7965180982674,3318.1024271765823,2
2008-05-21,2475.305909078315,747.0102465093582,3222.316155587673,2
2008-05-22,2475.305909078315,772.1379361145453,3247.44384519286,2
2008-05-23,2475.305909078315,675.5008195985109,3150.806728676826,2
2008-05-27,2475.305909078315,730.9593352856865,3206.2652443640013,2
2008-05-28,2475.305909078315,766.5495750429191,3241.855484121234,2
2008-05-29,2475.305909078315,815.1379187237571,3290.443827802072,2
2008-05-30,2475.305909078315,832.919098884752,3308.2250079630667,2
2008-06-02,2475.305909078315,756.7829178335162,3232.0888269118313,2
2008-06-03,2475.305909078315,715.2016346294722,3190.507543707787,2
2008-06-04,2475.305909078315,712.4883893631818,3187.7942984414967,2
2008-06-05,2475.305909078315,873.3361440809822,3348.642053159297,2
2008-06-06,2475.305909078315,604.7017621751384,3080.0076712534533,2
2008-06-09,2475.305909078315,625.5801671456488,3100.8860762239638,2
2008-06-10,2475.305909078315,606.5363289300603,3081.8422380083753,2
2008-06-11,2475.305909078315,431.53396718461465,2906.8398762629295,2
2008-06-12,2475.305909078315,461.9257605188245,2937.2316695971394,2
2008-06-13,2475.305909078315,648.9035622415173,3124.209471319832,2
2008-06-16,2475.305909078315,689.26802872395,3164.573937802265,2
2008-06-17,2475.305909078315,588.1509431800289,3063.456852258344,2
2008-06-18,2475.305909078315,386.7334575484474,2862.0393666267623,2
2008-06-19,2763.5687584630386,231.71002205848873,2995.2787805215276,1
2008-06-20,2822.6684684696565,0,2822.6684684696565,0
2008-06-23,2822.6684684696565,0,2822.6684684696565,0
2008-06-24,2822.6684684696565,0,2822.6684684696565,0
2008-06-25,2822.6684684696565,0,2822.6684684696565,0
2008-06-26,2822.6684684696565,0,2822.6684684696565,0
2008-06-27,2822.6684684696565,0,2822.6684684696565,0
2008-06-30,2822.6684684696565,0,2822.6684684696565,0
2008-07-01,2822.6684684696565,0,2822.6684684696565,0
2008-07-02,2822.6684684696565,0,2822.6684684696565,0
2008-07-03,2822.6684684696565,0,2822.6684684696565,0
2008-07-07,2822.6684684696565,0,2822.6684684696565,0
2008-07-08,2822.6684684696565,0,2822.6684684696565,0
2008-07-09,2822.6684684696565,0,2822.6684684696565,0
2008-07-10,2822.6684684696565,0,2822.6684684696565,0
2008-07-11,2822.6684684696565,0,2822.6684684696565,0
2008-07-14,2822.6684684696565,0,2822.6684684696565,0
2008-07-15,2822.6684684696565,0,2822.6684684696565,0
2008-07-16,2822.6684684696565,0,2822.6684684696565,0
2008-07-17,2822.6684684696565,0,2822.6684684696565,0
2008-07-18,2822.6684684696565,0,2822.6684684696565,0
2008-07-21,2822.6684684696565,0,2822.6684684696565,0
2008-07-22,2822.6684684696565,0,2822.6684684696565,0
2008-07-23,2822.6684684696565,0,2822.6684684696565,0
2008-07-24,2822.6684684696565,0,2822.6684684696565,0
2008-07-25,2822.6684684696565,0,2822.6684684696565,0
2008-07-28,2822.6684684696565,0,2822.6684684696565,0
2008-07-29,2822.6684684696565,0,2822.6684684696565,0
2008-07-30,2822.6684684696565,0,2822.6684684696565,0
2008-07-31,2822.6684684696565,0,2822.6684684696565,0
2008-08-01,2822.6684684696565,0,2822.6684684696565,0
2008-08-04,2822.6684684696565,0,2822.6684684696565,0
2008-08-05,2822.6684684696565,0,2822.6684684696565,0
2008-08-06,2822.6684684696565,0,2822.6684684696565,0
2008-08-07,2822.6684684696565,0,2822.6684684696565,0
2008-08-08,2822.6684684696565,0,2822.6684684696565,0
2008-08-11,2822.6684684696565,0,2822.6684684696565,0
2008-08-12,2822.6684684696565,0,2822.6684684696565,0
2008-08-13,2822.6684684696565,0,2822.6684684696565,0
2008-08-14,2822.6684684696565,0,2822.6684684696565,0
2008-08-15,2822.6684684696565,0,2822.6684684696565,0
2008-08-18,2822.6684684696565,0,2822.6684684696565,0
2008-08-19,2822.6684684696565,0,2822.6684684696565,0
2008-08-20,2822.6684684696565,0,2822.6684684696565,0
2008-08-21,2822.6684684696565,0,2822.6684684696565,0
2008-08-22,2822.6684684696565,0,2822.6684684696565,0
2008-08-25,2822.6684684696565,0,2822.6684684696565,0
2008-08-26,2822.6684684696565,0,2822.6684684696565,0
2008-08-27,2822.6684684696565,0,2822.6684684696565,0
2008-08-28,2822.6684684696565,0,2822.6684684696565,0
2008-08-29,2822.6684684696565,0,2822.6684684696565,0
2008-09-02,2822.6684684696565,0,2822.6684684696565,0
2008-09-03,2822.6684684696565,0,2822.6684684696565,0
2008-09-04,2822.6684684696565,0,2822.6684684696565,0
2008-09-05,2822.6684684696565,0,2822.6684684696565,0
2008-09-08,2822.6684684696565,0,2822.6684684696565,0
2008-09-09,2822.6684684696565,0,2822.6684684696565,0
2008-09-10,2822.6684684696565,0,2822.6684684696565,0
2008-09-11,2822.6684684696565,0,2822.6684684696565,0
2008-09-12,2822.6684684696565,0,2822.6684684696565,0
2008-09-15,2822.6684684696565,0,2822.6684684696565,0
2008-09-16,2822.6684684696565,0,2822.6684684696565,0
2008-09-17,2822.6684684696565,0,2822.6684684696565,0
2008-09-18,2822.6684684696565,0,2822.6684684696565,0
2008-09-19,2822.6684684696565,0,2822.6684684696565,0
2008-09-22,2822.6684684696565,0,2822.6684684696565,0
2008-09-23,2822.6684684696565,0,2822.6684684696565,0
2008-09-24,2822.6684684696565,0,2822.6684684696565,0
2008-09-25,2822.6684684696565,0,2822.6684684696565,0
2008-09-26,2822.6684684696565,0,2822.6684684696565,0
2008-09-29,2822.6684684696565,0,2822.6684684696565,0
2008-09-30,2822.6684684696565,0,2822.6684684696565,0
2008-10-01,2822.6684684696565,0,2822.6684684696565,0
2008-10-02,2822.6684684696565,0,2822.6684684696565,0
2008-10-03,2822.6684684696565,0,2822.6684684696565,0
2008-10-06,2822.6684684696565,0,2822.6684684696565,0
2008-10-07,2822.6684684696565,0,2822.6684684696565,0
2008-10-08,2822.6684684696565,0,2822.6684684696565,0
2008-10-09,2822.6684684696565,0,2822.6684684696565,0
2008-10-10,2822.6684684696565,0,2822.6684684696565,0
2008-10-13,2822.6684684696565,0,2822.6684684696565,0
2008-10-14,2822.6684684696565,0,2822.6684684696565,0
2008-10-15,2822.6684684696565,0,2822.6684684696565,0
2008-10-16,2822.6684684696565,0,2822.6684684696565,0
2008-10-17,2822.6684684696565,0,2822.6684684696565,0
2008-10-20,2822.6684684696565,0,2822.6684684696565,0
2008-10-21,2822.6684684696565,0,2822.6684684696565,0
2008-10-22,2822.6684684696565,0,2822.6684684696565,0
2008-10-23,2822.6684684696565,0,2822.6684684696565,0
2008-10-24,2822.6684684696565,0,2822.6684684696565,0
2008-10-27,2822.6684684696565,0,2822.6684684696565,0
2008-10-28,2822.6684684696565,0,2822.6684684696565,0
2008-10-29,2822.6684684696565,0,2822.6684684696565,0
2008-10-30,2822.6684684696565,0,2822.6684684696565,0
2008-10-31,2822.6684684696565,0,2822.6684684696565,0
2008-11-03,2822.6684684696565,0,2822.6684684696565,0
2008-11-04,2822.6684684696565,0,2822.6684684696565,0
2008-11-05,2822.6684684696565,0,2822.6684684696565,0
2008-11-06,2822.6684684696565,0,2822.6684684696565,0
2008-11-07,2822.6684684696565,0,2822.6684684696565,0
2008-11-10,2822.6684684696565,0,2822.6684684696565,0
2008-11-11,2822.6684684696565,0,2822.6684684696565,0
2008-11-12,2822.6684684696565,0,2822.6684684696565,0
2008-11-13,2822.6684684696565,0,2822.6684684696565,0
2008-11-14,2822.6684684696565,0,2822.6684684696565,0
2008-11-17,2822.6684684696565,0,2822.6684684696565,0
2008-11-18,2822.6684684696565,0,2822.6684684696565,0
2008-11-19,2822.6684684696565,0,2822.6684684696565,0
2008-11-20,2822.6684684696565,0,2822.6684684696565,0
2008-11-21,2822.6684684696565,0,2822.6684684696565,0
2008-11-24,2822.6684684696565,0,2822.6684684696565,0
2008-11-25,2822.6684684696565,0,2822.6684684696565,0
2008-11-26,2822.6684684696565,0,2822.6684684696565,0
2008-11-28,2822.6684684696565,0,2822.6684684696565,0
2008-12-01,2822.6684684696565,0,2822.6684684696565,0
2008-12-02,2822.6684684696565,0,2822.6684684696565,0
2008-12-03,2822.6684684696565,0,2822.6684684696565,0
2008-12-04,2822.6684684696565,0,2822.6684684696565,0
2008-12-05,2822.6684684696565,0,2822.6684684696565,0
2008-12-08,2822.6684684696565,0,2822.6684684696565,0
2008-12-09,2822.6684684696565,0,2822.6684684696565,0
2008-12-10,2822.6684684696565,0,2822.6684684696565,0
2008-12-11,2822.6684684696565,0,2822.6684684696565,0
2008-12-12,2822.6684684696565,0,2822.6684684696565,0
2008-12-15,2822.6684684696565,0,2822.6684684696565,0
2008-12-16,2822.6684684696565,0,2822.6684684696565,0
2008-12-17,2822.6684684696565,0,2822.6684684696565,0
2008-12-18,2822.6684684696565,0,2822.6684684696565,0
2008-12-19,2822.6684684696565,0,2822.6684684696565,0
2008-12-22,2822.6684684696565,0,2822.6684684696565,0
2008-12-23,2822.6684684696565,0,2822.6684684696565,0
2008-12-24,2822.6684684696565,0,2822.6684684696565,0
2008-12-26,2822.6684684696565,0,2822.6684684696565,0
2008-12-29,2822.6684684696565,0,2822.6684684696565,0
2008-12-30,2822.6684684696565,0,2822.6684684696565,0
2008-12-31,2822.6684684696565,0,2822.6684684696565,0
2009-01-02,2822.6684684696565,0,2822.6684684696565,0
2009-01-05,2822.6684684696565,0,2822.6684684696565,0
2009-01-06,2822.6684684696565,0,2822.6684684696565,0
2009-01-07,2822.6684684696565,0,2822.6684684696565,0
2009-01-08,2822.6684684696565,0,2822.6684684696565,0
2009-01-09,2822.6684684696565,0,2822.6684684696565,0
2009-01-12,2822.6684684696565,0,2822.6684684696565,0
2009-01-13,2822.6684684696565,0,2822.6684684696565,0
2009-01-14,2822.6684684696565,0,2822.6684684696565,0
2009-01-15,2822.6684684696565,0,2822.6684684696565,0
2009-01-16,2822.6684684696565,0,2822.6684684696565,0
2009-01-20,2822.6684684696565,0,2822.6684684696565,0
2009-01-21,2822.6684684696565,0,2822.6684684696565,0
2009-01-22,2822.6684684696565,0,2822.6684684696565,0
2009-01-23,2822.6684684696565,0,2822.6684684696565,0
2009-01-26,2822.6684684696565,0,2822.6684684696565,0
2009-01-27,2822.6684684696565,0,2822.6684684696565,0
2009-01-28,2822.6684684696565,0,2822.6684684696565,0
2009-01-29,2822.6684684696565,0,2822.6684684696565,0
2009-01-30,2822.6684684696565,0,2822.6684684696565,0
2009-02-02,2822.6684684696565,0,2822.6684684696565,0
2009-02-03,2822.6684684696565,0,2822.6684684696565,0
2009-02-04,2822.6684684696565,0,2822.6684684696565,0
2009-02-05,2822.6684684696565,0,2822.6684684696565,0
2009-02-06,2822.6684684696565,0,2822.6684684696565,0
2009-02-09,2822.6684684696565,0,2822.6684684696565,0
2009-02-10,2822.6684684696565,0,2822.6684684696565,0
2009-02-11,2822.6684684696565,0,2822.6684684696565,0
2009-02-12,2822.6684684696565,0,2822.6684684696565,0
2009-02-13,2822.6684684696565,0,2822.6684684696565,0
2009-02-17,2822.6684684696565,0,2822.6684684696565,0
2009-02-18,2822.6684684696565,0,2822.6684684696565,0
2009-02-19,2822.6684684696565,0,2822.6684684696565,0
2009-02-20,2822.6684684696565,0,2822.6684684696565,0
2009-02-23,2822.6684684696565,0,2822.6684684696565,0
2009-02-24,2822.6684684696565,0,2822.6684684696565,0
2009-02-25,2822.6684684696565,0,2822.6684684696565,0
2009-02-26,2822.6684684696565,0,2822.6684684696565,0
2009-02-27,2822.6684684696565,0,2822.6684684696565,0
2009-03-02,2822.6684684696565,0,2822.6684684696565,0
2009-03-03,2822.6684684696565,0,2822.6684684696565,0
2009-03-04,2822.6684684696565,0,2822.6684684696565,0
2009-03-05,2822.6684684696565,0,2822.6684684696565,0
2009-03-06,2822.6684684696565,0,2822.6684684696565,0
2009-03-09,2822.6684684696565,0,2822.6684684696565,0
2009-03-10,2822.6684684696565,0,2822.6684684696565,0
2009-03-11,2822.6684684696565,0,2822.6684684696565,0
2009-03-12,2822.6684684696565,0,2822.6684684696565,0
2009-03-13,2822.6684684696565,0,2822.6684684696565,0
2009-03-16,2822.6684684696565,0,2822.6684684696565,0
2009-03-17,2822.6684684696565,0,2822.6684684696565,0
2009-03-18,2822.6684684696565,0,2822.6684684696565,0
2009-03-19,2822.6684684696565,0,2822.6684684696565,0
2009-03-20,2822.6684684696565,0,2822.6684684696565,0
2009-03-23,2822.6684684696565,0,2822.6684684696565,0
2009-03-24,2822.6684684696565,0,2822.6684684696565,0
2009-03-25,2822.6684684696565,0,2822.6684684696565,0
2009-03-26,2822.6684684696565,0,2822.6684684696565,0
2009-03-27,2822.6684684696565,0,2822.6684684696565,0
2009-03-30,2822.6684684696565,0,2822.6684684696565,0
2009-03-31,2822.6684684696565,0,2822.6684684696565,0
2009-04-01,2822.6684684696565,0,2822.6684684696565,0
2009-04-02,2822.6684684696565,0,2822.6684684696565,0
2009-04-03,2822.6684684696565,0,2822.6684684696565,0
2009-04-06,2822.6684684696565,0,2822.6684684696565,0
2009-04-07,2822.6684684696565,0,2822.6684684696565,0
2009-04-08,2822.6684684696565,0,2822.6684684696565,0
2009-04-09,2822.6684684696565,0,2822.6684684696565,0
2009-04-13,2822.6684684696565,0,2822.6684684696565,0
2009-04-14,2822.6684684696565,0,2822.6684684696565,0
2009-04-15,2822.6684684696565,0,2822.6684684696565,0
2009-04-16,2822.6684684696565,0,2822.6684684696565,0
2009-04-17,2822.6684684696565,0,2822.6684684696565,0
2009-04-20,2822.6684684696565,0,2822.6684684696565,0
2009-04-21,2822.6684684696565,0,2822.6684684696565,0
2009-04-22,2822.6684684696565,0,2822.6684684696565,0
2009-04-23,2822.6684684696565,0,2822.6684684696565,0
2009-04-24,2822.6684684696565,0,2822.6684684696565,0
2009-04-27,2822.6684684696565,0,2822.6684684696565,0
2009-04-28,2822.6684684696565,0,2822.6684684696565,0
2009-04-29,2822.6684684696565,0,2822.6684684696565,0
2009-04-30,2822.6684684696565,0,2822.6684684696565,0
2009-05-01,2822.6684684696565,0,2822.6684684696565,0
2009-05-04,2822.6684684696565,0,2822.6684684696565,0
2009-05-05,2822.6684684696565,0,2822.6684684696565,0
2009-05-06,2822.6684684696565,0,2822.6684684696565,0
2009-05-07,2822.6684684696565,0,2822.6684684696565,0
2009-05-08,2822.6684684696565,0,2822.6684684696565,0
2009-05-11,2822.6684684696565,0,2822.6684684696565,0
2009-05-12,2822.6684684696565,0,2822.6684684696565,0
2009-05-13,2822.6684684696565,0,2822.6684684696565,0
2009-05-14,2822.6684684696565,0,2822.6684684696565,0
2009-05-15,2822.6684684696565,0,2822.6684684696565,0
2009-05-18,2822.6684684696565,0,2822.6684684696565,0
2009-05-19,2393.5861490950397,428.2084567990435,2821.7946058940834,1
2009-05-20,1957.0848672186476,857.8601422503148,2814.9450094689623,2
2009-05-21,1957.0848672186476,796.048652372804,2753.1335195914517,2
2009-05-22,1957.0848672186476,785.04337646359,2742.1282436822376,2
2009-05-26,1957.0848672186476,884.1471461168113,2841.2320133354588,2
2009-05-27,1957.0848672186476,825.9746868774836,2783.0595540961313,2
2009-05-28,1957.0848672186476,875.3738830241602,2832.4587502428076,2
2009-05-29,1999.5417279226274,882.441917064892,2881.9836449875193,2
2009-06-01,2478.8576112003448,450.55866240421705,2929.416273604562,1
2009-06-02,2048.462844198684,884.852314792488,2933.3151589911718,2
2009-06-03,2048.462844198684,845.5011791828351,2893.964023381519,2
2009-06-04,2048.462844198684,881.9496830962484,2930.4125272949323,2
2009-06-05,2048.462844198684,884.4000602293152,2932.8629044279987,2
2009-06-08,2048.462844198684,891.8402224294512,2940.3030666281347,2
2009-06-09,2082.613214823748,877.1016432778645,2959.7148581016127,2
2009-06-10,2082.613214823748,870.5696277794187,2953.1828426031666,2
2009-06-11,2082.613214823748,891.7808185478515,2974.3940333715996,2
2009-06-12,2082.613214823748,898.2920571831733,2980.905272006921,2
2009-06-15,2082.613214823748,825.2319075728842,2907.845122396632,2
2009-06-16,2082.613214823748,773.0037980687538,2855.617012892502,2
2009-06-17,2082.613214823748,781.2795083438166,2863.8927231675643,2
2009-06-18,2082.613214823748,827.4666898443584,2910.0799046681063,2
2009-06-19,2082.613214823748,859.933912707851,2942.547127531599,2
2009-06-22,2082.613214823748,729.2849407946642,2811.898155618412,2
2009-06-23,2082.613214823748,749.7168767727944,2832.3300915965424,2
2009-06-24,2082.613214823748,797.2919202210296,2879.9051350447776,2
2009-06-25,2082.613214823748,905.3909858007244,2988.004200624472,2
2009-06-26,2121.5055200318925,869.0684360629616,2990.573956094854,2
2009-06-29,2146.179787216922,884.9125860598542,3031.092373276776,2
2009-06-30,2146.179787216922,856.2653253133587,3002.4451125302803,2
2009-07-01,2146.179787216922,872.8033326846014,3018.9831199015234,2
2009-07-02,2146.179787216922,766.1656084864862,2912.345395703408,2
2009-07-06,2146.179787216922,781.7025652728444,2927.882352489766,2
2009-07-07,2146.179787216922,692.8433425769581,2839.02312979388,2
2009-07-08,2146.179787216922,686.2811496251088,2832.4609368420306,2
2009-07-09,2146.179787216922,715.1458179284389,2861.325605145361,2
2009-07-10,2146.179787216922,706.0749105969803,2852.254697813902,2
2009-07-13,2146.179787216922,848.5223814625027,2994.7021686794246,2
2009-07-14,2146.179787216922,884.4393687715806,3030.6191559885024,2
2009-07-15,2665.651846059873,429.86697825086094,3095.518824310734,1
2009-07-16,2236.6057388734994,872.6315389231773,3109.2372777966766,2
2009-07-17,2236.6057388734994,885.0840189846775,3121.689757858177,2
2009-07-20,2268.809315980222,885.755068035226,3154.564384015448,2
2009-07-21,2268.809315980222,902.7372127245854,3171.5465287048073,2
2009-07-22,2288.658412919481,885.5810524539991,3174.23946537348,2
2009-07-23,2314.6322889356666,909.912197833944,3224.5444867696106,2
2009-07-24,2351.79756296776,881.8510621486255,3233.648625116385,2
2009-07-27,2351.79756296776,887.6085296859708,3239.4060926537304,2
2009-07-28,2351.79756296776,877.1438820738254,3228.941445041585,2
2009-07-29,2351.79756296776,862.1181194374442,3213.9156824052043,2
2009-07-30,2351.79756296776,899.391120470757,3251.188683438517,2
2009-07-31,2351.79756296776,900.3157264262873,3252.113289394047,2
2009-08-03,2856.224070739661,436.10879923130744,3292.332869970968,1
2009-08-04,2424.299771806315,874.9904912314885,3299.290263037804,2
2009-08-05,2424.299771806315,870.2900481908048,3294.58981999712,2
2009-08-06,2424.299771806315,850.1496503417573,3274.4494221480727,2
2009-08-07,2424.299771806315,897.7120188827735,3322.0117906890887,2
2009-08-10,2424.299771806315,897.7461170160947,3322.04588882241,2
2009-08-11,2424.299771806315,857.1249248152026,3281.424696621518,2
2009-08-12,2424.299771806315,897.8745478382759,3322.1743196445914,2
2009-08-13,2424.299771806315,923.7582381420643,3348.0580099483795,2
2009-08-14,2424.299771806315,911.8178862163195,3336.1176580226347,2
2009-08-17,2424.299771806315,816.3592151802594,3240.6589869865747,2
2009-08-18,2424.299771806315,872.1707135361708,3296.470485342486,2
2009-08-19,2424.299771806315,897.273385110007,3321.573156916322,2
2009-08-20,2463.854154462171,895.24782086069,3359.101975322861,2
2009-08-21,2516.0350593123358,884.0841408438171,3400.119200156153,2
2009-08-24,2516.0350593123358,891.0972964148242,3407.13235572716,2
2009-08-25,2516.0350593123358,902.008539297526,3418.043598609862,2
2009-08-26,2516.0350593123358,905.3596631965852,3421.394722508921,2
2009-08-27,2547.5793026911665,882.824638805107,3430.4039414962735,2
2009-08-28,2547.5793026911665,880.1966329485203,3427.775935639687,2
2009-08-31,2547.5793026911665,856.1589530719732,3403.73825576314,2
2009-09-01,2547.5793026911665,753.3485810919447,3300.927883783111,2
2009-09-02,2547.5793026911665,745.9941687468004,3293.573471437967,2
2009-09-03,2547.5793026911665,799.2437154549568,3346.823018146123,2
2009-09-04,2547.5793026911665,867.4097357495154,3414.9890384406817,2
2009-09-08,2547.5793026911665,909.4190237800271,3456.9983264711936,2
2009-09-09,2595.7875960054507,891.1107958904811,3486.898391895932,2
2009-09-10,2641.9441003177985,876.8528068686323,3518.796907186431,2
2009-09-11,2641.9441003177985,870.2295966660976,3512.173696983896,2
2009-09-14,2641.9441003177985,899.7502108019453,3541.694311119744,2
2009-09-15,2675.8773598850757,878.4958428663338,3554.3732027514097,2
2009-09-16,2707.200119164215,882.8710391591471,3590.071158323362,2
2009-09-17,2707.200119164215,878.1657023825153,3585.3658215467303,2
2009-09-18,2707.200119164215,885.813523656094,3593.0136428203086,2
2009-09-21,2707.200119164215,885.5360239762612,3592.736143140476,2
2009-09-22,2742.3123431641025,876.8235389457308,3619.1358821098333,2
2009-09-23,2742.3123431641025,844.3581265254102,3586.6704696895126,2
2009-09-24,2742.3123431641025,798.7694622194074,3541.08180538351,2
2009-09-25,2742.3123431641025,772.014573381876,3514.3269165459783,2
2009-09-28,2742.3123431641025,856.3767345783971,3598.6890777424996,2
2009-09-29,2742.3123431641025,850.2583923825168,3592.5707355466193,2
2009-09-30,2742.3123431641025,839.1496001456348,3581.4619433097373,2
2009-10-01,2742.3123431641025,711.4458469058005,3453.758190069903,2
2009-10-02,2742.3123431641025,690.8800629105212,3433.1924060746237,2
2009-10-05,2742.3123431641025,789.684422166333,3531.9967653304357,2
2009-10-06,2742.3123431641025,861.9277979767464,3604.240141140849,2
2009-10-07,2742.3123431641025,886.6545058450436,3628.9668490091462,2
2009-10-08,2788.3622593840755,871.0387014813009,3659.4009608653764,2
2009-10-09,2788.3622593840755,902.2140450567808,3690.5763044408563,2
2009-10-12,2826.2887004530044,885.9302573787538,3712.2189578317584,2
2009-10-13,2826.2887004530044,881.6597897141288,3707.948490167133,2
2009-10-14,2870.2753190348517,881.5873754690182,3751.86269450387,2
2009-10-15,2896.807474850272,878.1145259811947,3774.9220008314664,2
2009-10-16,2896.807474850272,858.805778843602,3755.613253693874,2
2009-10-19,2896.807474850272,896.9627775262129,3793.7702523764847,2
2009-10-20,2896.807474850272,888.1973697541822,3785.004844604454,2
2009-10-21,2896.807474850272,846.9413636987263,3743.748838548998,2
2009-10-22,2896.807474850272,902.6906266143491,3799.498101464621,2
2009-10-23,2896.807474850272,847.994112644146,3744.8015874944176,2
2009-10-26,2896.807474850272,790.3910649844706,3687.1985398347424,2
2009-10-27,2896.807474850272,774.5041334224121,3671.3116082726838,2
2009-10-28,2896.807474850272,654.3439601976896,3551.1514350479615,2
2009-10-29,2896.807474850272,796.8207935552336,3693.6282684055054,2
2009-10-30,2896.807474850272,613.268021884501,3510.075496734773,2
2009-11-02,2896.807474850272,663.2721081593814,3560.079583009653,2
2009-11-03,2896.807474850272,687.6683922505947,3584.4758671008667,2
2009-11-04,2896.807474850272,706.5888166795165,3603.3962915297884,2
2009-11-05,2896.807474850272,837.9530874918273,3734.760562342099,2
2009-11-06,2896.807474850272,869.4122345287196,3766.2197093789914,2
2009-11-09,3436.349455479099,425.64082221983944,3861.9902776989384,1
2009-11-10,3007.534996421923,855.9912896437497,3863.526286065673,2
2009-11-11,3007.534996421923,872.3499336329169,3879.88493005484,2
2009-11-12,3007.534996421923,830.3426721607243,3837.8776685826474,2
2009-11-13,3007.534996421923,861.7633953784995,3869.2983918004225,2
2009-11-16,3007.534996421923,916.4573895388804,3923.9923859608034,2
2009-11-17,3030.743941316198,900.7939653957633,3931.537906711961,2
2009-11-18,3067.936327849501,870.5925736622014,3938.5289015117023,2
2009-11-19,3067.936327849501,816.1837905607103,3884.1201184102115,2
2009-11-20,3067.936327849501,811.7087355419937,3879.6450633914947,2
2009-11-23,3067.936327849501,882.1088102578478,3950.045138107349,2
2009-11-24,3067.936327849501,891.5093907115229,3959.445718561024,2
2009-11-25,3067.936327849501,908.344608577775,3976.280936427276,2
2009-11-27,3067.936327849501,811.5561002478913,3879.4924280973923,2
2009-11-30,3067.936327849501,842.3970975069175,3910.3334253564185,2
2009-12-01,3067.936327849501,913.1919912123299,3981.128319061831,2
2009-12-02,3106.585543860889,884.561594358234,3991.147138219123,2
2009-12-03,3106.585543860889,844.5445527999944,3951.1300966608837,2
2009-12-04,3106.585543860889,881.4663735902877,3988.051917451177,2
2009-12-07,3106.585543860889,877.5201396714376,3984.105683532327,2
2009-12-08,3106.585543860889,826.0951343163774,3932.6806781772666,2
2009-12-09,3106.585543860889,857.2016485023526,3963.787192363242,2
2009-12-10,3106.585543860889,887.8417760853808,3994.42731994627,2
2009-12-11,3139.773124969691,875.7196279877483,4015.492752957439,2
2009-12-14,3139.773124969691,911.7774911839124,4051.550616153603,2
2009-12-15,3139.773124969691,896.0932078643323,4035.866332834023,2
2009-12-16,3139.773124969691,913.1308437018992,4052.90396867159,2
2009-12-17,3139.773124969691,856.9910969640928,3996.7642219337836,2
2009-12-18,3139.773124969691,891.0542158658378,4030.8273408355285,2
2009-12-21,3172.727476246964,908.5623739088817,4081.2898501558457,2
2009-12-22,3212.667076815868,887.4686180996906,4100.135694915559,2
2009-12-23,3212.667076815868,895.3714650055094,4108.038541821377,2
2009-12-24,3212.667076815868,915.4391198539996,4128.106196669867,2
2009-12-28,3212.667076815868,925.6202676509872,4138.287344466855,2
2009-12-29,3212.667076815868,924.576510494366,4137.243587310234,2
2009-12-30,3251.4308347624183,887.3744153634918,4138.80525012591,2
2009-12-31,3251.4308347624183,836.0639904086607,4087.494825171079,2
2010-01-04,3282.8777239325555,885.6594937593907,4168.537217691946,2
2010-01-05,3282.8777239325555,906.0171157663409,4188.894839698896,2
2010-01-06,3282.8777239325555,912.7665443687547,4195.64426830131,2
2010-01-07,3305.599382026658,901.8547701924169,4207.454152219075,2
2010-01-08,3305.599382026658,922.985050100296,4228.584432126954,2
2010-01-11,3338.410687039158,905.6755198597969,4244.0862068989545,2
2010-01-12,3338.410687039158,867.8539626274544,4206.264649666612,2
2010-01-13,3338.410687039158,904.3625830527332,4242.773270091891,2
2010-01-14,3338.410687039158,917.1024986089908,4255.5131856481485,2
2010-01-15,3338.410687039158,881.1794845244444,4219.590171563603,2
2010-01-19,3365.5050303273897,906.8183610665094,4272.323391393899,2
2010-01-20,3365.5050303273897,858.1714954601186,4223.676525787509,2
2010-01-21,3365.5050303273897,731.3510232381584,4096.856053565548,2
2010-01-22,3365.5050303273897,584.4718427590055,3949.9768730863952,2
2010-01-25,3365.5050303273897,622.4925941041383,3987.997624431528,2
2010-01-26,3365.5050303273897,604.5615290288274,3970.066559356217,2
2010-01-27,3365.5050303273897,644.2954751682212,4009.800505495611,2
2010-01-28,3365.5050303273897,567.048113870144,3932.5531441975336,2
2010-01-29,3365.5050303273897,500.60940629763877,3866.1144366250282,2
2010-02-01,3365.5050303273897,608.2430927813725,3973.7481231087622,2
2010-02-02,3365.5050303273897,713.1090676124031,4078.614097939793,2
2010-02-03,3365.5050303273897,676.6032073278552,4042.108237655245,2
2010-02-04,3365.5050303273897,424.13163849630564,3789.6366688236953,2
2010-02-05,3365.5050303273897,442.8086217485728,3808.3136520759626,2
2010-02-08,3365.5050303273897,363.26543916139974,3728.7704694887893,2
2010-02-09,3365.5050303273897,466.81435281034214,3832.319383137732,2
2010-02-10,3365.5050303273897,442.85778885126774,3808.3628191786574,2
2010-02-11,3365.5050303273897,539.7577515836479,3905.2627819110376,2
2010-02-12,3365.5050303273897,511.3996466005091,3876.904676927899,2
2010-02-16,3870.41534945813,355.70992317649143,4226.125272634621,1
2010-02-17,3870.41534945813,385.20709315235644,4255.622442610486,1
2010-02-18,3870.41534945813,428.03622057725977,4298.4515700353895,1
2010-02-19,3870.41534945813,448.51130018413505,4318.926649642265,1
2010-02-22,4352.84672621363,0,4352.84672621363,0
2010-02-23,4352.84672621363,0,4352.84672621363,0
2010-02-24,4352.84672621363,0,4352.84672621363,0
2010-02-25,4352.84672621363,0,4352.84672621363,0
2010-02-26,4352.84672621363,0,4352.84672621363,0
2010-03-01,4352.84672621363,0,4352.84672621363,0
2010-03-02,4352.84672621363,0,4352.84672621363,0
2010-03-03,4352.84672621363,0,4352.84672621363,0
2010-03-04,4352.84672621363,0,4352.84672621363,0
2010-03-05,4352.84672621363,0,4352.84672621363,0
2010-03-08,4352.84672621363,0,4352.84672621363,0
2010-03-09,4352.84672621363,0,4352.84672621363,0
2010-03-10,4352.84672621363,0,4352.84672621363,0
2010-03-11,4352.84672621363,0,4352.84672621363,0
2010-03-12,4352.84672621363,0,4352.84672621363,0
2010-03-15,4352.84672621363,0,4352.84672621363,0
2010-03-16,4352.84672621363,0,4352.84672621363,0
2010-03-17,4352.84672621363,0,4352.84672621363,0
2010-03-18,4352.84672621363,0,4352.84672621363,0
2010-03-19,4352.84672621363,0,4352.84672621363,0
2010-03-22,4352.84672621363,0,4352.84672621363,0
2010-03-23,4352.84672621363,0,4352.84672621363,0
2010-03-24,4352.84672621363,0,4352.84672621363,0
2010-03-25,4352.84672621363,0,4352.84672621363,0
2010-03-26,4352.84672621363,0,4352.84672621363,0
2010-03-29,4352.84672621363,0,4352.84672621363,0
2010-03-30,4352.84672621363,0,4352.84672621363,0
2010-03-31,4352.84672621363,0,4352.84672621363,0
2010-04-01,4352.84672621363,0,4352.84672621363,0
2010-04-05,4352.84672621363,0,4352.84672621363,0
2010-04-06,4352.84672621363,0,4352.84672621363,0
2010-04-07,4352.84672621363,0,4352.84672621363,0
2010-04-08,4352.84672621363,0,4352.84672621363,0
2010-04-09,4352.84672621363,0,4352.84672621363,0
2010-04-12,4352.84672621363,0,4352.84672621363,0
2010-04-13,4352.84672621363,0,4352.84672621363,0
2010-04-14,4352.84672621363,0,4352.84672621363,0
2010-04-15,4352.84672621363,0,4352.84672621363,0
2010-04-16,4352.84672621363,0,4352.84672621363,0
2010-04-19,4352.84672621363,0,4352.84672621363,0
2010-04-20,4352.84672621363,0,4352.84672621363,0
2010-04-21,4352.84672621363,0,4352.84672621363,0
2010-04-22,4352.84672621363,0,4352.84672621363,0
2010-04-23,4352.84672621363,0,4352.84672621363,0
2010-04-26,4352.84672621363,0,4352.84672621363,0
2010-04-27,4352.84672621363,0,4352.84672621363,0
2010-04-28,4352.84672621363,0,4352.84672621363,0
2010-04-29,4352.84672621363,0,4352.84672621363,0
2010-04-30,4352.84672621363,0,4352.84672621363,0
2010-05-03,4352.84672621363,0,4352.84672621363,0
2010-05-04,4352.84672621363,0,4352.84672621363,0
2010-05-05,4352.84672621363,0,4352.84672621363,0
2010-05-06,4352.84672621363,0,4352.84672621363,0
2010-05-07,4352.84672621363,0,4352.84672621363,0
2010-05-10,4352.84672621363,0,4352.84672621363,0
2010-05-11,4352.84672621363,0,4352.84672621363,0
2010-05-12,4352.84672621363,0,4352.84672621363,0
2010-05-13,4352.84672621363,0,4352.84672621363,0
2010-05-14,4352.84672621363,0,4352.84672621363,0
2010-05-17,4352.84672621363,0,4352.84672621363,0
2010-05-18,4352.84672621363,0,4352.84672621363,0
2010-05-19,4352.84672621363,0,4352.84672621363,0
2010-05-20,4352.84672621363,0,4352.84672621363,0
2010-05-21,4352.84672621363,0,4352.84672621363,0
2010-05-24,4352.84672621363,0,4352.84672621363,0
2010-05-25,4352.84672621363,0,4352.84672621363,0
2010-05-26,4352.84672621363,0,4352.84672621363,0
2010-05-27,4352.84672621363,0,4352.84672621363,0
2010-05-28,4352.84672621363,0,4352.84672621363,0
2010-06-01,4352.84672621363,0,4352.84672621363,0
2010-06-02,4352.84672621363,0,4352.84672621363,0
2010-06-03,4352.84672621363,0,4352.84672621363,0
2010-06-04,4352.84672621363,0,4352.84672621363,0
2010-06-07,4352.84672621363,0,4352.84672621363,0
2010-06-08,4352.84672621363,0,4352.84672621363,0
2010-06-09,4352.84672621363,0,4352.84672621363,0
2010-06-10,4352.84672621363,0,4352.84672621363,0
2010-06-11,4352.84672621363,0,4352.84672621363,0
2010-06-14,4352.84672621363,0,4352.84672621363,0
2010-06-15,4352.84672621363,0,4352.84672621363,0
2010-06-16,4352.84672621363,0,4352.84672621363,0
2010-06-17,4352.84672621363,0,4352.84672621363,0
2010-06-18,4352.84672621363,0,4352.84672621363,0
2010-06-21,4352.84672621363,0,4352.84672621363,0
2010-06-22,4352.84672621363,0,4352.84672621363,0
2010-06-23,4352.84672621363,0,4352.84672621363,0
2010-06-24,4352.84672621363,0,4352.84672621363,0
2010-06-25,4352.84672621363,0,4352.84672621363,0
2010-06-28,4352.84672621363,0,4352.84672621363,0
2010-06-29,4352.84672621363,0,4352.84672621363,0
2010-06-30,4352.84672621363,0,4352.84672621363,0
2010-07-01,4352.84672621363,0,4352.84672621363,0
2010-07-02,4352.84672621363,0,4352.84672621363,0
2010-07-06,4352.84672621363,0,4352.84672621363,0
2010-07-07,4352.84672621363,0,4352.84672621363,0
2010-07-08,4352.84672621363,0,4352.84672621363,0
2010-07-09,4352.84672621363,0,4352.84672621363,0
2010-07-12,4352.84672621363,0,4352.84672621363,0
2010-07-13,4352.84672621363,0,4352.84672621363,0
2010-07-14,4352.84672621363,0,4352.84672621363,0
2010-07-15,4352.84672621363,0,4352.84672621363,0
2010-07-16,4352.84672621363,0,4352.84672621363,0
2010-07-19,4352.84672621363,0,4352.84672621363,0
2010-07-20,4352.84672621363,0,4352.84672621363,0
2010-07-21,4352.84672621363,0,4352.84672621363,0
2010-07-22,4352.84672621363,0,4352.84672621363,0
2010-07-23,4352.84672621363,0,4352.84672621363,0
2010-07-26,4352.84672621363,0,4352.84672621363,0
2010-07-27,4352.84672621363,0,4352.84672621363,0
2010-07-28,4352.84672621363,0,4352.84672621363,0
2010-07-29,4352.84672621363,0,4352.84672621363,0
2010-07-30,4352.84672621363,0,4352.84672621363,0
2010-08-02,4352.84672621363,0,4352.84672621363,0
2010-08-03,4352.84672621363,0,4352.84672621363,0
2010-08-04,4352.84672621363,0,4352.84672621363,0
2010-08-05,4352.84672621363,0,4352.84672621363,0
2010-08-06,4352.84672621363,0,4352.84672621363,0
2010-08-09,4352.84672621363,0,4352.84672621363,0
2010-08-10,4352.84672621363,0,4352.84672621363,0
2010-08-11,4352.84672621363,0,4352.84672621363,0
2010-08-12,4352.84672621363,0,4352.84672621363,0
2010-08-13,4352.84672621363,0,4352.84672621363,0
2010-08-16,4352.84672621363,0,4352.84672621363,0
2010-08-17,4352.84672621363,0,4352.84672621363,0
2010-08-18,4352.84672621363,0,4352.84672621363,0
2010-08-19,4352.84672621363,0,4352.84672621363,0
2010-08-20,4352.84672621363,0,4352.84672621363,0
2010-08-23,4352.84672621363,0,4352.84672621363,0
2010-08-24,4352.84672621363,0,4352.84672621363,0
2010-08-25,4352.84672621363,0,4352.84672621363,0
2010-08-26,4352.84672621363,0,4352.84672621363,0
2010-08-27,4352.84672621363,0,4352.84672621363,0
2010-08-30,4352.84672621363,0,4352.84672621363,0
2010-08-31,4352.84672621363,0,4352.84672621363,0
2010-09-01,4352.84672621363,0,4352.84672621363,0
2010-09-02,4352.84672621363,0,4352.84672621363,0
2010-09-03,4352.84672621363,0,4352.84672621363,0
2010-09-07,4352.84672621363,0,4352.84672621363,0
2010-09-08,4352.84672621363,0,4352.84672621363,0
2010-09-09,4352.84672621363,0,4352.84672621363,0
2010-09-10,4352.84672621363,0,4352.84672621363,0
2010-09-13,4352.84672621363,0,4352.84672621363,0
2010-09-14,4352.84672621363,0,4352.84672621363,0
2010-09-15,4352.84672621363,0,4352.84672621363,0
2010-09-16,4352.84672621363,0,4352.84672621363,0
2010-09-17,4352.84672621363,0,4352.84672621363,0
2010-09-20,4352.84672621363,0,4352.84672621363,0
2010-09-21,4352.84672621363,0,4352.84672621363,0
2010-09-22,4352.84672621363,0,4352.84672621363,0
2010-09-23,4352.84672621363,0,4352.84672621363,0
2010-09-24,4352.84672621363,0,4352.84672621363,0
2010-09-27,4352.84672621363,0,4352.84672621363,0
2010-09-28,4352.84672621363,0,4352.84672621363,0
2010-09-29,4352.84672621363,0,4352.84672621363,0
2010-09-30,4352.84672621363,0,4352.84672621363,0
2010-10-01,4352.84672621363,0,4352.84672621363,0
2010-10-04,4352.84672621363,0,4352.84672621363,0
2010-10-05,4352.84672621363,0,4352.84672621363,0
2010-10-06,4352.84672621363,0,4352.84672621363,0
2010-10-07,4352.84672621363,0,4352.84672621363,0
2010-10-08,4352.84672621363,0,4352.84672621363,0
2010-10-11,4352.84672621363,0,4352.84672621363,0
2010-10-12,4352.84672621363,0,4352.84672621363,0
2010-10-13,4352.84672621363,0,4352.84672621363,0
2010-10-14,3914.554505674383,437.07379389461806,4351.628299569001,1
2010-10-15,3482.7514103461763,876.9516629889084,4359.703073335085,2
2010-10-18,3482.7514103461763,907.8126272354459,4390.564037581622,2
2010-10-19,3482.7514103461763,838.0677242965354,4320.819134642712,2
2010-10-20,3482.7514103461763,889.4309963745218,4372.182406720698,2
2010-10-21,3482.7514103461763,904.3408231070092,4387.092233453185,2
2010-10-22,3482.7514103461763,920.0389281393191,4402.790338485495,2
2010-10-25,3511.096566988516,894.541888611999,4405.638455600515,2
2010-10-26,3511.096566988516,893.931103911099,4405.027670899615,2
2010-10-27,3511.096566988516,883.4874550483679,4394.584022036884,2
2010-10-28,3511.096566988516,889.1346407708247,4400.231207759341,2
2010-10-29,3511.096566988516,888.2347938935435,4399.331360882059,2
2010-11-01,3511.096566988516,897.5806445116966,4408.677211500212,2
2010-11-02,3557.653127188178,877.5567371981394,4435.209864386317,2
2010-11-03,3557.653127188178,913.1974334695401,4470.850560657718,2
2010-11-04,4080.5433130227693,436.90293398114045,4517.44624700391,1
2010-11-05,3649.4941654803397,876.4510510565331,4525.945216536873,2
2010-11-08,3649.4941654803397,877.6537234975681,4527.147888977908,2
2010-11-09,3649.4941654803397,838.7439199938246,4488.238085474164,2
2010-11-10,3649.4941654803397,867.9330381261466,4517.427203606487,2
2010-11-11,3649.4941654803397,851.8216217439219,4501.315787224262,2
2010-11-12,3649.4941654803397,775.1982634916519,4424.692428971992,2
2010-11-15,3649.4941654803397,784.6554103772645,4434.149575857604,2
2010-11-16,3649.4941654803397,670.0074567751508,4319.5016222554905,2
2010-11-17,3649.4941654803397,680.6780299968991,4330.172195477238,2
2010-11-18,3649.4941654803397,809.8012007140192,4459.295366194359,2
2010-11-19,3649.4941654803397,837.6568630435968,4487.1510285239365,2
2010-11-22,3649.4941654803397,840.603454041037,4490.097619521377,2
2010-11-23,3649.4941654803397,726.7085503608291,4376.202715841169,2
2010-11-24,3649.4941654803397,841.1227966676086,4490.6169621479485,2
2010-11-26,3649.4941654803397,780.2635702814412,4429.757735761781,2
2010-11-29,3649.4941654803397,802.5353431204976,4452.029508600837,2
2010-11-30,3649.4941654803397,747.5858637141494,4397.080029194489,2
2010-12-01,3687.636129752575,873.5464524474737,4561.182582200048,2
2010-12-02,3735.7793109715003,891.9578488751393,4627.73715984664,2
2010-12-03,3775.1300955113024,876.3632200674638,4651.493315578766,2
2010-12-06,3775.1300955113024,880.7002378324287,4655.830333343731,2
2010-12-07,3775.1300955113024,886.1660213407592,4661.2961168520615,2
2010-12-08,3775.1300955113024,905.1016974378927,4680.231792949195,2
2010-12-09,3810.6082303189114,887.1453674676374,4697.753597786549,2
2010-12-10,3810.6082303189114,905.7950262708453,4716.403256589757,2
2010-12-13,3838.694450821986,885.7498672051611,4724.444318027146,2
2010-12-14,3838.694450821986,891.17576153333,4729.870212355316,2
2010-12-15,3838.694450821986,871.2348004734017,4709.929251295387,2
2010-12-16,3838.694450821986,903.6559434186709,4742.350394240657,2
2010-12-17,3862.3431878427973,898.6677105028372,4761.010898345635,2
2010-12-20,3862.3431878427973,911.968255320626,4774.311443163423,2
2010-12-21,3895.8004034574114,895.2888340132804,4791.089237470692,2
2010-12-22,3928.7805510245257,886.8971920086761,4815.677743033202,2
2010-12-23,3928.7805510245257,868.5203771719695,4797.300928196495,2
2010-12-27,3928.7805510245257,867.3712409477482,4796.151791972274,2
2010-12-28,3928.7805510245257,875.9720945674119,4804.752645591938,2
2010-12-29,3928.7805510245257,886.6594956645042,4815.44004668903,2
2010-12-30,3928.7805510245257,881.2184811222352,4809.999032146761,2
2010-12-31,3928.7805510245257,881.3276160173446,4810.10816704187,2
2011-01-03,3960.678181039432,899.4554762360815,4860.1336572755135,2
2011-01-04,3960.678181039432,901.2299859724574,4861.908167011889,2
2011-01-05,3995.4609659023295,887.4601238370606,4882.92108973939,2
2011-01-06,3995.4609659023295,877.5780423166743,4873.039008219004,2
2011-01-07,3995.4609659023295,877.0878050365513,4872.548770938881,2
2011-01-10,3995.4609659023295,876.1970109682426,4871.657976870572,2
2011-01-11,3995.4609659023295,902.0830966117007,4897.54406251403,2
2011-01-12,4031.3113695629936,902.0231286259277,4933.334498188921,2
2011-01-13,4031.3113695629936,897.0275101445718,4928.338879707566,2
2011-01-14,4067.3795236961714,896.2965299468256,4963.676053642997,2
2011-01-18,4067.3795236961714,907.2315383905823,4974.611062086754,2
2011-01-19,4067.3795236961714,849.438985833631,4916.818509529802,2
2011-01-20,4067.3795236961714,837.7868763202212,4905.166400016393,2
2011-01-21,4067.3795236961714,846.4901970549247,4913.869720751096,2
2011-01-24,4067.3795236961714,893.5804141404082,4960.959937836579,2
2011-01-25,4067.3795236961714,899.4563870803197,4966.835910776491,2
2011-01-26,4101.411331265345,892.2772926892621,4993.6886239546075,2
2011-01-27,4101.411331265345,910.233686187446,5011.645017452791,2
2011-01-28,4101.411331265345,783.2445515472564,4884.655882812602,2
2011-01-31,4101.411331265345,840.5828754364677,4941.994206701813,2
2011-02-01,4145.257724161171,883.4994400759155,5028.757164237086,2
2011-02-02,4145.257724161171,880.8709729460638,5026.128697107235,2
2011-02-03,4145.257724161171,900.6054592019254,5045.863183363096,2
2011-02-04,4168.704111701275,896.942544768363,5065.646656469638,2
2011-02-07,4168.704111701275,921.6404161646379,5090.344527865913,2
2011-02-08,4202.422176787458,905.0309108409142,5107.453087628372,2
2011-02-09,4202.422176787458,897.3052462783714,5099.7274230658295,2
2011-02-10,4202.422176787458,899.9629784643237,5102.385155251782,2
2011-02-11,4233.368115309788,892.3396036683905,5125.7077189781785,2
2011-02-14,4233.368115309788,906.3541613157081,5139.722276625496,2
2011-02-15,4233.368115309788,891.8809825889987,5125.249097898786,2
2011-02-16,4233.368115309788,912.897188030206,5146.265303339994,2
2011-02-17,4233.368115309788,927.2718266250893,5160.639941934877,2
2011-02-18,4258.4933020889985,909.8554067605664,5168.348708849565,2
2011-02-22,4258.4933020889985,781.3601413936615,5039.85344348266,2
2011-02-23,4258.4933020889985,739.2176309870656,4997.710933076064,2
2011-02-24,4258.4933020889985,745.4727774278509,5003.966079516849,2
2011-02-25,4258.4933020889985,828.7682344913392,5087.261536580338,2
2011-02-28,4258.4933020889985,878.726562100667,5137.219864189666,2
2011-03-01,4258.4933020889985,770.886474910201,5029.3797769992,2
2011-03-02,4258.4933020889985,788.7735225408799,5047.266824629878,2
2011-03-03,4258.4933020889985,902.1379052265651,5160.631207315563,2
2011-03-04,4258.4933020889985,870.6097497442536,5129.103051833252,2
2011-03-07,4258.4933020889985,828.1988107419324,5086.692112830931,2
2011-03-08,4258.4933020889985,890.7580633295261,5149.251365418524,2
2011-03-09,4258.4933020889985,888.0157005745807,5146.509002663579,2
2011-03-10,4258.4933020889985,763.7682663893969,5022.261568478395,2
2011-03-11,4258.4933020889985,841.3306991286823,5099.824001217681,2
2011-03-14,4258.4933020889985,824.8640753963571,5083.357377485356,2
2011-03-15,4258.4933020889985,716.3121288410105,4974.805430930009,2
2011-03-16,4258.4933020889985,486.46395438813244,4744.957256477131,2
2011-03-17,4258.4933020889985,680.2858960595545,4938.779198148553,2
2011-03-18,4805.5222416405495,313.31473202505185,5118.836973665601,1
2011-03-21,4805.5222416405495,429.47356700143763,5234.995808641987,1
2011-03-22,4805.5222416405495,426.068956606477,5231.591198247026,1
2011-03-23,4805.5222416405495,459.4808068527596,5265.0030484933095,1
2011-03-24,4869.560951546471,430.2838149680573,5299.844766514529,1
2011-03-25,4431.530525295326,875.1613955529583,5306.691920848284,2
2011-03-28,4431.530525295326,854.5288912287135,5286.059416524039,2
2011-03-29,4431.530525295326,899.2590954778517,5330.789620773177,2
2011-03-30,4431.530525295326,927.5044604947279,5359.034985790054,2
2011-03-31,4431.530525295326,925.2636678077665,5356.794193103093,2
2011-04-01,4935.643232369029,436.6366091004792,5372.279841469508,1
2011-04-04,4497.749454114149,877.760196682069,5375.509650796218,2
2011-04-05,4497.749454114149,883.5096651347093,5381.259119248858,2
2011-04-06,4497.749454114149,899.0807579469566,5396.830212061105,2
2011-04-07,4497.749454114149,894.1113902082263,5391.860844322375,2
2011-04-08,4497.749454114149,872.1865122061985,5369.935966320347,2
2011-04-11,4497.749454114149,888.7498018097028,5386.499255923852,2
2011-04-12,4497.749454114149,850.264930468752,5348.014384582901,2
2011-04-13,4497.749454114149,857.6428238281923,5355.392277942341,2
2011-04-14,4497.749454114149,871.3140581793441,5369.063512293493,2
2011-04-15,4497.749454114149,906.544649370413,5404.294103484562,2
2011-04-18,4497.749454114149,842.0063042920895,5339.755758406238,2
2011-04-19,4497.749454114149,893.6634794835522,5391.412933597701,2
2011-04-20,5017.085310742478,434.2683752358479,5451.353685978326,1
2011-04-21,4567.491150249938,897.5030630890785,5464.994213339017,2
2011-04-25,4567.491150249938,887.1207842270203,5454.611934476959,2
2011-04-26,4567.491150249938,924.3248401541143,5491.815990404052,2
2011-04-27,4599.888118195098,912.0719952413078,5511.960113436406,2
2011-04-28,4643.8434624957035,888.3497138703467,5532.1931763660505,2
2011-04-29,4643.8434624957035,898.2369283195509,5542.080390815255,2
2011-05-02,4643.8434624957035,882.1885849015956,5526.032047397299,2
2011-05-03,4643.8434624957035,860.7830497209113,5504.626512216615,2
2011-05-04,4643.8434624957035,825.3978223806749,5469.241284876379,2
2011-05-05,4643.8434624957035,762.7652663518717,5406.608728847576,2
2011-05-06,4643.8434624957035,786.0640338217224,5429.907496317426,2
2011-05-09,4643.8434624957035,839.6394712731587,5483.4829337688625,2
2011-05-10,4643.8434624957035,899.9903407705743,5543.833803266278,2
2011-05-11,4643.8434624957035,833.9422266977069,5477.785689193411,2
2011-05-12,4643.8434624957035,878.0452088189397,5521.888671314643,2
2011-05-13,4643.8434624957035,822.5947301460342,5466.438192641737,2
2011-05-16,4643.8434624957035,781.7942307276641,5425.637693223368,2
2011-05-17,4643.8434624957035,793.4643237131331,5437.307786208837,2
2011-05-18,4643.8434624957035,876.3993676326897,5520.2428301283935,2
2011-05-19,4643.8434624957035,904.3580585769089,5548.201521072612,2
2011-05-20,4643.8434624957035,839.4475566701083,5483.291019165812,2
2011-05-23,4643.8434624957035,754.1679518254956,5398.0114143211995,2
2011-05-24,4643.8434624957035,759.9372419905093,5403.780704486213,2
2011-05-25,4643.8434624957035,811.5186291484251,5455.362091644129,2
2011-05-26,4643.8434624957035,871.8159228277241,5515.659385323428,2
2011-05-27,4670.943434831124,887.1181198169335,5558.061554648058,2
2011-05-31,4726.8043827102665,908.4589264261601,5635.263309136427,2
2011-06-01,4726.8043827102665,769.9320678428716,5496.736450553138,2
2011-06-02,4726.8043827102665,768.6669094272925,5495.471292137559,2
2011-06-03,4726.8043827102665,714.8723435485622,5441.676726258829,2
2011-06-06,4726.8043827102665,643.5036871217139,5370.308069831981,2
2011-06-07,4726.8043827102665,641.627638836599,5368.432021546865,2
2011-06-08,4726.8043827102665,606.9913669218963,5333.795749632163,2
2011-06-09,4726.8043827102665,672.0247640982064,5398.829146808473,2
2011-06-10,4726.8043827102665,556.4934870690333,5283.2978697793,2
2011-06-13,4726.8043827102665,561.3204499046475,5288.124832614914,2
2011-06-14,4726.8043827102665,675.0831952133233,5401.88757792359,2
2011-06-15,4726.8043827102665,516.7516470586804,5243.556029768947,2
2011-06-16,4726.8043827102665,528.5149310958114,5255.319313806078,2
2011-06-17,4726.8043827102665,555.9909751813283,5282.795357891595,2
2011-06-20,4726.8043827102665,618.5291082826366,5345.3334909929035,2
2011-06-21,4726.8043827102665,753.6392144537924,5480.443597164059,2
2011-06-22,4726.8043827102665,705.2057509416962,5432.010133651963,2
2011-06-23,4726.8043827102665,677.5939160077389,5404.398298718005,2
2011-06-24,4726.8043827102665,546.916455263235,5273.720837973501,2
2011-06-27,4726.8043827102665,675.0566671443041,5401.86104985457,2
2011-06-28,4726.8043827102665,834.7611573536578,5561.565540063924,2
2011-06-29,5222.3044178882565,423.9634781767593,5646.2678960650155,1
2011-06-30,5250.932384316486,441.0354654936447,5691.96784981013,1
2011-07-01,4806.931892168247,911.4928534528156,5718.424745621062,2
2011-07-05,4837.115379589281,883.3035368799893,5720.41891646927,2
2011-07-06,4837.115379589281,886.2952458752701,5723.41062546455,2
2011-07-07,4837.115379589281,929.1758606348741,5766.2912402241545,2
2011-07-08,4837.115379589281,910.2940272457536,5747.409406835034,2
2011-07-11,4837.115379589281,807.0567095771727,5644.172089166454,2
2011-07-12,4837.115379589281,768.3190942456924,5605.434473834973,2
2011-07-13,4837.115379589281,788.8366306050671,5625.952010194347,2
2011-07-14,4837.115379589281,744.689085814889,5581.80446540417,2
2011-07-15,4837.115379589281,795.1590372777977,5632.274416867078,2
2011-07-18,4837.115379589281,743.7360891740968,5580.851468763378,2
2011-07-19,4837.115379589281,861.5848709917225,5698.700250581003,2
2011-07-20,4837.115379589281,865.453544317759,5702.56892390704,2
2011-07-21,4872.898657618078,902.6210797327637,5775.519737350842,2
2011-07-22,4900.9915180490225,878.705949558718,5779.697467607741,2
2011-07-25,4900.9915180490225,842.0702538324387,5743.061771881461,2
2011-07-26,4900.9915180490225,816.8592571240536,5717.850775173076,2
2011-07-27,4900.9915180490225,689.6852854179574,5590.67680346698,2
2011-07-28,4900.9915180490225,668.8687725226696,5569.8602905716925,2
2011-07-29,4900.9915180490225,626.3115273564547,5527.303045405477,2
2011-08-01,4900.9915180490225,617.1999846670307,5518.191502716053,2
2011-08-02,4900.9915180490225,453.58154033466747,5354.57305838369,2
2011-08-03,4900.9915180490225,484.32578790546756,5385.31730595449,2
2011-08-04,4900.9915180490225,249.79404926785946,5150.7855673168815,2
2011-08-05,4900.9915180490225,244.39235629422882,5145.383874343252,2
2011-08-08,4900.9915180490225,119.41152224820968,5020.403040297232,2
2011-08-09,4900.9915180490225,156.5898600574826,5057.581378106505,2
2011-08-10,4900.9915180490225,85.94756017680112,4986.939078225823,2
2011-08-11,4900.9915180490225,165.01394104061404,5066.005459089636,2
2011-08-12,4900.9915180490225,158.53065898866703,5059.522177037689,2
2011-08-15,4900.9915180490225,187.94694720168934,5088.9384652507115,2
2011-08-16,4900.9915180490225,139.2610561444144,5040.252574193437,2
2011-08-17,4900.9915180490225,121.99247023770283,5022.983988286725,2
2011-08-18,4900.9915180490225,47.61819808231422,4948.609716131336,2
2011-08-19,4900.9915180490225,21.617706914814505,4922.609224963837,2
2011-08-22,4900.9915180490225,3.5886722702741736,4904.580190319297,2
2011-08-23,4900.9915180490225,4.868311396356262,4905.859829445379,2
2011-08-24,4900.9915180490225,3.6192914378418095,4904.610809486864,2
2011-08-25,4962.724667155829,0.10310140512217458,4962.827768560951,1
2011-08-26,5022.319296574008,0,5022.319296574008,0
2011-08-29,5022.319296574008,0,5022.319296574008,0
2011-08-30,5022.319296574008,0,5022.319296574008,0
2011-08-31,5022.319296574008,0,5022.319296574008,0
2011-09-01,5022.319296574008,0,5022.319296574008,0
2011-09-02,5022.319296574008,0,5022.319296574008,0
2011-09-06,5022.319296574008,0,5022.319296574008,0
2011-09-07,5022.319296574008,0,5022.319296574008,0
2011-09-08,5022.319296574008,0,5022.319296574008,0
2011-09-09,5022.319296574008,0,5022.319296574008,0
2011-09-12,5022.319296574008,0,5022.319296574008,0
2011-09-13,5022.319296574008,0,5022.319296574008,0
2011-09-14,5022.319296574008,0,5022.319296574008,0
2011-09-15,5022.319296574008,0,5022.319296574008,0
2011-09-16,5022.319296574008,0,5022.319296574008,0
2011-09-19,5022.319296574008,0,5022.319296574008,0
2011-09-20,5022.319296574008,0,5022.319296574008,0
2011-09-21,5022.319296574008,0,5022.319296574008,0
2011-09-22,5022.319296574008,0,5022.319296574008,0
2011-09-23,5022.319296574008,0,5022.319296574008,0
2011-09-26,5022.319296574008,0,5022.319296574008,0
2011-09-27,5022.319296574008,0,5022.319296574008,0
2011-09-28,5022.319296574008,0,5022.319296574008,0
2011-09-29,5022.319296574008,0,5022.319296574008,0
2011-09-30,5022.319296574008,0,5022.319296574008,0
2011-10-03,5022.319296574008,0,5022.319296574008,0
2011-10-04,5022.319296574008,0,5022.319296574008,0
2011-10-05,5022.319296574008,0,5022.319296574008,0
2011-10-06,5022.319296574008,0,5022.319296574008,0
2011-10-07,5022.319296574008,0,5022.319296574008,0
2011-10-10,5022.319296574008,0,5022.319296574008,0
2011-10-11,5022.319296574008,0,5022.319296574008,0
2011-10-12,5022.319296574008,0,5022.319296574008,0
2011-10-13,5022.319296574008,0,5022.319296574008,0
2011-10-14,5022.319296574008,0,5022.319296574008,0
2011-10-17,5022.319296574008,0,5022.319296574008,0
2011-10-18,5022.319296574008,0,5022.319296574008,0
2011-10-19,5022.319296574008,0,5022.319296574008,0
2011-10-20,5022.319296574008,0,5022.319296574008,0
2011-10-21,5022.319296574008,0,5022.319296574008,0
2011-10-24,5022.319296574008,0,5022.319296574008,0
2011-10-25,5022.319296574008,0,5022.319296574008,0
2011-10-26,5022.319296574008,0,5022.319296574008,0
2011-10-27,5022.319296574008,0,5022.319296574008,0
2011-10-28,5022.319296574008,0,5022.319296574008,0
2011-10-31,5022.319296574008,0,5022.319296574008,0
2011-11-01,5022.319296574008,0,5022.319296574008,0
2011-11-02,5022.319296574008,0,5022.319296574008,0
2011-11-03,5022.319296574008,0,5022.319296574008,0
2011-11-04,5022.319296574008,0,5022.319296574008,0
2011-11-07,5022.319296574008,0,5022.319296574008,0
2011-11-08,5022.319296574008,0,5022.319296574008,0
2011-11-09,5022.319296574008,0,5022.319296574008,0
2011-11-10,5022.319296574008,0,5022.319296574008,0
2011-11-11,5022.319296574008,0,5022.319296574008,0
2011-11-14,5022.319296574008,0,5022.319296574008,0
2011-11-15,5022.319296574008,0,5022.319296574008,0
2011-11-16,5022.319296574008,0,5022.319296574008,0
2011-11-17,5022.319296574008,0,5022.319296574008,0
2011-11-18,5022.319296574008,0,5022.319296574008,0
2011-11-21,5022.319296574008,0,5022.319296574008,0
2011-11-22,5022.319296574008,0,5022.319296574008,0
2011-11-23,5022.319296574008,0,5022.319296574008,0
2011-11-25,5022.319296574008,0,5022.319296574008,0
2011-11-28,5022.319296574008,0,5022.319296574008,0
2011-11-29,5022.319296574008,0,5022.319296574008,0
2011-11-30,5022.319296574008,0,5022.319296574008,0
2011-12-01,5022.319296574008,0,5022.319296574008,0
2011-12-02,5022.319296574008,0,5022.319296574008,0
2011-12-05,5022.319296574008,0,5022.319296574008,0
2011-12-06,5022.319296574008,0,5022.319296574008,0
2011-12-07,5022.319296574008,0,5022.319296574008,0
2011-12-08,5022.319296574008,0,5022.319296574008,0
2011-12-09,5022.319296574008,0,5022.319296574008,0
2011-12-12,5022.319296574008,0,5022.319296574008,0
2011-12-13,5022.319296574008,0,5022.319296574008,0
2011-12-14,5022.319296574008,0,5022.319296574008,0
2011-12-15,5022.319296574008,0,5022.319296574008,0
2011-12-16,5022.319296574008,0,5022.319296574008,0
2011-12-19,5022.319296574008,0,5022.319296574008,0
2011-12-20,5022.319296574008,0,5022.319296574008,0
2011-12-21,5022.319296574008,0,5022.319296574008,0
2011-12-22,5022.319296574008,0,5022.319296574008,0
2011-12-23,5022.319296574008,0,5022.319296574008,0
2011-12-27,5022.319296574008,0,5022.319296574008,0
2011-12-28,5022.319296574008,0,5022.319296574008,0
2011-12-29,5022.319296574008,0,5022.319296574008,0
2011-12-30,5022.319296574008,0,5022.319296574008,0
2012-01-03,5022.319296574008,0,5022.319296574008,0
2012-01-04,5022.319296574008,0,5022.319296574008,0
2012-01-05,5022.319296574008,0,5022.319296574008,0
2012-01-06,5022.319296574008,0,5022.319296574008,0
2012-01-09,5022.319296574008,0,5022.319296574008,0
2012-01-10,5022.319296574008,0,5022.319296574008,0
2012-01-11,5022.319296574008,0,5022.319296574008,0
2012-01-12,5022.319296574008,0,5022.319296574008,0
2012-01-13,5022.319296574008,0,5022.319296574008,0
2012-01-17,5022.319296574008,0,5022.319296574008,0
2012-01-18,5022.319296574008,0,5022.319296574008,0
2012-01-19,5022.319296574008,0,5022.319296574008,0
2012-01-20,5022.319296574008,0,5022.319296574008,0
2012-01-23,5022.319296574008,0,5022.319296574008,0
2012-01-24,5022.319296574008,0,5022.319296574008,0
2012-01-25,5022.319296574008,0,5022.319296574008,0
2012-01-26,5022.319296574008,0,5022.319296574008,0
2012-01-27,5022.319296574008,0,5022.319296574008,0
2012-01-30,5022.319296574008,0,5022.319296574008,0
2012-01-31,5022.319296574008,0,5022.319296574008,0
2012-02-01,5022.319296574008,0,5022.319296574008,0
2012-02-02,5022.319296574008,0,5022.319296574008,0
2012-02-03,5022.319296574008,0,5022.319296574008,0
2012-02-06,5022.319296574008,0,5022.319296574008,0
2012-02-07,5022.319296574008,0,5022.319296574008,0
2012-02-08,5022.319296574008,0,5022.319296574008,0
2012-02-09,5022.319296574008,0,5022.319296574008,0
2012-02-10,5022.319296574008,0,5022.319296574008,0
2012-02-13,5022.319296574008,0,5022.319296574008,0
2012-02-14,5022.319296574008,0,5022.319296574008,0
2012-02-15,5022.319296574008,0,5022.319296574008,0
2012-02-16,5022.319296574008,0,5022.319296574008,0
2012-02-17,5022.319296574008,0,5022.319296574008,0
2012-02-21,5022.319296574008,0,5022.319296574008,0
2012-02-22,5022.319296574008,0,5022.319296574008,0
2012-02-23,5022.319296574008,0,5022.319296574008,0
2012-02-24,5022.319296574008,0,5022.319296574008,0
2012-02-27,5022.319296574008,0,5022.319296574008,0
2012-02-28,5022.319296574008,0,5022.319296574008,0
2012-02-29,5022.319296574008,0,5022.319296574008,0
2012-03-01,5022.319296574008,0,5022.319296574008,0
2012-03-02,5022.319296574008,0,5022.319296574008,0
2012-03-05,5022.319296574008,0,5022.319296574008,0
2012-03-06,5022.319296574008,0,5022.319296574008,0
2012-03-07,5022.319296574008,0,5022.319296574008,0
2012-03-08,5022.319296574008,0,5022.319296574008,0
2012-03-09,5022.319296574008,0,5022.319296574008,0
2012-03-12,5022.319296574008,0,5022.319296574008,0
2012-03-13,5022.319296574008,0,5022.319296574008,0
2012-03-14,5022.319296574008,0,5022.319296574008,0
2012-03-15,5022.319296574008,0,5022.319296574008,0
2012-03-16,5022.319296574008,0,5022.319296574008,0
2012-03-19,5022.319296574008,0,5022.319296574008,0
2012-03-20,5022.319296574008,0,5022.319296574008,0
2012-03-21,5022.319296574008,0,5022.319296574008,0
2012-03-22,5022.319296574008,0,5022.319296574008,0
2012-03-23,5022.319296574008,0,5022.319296574008,0
2012-03-26,5022.319296574008,0,5022.319296574008,0
2012-03-27,5022.319296574008,0,5022.319296574008,0
2012-03-28,5022.319296574008,0,5022.319296574008,0
2012-03-29,5022.319296574008,0,5022.319296574008,0
2012-03-30,5022.319296574008,0,5022.319296574008,0
2012-04-02,5022.319296574008,0,5022.319296574008,0
2012-04-03,5022.319296574008,0,5022.319296574008,0
2012-04-04,5022.319296574008,0,5022.319296574008,0
2012-04-05,5022.319296574008,0,5022.319296574008,0
2012-04-09,5022.319296574008,0,5022.319296574008,0
2012-04-10,5022.319296574008,0,5022.319296574008,0
2012-04-11,5022.319296574008,0,5022.319296574008,0
2012-04-12,4580.407741730214,440.95706573957625,5021.36480746979,1
2012-04-13,4580.407741730214,400.85409708828337,4981.261838818497,1
2012-04-16,4580.407741730214,404.4140712836345,4984.821813013848,1
2012-04-17,4142.173139399179,881.4204477114863,5023.593587110665,2
2012-04-18,4142.173139399179,867.4293629272657,5009.602502326445,2
2012-04-19,4142.173139399179,850.3280747838876,4992.501214183067,2
2012-04-20,4142.173139399179,871.0357074790561,5013.208846878235,2
2012-04-23,4142.173139399179,823.6504479627754,4965.823587361954,2
2012-04-24,4142.173139399179,856.5749147738824,4998.748054173061,2
2012-04-25,4142.173139399179,928.5506278864156,5070.7237672855945,2
2012-04-26,4658.232321736163,435.6608684159419,5093.893190152105,1
2012-04-27,4217.076533148803,881.1904195822669,5098.26695273107,2
2012-04-30,4217.076533148803,862.8788462437168,5079.95537939252,2
2012-05-01,4217.076533148803,896.0764901411804,5113.153023289983,2
2012-05-02,4217.076533148803,886.1114147593307,5103.1879479081335,2
2012-05-03,4217.076533148803,847.20706240177,5064.2835955505725,2
2012-05-04,4217.076533148803,742.3814244382204,4959.457957587023,2
2012-05-07,4217.076533148803,757.3728213700651,4974.449354518868,2
2012-05-08,4217.076533148803,732.2480860587827,4949.324619207586,2
2012-05-09,4217.076533148803,679.4712953929494,4896.547828541752,2
2012-05-10,4217.076533148803,712.60108589282,4929.677619041623,2
2012-05-11,4217.076533148803,681.1258981435849,4898.202431292388,2
2012-05-14,4217.076533148803,590.2346815714332,4807.3112147202355,2
2012-05-15,4217.076533148803,544.6144493239352,4761.690982472738,2
2012-05-16,4217.076533148803,507.40834527782965,4724.484878426632,2
2012-05-17,4217.076533148803,385.78759954976573,4602.864132698569,2
2012-05-18,4217.076533148803,328.14728336576735,4545.22381651457,2
2012-05-21,4217.076533148803,437.72675501844344,4654.803288167246,2
2012-05-22,4217.076533148803,440.1512385395634,4657.227771688366,2
2012-05-23,4217.076533148803,454.733470055033,4671.810003203836,2
2012-05-24,4217.076533148803,466.9040417421648,4683.980574890968,2
2012-05-25,4217.076533148803,436.48854960512506,4653.5650827539275,2
2012-05-29,4217.076533148803,610.1528681643982,4827.229401313201,2
2012-05-30,4217.076533148803,323.62134826170677,4540.69788141051,2
2012-05-31,4383.7667655661735,130.48515323872465,4514.251918804898,1
2012-06-01,4442.610976978814,0,4442.610976978814,0
2012-06-04,4442.610976978814,0,4442.610976978814,0
2012-06-05,4442.610976978814,0,4442.610976978814,0
2012-06-06,4442.610976978814,0,4442.610976978814,0
2012-06-07,4442.610976978814,0,4442.610976978814,0
2012-06-08,4442.610976978814,0,4442.610976978814,0
2012-06-11,4442.610976978814,0,4442.610976978814,0
2012-06-12,4442.610976978814,0,4442.610976978814,0
2012-06-13,4442.610976978814,0,4442.610976978814,0
2012-06-14,4442.610976978814,0,4442.610976978814,0
2012-06-15,4442.610976978814,0,4442.610976978814,0
2012-06-18,4442.610976978814,0,4442.610976978814,0
2012-06-19,4442.610976978814,0,4442.610976978814,0
2012-06-20,4442.610976978814,0,4442.610976978814,0
2012-06-21,4442.610976978814,0,4442.610976978814,0
2012-06-22,4442.610976978814,0,4442.610976978814,0
2012-06-25,4442.610976978814,0,4442.610976978814,0
2012-06-26,4442.610976978814,0,4442.610976978814,0
2012-06-27,4442.610976978814,0,4442.610976978814,0
2012-06-28,4442.610976978814,0,4442.610976978814,0
2012-06-29,4442.610976978814,0,4442.610976978814,0
2012-07-02,4442.610976978814,0,4442.610976978814,0
2012-07-03,4442.610976978814,0,4442.610976978814,0
2012-07-05,4442.610976978814,0,4442.610976978814,0
2012-07-06,4442.610976978814,0,4442.610976978814,0
2012-07-09,4442.610976978814,0,4442.610976978814,0
2012-07-10,4442.610976978814,0,4442.610976978814,0
2012-07-11,4442.610976978814,0,4442.610976978814,0
2012-07-12,4442.610976978814,0,4442.610976978814,0
2012-07-13,4442.610976978814,0,4442.610976978814,0
2012-07-16,4442.610976978814,0,4442.610976978814,0
2012-07-17,4442.610976978814,0,4442.610976978814,0
2012-07-18,4442.610976978814,0,4442.610976978814,0
2012-07-19,4442.610976978814,0,4442.610976978814,0
2012-07-20,4442.610976978814,0,4442.610976978814,0
2012-07-23,4442.610976978814,0,4442.610976978814,0
2012-07-24,4442.610976978814,0,4442.610976978814,0
2012-07-25,4442.610976978814,0,4442.610976978814,0
2012-07-26,4442.610976978814,0,4442.610976978814,0
2012-07-27,4442.610976978814,0,4442.610976978814,0
2012-07-30,4442.610976978814,0,4442.610976978814,0
2012-07-31,4442.610976978814,0,4442.610976978814,0
2012-08-01,4442.610976978814,0,4442.610976978814,0
2012-08-02,4442.610976978814,0,4442.610976978814,0
2012-08-03,4442.610976978814,0,4442.610976978814,0
2012-08-06,4442.610976978814,0,4442.610976978814,0
2012-08-07,4442.610976978814,0,4442.610976978814,0
2012-08-08,4442.610976978814,0,4442.610976978814,0
2012-08-09,4442.610976978814,0,4442.610976978814,0
2012-08-10,4442.610976978814,0,4442.610976978814,0
2012-08-13,4442.610976978814,0,4442.610976978814,0
2012-08-14,4442.610976978814,0,4442.610976978814,0
2012-08-15,4442.610976978814,0,4442.610976978814,0
2012-08-16,4442.610976978814,0,4442.610976978814,0
2012-08-17,4442.610976978814,0,4442.610976978814,0
2012-08-20,4442.610976978814,0,4442.610976978814,0
2012-08-21,4442.610976978814,0,4442.610976978814,0
2012-08-22,4442.610976978814,0,4442.610976978814,0
2012-08-23,4442.610976978814,0,4442.610976978814,0
2012-08-24,4442.610976978814,0,4442.610976978814,0
2012-08-27,4442.610976978814,0,4442.610976978814,0
2012-08-28,4442.610976978814,0,4442.610976978814,0
2012-08-29,4442.610976978814,0,4442.610976978814,0
2012-08-30,4442.610976978814,0,4442.610976978814,0
2012-08-31,4442.610976978814,0,4442.610976978814,0
2012-09-04,4442.610976978814,0,4442.610976978814,0
2012-09-05,4442.610976978814,0,4442.610976978814,0
2012-09-06,4442.610976978814,0,4442.610976978814,0
2012-09-07,4442.610976978814,0,4442.610976978814,0
2012-09-10,4442.610976978814,0,4442.610976978814,0
2012-09-11,4442.610976978814,0,4442.610976978814,0
2012-09-12,4442.610976978814,0,4442.610976978814,0
2012-09-13,4442.610976978814,0,4442.610976978814,0
2012-09-14,4442.610976978814,0,4442.610976978814,0
2012-09-17,4442.610976978814,0,4442.610976978814,0
2012-09-18,4442.610976978814,0,4442.610976978814,0
2012-09-19,4442.610976978814,0,4442.610976978814,0
2012-09-20,4442.610976978814,0,4442.610976978814,0
2012-09-21,4442.610976978814,0,4442.610976978814,0
2012-09-24,4442.610976978814,0,4442.610976978814,0
2012-09-25,4442.610976978814,0,4442.610976978814,0
2012-09-26,4442.610976978814,0,4442.610976978814,0
2012-09-27,4442.610976978814,0,4442.610976978814,0
2012-09-28,4442.610976978814,0,4442.610976978814,0
2012-10-01,4442.610976978814,0,4442.610976978814,0
2012-10-02,4442.610976978814,0,4442.610976978814,0
2012-10-03,4442.610976978814,0,4442.610976978814,0
2012-10-04,4442.610976978814,0,4442.610976978814,0
2012-10-05,4442.610976978814,0,4442.610976978814,0
2012-10-08,4442.610976978814,0,4442.610976978814,0
2012-10-09,4442.610976978814,0,4442.610976978814,0
2012-10-10,4442.610976978814,0,4442.610976978814,0
2012-10-11,4442.610976978814,0,4442.610976978814,0
2012-10-12,4442.610976978814,0,4442.610976978814,0
2012-10-15,4442.610976978814,0,4442.610976978814,0
2012-10-16,4442.610976978814,0,4442.610976978814,0
2012-10-17,4442.610976978814,0,4442.610976978814,0
2012-10-18,4442.610976978814,0,4442.610976978814,0
2012-10-19,4442.610976978814,0,4442.610976978814,0
2012-10-22,4442.610976978814,0,4442.610976978814,0
2012-10-23,4442.610976978814,0,4442.610976978814,0
2012-10-24,4442.610976978814,0,4442.610976978814,0
2012-10-25,4442.610976978814,0,4442.610976978814,0
2012-10-26,4442.610976978814,0,4442.610976978814,0
2012-10-31,4442.610976978814,0,4442.610976978814,0
2012-11-01,4442.610976978814,0,4442.610976978814,0
2012-11-02,4442.610976978814,0,4442.610976978814,0
2012-11-05,4442.610976978814,0,4442.610976978814,0
2012-11-06,4442.610976978814,0,4442.610976978814,0
2012-11-07,4442.610976978814,0,4442.610976978814,0
2012-11-08,4442.610976978814,0,4442.610976978814,0
2012-11-09,4442.610976978814,0,4442.610976978814,0
2012-11-12,4442.610976978814,0,4442.610976978814,0
2012-11-13,4442.610976978814,0,4442.610976978814,0
2012-11-14,4442.610976978814,0,4442.610976978814,0
2012-11-15,4442.610976978814,0,4442.610976978814,0
2012-11-16,4442.610976978814,0,4442.610976978814,0
2012-11-19,4442.610976978814,0,4442.610976978814,0
2012-11-20,4442.610976978814,0,4442.610976978814,0
2012-11-21,4442.610976978814,0,4442.610976978814,0
2012-11-23,4442.610976978814,0,4442.610976978814,0
2012-11-26,4442.610976978814,0,4442.610976978814,0
2012-11-27,4442.610976978814,0,4442.610976978814,0
2012-11-28,4442.610976978814,0,4442.610976978814,0
2012-11-29,4442.610976978814,0,4442.610976978814,0
2012-11-30,4442.610976978814,0,4442.610976978814,0
2012-12-03,4442.610976978814,0,4442.610976978814,0
2012-12-04,4442.610976978814,0,4442.610976978814,0
2012-12-05,4442.610976978814,0,4442.610976978814,0
2012-12-06,4442.610976978814,0,4442.610976978814,0
2012-12-07,4442.610976978814,0,4442.610976978814,0
2012-12-10,4442.610976978814,0,4442.610976978814,0
2012-12-11,4442.610976978814,0,4442.610976978814,0
2012-12-12,4442.610976978814,0,4442.610976978814,0
2012-12-13,4442.610976978814,0,4442.610976978814,0
2012-12-14,4442.610976978814,0,4442.610976978814,0
2012-12-17,4442.610976978814,0,4442.610976978814,0
2012-12-18,4442.610976978814,0,4442.610976978814,0
2012-12-19,4442.610976978814,0,4442.610976978814,0
2012-12-20,4442.610976978814,0,4442.610976978814,0
2012-12-21,4442.610976978814,0,4442.610976978814,0
2012-12-24,4442.610976978814,0,4442.610976978814,0
2012-12-26,4442.610976978814,0,4442.610976978814,0
2012-12-27,4442.610976978814,0,4442.610976978814,0
2012-12-28,4442.610976978814,0,4442.610976978814,0
2012-12-31,4442.610976978814,0,4442.610976978814,0
2013-01-02,4442.610976978814,0,4442.610976978814,0
2013-01-03,4442.610976978814,0,4442.610976978814,0
2013-01-04,4442.610976978814,0,4442.610976978814,0
2013-01-07,4442.610976978814,0,4442.610976978814,0
2013-01-08,4442.610976978814,0,4442.610976978814,0
2013-01-09,4442.610976978814,0,4442.610976978814,0
2013-01-10,4442.610976978814,0,4442.610976978814,0
2013-01-11,4442.610976978814,0,4442.610976978814,0
2013-01-14,4442.610976978814,0,4442.610976978814,0
2013-01-15,4442.610976978814,0,4442.610976978814,0
2013-01-16,4442.610976978814,0,4442.610976978814,0
2013-01-17,4442.610976978814,0,4442.610976978814,0
2013-01-18,4442.610976978814,0,4442.610976978814,0
2013-01-22,4442.610976978814,0,4442.610976978814,0
2013-01-23,4442.610976978814,0,4442.610976978814,0
2013-01-24,4442.610976978814,0,4442.610976978814,0
2013-01-25,3997.9051556595036,443.7199469971259,4441.62510265663,1
2013-01-28,3563.6828815715676,870.9793345478827,4434.66221611945,2
2013-01-29,3563.6828815715676,901.6003564611915,4465.283238032759,2
2013-01-30,3563.6828815715676,870.23323081047,4433.916112382038,2
2013-01-31,3563.6828815715676,861.0907103144441,4424.773591886012,2
2013-02-01,3563.6828815715676,930.0550652221627,4493.73794679373,2
2013-02-04,3563.6828815715676,860.0347942767462,4423.717675848314,2
2013-02-05,3563.6828815715676,925.8838599251992,4489.566741496767,2
2013-02-06,3563.6828815715676,935.4161605868521,4499.099042158419,2
2013-02-07,3563.6828815715676,931.0514057508922,4494.73428732246,2
2013-02-08,4068.6100663992797,449.2561789512523,4517.866245350532,1
2013-02-11,3618.9808724126,901.2900243895751,4520.270896802175,2
2013-02-12,3618.9808724126,915.4837751929426,4534.464647605542,2
2013-02-13,3618.9808724126,915.0990887290418,4534.079961141642,2
2013-02-14,3618.9808724126,925.4556438825474,4544.436516295147,2
2013-02-15,3618.9808724126,927.3491450044892,4546.330017417089,2
2013-02-19,4133.501464344411,443.6969740591964,4577.198438403608,1
2013-02-20,3689.888452239116,830.4164399917659,4520.304892230882,2
2013-02-21,3689.888452239116,788.9615461859648,4478.849998425081,2
2013-02-22,3689.888452239116,856.5129831602877,4546.401435399403,2
2013-02-25,3689.888452239116,692.8318983864251,4382.720350625541,2
2013-02-26,3689.888452239116,757.6089984497012,4447.4974506888175,2
2013-02-27,3689.888452239116,864.5978605026337,4554.486312741749,2
2013-02-28,3689.888452239116,852.1017200490969,4541.990172288213,2
2013-03-01,3689.888452239116,869.7389961029064,4559.627448342022,2
2013-03-04,3729.9933399973934,877.447986918165,4607.441326915558,2
2013-03-05,3729.9933399973934,930.0498552825695,4660.043195279963,2
2013-03-06,3766.9038899625034,896.8701721951047,4663.774062157609,2
2013-03-07,3794.4184261633727,884.3835839847447,4678.802010148118,2
2013-03-08,3794.4184261633727,914.4274147884464,4708.845840951819,2
2013-03-11,4298.870132164806,440.992957714837,4739.863089879643,1
2013-03-12,3852.872015724479,873.9104622977243,4726.782478022204,2
2013-03-13,3852.872015724479,891.4693358267466,4744.341351551226,2
2013-03-14,3852.872015724479,928.2413132093026,4781.113328933781,2
2013-03-15,3852.872015724479,924.2204315566921,4777.092447281171,2
2013-03-18,3852.872015724479,870.918264320442,4723.790280044921,2
2013-03-19,3852.872015724479,843.3452321509533,4696.217247875432,2
2013-03-20,3852.872015724479,910.443015355168,4763.315031079646,2
2013-03-21,3852.872015724479,847.3680778084247,4700.240093532903,2
2013-03-22,3852.872015724479,897.5905829303348,4750.4625986548135,2
2013-03-25,3852.872015724479,889.8738476981671,4742.745863422646,2
2013-03-26,3885.205120200374,908.472347473607,4793.677467673981,2
2013-03-27,3885.205120200374,903.1999649129741,4788.405085113348,2
2013-03-28,3924.806013318352,887.7070092532847,4812.513022571637,2
2013-04-01,3924.806013318352,861.2037393415571,4786.009752659909,2
2013-04-02,3924.806013318352,903.7877620958174,4828.59377541417,2
2013-04-03,3924.806013318352,825.0625695997841,4749.868582918136,2
2013-04-04,3924.806013318352,858.2036837135901,4783.009697031942,2
2013-04-05,3924.806013318352,835.2279907132365,4760.034004031589,2
2013-04-08,3924.806013318352,895.6645590632706,4820.470572381622,2
2013-04-09,3924.806013318352,921.9405003154884,4846.746513633841,2
2013-04-10,4457.100649612608,433.97546375721384,4891.076113369822,1
2013-04-11,4011.2910132363218,889.7107931072081,4901.00180634353,2
2013-04-12,4011.2910132363218,881.3620504701719,4892.653063706493,2
2013-04-15,4011.2910132363218,656.8137252001662,4668.104738436488,2
2013-04-16,4011.2910132363218,804.3555607373348,4815.646573973657,2
2013-04-17,4011.2910132363218,666.0026115725084,4677.29362480883,2
2013-04-18,4011.2910132363218,606.5160920941246,4617.807105330447,2
2013-04-19,4011.2910132363218,704.3669597202343,4715.6579729565565,2
2013-04-22,4011.2910132363218,759.9955025871111,4771.286515823433,2
2013-04-23,4011.2910132363218,856.0432338080291,4867.334247044351,2
2013-04-24,4011.2910132363218,858.2746245479944,4869.565637784316,2
2013-04-25,4011.2910132363218,887.2945625152463,4898.585575751568,2
2013-04-26,4011.2910132363218,881.4079433996328,4892.698956635954,2
2013-04-29,4044.8945596123613,896.2331859381809,4941.127745550542,2
2013-04-30,4076.847749105765,879.6950882069698,4956.542837312735,2
2013-05-01,4076.847749105765,816.2615711848766,4893.109320290641,2
2013-05-02,4076.847749105765,884.2379095283209,4961.085658634086,2
2013-05-03,4105.806779237409,908.0072600353412,5013.81403927275,2
2013-05-06,4134.522159713897,894.5955503741983,5029.117710088095,2
2013-05-07,4134.522159713897,916.6115609741388,5051.133720688036,2
2013-05-08,4165.6718163216565,903.116832012641,5068.788648334297,2
2013-05-09,4165.6718163216565,881.1666099541378,5046.8384262757945,2
2013-05-10,4165.6718163216565,912.0125595363274,5077.6843758579835,2
2013-05-13,4198.26148589317,885.9442030274624,5084.205688920632,2
2013-05-14,4198.26148589317,927.9704344634795,5126.231920356649,2
2013-05-15,4697.662032533985,443.23169955402255,5140.893732088008,1
2013-05-16,4252.29965951271,873.4320217035095,5125.731681216219,2
2013-05-17,4252.29965951271,929.9486583263667,5182.248317839077,2
2013-05-20,4252.29965951271,926.5493807081025,5178.849040220812,2
2013-05-21,4252.29965951271,930.243544034513,5182.543203547222,2
2013-05-22,4252.29965951271,893.0804028517025,5145.380062364412,2
2013-05-23,4252.29965951271,878.239343321838,5130.539002834547,2
2013-05-24,4252.29965951271,880.3070923250934,5132.606751837803,2
2013-05-28,4252.29965951271,917.4554075078019,5169.755067020512,2
2013-05-29,4252.29965951271,883.5899678706717,5135.889627383382,2
2013-05-30,4252.29965951271,910.5144325855508,5162.8140920982605,2
2013-05-31,4252.29965951271,804.7160746223735,5057.015734135083,2
2013-06-03,4252.29965951271,861.3926022908711,5113.692261803581,2
2013-06-04,4252.29965951271,830.9365913325706,5083.236250845281,2
2013-06-05,4252.29965951271,703.6576798678545,4955.957339380564,2
2013-06-06,4252.29965951271,797.2134527319872,5049.5131122446965,2
2013-06-07,4252.29965951271,914.5382536134503,5166.83791312616,2
2013-06-10,4252.29965951271,932.72341448018,5185.02307399289,2
2013-06-11,4252.29965951271,856.1567287468472,5108.456388259557,2
2013-06-12,4252.29965951271,770.0992386615427,5022.398898174252,2
2013-06-13,4252.29965951271,932.5027122826683,5184.802371795378,2
2013-06-14,4252.29965951271,900.1626379442998,5152.462297457009,2
2013-06-17,4809.527965353178,427.20692649691773,5236.734891850096,1
2013-06-18,4377.16726368456,876.9541028351298,5254.121366519689,2
2013-06-19,4377.16726368456,816.3382823170492,5193.505546001609,2
2013-06-20,4377.16726368456,628.8523573032699,5006.0196209878295,2
2013-06-21,4377.16726368456,659.5770688503094,5036.744332534869,2
2013-06-24,4377.16726368456,573.5952606639053,4950.762524348465,2
2013-06-25,4377.16726368456,651.8200809588841,5028.987344643444,2
2013-06-26,4377.16726368456,734.7936678410867,5111.960931525647,2
2013-06-27,4377.16726368456,783.9713260913295,5161.138589775889,2
2013-06-28,4377.16726368456,758.9550239622376,5136.122287646797,2
2013-07-01,4377.16726368456,814.5390818259659,5191.706345510525,2
2013-07-02,4377.16726368456,814.7044693373905,5191.87173302195,2
2013-07-03,4377.16726368456,828.5998966084117,5205.767160292971,2
2013-07-05,4408.956212504348,881.0078056862604,5289.964018190608,2
2013-07-08,4445.4911839988445,878.7995906362045,5324.290774635049,2
2013-07-09,4472.5955969710885,886.3065308411539,5358.902127812243,2
2013-07-10,4472.5955969710885,892.1039895003553,5364.699586471444,2
2013-07-11,4505.848026733717,907.8157758400282,5413.663802573746,2
2013-07-12,4541.919999693037,885.2286077290756,5427.148607422113,2
2013-07-15,4541.919999693037,900.5176164815592,5442.437616174597,2
2013-07-16,4541.919999693037,876.8838755327547,5418.803875225793,2
2013-07-17,4541.919999693037,902.7470466639694,5444.667046357007,2
2013-07-18,4541.919999693037,925.5322910882971,5467.452290781334,2
2013-07-19,5054.660779382967,433.081949519144,5487.742728902111,1
2013-07-22,4613.0522693611265,885.5955052794916,5498.647774640618,2
2013-07-23,4613.0522693611265,871.9418847677744,5484.994154128901,2
2013-07-24,4613.0522693611265,843.6164388992627,5456.668708260389,2
2013-07-25,4613.0522693611265,865.3640506536931,5478.41632001482,2
2013-07-26,4613.0522693611265,877.6104501378661,5490.662719498992,2
2013-07-29,4613.0522693611265,854.2919695904304,5467.344238951557,2
2013-07-30,4613.0522693611265,860.3128754214875,5473.365144782614,2
2013-07-31,4613.0522693611265,862.3335363465964,5475.385805707723,2
2013-08-01,4645.038370884378,901.3154310842411,5546.353801968619,2
2013-08-02,4685.235747044862,883.4801689104565,5568.715915955319,2
2013-08-05,4685.235747044862,886.5585494217344,5571.794296466596,2
2013-08-06,4685.235747044862,839.2263095186911,5524.462056563553,2
2013-08-07,4685.235747044862,811.8121143506316,5497.047861395494,2
2013-08-08,4685.235747044862,845.772544810589,5531.008291855452,2
2013-08-09,4685.235747044862,812.7434905766802,5497.979237621543,2
2013-08-12,4685.235747044862,825.6091825115568,5510.844929556419,2
2013-08-13,4685.235747044862,858.4691140246475,5543.70486106951,2
2013-08-14,4685.235747044862,810.6547043994418,5495.890451444304,2
2013-08-15,4685.235747044862,658.487408416731,5343.723155461594,2
2013-08-16,4685.235747044862,629.9315693464479,5315.16731639131,2
2013-08-19,4685.235747044862,563.1536826054819,5248.389429650344,2
2013-08-20,4685.235747044862,609.4261555206341,5294.661902565496,2
2013-08-21,4685.235747044862,537.7898189384546,5223.0255659833165,2
2013-08-22,4685.235747044862,648.5701192619189,5333.805866306781,2
2013-08-23,4685.235747044862,708.6575089223942,5393.893255967257,2
2013-08-26,4685.235747044862,661.3240502936333,5346.559797338496,2
2013-08-27,4685.235747044862,432.62738696492704,5117.863134009789,2
2013-08-28,4685.235747044862,467.4935905432925,5152.7293375881545,2
2013-08-29,4685.235747044862,495.00393283232427,5180.239679877187,2
2013-08-30,4685.235747044862,441.94943954327573,5127.185186588138,2
2013-09-03,4685.235747044862,507.39927233820373,5192.635019383066,2
2013-09-04,4685.235747044862,721.5593161395034,5406.795063184366,2
2013-09-05,5199.046430491934,343.1060396095164,5542.1524701014505,1
2013-09-06,5616.034212888674,0,5616.034212888674,0
2013-09-09,5177.808328733287,437.3279905646381,5615.136319297925,1
2013-09-10,4741.6567267951805,895.1002192560981,5636.756946051279,2
2013-09-11,4777.3281239124335,881.4803834927775,5658.808507405211,2
2013-09-12,4777.3281239124335,860.3110442949708,5637.6391682074045,2
2013-09-13,4777.3281239124335,878.4954174676252,5655.8235413800585,2
2013-09-16,4777.3281239124335,908.5434398865161,5685.87156379895,2
2013-09-17,4808.706356482154,890.7552915192205,5699.461648001374,2
2013-09-18,4845.288694565036,908.324837493304,5753.61353205834,2
2013-09-19,4869.016234105216,884.1595240301716,5753.175758135388,2
2013-09-20,4869.016234105216,849.9594304136624,5718.975664518879,2
2013-09-23,4869.016234105216,809.3292312754315,5678.3454653806475,2
2013-09-24,4869.016234105216,799.0087789992981,5668.025013104514,2
2013-09-25,4869.016234105216,783.882369352164,5652.898603457381,2
2013-09-26,4869.016234105216,810.8970384759516,5679.913272581168,2
2013-09-27,4869.016234105216,763.6012626322358,5632.617496737452,2
2013-09-30,4869.016234105216,712.5167303634794,5581.532964468695,2
2013-10-01,4869.016234105216,791.2789656217168,5660.295199726933,2
2013-10-02,4869.016234105216,775.6032185006227,5644.619452605839,2
2013-10-03,4869.016234105216,696.7375733170431,5565.753807422259,2
2013-10-04,4869.016234105216,767.9483322314262,5636.964566336643,2
2013-10-07,4869.016234105216,682.5863222078215,5551.602556313038,2
2013-10-08,4869.016234105216,569.4485696473648,5438.464803752581,2
2013-10-09,4869.016234105216,579.6282313689851,5448.644465474202,2
2013-10-10,4869.016234105216,817.0264544271738,5686.0426885323905,2
2013-10-11,4869.016234105216,881.5733121669334,5750.58954627215,2
2013-10-14,4869.016234105216,926.641988156,5795.658222261216,2
2013-10-15,4869.016234105216,861.8962136458995,5730.912447751116,2
2013-10-16,5416.694627113349,427.08618411251894,5843.780811225868,1
2013-10-17,4976.075608661335,892.6879148222179,5868.7635234835525,2
2013-10-18,4998.4727336565265,902.1755159632467,5900.648249619773,2
2013-10-21,4998.4727336565265,908.7989795340643,5907.271713190591,2
2013-10-22,5025.294378944269,900.6892106445645,5925.983589588834,2
2013-10-23,5025.294378944269,880.5727569742634,5905.867135918532,2
2013-10-24,5025.294378944269,902.1828044228362,5927.477183367105,2
2013-10-25,5025.294378944269,924.3259364114508,5949.62031535572,2
2013-10-28,5060.74761942127,896.5197677679071,5957.2673871891775,2
2013-10-29,5060.74761942127,920.2069244389003,5980.954543860171,2
2013-10-30,5060.74761942127,899.9474960667785,5960.695115488049,2
2013-10-31,5060.74761942127,883.8649624079872,5944.612581829258,2
2013-11-01,5060.74761942127,908.010147476593,5968.757766897864,2
2013-11-04,5102.649677272893,892.5335109649259,5995.183188237819,2
2013-11-05,5102.649677272893,875.9236457484325,5978.573323021325,2
2013-11-06,5102.649677272893,909.3347771506761,6011.984454423569,2
2013-11-07,5102.649677272893,818.6790402603334,5921.328717533227,2
2013-11-08,5102.649677272893,912.0831398152569,6014.73281708815,2
2013-11-11,5133.63923772727,897.0276567461918,6030.666894473461,2
2013-11-12,5133.63923772727,883.19143137825,6016.8306691055195,2
2013-11-13,5156.15524061301,901.6917216403608,6057.846962253371,2
2013-11-14,5156.15524061301,926.166099453791,6082.321340066801,2
2013-11-15,5192.392076793048,906.698920285457,6099.090997078505,2
2013-11-18,5192.392076793048,882.1589636746002,6074.551040467648,2
2013-11-19,5192.392076793048,869.7633102648931,6062.155387057941,2
2013-11-20,5192.392076793048,852.4770565778645,6044.869133370912,2
2013-11-21,5192.392076793048,909.9607454779161,6102.352822270964,2
2013-11-22,5237.335008902031,891.1622635330632,6128.497272435095,2
2013-11-25,5237.335008902031,884.5660152611283,6121.9010241631595,2
2013-11-26,5237.335008902031,888.3311962346656,6125.666205136697,2
2013-11-27,5237.335008902031,901.2054635084505,6138.540472410482,2
2013-11-29,5237.335008902031,893.0505956104325,6130.385604512464,2
2013-12-02,5237.335008902031,883.138312337376,6120.473321239408,2
2013-12-03,5237.335008902031,864.5830091673765,6101.9180180694075,2
2013-12-04,5237.335008902031,859.273921936541,6096.608930838573,2
2013-12-05,5237.335008902031,829.647417706097,6066.982426608129,2
2013-12-06,5275.68111896952,879.486900414397,6155.1680193839165,2
2013-12-09,5275.68111896952,904.8989061581779,6180.580025127698,2
2013-12-10,5275.68111896952,886.352608531923,6162.033727501443,2
2013-12-11,5275.68111896952,793.8016239277613,6069.482742897281,2
2013-12-12,5275.68111896952,767.3870763033158,6043.0681952728355,2
2013-12-13,5275.68111896952,768.1682310946233,6043.849350064143,2
2013-12-16,5275.68111896952,830.1483456398266,6105.829464609346,2
2013-12-17,5275.68111896952,811.1179824447815,6086.799101414302,2
2013-12-18,5329.831747183762,889.3719283246369,6219.203675508399,2
2013-12-19,5329.831747183762,884.5037669754261,6214.335514159187,2
2013-12-20,5362.062998224911,879.7565323121046,6241.819530537015,2
2013-12-23,5362.062998224911,922.8861444662534,6284.9491426911645,2
2013-12-24,5859.383858949715,442.3244256681111,6301.708284617826,1
2013-12-26,5416.430226386292,898.4278617610735,6314.858088147365,2
2013-12-27,5416.430226386292,897.2704693675073,6313.7006957538,2
2013-12-30,5416.430226386292,886.3548859560813,6302.785112342373,2
2013-12-31,5416.430226386292,904.8538698008272,6321.284096187119,2
2014-01-02,5416.430226386292,859.6576251305885,6276.087851516881,2
2014-01-03,5416.430226386292,869.3655878548096,6285.795814241102,2
2014-01-06,5416.430226386292,870.2926221896296,6286.7228485759215,2
2014-01-07,5416.430226386292,917.0149517143218,6333.445178100614,2
2014-01-08,5416.430226386292,920.8299056121537,6337.260131998446,2
2014-01-09,5454.600063268089,885.3868289901516,6339.986892258241,2
2014-01-10,5454.600063268089,913.011591782883,6367.611655050972,2
2014-01-13,5454.600063268089,829.7797330042587,6284.379796272347,2
2014-01-14,5486.5873490291415,882.0831323365534,6368.670481365695,2
2014-01-15,5486.5873490291415,909.7939073005002,6396.3812563296415,2
2014-01-16,5486.5873490291415,902.2895002382345,6388.876849267376,2
2014-01-17,5486.5873490291415,887.7004453949361,6374.287794424077,2
2014-01-21,5486.5873490291415,907.6188189001656,6394.206167929307,2
2014-01-22,5486.5873490291415,914.3931367410801,6400.980485770222,2
2014-01-23,5486.5873490291415,853.8688081973535,6340.456157226495,2
2014-01-24,5486.5873490291415,638.2783668746988,6124.86571590384,2
2014-01-27,5486.5873490291415,606.6064568513816,6093.193805880523,2
2014-01-28,5486.5873490291415,682.217183507365,6168.8045325365065,2
2014-01-29,5486.5873490291415,569.3592653168132,6055.946614345955,2
2014-01-30,5486.5873490291415,683.4285414200231,6170.0158904491645,2
2014-01-31,5486.5873490291415,614.5028882023702,6101.090237231511,2
2014-02-03,5486.5873490291415,379.09728059190684,5865.684629621048,2
2014-02-04,5486.5873490291415,446.24339644758635,5932.830745476728,2
2014-02-05,5486.5873490291415,421.1570302376131,5907.744379266755,2
2014-02-06,5486.5873490291415,578.1524975672874,6064.739846596429,2
2014-02-07,5486.5873490291415,780.8508504923386,6267.43819952148,2
2014-02-10,5486.5873490291415,845.6936273659235,6332.2809763950645,2
2014-02-11,5544.787497562203,896.7436701275469,6441.531167689749,2
2014-02-12,5576.1289080976185,872.1527360527375,6448.281644150356,2
2014-02-13,5576.1289080976185,902.5431580200175,6478.672066117636,2
2014-02-14,5576.1289080976185,931.0108249476668,6507.1397330452855,2
2014-02-18,6074.247007940791,439.6837916034315,6513.930799544223,1
2014-02-19,5648.489313273821,835.5727118707132,6484.062025144534,2
2014-02-20,5648.489313273821,878.5605875583067,6527.049900832128,2
2014-02-21,5648.489313273821,874.6460367817319,6523.135350055552,2
2014-02-24,5676.413196335662,885.8284075888754,6562.241603924537,2
2014-02-25,5676.413196335662,891.8981596529511,6568.311355988613,2
2014-02-26,5676.413196335662,884.1669769937655,6560.580173329427,2
2014-02-27,5676.413196335662,913.0410684923943,6589.454264828057,2
2014-02-28,5710.826485239749,889.6664411216826,6600.492926361431,2
2014-03-03,5710.826485239749,831.1917528894057,6542.018238129154,2
2014-03-04,5753.836650918248,883.5622374637462,6637.398888381994,2
2014-03-05,5753.836650918248,889.6040979124034,6643.4407488306515,2
2014-03-06,5753.836650918248,894.939300985684,6648.775951903932,2
2014-03-07,5753.836650918248,901.7577795728132,6655.594430491061,2
2014-03-10,5789.990990489376,869.1276792216113,6659.118669710987,2
2014-03-11,5789.990990489376,835.2921696058065,6625.283160095182,2
2014-03-12,5789.990990489376,845.7635216891015,6635.754512178477,2
2014-03-13,5789.990990489376,747.7451665025012,6537.736156991877,2
2014-03-14,5789.990990489376,711.398015388935,6501.389005878311,2
2014-03-17,5789.990990489376,815.2610424587795,6605.252032948155,2
2014-03-18,5789.990990489376,879.3371507367049,6669.32814122608,2
2014-03-19,5789.990990489376,838.5334929324939,6628.524483421869,2
2014-03-20,5789.990990489376,887.394727506751,6677.385717996127,2
2014-03-21,5789.990990489376,868.5087050937561,6658.499695583132,2
2014-03-24,5789.990990489376,852.8375354560467,6642.828525945422,2
2014-03-25,5789.990990489376,902.0175628916859,6692.008553381062,2
2014-03-26,5789.990990489376,849.3356456774775,6639.326636166853,2
2014-03-27,5789.990990489376,846.6899100122616,6636.680900501638,2
2014-03-28,5789.990990489376,889.711766397344,6679.70275688672,2
2014-03-31,6316.174299441698,426.0709878846051,6742.245287326303,1
2014-04-01,5878.402852896125,887.7326636681944,6766.13551656432,2
2014-04-02,5878.402852896125,903.2335592634731,6781.636412159598,2
2014-04-03,5878.402852896125,896.502658543269,6774.905511439394,2
2014-04-04,5878.402852896125,822.3711065340387,6700.773959430164,2
2014-04-07,5878.402852896125,732.1891584937202,6610.5920113898455,2
2014-04-08,5878.402852896125,772.3525903608711,6650.755443256996,2
2014-04-09,5878.402852896125,864.2599724987035,6742.662825394829,2
2014-04-10,5878.402852896125,685.0556055383038,6563.458458434429,2
2014-04-11,5878.402852896125,596.092720449355,6474.495573345481,2
2014-04-14,5878.402852896125,681.7007713532888,6560.103624249414,2
2014-04-15,5878.402852896125,749.7329855428904,6628.135838439016,2
2014-04-16,5878.402852896125,856.0445369976327,6734.447389893758,2
2014-04-17,5878.402852896125,883.5635979489357,6761.9664508450605,2
2014-04-21,5918.530434053753,885.6723397091271,6804.2027737628805,2
2014-04-22,5957.517827974761,869.3839522227657,6826.901780197526,2
2014-04-23,5957.517827974761,859.1218541914736,6816.639682166235,2
2014-04-24,5957.517827974761,870.153061909074,6827.670889883835,2
2014-04-25,5957.517827974761,813.4452955064347,6770.963123481195,2
2014-04-28,5957.517827974761,844.2617545378014,6801.779582512562,2
2014-04-29,5957.517827974761,878.5537832715839,6836.071611246344,2
2014-04-30,5957.517827974761,901.6687217192408,6859.186549694002,2
2014-05-01,5957.517827974761,907.0882385542038,6864.606066528964,2
2014-05-02,5957.517827974761,909.9252291307479,6867.443057105508,2
2014-05-05,5988.2511722693735,889.8717510255519,6878.122923294925,2
2014-05-06,5988.2511722693735,833.2463681008549,6821.497540370228,2
2014-05-07,5988.2511722693735,877.4676198438095,6865.718792113183,2
2014-05-08,5988.2511722693735,873.1950513756941,6861.446223645067,2
2014-05-09,5988.2511722693735,894.1689346619818,6882.420106931355,2
2014-05-12,6041.557419651493,898.3903380828981,6939.9477577343905,2
2014-05-13,6075.5746547141825,868.1872310738299,6943.7618857880125,2
2014-05-14,6075.5746547141825,841.9135346569284,6917.488189371111,2
2014-05-15,6075.5746547141825,759.1106780461455,6834.685332760328,2
2014-05-16,6075.5746547141825,803.1895446699224,6878.764199384105,2
2014-05-19,6075.5746547141825,840.0736176669174,6915.6482723811,2
2014-05-20,6075.5746547141825,784.8802653971557,6860.454920111339,2
2014-05-21,6075.5746547141825,867.2093746594849,6942.784029373667,2
2014-05-22,6075.5746547141825,883.2476169496015,6958.822271663784,2
2014-05-23,6075.5746547141825,921.9041611875106,6997.478815901693,2
2014-05-27,6583.232337922559,445.22215703195565,7028.454494954514,1
2014-05-28,6141.446722947749,882.5809050214243,7024.027627969173,2
2014-05-29,6141.446722947749,913.3691769699769,7054.815899917726,2
2014-05-30,6141.446722947749,926.6357881163017,7068.082511064051,2
2014-06-02,6141.446722947749,934.261825062029,7075.708548009778,2
2014-06-03,6141.446722947749,930.9135750771811,7072.36029802493,2
2014-06-04,6141.446722947749,937.5905954751925,7079.037318422941,2
2014-06-05,6662.187950860129,439.95844693536804,7102.146397795496,1
2014-06-06,6213.530516899564,909.2696377617497,7122.800154661313,2
2014-06-09,6213.530516899564,913.3976064776605,7126.928123377224,2
2014-06-10,6213.530516899564,917.9155411960518,7131.446058095616,2
2014-06-11,6213.530516899564,891.480622050507,7105.011138950071,2
2014-06-12,6213.530516899564,831.8975016278469,7045.428018527411,2
2014-06-13,6213.530516899564,863.3326771997533,7076.863194099317,2
2014-06-16,6213.530516899564,870.812655220488,7084.343172120051,2
2014-06-17,6213.530516899564,898.2303721115434,7111.760889011107,2
2014-06-18,6723.422913706885,444.94119894356226,7168.364112650447,1
2014-06-19,6288.809265171315,882.4215673808134,7171.230832552128,2
2014-06-20,6288.809265171315,890.0422443437994,7178.851509515114,2
2014-06-23,6288.809265171315,894.9360480436142,7183.745313214929,2
2014-06-24,6288.809265171315,834.2987130680151,7123.10797823933,2
2014-06-25,6288.809265171315,879.9406431929112,7168.749908364226,2
2014-06-26,6288.809265171315,875.2461084754698,7164.055373646785,2
2014-06-27,6288.809265171315,897.1897849386677,7185.999050109983,2
2014-06-30,6288.809265171315,899.9604880488484,7188.769753220164,2
2014-07-01,6330.47925057595,898.1986525007308,7228.67790307668,2
2014-07-02,6361.007846397891,877.7392254858987,7238.747071883789,2
2014-07-03,6361.007846397891,919.5111613692981,7280.519007767189,2
2014-07-07,6361.007846397891,890.3040487044532,7251.311895102344,2
2014-07-08,6361.007846397891,834.8225880987397,7195.830434496631,2
2014-07-09,6361.007846397891,875.9501253057601,7236.95797170365,2
2014-07-10,6361.007846397891,833.4132420199755,7194.4210884178665,2
2014-07-11,6361.007846397891,857.1794762758474,7218.187322673738,2
2014-07-14,6361.007846397891,904.1022031060215,7265.110049503912,2
2014-07-15,6361.007846397891,894.4260551770176,7255.433901574908,2
2014-07-16,6382.2531030807395,914.0362070142457,7296.289310094985,2
2014-07-17,6382.2531030807395,777.3213927286665,7159.574495809406,2
2014-07-18,6382.2531030807395,892.642212916715,7274.895315997454,2
2014-07-21,6382.2531030807395,878.0294200659174,7260.282523146657,2
2014-07-22,6416.191930556184,881.9647085446531,7298.156639100837,2
2014-07-23,6416.191930556184,907.2741690466204,7323.466099602804,2
2014-07-24,6416.191930556184,906.682663055552,7322.874593611736,2
2014-07-25,6416.191930556184,868.3779897433863,7284.56992029957,2
2014-07-28,6416.191930556184,882.9839905263043,7299.1759210824885,2
2014-07-29,6416.191930556184,845.6731785064508,7261.865109062635,2
2014-07-30,6416.191930556184,849.2516004261984,7265.443530982382,2
2014-07-31,6416.191930556184,640.3701645772692,7056.562095133453,2
2014-08-01,6416.191930556184,616.2877718343865,7032.47970239057,2
2014-08-04,6416.191930556184,711.121134871484,7127.313065427668,2
2014-08-05,6416.191930556184,599.7185708244473,7015.910501380631,2
2014-08-06,6416.191930556184,605.0055942525041,7021.197524808688,2
2014-08-07,6416.191930556184,543.4093167966324,6959.601247352816,2
2014-08-08,6416.191930556184,680.9069554935405,7097.098886049725,2
2014-08-11,6416.191930556184,749.5220934078704,7165.714023964055,2
2014-08-12,6416.191930556184,738.3219502216948,7154.5138807778785,2
2014-08-13,6416.191930556184,845.9806562313394,7262.172586787524,2
2014-08-14,6416.191930556184,904.3753663762105,7320.567296932395,2
2014-08-15,6416.191930556184,904.0770115367832,7320.268942092967,2
2014-08-18,6958.984242519067,433.88383489487586,7392.868077413943,1
2014-08-19,6523.643882144179,883.1727628763049,7406.8166450204835,2
2014-08-20,6523.643882144179,905.8285548849071,7429.472437029086,2
2014-08-21,6523.643882144179,921.5244655760155,7445.168347720194,2
2014-08-22,6523.643882144179,920.8816347159654,7444.525516860144,2
2014-08-25,6564.412714479477,899.5068548273152,7463.919569306792,2
2014-08-26,6595.7087685489505,874.6485998419397,7470.35736839089,2
2014-08-27,6595.7087685489505,874.6612544396596,7470.37002298861,2
2014-08-28,6595.7087685489505,862.3240161678527,7458.032784716803,2
2014-08-29,6595.7087685489505,883.3502329064992,7479.05900145545,2
2014-09-02,6595.7087685489505,890.1283537309355,7485.837122279886,2
2014-09-03,6595.7087685489505,887.2912191831915,7482.9999877321425,2
2014-09-04,6595.7087685489505,876.9809681768884,7472.689736725839,2
2014-09-05,6595.7087685489505,917.2963028743197,7513.00507142327,2
2014-09-08,6595.7087685489505,903.8729020537138,7499.581670602664,2
2014-09-09,6595.7087685489505,853.2313139127084,7448.940082461659,2
2014-09-10,6595.7087685489505,892.6461968679516,7488.354965416902,2
2014-09-11,6595.7087685489505,904.132589533468,7499.841358082418,2
2014-09-12,6595.7087685489505,861.8415152812591,7457.55028383021,2
2014-09-15,6595.7087685489505,861.8068224653393,7457.515591014289,2
2014-09-16,6624.121322146278,905.4535171131724,7529.5748392594505,2
2014-09-17,6666.250449266555,872.7510129228917,7539.001462189446,2
2014-09-18,6666.250449266555,910.1807194443998,7576.431168710955,2
2014-09-19,6666.250449266555,909.357418512561,7575.607867779116,2
2014-09-22,6666.250449266555,848.7946315061399,7515.045080772695,2
2014-09-23,6666.250449266555,794.7913715193351,7461.04182078589,2
2014-09-24,6666.250449266555,874.5165915981786,7540.767040864734,2
2014-09-25,6666.250449266555,729.4630653098332,7395.713514576388,2
2014-09-26,6666.250449266555,806.9479651602808,7473.198414426835,2
2014-09-29,6666.250449266555,783.8323410804417,7450.082790346996,2
2014-09-30,6666.250449266555,762.6793338734949,7428.92978314005,2
2014-10-01,6666.250449266555,648.781964687479,7315.0324139540335,2
2014-10-02,6666.250449266555,656.5118267813418,7322.762276047897,2
2014-10-03,6666.250449266555,783.987575541058,7450.238024807613,2
2014-10-06,6666.250449266555,772.891208888931,7439.141658155486,2
2014-10-07,6666.250449266555,602.7889221920773,7269.039371458632,2
2014-10-08,6666.250449266555,810.1227300141519,7476.373179280707,2
2014-10-09,6666.250449266555,559.6700131095602,7225.920462376115,2
2014-10-10,6666.250449266555,434.2013980760939,7100.451847342649,2
2014-10-13,6666.250449266555,271.5842405488786,6937.834689815433,2
2014-10-14,6666.250449266555,258.7757164275672,6925.026165694122,2
2014-10-15,6666.250449266555,192.65643834299482,6858.90688760955,2
2014-10-16,6666.250449266555,173.79578078691935,6840.046230053475,2
2014-10-17,6666.250449266555,252.61556951398205,6918.866018780537,2
2014-10-20,6666.250449266555,287.4592487605277,6953.709698027083,2
2014-10-21,7227.411302379883,383.969592520898,7611.380894900781,1
2014-10-22,7568.614731267669,0,7568.614731267669,0
2014-10-23,7568.614731267669,0,7568.614731267669,0
2014-10-24,7568.614731267669,0,7568.614731267669,0
2014-10-27,7568.614731267669,0,7568.614731267669,0
2014-10-28,7134.362345896055,432.56891929085714,7566.931265186911,1
2014-10-29,6710.003781062408,847.2674562828115,7557.27123734522,2
2014-10-30,6710.003781062408,889.1229617629465,7599.126742825354,2
2014-10-31,7221.481096568555,424.61662379398496,7646.09772036254,1
2014-11-03,6788.467667933477,854.182589395396,7642.650257328873,2
2014-11-04,6788.467667933477,839.7737554692242,7628.241423402701,2
2014-11-05,6788.467667933477,883.4335595271887,7671.901227460666,2
2014-11-06,6788.467667933477,910.9115692712494,7699.379237204726,2
2014-11-07,6788.467667933477,923.8277985374784,7712.295466470956,2
2014-11-10,7298.324304779509,436.08348234467354,7734.4077871241825,1
2014-11-11,6861.2468577459495,872.5436717120135,7733.790529457963,2
2014-11-12,6861.2468577459495,869.8891799434249,7731.1360376893745,2
2014-11-13,6861.2468577459495,861.8972791594887,7723.144136905438,2
2014-11-14,6861.2468577459495,874.6642258672337,7735.911083613183,2
2014-11-17,6861.2468577459495,876.5526569096083,7737.799514655558,2
2014-11-18,6861.2468577459495,906.3206083992118,7767.567466145161,2
2014-11-19,6861.2468577459495,901.622238114617,7762.869095860567,2
2014-11-20,6861.2468577459495,919.5468656375208,7780.79372338347,2
2014-11-21,7382.47470525353,426.01274763950306,7808.487452893033,1
2014-11-24,6945.182002400702,877.166490044907,7822.348492445609,2
2014-11-25,6945.182002400702,880.912672467252,7826.094674867954,2
2014-11-26,6945.182002400702,901.3690074223377,7846.55100982304,2
2014-11-28,6945.182002400702,871.832361324324,7817.014363725026,2
2014-12-01,6945.182002400702,826.800836497333,7771.982838898035,2
2014-12-02,6945.182002400702,891.8161068154973,7836.9981092162,2
2014-12-03,6945.182002400702,919.9064652167744,7865.088467617476,2
2014-12-04,6976.888525214791,885.5828398609418,7862.471365075733,2
2014-12-05,6976.888525214791,905.8288449824164,7882.717370197208,2
2014-12-08,6976.888525214791,834.9723873333401,7811.860912548131,2
2014-12-09,6976.888525214791,819.1948090989503,7796.083334313741,2
2014-12-10,6976.888525214791,664.7524172381324,7641.640942452924,2
2014-12-11,6976.888525214791,686.8440827253557,7663.732607940146,2
2014-12-12,6976.888525214791,561.7670594774686,7538.65558469226,2
2014-12-15,6976.888525214791,513.1617935692816,7490.050318784073,2
2014-12-16,6976.888525214791,443.0507229388013,7419.939248153592,2
2014-12-17,6976.888525214791,623.9054118024541,7600.793937017245,2
2014-12-18,6976.888525214791,850.5207564360305,7827.409281650822,2
2014-12-19,7012.8371258897105,849.5055887289752,7862.342714618686,2
2014-12-22,7012.8371258897105,899.6954713383502,7912.532597228061,2
2014-12-23,7012.8371258897105,918.1241230179623,7930.961248907673,2
2014-12-24,7051.088685486837,886.7061288004883,7937.794814287325,2
2014-12-26,7088.666478629181,864.1738607429998,7952.840339372181,2
2014-12-29,7088.666478629181,868.5055098651167,7957.171988494298,2
2014-12-30,7088.666478629181,833.2957942135348,7921.962272842716,2
2014-12-31,7088.666478629181,732.2579536292765,7820.924432258458,2
2015-01-02,7088.666478629181,753.3146745013269,7841.981153130508,2
2015-01-05,7088.666478629181,611.2833599099431,7699.949838539124,2
2015-01-06,7088.666478629181,540.5017624174718,7629.168241046653,2
2015-01-07,7088.666478629181,639.4473246407294,7728.113803269911,2
2015-01-08,7088.666478629181,800.6874633944534,7889.353942023635,2
2015-01-09,7088.666478629181,736.653845983433,7825.320324612614,2
2015-01-12,7088.666478629181,661.3768742877589,7750.04335291694,2
2015-01-13,7088.666478629181,635.515601194735,7724.182079823916,2
2015-01-14,7088.666478629181,582.0918010229001,7670.758279652081,2
2015-01-15,7088.666478629181,497.45170793009095,7586.1181865592725,2
2015-01-16,7088.666478629181,627.7441834315064,7716.410662060687,2
2015-01-20,7088.666478629181,673.820836096779,7762.4873147259605,2
2015-01-21,7088.666478629181,746.7589254368978,7835.425404066079,2
2015-01-22,7132.416757674301,878.2170441839846,8010.633801858286,2
2015-01-23,7132.416757674301,849.3412973411882,7981.758055015489,2
2015-01-26,7187.8574690229425,850.0368276146612,8037.8942966376035,2
2015-01-27,7187.8574690229425,752.7351877142999,7940.592656737243,2
2015-01-28,7187.8574690229425,637.1479178142656,7825.005386837208,2
2015-01-29,7187.8574690229425,714.2227060621351,7902.080175085078,2
2015-01-30,7187.8574690229425,613.889688114891,7801.747157137834,2
2015-02-02,7187.8574690229425,717.2902917786153,7905.1477608015575,2
2015-02-03,7187.8574690229425,834.1736430775472,8022.03111210049,2
2015-02-04,7187.8574690229425,801.2458847853779,7989.10335380832,2
2015-02-05,7187.8574690229425,880.4959783142926,8068.353447337235,2
2015-02-06,7187.8574690229425,862.3916042694722,8050.249073292414,2
2015-02-09,7187.8574690229425,838.223811688622,8026.081280711564,2
2015-02-10,7225.054327145422,873.1901287140195,8098.244455859442,2
2015-02-11,7225.054327145422,880.8212472910318,8105.8755744364535,2
2015-02-12,7281.492372067032,880.8593779994887,8162.351750066521,2
2015-02-13,7322.001429597846,866.006601140208,8188.008030738054,2
2015-02-17,7322.001429597846,868.3672751814111,8190.368704779257,2
2015-02-18,7322.001429597846,875.6869129857854,8197.688342583631,2
2015-02-19,7322.001429597846,876.725685776187,8198.727115374033,2
2015-02-20,7352.634953160092,887.9645380333923,8240.599491193483,2
2015-02-23,7352.634953160092,892.3075825147719,8244.942535674863,2
2015-02-24,7388.478993012846,881.7956949557158,8270.274687968562,2
2015-02-25,7388.478993012846,878.602285924564,8267.08127893741,2
2015-02-26,7388.478993012846,873.2753360236813,8261.754329036528,2
2015-02-27,7388.478993012846,870.9806620798424,8259.459655092689,2
2015-03-02,7424.416382822297,876.4642159791397,8300.880598801437,2
2015-03-03,7424.416382822297,839.9000290349718,8264.31641185727,2
2015-03-04,7424.416382822297,809.45169580475,8233.868078627047,2
2015-03-05,7424.416382822297,823.6788713147916,8248.09525413709,2
2015-03-06,7424.416382822297,704.7559614708313,8129.172344293129,2
2015-03-09,7424.416382822297,746.9771243119343,8171.393507134231,2
2015-03-10,7424.416382822297,585.1029893473176,8009.519372169615,2
2015-03-11,7424.416382822297,567.5241576126516,7991.940540434949,2
2015-03-12,7424.416382822297,696.919713815958,8121.336096638255,2
2015-03-13,7424.416382822297,636.6700064927016,8061.086389314999,2
2015-03-16,7424.416382822297,775.8941139079802,8200.310496730277,2
2015-03-17,7424.416382822297,751.4352455201572,8175.851628342454,2
2015-03-18,7424.416382822297,879.6905528241775,8304.106935646474,2
2015-03-19,7424.416382822297,849.7604162057401,8274.176799028037,2
2015-03-20,7472.129269269128,878.6741885655738,8350.803457834701,2
2015-03-23,7472.129269269128,875.1600130423924,8347.28928231152,2
2015-03-24,7472.129269269128,834.781112298023,8306.910381567151,2
2015-03-25,7472.129269269128,680.4681135467788,8152.597382815907,2
2015-03-26,7472.129269269128,655.6164819973176,8127.745751266445,2
2015-03-27,7472.129269269128,692.8221485787774,8164.951417847905,2
2015-03-30,7472.129269269128,841.3889475028207,8313.518216771949,2
2015-03-31,7472.129269269128,753.6279143591526,8225.75718362828,2
2015-04-01,7472.129269269128,717.5860365942513,8189.715305863379,2
2015-04-02,7472.129269269128,779.2122969002911,8251.341566169418,2
2015-04-06,7611.573321859601,834.0036413582013,8445.576963217802,2
2015-04-07,7611.573321859601,823.8376928716576,8435.411014731259,2
2015-04-08,7611.573321859601,859.3226392783558,8470.895961137956,2
2015-04-09,7611.573321859601,905.0004415745354,8516.573763434137,2
2015-04-10,8110.400465510931,438.5754469312932,8548.975912442223,1
2015-04-13,7681.470618863606,845.1110442647216,8526.581663128329,2
2015-04-14,7681.470618863606,861.7073456317482,8543.177964495355,2
2015-04-15,7681.470618863606,904.358168424527,8585.828787288134,2
2015-04-16,7681.470618863606,907.9790690155846,8589.44968787919,2
2015-04-17,7681.470618863606,826.3183845659281,8507.789003429534,2
2015-04-20,7681.470618863606,899.126247654573,8580.596866518179,2
2015-04-21,7681.470618863606,896.3246564222087,8577.795275285815,2
2015-04-22,7715.151716994908,895.0974342810994,8610.249151276008,2
2015-04-23,7757.229837937106,868.0635671852212,8625.293405122327,2
2015-04-24,7757.229837937106,886.2494506946456,8643.479288631752,2
2015-04-27,7757.229837937106,857.2736535840909,8614.503491521196,2
2015-04-28,7757.229837937106,888.8054618957426,8646.035299832849,2
2015-04-29,7757.229837937106,853.2128380843237,8610.44267602143,2
2015-04-30,7757.229837937106,767.6598541116966,8524.889692048802,2
2015-05-01,7757.229837937106,876.8059765308218,8634.035814467929,2
2015-05-04,7757.229837937106,901.7143382587495,8658.944176195855,2
2015-05-05,7757.229837937106,804.2507066421149,8561.48054457922,2
2015-05-06,7757.229837937106,759.9217445768211,8517.151582513927,2
2015-05-07,7757.229837937106,794.8141224733948,8552.043960410501,2
2015-05-08,7795.627792668051,881.4849274173722,8677.112720085424,2
2015-05-11,7795.627792668051,845.8415214210476,8641.4693140891,2
2015-05-12,7795.627792668051,830.1034290408166,8625.731221708867,2
2015-05-13,7795.627792668051,834.3925037940708,8630.020296462122,2
2015-05-14,7833.170163756366,878.769450029208,8711.939613785573,2
2015-05-15,7833.170163756366,892.3407471245303,8725.510910880896,2
2015-05-18,7833.170163756366,910.18038267311,8743.350546429476,2
2015-05-19,7833.170163756366,908.5952063290006,8741.765370085366,2
2015-05-20,7833.170163756366,907.260174447516,8740.430338203882,2
2015-05-21,7862.355161879359,901.7518309104341,8764.106992789793,2
2015-05-22,7862.355161879359,893.3964452637226,8755.751607143082,2
2015-05-26,7862.355161879359,809.6401584731758,8671.995320352535,2
2015-05-27,7862.355161879359,883.8486351338366,8746.203797013195,2
2015-05-28,7862.355161879359,880.1032752126368,8742.458437091997,2
2015-05-29,7862.355161879359,835.7440814149065,8698.099243294266,2
2015-06-01,7862.355161879359,861.0479708603777,8723.403132739737,2
2015-06-02,7862.355161879359,855.1116230913949,8717.466784970755,2
2015-06-03,7862.355161879359,883.343458282181,8745.69862016154,2
2015-06-04,7862.355161879359,810.3810967503334,8672.736258629693,2
2015-06-05,7862.355161879359,812.2692134845827,8674.624375363941,2
2015-06-08,7862.355161879359,754.7342633346723,8617.089425214032,2
2015-06-09,7862.355161879359,778.2234520947795,8640.57861397414,2
2015-06-10,7899.343272272365,868.8995001455601,8768.242772417925,2
2015-06-11,7899.343272272365,890.905010343517,8790.248282615881,2
2015-06-12,7899.343272272365,831.9023031489544,8731.245575421319,2
2015-06-15,7899.343272272365,785.1503340524062,8684.493606324771,2
2015-06-16,7899.343272272365,847.848798610506,8747.192070882871,2
2015-06-17,7899.343272272365,874.7699573186003,8774.113229590965,2
2015-06-18,7951.413629325292,896.1970232435301,8847.610652568823,2
2015-06-19,7951.413629325292,860.3431617993072,8811.756791124599,2
2015-06-22,7987.630495910252,879.8630123588539,8867.493508269106,2
2015-06-23,7987.630495910252,897.5546904064528,8885.185186316705,2
2015-06-24,7987.630495910252,838.0146118547209,8825.645107764973,2
2015-06-25,7987.630495910252,808.6226325791124,8796.253128489365,2
2015-06-26,7987.630495910252,809.0633288484156,8796.693824758668,2
2015-06-29,7987.630495910252,602.6295256844073,8590.260021594659,2
2015-06-30,7987.630495910252,628.8705370393031,8616.501032949554,2
2015-07-01,7987.630495910252,707.9121845580027,8695.542680468254,2
2015-07-02,7987.630495910252,700.2765619347912,8687.907057845043,2
2015-07-06,7987.630495910252,677.7820328756129,8665.412528785864,2
2015-07-07,7987.630495910252,747.3238313590382,8734.95432726929,2
2015-07-08,7987.630495910252,565.2648663660535,8552.895362276306,2
2015-07-09,7987.630495910252,586.2043271582529,8573.834823068504,2
2015-07-10,7987.630495910252,733.2130946359139,8720.843590546167,2
2015-07-13,7987.630495910252,893.4400107709057,8881.070506681157,2
2015-07-14,8033.300356306409,887.3934428326726,8920.693799139082,2
2015-07-15,8033.300356306409,890.5142942099847,8923.814650516393,2
2015-07-16,8087.032990670614,890.060708269525,8977.093698940138,2
2015-07-17,8087.032990670614,900.9863653656487,8988.019356036262,2
2015-07-20,8115.379867523818,876.6891724120653,8992.069039935883,2
2015-07-21,8115.379867523818,855.4634430150538,8970.843310538872,2
2015-07-22,8115.379867523818,845.1898857862769,8960.569753310094,2
2015-07-23,8115.379867523818,797.6054626821553,8912.985330205973,2
2015-07-24,8115.379867523818,692.4792736833432,8807.85914120716,2
2015-07-27,8115.379867523818,625.6346856516856,8741.014553175502,2
2015-07-28,8115.379867523818,765.1058927755464,8880.485760299363,2
2015-07-29,8115.379867523818,844.0510895025382,8959.430957026356,2
2015-07-30,8115.379867523818,855.4796074937877,8970.859475017605,2
2015-07-31,8115.379867523818,842.7762052259682,8958.156072749785,2
2015-08-03,8115.379867523818,825.765611876874,8941.145479400691,2
2015-08-04,8115.379867523818,802.6409689213476,8918.020836445165,2
2015-08-05,8115.379867523818,845.0016874054593,8960.381554929278,2
2015-08-06,8115.379867523818,753.8625364162208,8869.24240394004,2
2015-08-07,8115.379867523818,732.7332450664112,8848.113112590228,2
2015-08-10,8115.379867523818,900.6905335608999,9016.070401084718,2
2015-08-11,8115.379867523818,791.9747656301795,8907.354633153996,2
2015-08-12,8115.379867523818,813.9239891362022,8929.303856660019,2
2015-08-13,8115.379867523818,811.4070134229527,8926.78688094677,2
2015-08-14,8115.379867523818,877.5323122836776,8992.912179807496,2
2015-08-17,8167.9074408692595,899.4135981189229,9067.321038988182,2
2015-08-18,8167.9074408692595,877.9458670528938,9045.853307922152,2
2015-08-19,8167.9074408692595,794.1741866278614,8962.08162749712,2
2015-08-20,8167.9074408692595,505.24447134473365,8673.151912213993,2
2015-08-21,8167.9074408692595,239.97025520740465,8407.877696076665,2
2015-08-24,8231.095039180736,142.2291270525065,8373.324166233242,1
2015-08-25,8231.095039180736,108.97952767995776,8340.074566860694,1
2015-08-26,8231.095039180736,161.71089430248173,8392.805933483218,1
2015-08-27,8231.095039180736,213.6789182276246,8444.77395740836,1
2015-08-28,8231.095039180736,214.53289311027817,8445.627932291014,1
2015-08-31,8231.095039180736,190.1261644450571,8421.221203625793,1
2015-09-01,8231.095039180736,121.88145522913771,8352.976494409873,1
2015-09-02,8231.095039180736,146.97449885858305,8378.069538039319,1
2015-09-03,8231.095039180736,146.20094127272694,8377.295980453464,1
2015-09-04,8231.095039180736,109.1661899460064,8340.261229126743,1
2015-09-08,8231.095039180736,160.06544346890195,8391.160482649639,1
2015-09-09,8231.095039180736,112.54167901077494,8343.636718191512,1
2015-09-10,8231.095039180736,117.56970063193819,8348.664739812675,1
2015-09-11,8231.095039180736,124.38294061829112,8355.477979799027,1
2015-09-14,8231.095039180736,92.37627214726842,8323.471311328005,1
2015-09-15,8231.095039180736,135.90282407157446,8366.99786325231,1
2015-09-16,8231.095039180736,179.0181676855397,8410.113206866276,1
2015-09-17,8231.095039180736,150.9454157527827,8382.04045493352,1
2015-09-18,8231.095039180736,46.19459780993793,8277.289636990674,1
2015-09-21,8295.000657871631,0,8295.000657871631,0
2015-09-22,8295.000657871631,0,8295.000657871631,0
2015-09-23,8295.000657871631,0,8295.000657871631,0
2015-09-24,8295.000657871631,0,8295.000657871631,0
2015-09-25,8295.000657871631,0,8295.000657871631,0
2015-09-28,8295.000657871631,0,8295.000657871631,0
2015-09-29,8295.000657871631,0,8295.000657871631,0
2015-09-30,8295.000657871631,0,8295.000657871631,0
2015-10-01,8295.000657871631,0,8295.000657871631,0
2015-10-02,8295.000657871631,0,8295.000657871631,0
2015-10-05,8295.000657871631,0,8295.000657871631,0
2015-10-06,8295.000657871631,0,8295.000657871631,0
2015-10-07,8295.000657871631,0,8295.000657871631,0
2015-10-08,7875.902628185767,417.7450184575736,8293.64764664334,1
2015-10-09,7452.861801218241,845.1827122548978,8298.04451347314,2
2015-10-12,7452.861801218241,873.673407664855,8326.535208883097,2
2015-10-13,7452.861801218241,823.1745154965548,8276.036316714797,2
2015-10-14,7452.861801218241,796.9043732691176,8249.766174487359,2
2015-10-15,7452.861801218241,898.5852540651983,8351.44705528344,2
2015-10-16,7958.597298410895,421.94746373741305,8380.544762148307,1
2015-10-19,7534.487173087269,850.9280412326696,8385.415214319939,2
2015-10-20,7534.487173087269,834.3876144901373,8368.874787577406,2
2015-10-21,7534.487173087269,790.9707602357151,8325.457933322985,2
2015-10-22,7534.487173087269,909.7839749603975,8444.271148047666,2
2015-10-23,8050.807703737293,427.1857367358745,8477.993440473168,1
2015-10-26,7621.884303448143,847.8956893914876,8469.77999283963,2
2015-10-27,7621.884303448143,835.5259749060341,8457.410278354177,2
2015-10-28,7621.884303448143,910.0952612348857,8531.97956468303,2
2015-10-29,7621.884303448143,907.191251171053,8529.075554619196,2
2015-10-30,7621.884303448143,883.1711062968379,8505.055409744982,2
2015-11-02,8139.717243495118,426.89683654497907,8566.614080040097,1
2015-11-03,7708.225906445142,862.2529418840204,8570.478848329163,2
2015-11-04,7708.225906445142,831.3200509232324,8539.545957368375,2
2015-11-05,7708.225906445142,835.7098407402038,8543.935747185345,2
2015-11-06,7708.225906445142,848.9499407218261,8557.175847166967,2
2015-11-09,7708.225906445142,764.4420553801151,8472.667961825256,2
2015-11-10,7708.225906445142,795.9073833725024,8504.133289817644,2
2015-11-11,7708.225906445142,765.8270985590558,8474.053005004198,2
2015-11-12,7708.225906445142,638.4753407404972,8346.70124718564,2
2015-11-13,7708.225906445142,544.4094107136564,8252.635317158798,2
2015-11-16,7708.225906445142,677.6268883668124,8385.852794811954,2
2015-11-17,7708.225906445142,663.614743788746,8371.840650233888,2
2015-11-18,7708.225906445142,813.0191633798713,8521.245069825014,2
2015-11-19,7708.225906445142,808.7435386471636,8516.969445092305,2
2015-11-20,7708.225906445142,862.5576133229636,8570.783519768105,2
2015-11-23,7708.225906445142,871.9260353664433,8580.151941811586,2
2015-11-24,7708.225906445142,882.6416884380669,8590.86759488321,2
2015-11-25,7708.225906445142,900.1548330155802,8608.380739460721,2
2015-11-27,7708.225906445142,921.0924074871702,8629.318313932312,2
2015-11-30,7708.225906445142,911.2824434887223,8619.508349933863,2
2015-12-01,8252.686367175607,433.06499255874104,8685.751359734348,1
2015-12-02,7831.137559385512,815.8795154022442,8647.017074787756,2
2015-12-03,7831.137559385512,704.3855642246804,8535.523123610192,2
2015-12-04,7831.137559385512,868.846817546215,8699.984376931727,2
2015-12-07,7831.137559385512,826.0969193726489,8657.23447875816,2
2015-12-08,7831.137559385512,765.985512401518,8597.12307178703,2
2015-12-09,7831.137559385512,697.0569277587892,8528.194487144301,2
2015-12-10,7831.137559385512,717.06205627546,8548.199615660971,2
2015-12-11,7831.137559385512,560.7978850476607,8391.935444433173,2
2015-12-14,7831.137559385512,601.8649480185068,8433.002507404019,2
2015-12-15,7831.137559385512,689.0631002706598,8520.200659656171,2
2015-12-16,7831.137559385512,823.2994641719845,8654.437023557497,2
2015-12-17,7831.137559385512,710.3972630676857,8541.534822453197,2
2015-12-18,7831.137559385512,555.0379164695642,8386.175475855076,2
2015-12-21,7831.137559385512,640.6018062132915,8471.739365598803,2
2015-12-22,7831.137559385512,749.8580784094386,8580.995637794951,2
2015-12-23,7831.137559385512,871.947252041406,8703.084811426917,2
2015-12-24,7831.137559385512,866.2368552737273,8697.37441465924,2
2015-12-28,7831.137559385512,873.5196361291171,8704.657195514628,2
2015-12-29,8353.162747984648,429.7305753115449,8782.893323296194,1
2015-12-30,8353.162747984648,404.9466206847171,8758.109368669366,1
2015-12-31,8353.162747984648,374.49184428153615,8727.654592266184,1
2016-01-04,8353.162747984648,319.72115478420665,8672.883902768855,1
2016-01-05,8353.162747984648,332.75346118447686,8685.916209169125,1
2016-01-06,8353.162747984648,284.0590033573733,8637.221751342022,1
2016-01-07,8353.162747984648,205.90723158151434,8559.069979566162,1
2016-01-08,8353.162747984648,178.1000206076925,8531.262768592342,1
2016-01-11,8353.162747984648,169.12504628408414,8522.287794268732,1
2016-01-12,8353.162747984648,188.07771527431498,8541.240463258964,1
2016-01-13,8353.162747984648,118.14728375987329,8471.310031744522,1
2016-01-14,8353.162747984648,158.7809627894373,8511.943710774085,1
2016-01-15,8353.162747984648,106.04623821355403,8459.208986198202,1
2016-01-19,8353.162747984648,88.29113419560599,8441.453882180254,1
2016-01-20,8353.162747984648,64.0012466027315,8417.16399458738,1
2016-01-21,8353.162747984648,66.28423008652646,8419.446978071175,1
2016-01-22,8353.162747984648,96.20995655461115,8449.372704539259,1
2016-01-25,8353.162747984648,42.1110615773614,8395.27380956201,1
2016-01-26,8353.162747984648,64.24982191874165,8417.41256990339,1
2016-01-27,8353.162747984648,30.44953802812529,8383.612286012774,1
2016-01-28,8353.162747984648,31.267746841930943,8384.43049482658,1
2016-01-29,8353.162747984648,109.14748911153964,8462.310237096188,1
2016-02-01,8353.162747984648,39.537258640319806,8392.700006624968,1
2016-02-02,8422.439806070126,0,8422.439806070126,0
2016-02-03,8422.439806070126,0,8422.439806070126,0
2016-02-04,8422.439806070126,0,8422.439806070126,0
2016-02-05,8422.439806070126,0,8422.439806070126,0
2016-02-08,8422.439806070126,0,8422.439806070126,0
2016-02-09,8422.439806070126,0,8422.439806070126,0
2016-02-10,8422.439806070126,0,8422.439806070126,0
2016-02-11,8422.439806070126,0,8422.439806070126,0
2016-02-12,8422.439806070126,0,8422.439806070126,0
2016-02-16,8422.439806070126,0,8422.439806070126,0
2016-02-17,8422.439806070126,0,8422.439806070126,0
2016-02-18,8422.439806070126,0,8422.439806070126,0
2016-02-19,8422.439806070126,0,8422.439806070126,0
2016-02-22,8422.439806070126,0,8422.439806070126,0
2016-02-23,8422.439806070126,0,8422.439806070126,0
2016-02-24,8422.439806070126,0,8422.439806070126,0
2016-02-25,8002.2725985715215,419.2314440454265,8421.504042616947,1
2016-02-26,7579.060994623687,834.1626749288398,8413.223669552528,2
2016-02-29,7579.060994623687,799.4541516801994,8378.515146303887,2
2016-03-01,8078.125202433526,423.4845027127971,8501.609705146324,1
2016-03-02,7651.966862004124,862.8581788524493,8514.825040856573,2
2016-03-03,7651.966862004124,885.2471390428557,8537.21400104698,2
2016-03-04,7651.966862004124,898.0693178114375,8550.03617981556,2
2016-03-07,7651.966862004124,904.2701509849293,8556.237012989053,2
2016-03-08,7651.966862004124,845.711345324911,8497.678207329034,2
2016-03-09,7651.966862004124,875.3622801396305,8527.329142143753,2
2016-03-10,7651.966862004124,883.6749981608948,8535.641860165018,2
2016-03-11,8180.881963814146,422.5188896471682,8603.400853461313,1
2016-03-14,7751.6867140444165,849.2629846206793,8600.949698665096,2
2016-03-15,7751.6867140444165,845.1485305159263,8596.835244560343,2
2016-03-16,7751.6867140444165,900.3311848646451,8652.017898909062,2
2016-03-17,8257.969660452622,423.2979468869331,8681.267607339554,1
2016-03-18,7831.479729058039,864.2207040164487,8695.700433074488,2
2016-03-21,7831.479729058039,881.863363437312,8713.343092495352,2
2016-03-22,7831.479729058039,874.3857722291422,8705.86550128718,2
2016-03-23,7831.479729058039,830.3664357031196,8661.846164761158,2
2016-03-24,7831.479729058039,834.8562416021884,8666.335970660228,2
2016-03-28,7831.479729058039,845.3056744678997,8676.785403525939,2
2016-03-29,7860.420516867543,885.5349091641168,8745.95542603166,2
2016-03-30,7888.701714010274,881.322907086971,8770.024621097245,2
2016-03-31,7888.701714010274,867.6349481304185,8756.336662140693,2
2016-04-01,7888.701714010274,913.1128150445738,8801.81452905485,2
2016-04-04,7888.701714010274,892.0020088598736,8780.703722870148,2
2016-04-05,7888.701714010274,820.5894287768867,8709.29114278716,2
2016-04-06,7888.701714010274,900.3885566559807,8789.090270666255,2
2016-04-07,7888.701714010274,806.8152646700792,8695.516978680353,2
2016-04-08,7888.701714010274,839.8173757107379,8728.519089721012,2
2016-04-11,7888.701714010274,822.135196598034,8710.836910608308,2
2016-04-12,7888.701714010274,901.5778394405181,8790.279553450793,2
2016-04-13,8411.765344155805,428.63513047806873,8840.400474633874,1
2016-04-14,7980.79755521527,861.6985196838417,8842.496074899113,2
2016-04-15,7980.79755521527,861.2209599473415,8842.018515162612,2
2016-04-18,7980.79755521527,906.1164212235371,8886.913976438807,2
2016-04-19,7980.79755521527,923.2355788645077,8904.033134079778,2
2016-04-20,8011.0671662723635,896.0123414600117,8907.079507732375,2
2016-04-21,8011.0671662723635,862.7195246972497,8873.786690969613,2
2016-04-22,8011.0671662723635,878.5220868434876,8889.589253115852,2
2016-04-25,8011.0671662723635,864.6268842875922,8875.694050559956,2
2016-04-26,8011.0671662723635,880.1541832849796,8891.221349557343,2
2016-04-27,8041.86484339937,861.8134458644627,8903.678289263833,2
2016-04-28,8041.86484339937,784.856359339368,8826.721202738738,2
2016-04-29,8041.86484339937,745.9392996238392,8787.80414302321,2
2016-05-02,8041.86484339937,824.9701917412854,8866.835035140655,2
2016-05-03,8041.86484339937,752.9861734792448,8794.851016878616,2
2016-05-04,8041.86484339937,703.0566016092138,8744.921445008584,2
2016-05-05,8041.86484339937,705.7456837176708,8747.610527117042,2
2016-05-06,8041.86484339937,752.2607170954352,8794.125560494806,2
2016-05-09,8041.86484339937,774.0038131704125,8815.868656569783,2
2016-05-10,8041.86484339937,888.6024239273,8930.46726732667,2
2016-05-11,8041.86484339937,806.9743860780634,8848.839229477433,2
2016-05-12,8041.86484339937,816.1164616246459,8857.981305024015,2
2016-05-13,8041.86484339937,730.9086200182928,8772.773463417663,2
2016-05-16,8041.86484339937,852.2207815906131,8894.085624989984,2
2016-05-17,8041.86484339937,754.1506154867914,8796.015458886162,2
2016-05-18,8041.86484339937,760.538401155397,8802.403244554767,2
2016-05-19,8041.86484339937,720.2957379478839,8762.160581347254,2
2016-05-20,8041.86484339937,820.7029186017805,8862.56776200115,2
2016-05-23,8041.86484339937,843.356899393604,8885.221742792974,2
2016-05-24,8579.922537511009,428.6209809814668,9008.543518492475,1
2016-05-25,8153.836969165198,875.3381855506407,9029.175154715838,2
2016-05-26,8153.836969165198,885.1469139349813,9038.98388310018,2
2016-05-27,8187.544200610457,874.9622321348518,9062.50643274531,2
2016-05-31,8187.544200610457,863.4197806141071,9050.963981224564,2
2016-06-01,8187.544200610457,872.5160295460045,9060.060230156461,2
2016-06-02,8187.544200610457,899.0250140361891,9086.569214646646,2
2016-06-03,8187.544200610457,891.2449550632738,9078.78915567373,2
2016-06-06,8228.073190642921,878.7311751114307,9106.804365754351,2
2016-06-07,8228.073190642921,881.7769830596283,9109.850173702549,2
2016-06-08,8228.073190642921,899.8787236551133,9127.951914298033,2
2016-06-09,8228.073190642921,887.0295022545365,9115.102692897457,2
2016-06-10,8228.073190642921,805.7732644056741,9033.846455048595,2
2016-06-13,8228.073190642921,720.4218210014112,8948.495011644332,2
2016-06-14,8228.073190642921,717.4042482307726,8945.477438873693,2
2016-06-15,8228.073190642921,712.5524204052163,8940.625611048137,2
2016-06-16,8228.073190642921,747.2677100844408,8975.340900727362,2
2016-06-17,8228.073190642921,728.3372118514742,8956.410402494395,2
2016-06-20,8228.073190642921,801.1111201608963,9029.184310803817,2
2016-06-21,8228.073190642921,825.7854386993632,9053.858629342285,2
2016-06-22,8228.073190642921,791.6911525855355,9019.764343228457,2
2016-06-23,8283.83225519242,860.5747118724153,9144.406967064835,2
2016-06-24,8283.83225519242,568.099342745397,8851.931597937817,2
2016-06-27,8283.83225519242,451.1705014075133,8735.002756599933,2
2016-06-28,8283.83225519242,600.3948521602872,8884.227107352706,2
2016-06-29,8283.83225519242,772.032205286233,9055.864460478653,2
2016-06-30,8283.83225519242,885.1867385646651,9169.018993757085,2
2016-07-01,8316.901938914041,878.2055666335068,9195.107505547548,2
2016-07-05,8316.901938914041,844.786954194328,9161.688893108369,2
2016-07-06,8316.901938914041,885.9346142375873,9202.836553151628,2
2016-07-07,8316.901938914041,888.8421065012462,9205.744045415287,2
2016-07-08,8849.53685136606,428.59499249604517,9278.131843862106,1
2016-07-11,8413.56353425744,873.1845572456275,9286.748091503068,2
2016-07-12,8413.56353425744,907.4315256294376,9320.995059886878,2
2016-07-13,8413.56353425744,919.0055498168147,9332.569084074255,2
2016-07-14,8917.448317901426,435.36389448689334,9352.812212388319,1
2016-07-15,8481.870666499526,870.0153973295129,9351.886063829039,2
2016-07-18,8481.870666499526,895.0949846002098,9376.965651099736,2
2016-07-19,8481.870666499526,899.6211897537898,9381.491856253317,2
2016-07-20,8481.870666499526,925.5136671289108,9407.384333628437,2
2016-07-21,8481.870666499526,895.2183921226659,9377.089058622192,2
2016-07-22,8481.870666499526,930.9849377076051,9412.85560420713,2
2016-07-25,8481.870666499526,914.403636359036,9396.274302858563,2
2016-07-26,8481.870666499526,916.75297312864,9398.623639628166,2
2016-07-27,8481.870666499526,918.6908401825283,9400.561506682054,2
2016-07-28,8481.870666499526,931.4003525882106,9413.271019087737,2
2016-07-29,9000.513372983887,430.5667062478269,9431.080079231713,1
2016-08-01,8565.472445703792,858.8676040145733,9424.340049718365,2
2016-08-02,8565.472445703792,803.9741114089277,9369.44655711272,2
2016-08-03,8565.472445703792,836.8606275525938,9402.333073256386,2
2016-08-04,8565.472445703792,849.6503367938583,9415.12278249765,2
2016-08-05,8565.472445703792,919.0936789507894,9484.56612465458,2
2016-08-08,8565.472445703792,922.0836456305627,9487.556091334354,2
2016-08-09,8565.472445703792,924.3156893143719,9489.788135018163,2
2016-08-10,8565.472445703792,907.1630210523106,9472.635466756103,2
2016-08-11,9064.989558509318,434.9262355398331,9499.915794049151,1
2016-08-12,8629.648847914272,869.22360636263,9498.872454276901,2
2016-08-15,8629.648847914272,888.1896243514522,9517.838472265725,2
2016-08-16,8629.648847914272,842.5762447466943,9472.225092660967,2
2016-08-17,8629.648847914272,866.2041276895677,9495.852975603839,2
2016-08-18,8629.648847914272,897.0148853518772,9526.663733266148,2
2016-08-19,8629.648847914272,893.9512500053427,9523.600097919614,2
2016-08-22,8629.648847914272,883.6688523076768,9513.317700221949,2
2016-08-23,8629.648847914272,896.925329780473,9526.574177694745,2
2016-08-24,8629.648847914272,849.1907276978333,9478.839575612104,2
2016-08-25,8629.648847914272,840.9860675490812,9470.634915463354,2
2016-08-26,8629.648847914272,833.7870391877675,9463.43588710204,2
2016-08-29,8629.648847914272,897.7991613722429,9527.448009286514,2
2016-08-30,8629.648847914272,887.9949926471829,9517.643840561455,2
2016-08-31,8629.648847914272,872.4966818947959,9502.145529809068,2
2016-09-01,8629.648847914272,877.8554883694469,9507.504336283719,2
2016-09-02,8658.725785730498,903.9057831818204,9562.631568912318,2
2016-09-06,8707.702672027997,883.1366724210475,9590.839344449045,2
2016-09-07,8707.702672027997,886.7459553040485,9594.448627332045,2
2016-09-08,8707.702672027997,866.6130597087118,9574.31573173671,2
2016-09-09,8707.702672027997,623.108614853524,9330.81128688152,2
2016-09-12,8707.702672027997,766.3158324182518,9474.018504446249,2
2016-09-13,8707.702672027997,623.3263557908729,9331.02902781887,2
2016-09-14,8707.702672027997,618.1613019501433,9325.863973978141,2
2016-09-15,8707.702672027997,718.8990206444572,9426.601692672455,2
2016-09-16,8707.702672027997,701.9476471021626,9409.65031913016,2
2016-09-19,8707.702672027997,709.9199919676905,9417.622663995688,2
2016-09-20,8707.702672027997,711.7662315056954,9419.468903533692,2
2016-09-21,8707.702672027997,850.1803708900861,9557.883042918083,2
2016-09-22,8743.109057377811,882.2775642662501,9625.386621644062,2
2016-09-23,8743.109057377811,842.6778084493092,9585.78686582712,2
2016-09-26,8743.109057377811,745.9989090950213,9489.107966472833,2
2016-09-27,8743.109057377811,828.961232581807,9572.070289959618,2
2016-09-28,8743.109057377811,885.3916660915909,9628.500723469402,2
2016-09-29,8743.109057377811,789.2178083777129,9532.326865755524,2
2016-09-30,8743.109057377811,871.4183788267754,9614.527436204586,2
2016-10-03,8743.109057377811,863.7156333994676,9606.82469077728,2
2016-10-04,8743.109057377811,828.4490596070075,9571.55811698482,2
2016-10-05,8743.109057377811,884.8347052152083,9627.943762593019,2
2016-10-06,9215.224312903121,426.4136707920397,9641.63798369516,1
2016-10-07,9215.224312903121,410.516328841922,9625.740641745044,1
2016-10-10,9215.224312903121,436.90958243736304,9652.133895340485,1
2016-10-11,9215.224312903121,370.4411211988358,9585.665434101957,1
2016-10-12,9215.224312903121,375.0911684471603,9590.315481350282,1
2016-10-13,9215.224312903121,357.7436675242055,9572.967980427327,1
2016-10-14,9215.224312903121,365.2610344660793,9580.4853473692,1
2016-10-17,9215.224312903121,358.1390632339179,9573.363376137038,1
2016-10-18,9215.224312903121,404.99948260378,9620.223795506901,1
2016-10-19,9215.224312903121,429.06092327480235,9644.285236177924,1
2016-10-20,9215.224312903121,433.7261031180831,9648.950416021204,1
2016-10-21,9215.224312903121,443.81617141917553,9659.040484322297,1
2016-10-24,9701.83685358942,0,9701.83685358942,0
2016-10-25,9701.83685358942,0,9701.83685358942,0
2016-10-26,9701.83685358942,0,9701.83685358942,0
2016-10-27,9701.83685358942,0,9701.83685358942,0
2016-10-28,9701.83685358942,0,9701.83685358942,0
2016-10-31,9701.83685358942,0,9701.83685358942,0
2016-11-01,9701.83685358942,0,9701.83685358942,0
2016-11-02,9701.83685358942,0,9701.83685358942,0
2016-11-03,9701.83685358942,0,9701.83685358942,0
2016-11-04,9701.83685358942,0,9701.83685358942,0
2016-11-07,9701.83685358942,0,9701.83685358942,0
2016-11-08,9701.83685358942,0,9701.83685358942,0
2016-11-09,9267.385524599107,433.058087140574,9700.443611739682,1
2016-11-10,8842.795321457877,858.9897359741874,9701.785057432066,2
2016-11-11,8842.795321457877,864.5869361420459,9707.382257599924,2
2016-11-14,8842.795321457877,868.177635449447,9710.972956907324,2
2016-11-15,8842.795321457877,922.1019683781636,9764.89728983604,2
2016-11-16,8842.795321457877,913.6616877313973,9756.457009189275,2
2016-11-17,9344.224844439394,433.5208621279531,9777.745706567346,1
2016-11-18,8911.073234502875,865.0456207827212,9776.118855285597,2
2016-11-21,8911.073234502875,916.8450504415259,9827.9182849444,2
2016-11-22,8911.073234502875,928.3005193717491,9839.373753874625,2
2016-11-23,9415.979601454123,425.0636056432512,9841.043207097373,1
2016-11-25,8977.961087950318,876.7058440392987,9854.666931989617,2
2016-11-28,8977.961087950318,839.8542633403871,9817.815351290705,2
2016-11-29,8977.961087950318,855.8850151942484,9833.846103144566,2
2016-11-30,8977.961087950318,834.6110789032953,9812.572166853613,2
2016-12-01,8977.961087950318,801.067942984391,9779.02903093471,2
2016-12-02,8977.961087950318,806.4745773645282,9784.435665314846,2
2016-12-05,8977.961087950318,891.7788881466372,9869.739976096955,2
2016-12-06,8977.961087950318,920.1824798204378,9898.143567770756,2
2016-12-07,9504.377847437845,434.232546507603,9938.610393945448,1
2016-12-08,9067.112787032143,873.4496774642739,9940.562464496417,2
2016-12-09,9067.112787032143,920.2897263409385,9987.402513373081,2
2016-12-12,9067.112787032143,908.3053321877826,9975.418119219927,2
2016-12-13,9104.299443002135,895.4743967773686,9999.773839779504,2
2016-12-14,9104.299443002135,847.8921530379621,9952.191596040098,2
2016-12-15,9104.299443002135,879.2614504776143,9983.56089347975,2
2016-12-16,9104.299443002135,883.5164827946287,9987.815925796764,2
2016-12-19,9151.328681391904,861.6254207883868,10012.95410218029,2
2016-12-20,9151.328681391904,891.15344020103,10042.482121592933,2
2016-12-21,9151.328681391904,883.7915264219262,10035.12020781383,2
2016-12-22,9151.328681391904,872.2750837962495,10023.603765188154,2
2016-12-23,9151.328681391904,883.145548185064,10034.474229576968,2
2016-12-27,9151.328681391904,900.192506943959,10051.521188335862,2
2016-12-28,9151.328681391904,831.0796153731992,9982.408296765103,2
2016-12-29,9151.328681391904,825.6566511643157,9976.98533255622,2
2016-12-30,9151.328681391904,780.7344311714555,9932.063112563359,2
2017-01-03,9151.328681391904,888.5404546616179,10039.869136053521,2
2017-01-04,9653.433700243702,435.7231503715166,10089.15685061522,1
2017-01-05,9216.749002512883,872.050791920363,10088.799794433246,2
2017-01-06,9216.749002512883,900.6044809846754,10117.353483497558,2
2017-01-09,9216.749002512883,885.5043363261618,10102.253338839044,2
2017-01-10,9216.749002512883,889.9857977259924,10106.734800238875,2
2017-01-11,9216.749002512883,912.5012998185402,10129.250302331424,2
2017-01-12,9216.749002512883,899.2466618717262,10115.995664384609,2
2017-01-13,9216.749002512883,917.927302926121,10134.676305439003,2
2017-01-17,9216.749002512883,905.3234835385979,10122.07248605148,2
2017-01-18,9216.749002512883,908.3629230668253,10125.111925579708,2
2017-01-19,9216.749002512883,886.899622001809,10103.648624514692,2
2017-01-20,9216.749002512883,931.4087335574246,10148.157736070307,2
2017-01-23,9216.749002512883,928.0036651093392,10144.752667622222,2
2017-01-24,9752.891339669686,428.7702188594046,10181.661558529091,1
2017-01-25,9323.14504168129,883.5489079976237,10206.693949678913,2
2017-01-26,9323.14504168129,885.6774466369609,10208.82248831825,2
2017-01-27,9323.14504168129,884.2846974925689,10207.429739173858,2
2017-01-30,9323.14504168129,825.6345034807971,10148.779545162086,2
2017-01-31,9323.14504168129,819.9042465720453,10143.049288253334,2
2017-02-01,9323.14504168129,828.9495545671348,10152.094596248424,2
2017-02-02,9323.14504168129,834.271752691627,10157.416794372917,2
2017-02-03,9346.82402197949,878.0408116226987,10224.864833602189,2
2017-02-06,9346.82402197949,865.6700637117203,10212.49408569121,2
2017-02-07,9346.82402197949,872.4542181425301,10219.27824012202,2
2017-02-08,9346.82402197949,877.5750149291367,10224.399036908626,2
2017-02-09,9369.315952941168,900.7926810093867,10270.108633950555,2
2017-02-10,9398.481653528805,889.5327463180668,10288.014399846872,2
2017-02-13,9398.481653528805,919.3474116321784,10317.829065160982,2
2017-02-14,9432.368376866063,907.4122145246167,10339.78059139068,2
2017-02-15,9432.368376866063,910.4785780845066,10342.84695495057,2
2017-02-16,9470.651512735036,872.2693015647965,10342.920814299832,2
2017-02-17,9470.651512735036,889.6829950953424,10360.33450783038,2
2017-02-21,9511.230446048885,885.1563085621526,10396.386754611038,2
2017-02-22,9511.230446048885,878.7135653509084,10389.944011399793,2
2017-02-23,9511.230446048885,884.5854281683116,10395.815874217196,2
2017-02-24,9543.622832535522,865.5712577271984,10409.194090262721,2
2017-02-27,9543.622832535522,868.1073038080212,10411.730136343544,2
2017-02-28,9543.622832535522,839.1145403649589,10382.737372900481,2
2017-03-01,9543.622832535522,921.6335598467256,10465.256392382247,2
2017-03-02,9543.622832535522,911.1032017086407,10454.726034244162,2
2017-03-03,9579.131000438889,893.2335742041405,10472.36457464303,2
2017-03-06,9579.131000438889,877.5102230449932,10456.641223483883,2
2017-03-07,9579.131000438889,857.6045916047863,10436.735592043675,2
2017-03-08,9579.131000438889,836.6342234007057,10415.765223839595,2
2017-03-09,9579.131000438889,837.6537286547282,10416.784729093617,2
2017-03-10,9579.131000438889,875.9747320967813,10455.10573253567,2
2017-03-13,9619.004245314873,853.3788000016784,10472.38304531655,2
2017-03-14,9619.004245314873,812.3865007942271,10431.3907461091,2
2017-03-15,9619.004245314873,886.331639722358,10505.335885037231,2
2017-03-16,9619.004245314873,888.4021550502712,10507.406400365144,2
2017-03-17,9619.004245314873,882.3284271746011,10501.332672489474,2
2017-03-20,9619.004245314873,879.6653525117404,10498.669597826613,2
2017-03-21,9619.004245314873,752.9957563671186,10372.00000168199,2
2017-03-22,9619.004245314873,770.2182700004468,10389.22251531532,2
2017-03-23,9619.004245314873,758.7611121772663,10377.765357492139,2
2017-03-24,9619.004245314873,757.2905083822402,10376.294753697113,2
2017-03-27,9619.004245314873,769.8170128216575,10388.82125813653,2
2017-03-28,9619.004245314873,870.3118865539536,10489.316131868825,2
2017-03-29,9619.004245314873,889.1242285204288,10508.1284738353,2
2017-03-30,9654.490973977054,879.0696545300234,10533.560628507077,2
2017-03-31,9654.490973977054,851.6299201868217,10506.120894163876,2
2017-04-03,9654.490973977054,853.3452437206194,10507.836217697673,2
2017-04-04,9654.490973977054,873.8725831069057,10528.36355708396,2
2017-04-05,9654.490973977054,834.9498443062839,10489.440818283338,2
2017-04-06,9654.490973977054,865.3973270909933,10519.888301068047,2
2017-04-07,9654.490973977054,856.6530675898198,10511.144041566873,2
2017-04-10,9654.490973977054,865.0287875535021,10519.519761530555,2
2017-04-11,9654.490973977054,847.7023530447186,10502.193327021772,2
2017-04-12,9654.490973977054,816.0237199765369,10470.51469395359,2
2017-04-13,9654.490973977054,753.0452457746344,10407.536219751688,2
2017-04-17,10228.046554734246,408.9913548218839,10637.037909556131,1
2017-04-18,10228.046554734246,401.51368704079925,10629.560241775045,1
2017-04-19,10228.046554734246,392.73503283819514,10620.781587572441,1
2017-04-20,10228.046554734246,434.6314416338487,10662.677996368095,1
2017-04-21,10228.046554734246,422.5034097439185,10650.549964478165,1
2017-04-24,10283.896213815764,431.52338651847197,10715.419600334237,1
2017-04-25,9843.181585634911,889.9756943191072,10733.157279954019,2
2017-04-26,9843.181585634911,887.9652955780412,10731.146881212953,2
2017-04-27,9843.181585634911,903.9395164823054,10747.121102117217,2
2017-04-28,9843.181585634911,886.2234872674605,10729.405072902371,2
2017-05-01,9843.181585634911,919.058022807425,10762.239608442336,2
2017-05-02,9843.181585634911,918.5791738962314,10761.760759531142,2
2017-05-03,9843.181585634911,913.3870000023102,10756.568585637222,2
2017-05-04,9877.886084253561,886.302971687338,10764.1890559409,2
2017-05-05,9877.886084253561,910.0655789917255,10787.951663245287,2
2017-05-08,9916.946009057265,892.8118862818953,10809.75789533916,2
2017-05-09,9916.946009057265,884.7569488616977,10801.702957918962,2
2017-05-10,9916.946009057265,889.0676409806822,10806.013650037947,2
2017-05-11,9916.946009057265,869.4101668287926,10786.356175886058,2
2017-05-12,9916.946009057265,866.6082755973307,10783.554284654596,2
2017-05-15,9916.946009057265,906.7547818904111,10823.700790947676,2
2017-05-16,9916.946009057265,901.4917909701209,10818.437800027386,2
2017-05-17,9916.946009057265,673.6707851907865,10590.616794248052,2
2017-05-18,9916.946009057265,720.9428885123416,10637.888897569606,2
2017-05-19,9916.946009057265,828.2443672339443,10745.19037629121,2
2017-05-22,9916.946009057265,902.9788164976098,10819.924825554874,2
2017-05-23,9948.124541289439,889.2974041107182,10837.421945400158,2
2017-05-24,9948.124541289439,921.6657559077718,10869.79029719721,2
2017-05-25,9983.079379000705,908.42025718472,10891.499636185425,2
2017-05-26,10020.266253870788,876.8942779375708,10897.160531808358,2
2017-05-30,10020.266253870788,866.48437214555,10886.750626016339,2
2017-05-31,10020.266253870788,865.5650656373231,10885.831319508112,2
2017-06-01,10020.266253870788,925.3912056747421,10945.65745954553,2
2017-06-02,10528.10610755455,435.3356207430696,10963.44172829762,1
2017-06-05,10085.166005939092,872.5838961905301,10957.749902129623,2
2017-06-06,10085.166005939092,846.8473092986983,10932.013315237791,2
2017-06-07,10085.166005939092,862.3853572748269,10947.55136321392,2
2017-06-08,10085.166005939092,872.4091279085483,10957.57513384764,2
2017-06-09,10085.166005939092,857.3743626622136,10942.540368601305,2
2017-06-12,10085.166005939092,843.7532124387619,10928.919218377854,2
2017-06-13,10085.166005939092,900.6027783411337,10985.768784280226,2
2017-06-14,10085.166005939092,893.2921441385851,10978.458150077677,2
2017-06-15,10085.166005939092,876.2964192781018,10961.462425217194,2
2017-06-16,10085.166005939092,893.3515523241244,10978.517558263216,2
2017-06-19,10598.662387609673,433.66571159198025,11032.328099201653,1
2017-06-20,10163.927933507688,838.5501518600822,11002.47808536777,2
2017-06-21,10163.927933507688,839.3328051688112,11003.2607386765,2
2017-06-22,10163.927933507688,844.6395376827406,11008.567471190428,2
2017-06-23,10163.927933507688,869.1185010993988,11033.046434607088,2
2017-06-26,10163.927933507688,882.7858580747318,11046.71379158242,2
2017-06-27,10163.927933507688,794.9586515639296,10958.886585071617,2
2017-06-28,10163.927933507688,890.7625554560221,11054.69048896371,2
2017-06-29,10163.927933507688,794.7690918319488,10958.697025339638,2
2017-06-30,10163.927933507688,817.3407010856251,10981.268634593313,2
2017-07-03,10163.927933507688,848.3210447610736,11012.248978268763,2
2017-07-05,10163.927933507688,872.3012428840643,11036.229176391753,2
2017-07-06,10163.927933507688,760.552591540192,10924.48052504788,2
2017-07-07,10163.927933507688,854.5381836987357,11018.466117206424,2
2017-07-10,10163.927933507688,881.8422276149273,11045.770161122615,2
2017-07-11,10163.927933507688,885.9182892707258,11049.846222778415,2
2017-07-12,10677.277607230257,434.6095554890848,11111.887162719342,1
2017-07-13,10245.025481123885,877.6926642534075,11122.718145377292,2
2017-07-14,10245.025481123885,916.3367325877489,11161.362213711633,2
2017-07-17,10245.025481123885,917.1389400328957,11162.16442115678,2
2017-07-18,10245.025481123885,921.5078740177883,11166.533355141673,2
2017-07-19,10750.676810753634,440.05241002443915,11190.729220778072,1
2017-07-20,10307.14815209759,885.3532522437681,11192.501404341358,2
2017-07-21,10307.14815209759,890.769343290139,11197.91749538773,2
2017-07-24,10307.14815209759,890.1442935025075,11197.292445600098,2
2017-07-25,10307.14815209759,911.3192277204736,11218.467379818065,2
2017-07-26,10307.14815209759,912.1056855572463,11219.253837654836,2
2017-07-27,10307.14815209759,898.1967669834883,11205.344919081079,2
2017-07-28,10307.14815209759,888.9102303354097,11196.058382433,2
2017-07-31,10307.14815209759,895.519389256326,11202.667541353916,2
2017-08-01,10307.14815209759,918.3333400501368,11225.481492147726,2
2017-08-02,10307.14815209759,921.2810640794905,11228.42921617708,2
2017-08-03,10307.14815209759,908.967425239595,11216.115577337185,2
2017-08-04,10307.14815209759,932.3630147413103,11239.5111668389,2
2017-08-07,10823.374952125721,434.06980918403093,11257.444761309753,1
2017-08-08,10394.233762634389,843.0617607188626,11237.295523353252,2
2017-08-09,10394.233762634389,839.8770420115522,11234.110804645941,2
2017-08-10,10394.233762634389,651.8471998502157,11046.080962484604,2
2017-08-11,10394.233762634389,668.794141817235,11063.027904451625,2
2017-08-14,10394.233762634389,804.7217682394855,11198.955530873875,2
2017-08-15,10394.233762634389,809.6369845362733,11203.870747170662,2
2017-08-16,10394.233762634389,830.3680164100385,11224.601779044428,2
2017-08-17,10394.233762634389,639.5108088612019,11033.74457149559,2
2017-08-18,10394.233762634389,636.0010767964852,11030.234839430874,2
2017-08-21,10394.233762634389,665.6618733496344,11059.895635984023,2
2017-08-22,10394.233762634389,806.0433793964709,11200.27714203086,2
2017-08-23,10394.233762634389,757.2727356806947,11151.506498315084,2
2017-08-24,10394.233762634389,738.6169864652682,11132.850749099656,2
2017-08-25,10394.233762634389,779.7409536945246,11173.974716328914,2
2017-08-28,10394.233762634389,801.1913011628707,11195.42506379726,2
2017-08-29,10394.233762634389,810.2453074298064,11204.479070064195,2
2017-08-30,10394.233762634389,875.9242664698629,11270.158029104252,2
2017-08-31,10437.655934114495,892.8786776822348,11330.53461179673,2
2017-09-01,10473.907054100822,880.4791857660879,11354.38623986691,2
2017-09-05,10473.907054100822,791.8701046873135,11265.777158788136,2
2017-09-06,10473.907054100822,831.1212464269776,11305.0283005278,2
2017-09-07,10473.907054100822,834.6451862289555,11308.552240329778,2
2017-09-08,10473.907054100822,814.8720777243486,11288.779131825171,2
2017-09-11,10473.907054100822,924.4477104851978,11398.35476458602,2
2017-09-12,10981.999557824562,433.56716469441386,11415.566722518975,1
2017-09-13,10544.284818110975,875.04179530846,11419.326613419435,2
2017-09-14,10544.284818110975,872.018795089642,11416.303613200616,2
2017-09-15,10544.284818110975,892.3008079970724,11436.585626108048,2
2017-09-18,10544.284818110975,909.5861509606543,11453.87096907163,2
2017-09-19,10544.284818110975,917.8669830556812,11462.151801166656,2
2017-09-20,10544.284818110975,931.883505102335,11476.16832321331,2
2017-09-21,10544.284818110975,921.4394256414064,11465.724243752382,2
2017-09-22,10544.284818110975,929.6194133943543,11473.904231505328,2
2017-09-25,10544.284818110975,915.1408784351103,11459.425696546085,2
2017-09-26,10544.284818110975,920.2410008802358,11464.525818991211,2
2017-09-27,11048.657922316921,441.98910961078843,11490.647031927709,1
2017-09-28,10611.11028087075,886.8401498569365,11497.950430727686,2
2017-09-29,10611.11028087075,912.0192410561389,11523.129521926889,2
2017-10-02,10647.600333604665,900.0404689237848,11547.64080252845,2
2017-10-03,10673.330281791206,885.1223821678416,11558.452663959048,2
2017-10-04,10673.330281791206,892.7269116276108,11566.057193418817,2
2017-10-05,10696.789859031198,908.7684761840195,11605.558335215217,2
2017-10-06,10696.789859031198,894.4826476924696,11591.272506723668,2
2017-10-09,10696.789859031198,875.9729341289044,11572.762793160102,2
2017-10-10,10696.789859031198,899.0960133878813,11595.88587241908,2
2017-10-11,10696.789859031198,917.0910374196806,11613.880896450879,2
2017-10-12,10696.789859031198,909.4022627360071,11606.192121767204,2
2017-10-13,10730.002119648014,887.522268093911,11617.524387741925,2
2017-10-16,10730.002119648014,900.9797428939648,11630.98186254198,2
2017-10-17,10730.002119648014,899.7433432534604,11629.745462901474,2
2017-10-18,10730.002119648014,912.5285884927783,11642.530708140792,2
2017-10-19,10730.002119648014,918.1723897122345,11648.174509360248,2
2017-10-20,10771.824340566089,903.369641654808,11675.193982220897,2
2017-10-23,10771.824340566089,864.4097013644906,11636.23404193058,2
2017-10-24,10771.824340566089,876.4570040611104,11648.2813446272,2
2017-10-25,10771.824340566089,845.9957837943302,11617.82012436042,2
2017-10-26,10771.824340566089,857.4908155153214,11629.31515608141,2
2017-10-27,10820.755939752586,886.3476969050112,11707.103636657597,2
2017-10-30,10820.755939752586,857.1521171854112,11677.908056937997,2
2017-10-31,10820.755939752586,874.4905802372809,11695.246519989867,2
2017-11-01,10820.755939752586,888.3903581676387,11709.146297920224,2
2017-11-02,10820.755939752586,898.9143836983583,11719.670323450944,2
2017-11-03,10861.317504532431,892.8952217272292,11754.21272625966,2
2017-11-06,10861.317504532431,903.4773133045134,11764.794817836944,2
2017-11-07,10861.317504532431,894.390311444977,11755.707815977408,2
2017-11-08,10889.253206450821,878.8862355615913,11768.139442012412,2
2017-11-09,10889.253206450821,837.275191694602,11726.528398145423,2
2017-11-10,10889.253206450821,815.624969193929,11704.87817564475,2
2017-11-13,10889.253206450821,828.5501892502278,11717.803395701048,2
2017-11-14,10889.253206450821,811.1085034843746,11700.361709935196,2
2017-11-15,10889.253206450821,736.3965733744564,11625.649779825279,2
2017-11-16,10889.253206450821,836.630655023743,11725.883861474564,2
2017-11-17,10889.253206450821,825.53578118766,11714.788987638482,2
2017-11-20,10889.253206450821,866.1892472775406,11755.442453728361,2
2017-11-21,10929.974051125713,891.4189474684714,11821.392998594185,2
2017-11-22,10929.974051125713,886.2727783289706,11816.246829454683,2
2017-11-24,10965.45617727736,872.6951386577759,11838.151315935136,2
2017-11-27,10965.45617727736,873.5219321589186,11838.978109436279,2
2017-11-28,10994.366989154556,898.3097732270289,11892.676762381585,2
2017-11-29,10994.366989154556,884.4911954504436,11878.858184605,2
2017-11-30,11028.993773607783,881.1382192502208,11910.131992858003,2
2017-12-01,11028.993773607783,868.8971473392303,11897.890920947013,2
2017-12-04,11028.993773607783,866.212336668962,11895.206110276744,2
2017-12-05,11028.993773607783,851.5582451139223,11880.552018721704,2
2017-12-06,11028.993773607783,860.639120421238,11889.63289402902,2
2017-12-07,11028.993773607783,901.9424122828502,11930.936185890632,2
2017-12-08,11537.308604281663,432.2925184154897,11969.601122697153,1
2017-12-11,11104.369745220445,881.4764753620352,11985.84622058248,2
2017-12-12,11104.369745220445,880.5455038154747,11984.91524903592,2
2017-12-13,11104.369745220445,874.1676591932239,11978.53740441367,2
2017-12-14,11104.369745220445,840.4128024350073,11944.782547655452,2
2017-12-15,11133.125566383082,894.2175750678316,12027.343141450914,2
2017-12-18,11172.032512422393,887.4976723516529,12059.530184774045,2
2017-12-19,11172.032512422393,856.1225208114654,12028.155033233857,2
2017-12-20,11172.032512422393,859.9808298661924,12032.013342288585,2
2017-12-21,11172.032512422393,879.5149659628518,12051.547478385244,2
2017-12-22,11172.032512422393,872.6690691455074,12044.7015815679,2
2017-12-26,11172.032512422393,869.9178038592606,12041.950316281653,2
2017-12-27,11172.032512422393,874.5723115445082,12046.604823966902,2
2017-12-28,11172.032512422393,897.2699194282673,12069.30243185066,2
2017-12-29,11172.032512422393,843.7598263317802,12015.792338754172,2
2018-01-02,11218.58456479899,892.9216420906322,12111.506206889622,2
2018-01-03,11261.115850335404,899.2708553054872,12160.38670564089,2
2018-01-04,11292.261435250239,888.5083620817555,12180.769797331994,2
2018-01-05,11323.9541193759,895.687882355568,12219.642001731467,2
2018-01-08,11323.9541193759,906.3019179034613,12230.256037279361,2
2018-01-09,11323.9541193759,904.2813360986095,12228.235455474509,2
2018-01-10,11323.9541193759,906.3145736529476,12230.268693028847,2
2018-01-11,11368.703385278848,895.3054367429222,12264.00882202177,2
2018-01-12,11415.555482186785,877.9071727420652,12293.46265492885,2
2018-01-16,11415.555482186785,832.3095282971699,12247.865010483954,2
2018-01-17,11415.555482186785,889.967041827837,12305.522524014621,2
2018-01-18,11415.555482186785,878.2216160983198,12293.777098285103,2
2018-01-19,11452.343122826753,882.3193535122443,12334.662476338997,2
2018-01-22,11502.413717567466,882.481645458105,12384.895363025571,2
2018-01-23,11502.413717567466,895.6751290938525,12398.088846661318,2
2018-01-24,11502.413717567466,888.1801882338341,12390.5939058013,2
2018-01-25,11502.413717567466,892.2152745564833,12394.62899212395,2
2018-01-26,12017.524349276988,433.1641854122594,12450.688534689247,1
2018-01-29,11597.947765991328,805.4988958510083,12403.446661842336,2
2018-01-30,11597.947765991328,715.4923376254565,12313.440103616784,2
2018-01-31,11597.947765991328,739.8559515374566,12337.803717528785,2
2018-02-01,11597.947765991328,738.0686992325949,12336.016465223924,2
2018-02-02,11597.947765991328,526.4459007369467,12124.393666728274,2
2018-02-05,11597.947765991328,337.0451449965685,11934.992910987898,2
2018-02-06,11597.947765991328,383.81726945291064,11981.76503544424,2
2018-02-07,11597.947765991328,348.5392741795948,11946.487040170923,2
2018-02-08,11597.947765991328,215.18807157301296,11813.135837564341,2
2018-02-09,11597.947765991328,238.0717221319486,11836.019488123276,2
2018-02-12,11597.947765991328,264.32211221600994,11862.269878207338,2
2018-02-13,11597.947765991328,268.65700780788586,11866.604773799214,2
2018-02-14,11597.947765991328,310.119914331284,11908.067680322612,2
2018-02-15,11597.947765991328,410.2451936639028,12008.19295965523,2
2018-02-16,11597.947765991328,411.3669214098721,12009.3146874012,2
2018-02-20,11597.947765991328,339.24929671511563,11937.197062706444,2
2018-02-21,11597.947765991328,272.96476458408847,11870.912530575417,2
2018-02-22,11597.947765991328,259.62757552655944,11857.575341517888,2
2018-02-23,11597.947765991328,434.7878269445033,12032.735592935831,2
2018-02-26,11597.947765991328,633.7653931354964,12231.713159126824,2
2018-02-27,11597.947765991328,386.349072963381,11984.29683895471,2
2018-02-28,11597.947765991328,199.90602045357946,11797.853786444908,2
2018-03-01,11597.947765991328,78.46252778163603,11676.410293772964,2
2018-03-02,11663.344826457876,73.04056889989567,11736.385395357773,1
2018-03-05,11753.167657234717,0,11753.167657234717,0
2018-03-06,11753.167657234717,0,11753.167657234717,0
2018-03-07,11753.167657234717,0,11753.167657234717,0
2018-03-08,11753.167657234717,0,11753.167657234717,0
2018-03-09,11334.429193537668,417.0147635520177,11751.443957089685,1
2018-03-12,10918.994087431167,822.9074864490465,11741.901573880214,2
2018-03-13,10918.994087431167,780.7325023058219,11699.726589736989,2
2018-03-14,10918.994087431167,735.7238219054275,11654.717909336594,2
2018-03-15,10918.994087431167,741.6249692772396,11660.619056708407,2
2018-03-16,10918.994087431167,767.0634696747832,11686.05755710595,2
2018-03-19,10918.994087431167,636.84199771307,11555.836085144238,2
2018-03-20,10918.994087431167,656.6959053844755,11575.689992815642,2
2018-03-21,10918.994087431167,647.5000522776795,11566.494139708846,2
2018-03-22,10918.994087431167,442.7212680284029,11361.71535545957,2
2018-03-23,10918.994087431167,314.44513542310517,11233.439222854273,2
2018-03-26,10918.994087431167,475.68464084244226,11394.67872827361,2
2018-03-27,10918.994087431167,342.9624504623632,11261.95653789353,2
2018-03-28,10918.994087431167,319.519449646981,11238.513537078148,2
2018-03-29,10918.994087431167,409.530582247541,11328.524669678707,2
2018-04-02,10918.994087431167,227.24198161961624,11146.236069050783,2
2018-04-03,10918.994087431167,295.30014390120414,11214.294231332371,2
2018-04-04,10918.994087431167,398.05689554252695,11317.050982973695,2
2018-04-05,10918.994087431167,473.23677142161245,11392.23085885278,2
2018-04-06,10918.994087431167,230.6001371689149,11149.594224600081,2
2018-04-09,10918.994087431167,213.9326916586242,11132.92677908979,2
2018-04-10,10918.994087431167,414.0121796143248,11333.006267045492,2
2018-04-11,10918.994087431167,295.0731073523343,11214.067194783502,2
2018-04-12,10918.994087431167,429.2032755767494,11348.197363007916,2
2018-04-13,11063.256112015368,214.37802259388405,11277.634134609252,1
2018-04-16,11526.221884815119,0,11526.221884815119,0
2018-04-17,11526.221884815119,0,11526.221884815119,0
2018-04-18,11526.221884815119,0,11526.221884815119,0
2018-04-19,11526.221884815119,0,11526.221884815119,0
2018-04-20,11526.221884815119,0,11526.221884815119,0
2018-04-23,11526.221884815119,0,11526.221884815119,0
2018-04-24,11526.221884815119,0,11526.221884815119,0
2018-04-25,11526.221884815119,0,11526.221884815119,0
2018-04-26,11526.221884815119,0,11526.221884815119,0
2018-04-27,11526.221884815119,0,11526.221884815119,0
2018-04-30,11526.221884815119,0,11526.221884815119,0
2018-05-01,11526.221884815119,0,11526.221884815119,0
2018-05-02,11526.221884815119,0,11526.221884815119,0
2018-05-03,11526.221884815119,0,11526.221884815119,0
2018-05-04,11526.221884815119,0,11526.221884815119,0
2018-05-07,11526.221884815119,0,11526.221884815119,0
2018-05-08,11526.221884815119,0,11526.221884815119,0
2018-05-09,11526.221884815119,0,11526.221884815119,0
2018-05-10,11526.221884815119,0,11526.221884815119,0
2018-05-11,11526.221884815119,0,11526.221884815119,0
2018-05-14,11526.221884815119,0,11526.221884815119,0
2018-05-15,11526.221884815119,0,11526.221884815119,0
2018-05-16,11526.221884815119,0,11526.221884815119,0
2018-05-17,11526.221884815119,0,11526.221884815119,0
2018-05-18,11526.221884815119,0,11526.221884815119,0
2018-05-21,11526.221884815119,0,11526.221884815119,0
2018-05-22,11526.221884815119,0,11526.221884815119,0
2018-05-23,11526.221884815119,0,11526.221884815119,0
2018-05-24,11526.221884815119,0,11526.221884815119,0
2018-05-25,11526.221884815119,0,11526.221884815119,0
2018-05-29,11526.221884815119,0,11526.221884815119,0
2018-05-30,11526.221884815119,0,11526.221884815119,0
2018-05-31,11526.221884815119,0,11526.221884815119,0
2018-06-01,11526.221884815119,0,11526.221884815119,0
2018-06-04,11526.221884815119,0,11526.221884815119,0
2018-06-05,11526.221884815119,0,11526.221884815119,0
2018-06-06,11526.221884815119,0,11526.221884815119,0
2018-06-07,11526.221884815119,0,11526.221884815119,0
2018-06-08,11526.221884815119,0,11526.221884815119,0
2018-06-11,11526.221884815119,0,11526.221884815119,0
2018-06-12,11526.221884815119,0,11526.221884815119,0
2018-06-13,11526.221884815119,0,11526.221884815119,0
2018-06-14,11526.221884815119,0,11526.221884815119,0
2018-06-15,11526.221884815119,0,11526.221884815119,0
2018-06-18,11526.221884815119,0,11526.221884815119,0
2018-06-19,11526.221884815119,0,11526.221884815119,0
2018-06-20,11526.221884815119,0,11526.221884815119,0
2018-06-21,11526.221884815119,0,11526.221884815119,0
2018-06-22,11526.221884815119,0,11526.221884815119,0
2018-06-25,11526.221884815119,0,11526.221884815119,0
2018-06-26,11526.221884815119,0,11526.221884815119,0
2018-06-27,11526.221884815119,0,11526.221884815119,0
2018-06-28,11526.221884815119,0,11526.221884815119,0
2018-06-29,11526.221884815119,0,11526.221884815119,0
2018-07-02,11526.221884815119,0,11526.221884815119,0
2018-07-03,11526.221884815119,0,11526.221884815119,0
2018-07-05,11526.221884815119,0,11526.221884815119,0
2018-07-06,11526.221884815119,0,11526.221884815119,0
2018-07-09,11526.221884815119,0,11526.221884815119,0
2018-07-10,11526.221884815119,0,11526.221884815119,0
2018-07-11,11526.221884815119,0,11526.221884815119,0
2018-07-12,11526.221884815119,0,11526.221884815119,0
2018-07-13,11526.221884815119,0,11526.221884815119,0
2018-07-16,11526.221884815119,0,11526.221884815119,0
2018-07-17,11526.221884815119,0,11526.221884815119,0
2018-07-18,11526.221884815119,0,11526.221884815119,0
2018-07-19,11526.221884815119,0,11526.221884815119,0
2018-07-20,11526.221884815119,0,11526.221884815119,0
2018-07-23,11526.221884815119,0,11526.221884815119,0
2018-07-24,11526.221884815119,0,11526.221884815119,0
2018-07-25,11526.221884815119,0,11526.221884815119,0
2018-07-26,11526.221884815119,0,11526.221884815119,0
2018-07-27,11526.221884815119,0,11526.221884815119,0
2018-07-30,11526.221884815119,0,11526.221884815119,0
2018-07-31,11526.221884815119,0,11526.221884815119,0
2018-08-01,11526.221884815119,0,11526.221884815119,0
2018-08-02,11526.221884815119,0,11526.221884815119,0
2018-08-03,11526.221884815119,0,11526.221884815119,0
2018-08-06,11526.221884815119,0,11526.221884815119,0
2018-08-07,11526.221884815119,0,11526.221884815119,0
2018-08-08,11526.221884815119,0,11526.221884815119,0
2018-08-09,11526.221884815119,0,11526.221884815119,0
2018-08-10,11526.221884815119,0,11526.221884815119,0
2018-08-13,11526.221884815119,0,11526.221884815119,0
2018-08-14,11526.221884815119,0,11526.221884815119,0
2018-08-15,11526.221884815119,0,11526.221884815119,0
2018-08-16,11526.221884815119,0,11526.221884815119,0
2018-08-17,11526.221884815119,0,11526.221884815119,0
2018-08-20,11526.221884815119,0,11526.221884815119,0
2018-08-21,11526.221884815119,0,11526.221884815119,0
2018-08-22,11526.221884815119,0,11526.221884815119,0
2018-08-23,11526.221884815119,0,11526.221884815119,0
2018-08-24,11526.221884815119,0,11526.221884815119,0
2018-08-27,11526.221884815119,0,11526.221884815119,0
2018-08-28,11526.221884815119,0,11526.221884815119,0
2018-08-29,11526.221884815119,0,11526.221884815119,0
2018-08-30,11526.221884815119,0,11526.221884815119,0
2018-08-31,11526.221884815119,0,11526.221884815119,0
2018-09-04,11526.221884815119,0,11526.221884815119,0
2018-09-05,11526.221884815119,0,11526.221884815119,0
2018-09-06,11526.221884815119,0,11526.221884815119,0
2018-09-07,11526.221884815119,0,11526.221884815119,0
2018-09-10,11526.221884815119,0,11526.221884815119,0
2018-09-11,11526.221884815119,0,11526.221884815119,0
2018-09-12,11526.221884815119,0,11526.221884815119,0
2018-09-13,11526.221884815119,0,11526.221884815119,0
2018-09-14,11526.221884815119,0,11526.221884815119,0
2018-09-17,11526.221884815119,0,11526.221884815119,0
2018-09-18,11526.221884815119,0,11526.221884815119,0
2018-09-19,11526.221884815119,0,11526.221884815119,0
2018-09-20,11526.221884815119,0,11526.221884815119,0
2018-09-21,11526.221884815119,0,11526.221884815119,0
2018-09-24,11526.221884815119,0,11526.221884815119,0
2018-09-25,11526.221884815119,0,11526.221884815119,0
2018-09-26,11526.221884815119,0,11526.221884815119,0
2018-09-27,11526.221884815119,0,11526.221884815119,0
2018-09-28,11526.221884815119,0,11526.221884815119,0
2018-10-01,11526.221884815119,0,11526.221884815119,0
2018-10-02,11526.221884815119,0,11526.221884815119,0
2018-10-03,11526.221884815119,0,11526.221884815119,0
2018-10-04,11526.221884815119,0,11526.221884815119,0
2018-10-05,11526.221884815119,0,11526.221884815119,0
2018-10-08,11526.221884815119,0,11526.221884815119,0
2018-10-09,11526.221884815119,0,11526.221884815119,0
2018-10-10,11526.221884815119,0,11526.221884815119,0
2018-10-11,11526.221884815119,0,11526.221884815119,0
2018-10-12,11526.221884815119,0,11526.221884815119,0
2018-10-15,11526.221884815119,0,11526.221884815119,0
2018-10-16,11526.221884815119,0,11526.221884815119,0
2018-10-17,11526.221884815119,0,11526.221884815119,0
2018-10-18,11526.221884815119,0,11526.221884815119,0
2018-10-19,11526.221884815119,0,11526.221884815119,0
2018-10-22,11526.221884815119,0,11526.221884815119,0
2018-10-23,11526.221884815119,0,11526.221884815119,0
2018-10-24,11526.221884815119,0,11526.221884815119,0
2018-10-25,11526.221884815119,0,11526.221884815119,0
2018-10-26,11526.221884815119,0,11526.221884815119,0
2018-10-29,11526.221884815119,0,11526.221884815119,0
2018-10-30,11526.221884815119,0,11526.221884815119,0
2018-10-31,11526.221884815119,0,11526.221884815119,0
2018-11-01,11526.221884815119,0,11526.221884815119,0
2018-11-02,11526.221884815119,0,11526.221884815119,0
2018-11-05,11526.221884815119,0,11526.221884815119,0
2018-11-06,11526.221884815119,0,11526.221884815119,0
2018-11-07,11526.221884815119,0,11526.221884815119,0
2018-11-08,11526.221884815119,0,11526.221884815119,0
2018-11-09,11526.221884815119,0,11526.221884815119,0
2018-11-12,11526.221884815119,0,11526.221884815119,0
2018-11-13,11526.221884815119,0,11526.221884815119,0
2018-11-14,11526.221884815119,0,11526.221884815119,0
2018-11-15,11526.221884815119,0,11526.221884815119,0
2018-11-16,11526.221884815119,0,11526.221884815119,0
2018-11-19,11526.221884815119,0,11526.221884815119,0
2018-11-20,11526.221884815119,0,11526.221884815119,0
2018-11-21,11526.221884815119,0,11526.221884815119,0
2018-11-23,11526.221884815119,0,11526.221884815119,0
2018-11-26,11526.221884815119,0,11526.221884815119,0
2018-11-27,11526.221884815119,0,11526.221884815119,0
2018-11-28,11526.221884815119,0,11526.221884815119,0
2018-11-29,11526.221884815119,0,11526.221884815119,0
2018-11-30,11526.221884815119,0,11526.221884815119,0
2018-12-03,11526.221884815119,0,11526.221884815119,0
2018-12-04,11526.221884815119,0,11526.221884815119,0
2018-12-06,11526.221884815119,0,11526.221884815119,0
2018-12-07,11526.221884815119,0,11526.221884815119,0
2018-12-10,11526.221884815119,0,11526.221884815119,0
2018-12-11,11526.221884815119,0,11526.221884815119,0
2018-12-12,11526.221884815119,0,11526.221884815119,0
2018-12-13,11526.221884815119,0,11526.221884815119,0
2018-12-14,11526.221884815119,0,11526.221884815119,0
2018-12-17,11526.221884815119,0,11526.221884815119,0
2018-12-18,11526.221884815119,0,11526.221884815119,0
2018-12-19,11526.221884815119,0,11526.221884815119,0
2018-12-20,11526.221884815119,0,11526.221884815119,0
2018-12-21,11526.221884815119,0,11526.221884815119,0
2018-12-24,11526.221884815119,0,11526.221884815119,0
2018-12-26,11526.221884815119,0,11526.221884815119,0
2018-12-27,11526.221884815119,0,11526.221884815119,0
2018-12-28,11526.221884815119,0,11526.221884815119,0
2018-12-31,11526.221884815119,0,11526.221884815119,0
2019-01-02,11526.221884815119,0,11526.221884815119,0
2019-01-03,11526.221884815119,0,11526.221884815119,0
2019-01-04,11526.221884815119,0,11526.221884815119,0
2019-01-07,11526.221884815119,0,11526.221884815119,0
2019-01-08,11526.221884815119,0,11526.221884815119,0
2019-01-09,11526.221884815119,0,11526.221884815119,0
2019-01-10,11526.221884815119,0,11526.221884815119,0
2019-01-11,11526.221884815119,0,11526.221884815119,0
2019-01-14,11526.221884815119,0,11526.221884815119,0
2019-01-15,11526.221884815119,0,11526.221884815119,0
2019-01-16,11526.221884815119,0,11526.221884815119,0
2019-01-17,11109.449306503691,415.54917338063007,11524.998479884322,1
2019-01-18,10687.96791300741,864.8841708827003,11552.85208389011,2
2019-01-22,10687.96791300741,775.8024055950174,11463.770318602426,2
2019-01-23,10687.96791300741,805.451601786757,11493.419514794166,2
2019-01-24,10687.96791300741,823.8631953485623,11511.831108355971,2
2019-01-25,10687.96791300741,884.8887039357453,11572.856616943154,2
2019-01-28,10687.96791300741,843.0903823450241,11531.058295352434,2
2019-01-29,10687.96791300741,837.0742924895599,11525.04220549697,2
2019-01-30,10745.540296642073,863.2780113736814,11608.818308015754,2
2019-01-31,10794.377550157948,861.7160681455364,11656.093618303485,2
2019-02-01,10794.377550157948,874.961932858927,11669.339483016875,2
2019-02-04,10838.102859892908,869.3149424860987,11707.417802379006,2
2019-02-05,10874.721576931988,854.9879244516817,11729.70950138367,2
2019-02-06,10874.721576931988,850.292472824464,11725.014049756452,2
2019-02-07,10874.721576931988,786.764279679123,11661.48585661111,2
2019-02-08,10874.721576931988,803.6368482367976,11678.358425168786,2
2019-02-11,10874.721576931988,813.9832744801349,11688.704851412123,2
2019-02-12,10874.721576931988,892.1079424982283,11766.829519430217,2
2019-02-13,10874.721576931988,905.090413923665,11779.811990855653,2
2019-02-14,10874.721576931988,889.7533069241824,11764.47488385617,2
2019-02-15,11396.10192339616,424.0731321450699,11820.175055541229,1
2019-02-19,10976.805107268592,852.7249442436702,11829.530051512262,2
2019-02-20,10976.805107268592,879.0461456931929,11855.851252961786,2
2019-02-21,10976.805107268592,857.0052427583857,11833.810350026977,2
2019-02-22,10976.805107268592,906.7457114007973,11883.55081866939,2
2019-02-25,10976.805107268592,901.0515739623163,11877.856681230909,2
2019-02-26,10976.805107268592,896.5548833259354,11873.359990594527,2
2019-02-27,10976.805107268592,905.1248914083424,11881.929998676935,2
2019-02-28,10976.805107268592,895.1769437673368,11871.98205103593,2
2019-03-01,11493.589888397846,422.77152885019797,11916.361417248045,1
2019-03-04,11069.586785946321,829.5087725224923,11899.095558468814,2
2019-03-05,11069.586785946321,824.1678700554829,11893.754656001804,2
2019-03-06,11069.586785946321,770.8532014207549,11840.439987367077,2
2019-03-07,11069.586785946321,706.3220663809539,11775.908852327275,2
2019-03-08,11069.586785946321,699.4698241479831,11769.056610094305,2
2019-03-11,11069.586785946321,837.8161732328213,11907.402959179142,2
2019-03-12,11069.586785946321,869.2339980653028,11938.820784011625,2
2019-03-13,11108.453437269538,872.9861390352073,11981.439576304745,2
2019-03-14,11108.453437269538,870.2636050294132,11978.717042298951,2
2019-03-15,11151.684313521897,863.2270867204877,12014.911400242385,2
2019-03-18,11151.684313521897,886.704737348311,12038.389050870208,2
2019-03-19,11151.684313521897,881.0361134986209,12032.720427020518,2
2019-03-20,11151.684313521897,862.9913215503304,12014.675635072228,2
2019-03-21,11194.987893386608,874.2020399150344,12069.189933301643,2
2019-03-22,11194.987893386608,717.759105088784,11912.746998475392,2
2019-03-25,11194.987893386608,721.1469215078878,11916.134814894496,2
2019-03-26,11194.987893386608,797.719568696138,11992.707462082746,2
2019-03-27,11194.987893386608,761.0727234201634,11956.060616806772,2
2019-03-28,11194.987893386608,801.3143845205431,11996.30227790715,2
2019-03-29,11194.987893386608,860.7959290840895,12055.783822470697,2
2019-04-01,11246.52998054945,878.9619978271702,12125.49197837662,2
2019-04-02,11246.52998054945,883.1991343761489,12129.7291149256,2
2019-04-03,11246.52998054945,891.0182403634794,12137.54822091293,2
2019-04-04,11285.674106787812,864.9056377815264,12150.579744569339,2
2019-04-05,11285.674106787812,903.6504303339891,12189.324537121802,2
2019-04-08,11285.674106787812,911.1012949261444,12196.775401713956,2
2019-04-09,11285.674106787812,866.8288738213246,12152.502980609137,2
2019-04-10,11285.674106787812,904.193004497874,12189.867111285686,2
2019-04-11,11326.604641560838,868.4735752620388,12195.078216822876,2
2019-04-12,11369.941349096509,875.1702199509295,12245.111569047438,2
2019-04-15,11369.941349096509,874.3095144954016,12244.250863591911,2
2019-04-16,11369.941349096509,882.8953455050196,12252.836694601529,2
2019-04-17,11369.941349096509,865.0915408897833,12235.032889986293,2
2019-04-18,11369.941349096509,887.1937460598274,12257.135095156336,2
2019-04-22,11406.274866495458,862.2659427268022,12268.54080922226,2
2019-04-23,11449.738107292349,867.8460962635236,12317.584203555873,2
2019-04-24,11449.738107292349,841.7751868579796,12291.513294150329,2
2019-04-25,11449.738107292349,840.4239147058853,12290.162021998234,2
2019-04-26,11449.738107292349,879.2286184850011,12328.96672577735,2
2019-04-29,11449.738107292349,887.3778980236245,12337.116005315973,2
2019-04-30,11449.738107292349,895.2970572171778,12345.035164509527,2
2019-05-01,11449.738107292349,828.1978854260021,12277.93599271835,2
2019-05-02,11449.738107292349,824.648043627031,12274.38615091938,2
2019-05-03,11488.406975386117,868.2809174976896,12356.687892883807,2
2019-05-06,11488.406975386117,807.1757901935919,12295.58276557971,2
2019-05-07,11488.406975386117,646.1284916957112,12134.535467081829,2
2019-05-08,11488.406975386117,635.8530863727892,12124.260061758905,2
2019-05-09,11488.406975386117,616.8318090439783,12105.238784430096,2
2019-05-10,11488.406975386117,676.9708646929466,12165.377840079063,2
2019-05-13,11488.406975386117,443.2263694339241,11931.63334482004,2
2019-05-14,11488.406975386117,513.432304483588,12001.839279869704,2
2019-05-15,11488.406975386117,579.7226194273364,12068.129594813454,2
2019-05-16,11488.406975386117,689.6875780327257,12178.094553418843,2
2019-05-17,11488.406975386117,620.9259553956756,12109.332930781793,2
2019-05-20,11488.406975386117,539.9342949820905,12028.341270368208,2
2019-05-21,11488.406975386117,669.739566207084,12158.1465415932,2
2019-05-22,11488.406975386117,636.6444872847985,12125.051462670915,2
2019-05-23,11488.406975386117,442.5832565288857,11930.990231915002,2
2019-05-24,11488.406975386117,456.64797143342497,11945.054946819542,2
2019-05-28,11567.561873067834,179.12933681132586,11746.69120987916,1
2019-05-29,11567.561873067834,133.84707093107977,11701.408943998915,1
2019-05-30,11567.561873067834,137.058687321732,11704.620560389567,1
2019-05-31,11567.561873067834,67.78784794234411,11635.349721010178,1
2019-06-03,11567.561873067834,28.952359852615928,11596.51423292045,1
2019-06-04,11567.561873067834,124.68820905335463,11692.250082121189,1
2019-06-05,11567.561873067834,205.3806462412112,11772.942519309045,1
2019-06-06,11567.561873067834,311.246415380414,11878.808288448248,1
2019-06-07,11723.57584110896,416.1740215250894,12139.74986263405,1
2019-06-10,11300.594051159027,856.0294121022075,12156.623463261234,2
2019-06-11,11300.594051159027,856.7783003945729,12157.3723515536,2
2019-06-12,11300.594051159027,851.4945717297511,12152.088622888778,2
2019-06-13,11300.594051159027,875.373094356948,12175.967145515975,2
2019-06-14,11300.594051159027,879.882930699548,12180.476981858576,2
2019-06-17,11300.594051159027,893.8813764840935,12194.475427643121,2
2019-06-18,11814.193484989933,418.4626924050505,12232.656177394983,1
2019-06-19,11388.582564607506,858.1599356232299,12246.742500230735,2
2019-06-20,11388.582564607506,896.6853108628288,12285.267875470336,2
2019-06-21,11388.582564607506,884.4478425902686,12273.030407197775,2
2019-06-24,11388.582564607506,889.0533866345752,12277.635951242082,2
2019-06-25,11388.582564607506,829.7618880600055,12218.344452667512,2
2019-06-26,11388.582564607506,827.6375558533083,12216.220120460815,2
2019-06-27,11388.582564607506,858.3685939021582,12246.951158509664,2
2019-06-28,11388.582564607506,901.1371834931721,12289.719748100679,2
2019-07-01,11914.722561404731,422.74470776896004,12337.46726917369,1
2019-07-02,11491.815611007365,863.493568074296,12355.309179081662,2
2019-07-03,11524.653219483607,873.8545961539123,12398.50781563752,2
2019-07-05,11524.653219483607,856.5678575290783,12381.221077012686,2
2019-07-08,11524.653219483607,824.7376454872331,12349.390864970841,2
2019-07-09,11524.653219483607,833.7075093886458,12358.360728872252,2
2019-07-10,11524.653219483607,882.4736060859766,12407.126825569583,2
2019-07-11,11524.653219483607,899.6622759953901,12424.315495478997,2
2019-07-12,11570.074347767888,884.7331787722915,12454.807526540179,2
2019-07-15,11570.074347767888,890.2904316433766,12460.364779411264,2
2019-07-16,11570.074347767888,871.8637070103832,12441.938054778271,2
2019-07-17,11570.074347767888,813.5760221570671,12383.650369924955,2
2019-07-18,11570.074347767888,849.5185164515224,12419.59286421941,2
2019-07-19,11570.074347767888,794.5481299525653,12364.622477720453,2
2019-07-22,11570.074347767888,844.8898805919259,12414.964228359813,2
2019-07-23,11615.69181301851,859.8377563455472,12475.529569364056,2
2019-07-24,11615.69181301851,900.2320504147376,12515.923863433247,2
2019-07-25,11615.69181301851,860.8306186182479,12476.522431636757,2
2019-07-26,11657.361686528191,871.9618177729504,12529.323504301141,2
2019-07-29,11657.361686528191,858.9857436832176,12516.347430211408,2
2019-07-30,11657.361686528191,826.5090211551353,12483.870707683327,2
2019-07-31,11657.361686528191,720.666150106311,12378.027836634503,2
2019-08-01,11657.361686528191,637.0316010444668,12294.393287572659,2
2019-08-02,11657.361686528191,582.8063260058258,12240.168012534017,2
2019-08-05,11657.361686528191,367.3142479140779,12024.675934442268,2
2019-08-06,11657.361686528191,438.31265087786164,12095.674337406053,2
2019-08-07,11657.361686528191,441.1104868360283,12098.47217336422,2
2019-08-08,11657.361686528191,612.6592521625482,12270.020938690739,2
2019-08-09,11657.361686528191,545.8258715942734,12203.187558122465,2
2019-08-12,11657.361686528191,429.71132618687733,12087.07301271507,2
2019-08-13,11657.361686528191,577.6556776821167,12235.017364210307,2
2019-08-14,11657.361686528191,302.89041696237007,11960.25210349056,2
2019-08-15,11657.361686528191,309.528726884443,11966.890413412633,2
2019-08-16,11657.361686528191,431.363386874888,12088.725073403079,2
2019-08-19,11657.361686528191,583.8562230782727,12241.217909606465,2
2019-08-20,11657.361686528191,469.64687125503133,12127.008557783221,2
2019-08-21,11657.361686528191,602.8896097966858,12260.251296324877,2
2019-08-22,11657.361686528191,595.7174161191354,12253.079102647327,2
2019-08-23,11657.361686528191,197.29941786106622,11854.661104389257,2
2019-08-26,11657.361686528191,266.74910144335513,11924.110787971546,2
2019-08-27,11730.03703967515,79.54034533216543,11809.577385007315,1
2019-08-28,11730.03703967515,101.70369046509222,11831.740730140242,1
2019-08-29,11730.03703967515,249.03674068861292,11979.073780363762,1
2019-08-30,12074.194044260548,0,12074.194044260548,0
2019-09-03,12074.194044260548,0,12074.194044260548,0
2019-09-04,12074.194044260548,0,12074.194044260548,0
2019-09-05,11658.255146958825,414.7660334329423,12073.021180391768,1
2019-09-06,11238.767737500299,846.9089620711642,12085.676699571462,2
2019-09-09,11238.767737500299,851.341824470396,12090.109561970694,2
2019-09-10,11238.767737500299,857.4548990326441,12096.222636532942,2
2019-09-11,11238.767737500299,903.3210054678857,12142.088742968184,2
2019-09-12,11286.805429910002,872.8311020359232,12159.636531945926,2
2019-09-13,11328.96155439476,835.8615407274932,12164.823095122254,2
2019-09-16,11328.96155439476,809.6723359086376,12138.633890303397,2
2019-09-17,11328.96155439476,832.5326332168281,12161.494187611588,2
2019-09-18,11328.96155439476,846.4728611346529,12175.434415529413,2
2019-09-19,11328.96155439476,848.331923699584,12177.293478094343,2
2019-09-20,11328.96155439476,799.766928656853,12128.728483051613,2
2019-09-23,11328.96155439476,817.3000051394432,12146.261559534203,2
2019-09-24,11328.96155439476,728.6622080951979,12057.623762489959,2
2019-09-25,11328.96155439476,793.2244197336807,12122.18597412844,2
2019-09-26,11328.96155439476,778.1925799567866,12107.154134351547,2
2019-09-27,11328.96155439476,725.2360022167566,12054.197556611516,2
2019-09-30,11328.96155439476,793.8775368641864,12122.839091258946,2
2019-10-01,11328.96155439476,664.141875083068,11993.10342947783,2
2019-10-02,11328.96155439476,486.6657473536719,11815.627301748433,2
2019-10-03,11328.96155439476,567.5152780756591,11896.47683247042,2
2019-10-04,11328.96155439476,733.7665875265657,12062.728141921325,2
2019-10-07,11328.96155439476,697.7975560744951,12026.759110469255,2
2019-10-08,11328.96155439476,500.3101221124368,11829.271676507196,2
2019-10-09,11328.96155439476,623.4910693770971,11952.452623771856,2
2019-10-10,11328.96155439476,726.2640464207478,12055.225600815507,2
2019-10-11,11328.96155439476,890.6378180724898,12219.59937246725,2
2019-10-14,11853.847306997937,419.97227108364825,12273.819578081586,1
2019-10-15,11435.024384236294,871.2294152441665,12306.25379948046,2
2019-10-16,11435.024384236294,861.4997445187179,12296.524128755012,2
2019-10-17,11435.024384236294,876.3984549760353,12311.42283921233,2
2019-10-18,11435.024384236294,851.5672131805989,12286.591597416893,2
2019-10-21,11474.341101576392,857.369556210276,12331.710657786669,2
2019-10-22,11474.341101576392,832.4196705347895,12306.760772111182,2
2019-10-23,11474.341101576392,859.7991256147626,12334.140227191156,2
2019-10-24,11474.341101576392,878.7190156395077,12353.0601172159,2
2019-10-25,11514.432564680012,876.7871568090889,12391.2197214891,2
2019-10-28,11554.278687970862,861.5685372948182,12415.84722526568,2
2019-10-29,11554.278687970862,858.26290638111,12412.541594351973,2
2019-10-30,11554.278687970862,894.7494936691153,12449.028181639977,2
2019-10-31,11554.278687970862,865.4414188101103,12419.720106780973,2
2019-11-01,11603.981379756819,877.4111975634173,12481.392577320235,2
2019-11-04,11643.846650530259,852.364775343062,12496.21142587332,2
2019-11-05,11643.846650530259,843.1163348991556,12486.962985429414,2
2019-11-06,11643.846650530259,859.5860792418193,12503.432729772077,2
2019-11-07,11643.846650530259,876.2902845346509,12520.13693506491,2
2019-11-08,11643.846650530259,905.0953946697086,12548.942045199967,2
2019-11-11,11643.846650530259,894.0247046746044,12537.871355204863,2
2019-11-12,11643.846650530259,905.9118590386857,12549.758509568945,2
2019-11-13,11643.846650530259,907.7077885537127,12551.554439083971,2
2019-11-14,11682.361523165247,874.0139530223189,12556.375476187566,2
2019-11-15,11735.851663933303,873.330207970513,12609.181871903816,2
2019-11-18,11735.851663933303,876.8322469505065,12612.68391088381,2
2019-11-19,11735.851663933303,869.2146943360431,12605.066358269345,2
2019-11-20,11735.851663933303,851.6854684936192,12587.537132426922,2
2019-11-21,11735.851663933303,838.4098824725331,12574.261546405836,2
2019-11-22,11735.851663933303,870.4078695883684,12606.259533521672,2
2019-11-25,11782.14489914135,879.611534347077,12661.756433488428,2
2019-11-26,11815.550365671184,865.1815226631136,12680.731888334298,2
2019-11-27,11815.550365671184,887.3113777040629,12702.861743375248,2
2019-11-29,11815.550365671184,853.0846730506064,12668.63503872179,2
2019-12-02,11815.550365671184,763.2759728351366,12578.826338506322,2
2019-12-03,11815.550365671184,700.826218434139,12516.376584105323,2
2019-12-04,11815.550365671184,768.8161657299227,12584.366531401107,2
2019-12-05,11815.550365671184,788.131694243448,12603.682059914632,2
2019-12-06,11815.550365671184,869.2153949143382,12684.765760585522,2
2019-12-09,11815.550365671184,825.6060235996401,12641.156389270825,2
2019-12-10,11815.550365671184,826.0294861518048,12641.57985182299,2
2019-12-11,11815.550365671184,861.4386843269376,12676.989049998123,2
2019-12-12,11862.053945446933,879.7808608756513,12741.834806322584,2
2019-12-13,11907.594222050844,857.3381144962223,12764.932336547066,2
2019-12-16,11946.151205596758,870.0883394240166,12816.239545020775,2
2019-12-17,11946.151205596758,871.8722739109,12818.023479507658,2
2019-12-18,11946.151205596758,866.890919825239,12813.042125421996,2
2019-12-19,11986.476085083686,852.258903986957,12838.734989070643,2
2019-12-20,11986.476085083686,882.511838548239,12868.987923631925,2
2019-12-23,11986.476085083686,894.2508364938185,12880.726921577505,2
2019-12-24,11986.476085083686,895.4405642289075,12881.916649312594,2
2019-12-26,12030.170685117511,879.5763707860813,12909.747055903592,2
2019-12-27,12030.170685117511,868.9322433533014,12899.102928470813,2
2019-12-30,12030.170685117511,822.1389585308764,12852.309643648388,2
2019-12-31,12030.170685117511,860.9665950076344,12891.137280125145,2
2020-01-02,12087.641358235733,870.6232048436486,12958.264563079381,2
2020-01-03,12087.641358235733,801.2236952034052,12888.865053439138,2
2020-01-06,12087.641358235733,837.5761627778875,12925.21752101362,2
2020-01-07,12087.641358235733,823.8904088181023,12911.531767053835,2
2020-01-08,12087.641358235733,865.0792712324744,12952.720629468207,2
2020-01-09,12141.428471806339,862.4395244881341,13003.867996294473,2
2020-01-10,12141.428471806339,847.783497528965,12989.211969335303,2
2020-01-13,12183.297739190157,857.1962994127855,13040.494038602943,2
2020-01-14,12183.297739190157,849.5039367787392,13032.801675968896,2
2020-01-15,12183.297739190157,863.3353692832422,13046.6331084734,2
2020-01-16,12224.741630592516,867.7927670470084,13092.534397639525,2
2020-01-17,12258.99029513509,858.4928303222259,13117.483125457316,2
2020-01-21,12258.99029513509,839.146006239092,13098.136301374183,2
2020-01-22,12258.99029513509,843.155995211743,13102.146290346833,2
2020-01-23,12258.99029513509,852.5338879177642,13111.524183052854,2
2020-01-24,12258.99029513509,764.3698545626414,13023.360149697732,2
2020-01-27,12258.99029513509,603.8744722636509,12862.864767398742,2
2020-01-28,12258.99029513509,706.5977506849265,12965.588045820017,2
2020-01-29,12258.99029513509,701.2240501817544,12960.214345316845,2
2020-01-30,12258.99029513509,743.0584820610661,13002.048777196156,2
2020-01-31,12258.99029513509,557.652642307967,12816.642937443057,2
2020-02-03,12258.99029513509,633.8055830422007,12892.79587817729,2
2020-02-04,12258.99029513509,795.5155195017894,13054.50581463688,2
2020-02-05,12258.99029513509,894.9177595536814,13153.908054688773,2
2020-02-06,12310.56287430741,867.364474658579,13177.92734896599,2
2020-02-07,12310.56287430741,832.5656039972358,13143.128478304647,2
2020-02-10,12365.348004099897,838.8282945434703,13204.176298643368,2
2020-02-11,12365.348004099897,848.6061898754151,13213.95419397531,2
2020-02-12,12403.240365507476,865.6196631775565,13268.860028685032,2
2020-02-13,12403.240365507476,853.0466231181158,13256.286988625592,2
2020-02-14,12403.240365507476,873.6271326130097,13276.867498120486,2
2020-02-18,12403.240365507476,852.2980407403988,13255.538406247875,2
2020-02-19,12444.9259673794,842.8322114735024,13287.758178852902,2
2020-02-20,12444.9259673794,804.031888872899,13248.9578562523,2
2020-02-21,12444.9259673794,715.9772201957054,13160.903187575106,2
2020-02-24,12444.9259673794,454.4387896526956,12899.364757032095,2
2020-02-25,12444.9259673794,298.1142187307739,12743.040186110175,2
2020-02-26,12444.9259673794,274.55698983356456,12719.482957212966,2
2020-02-27,12444.9259673794,181.80436943080167,12626.730336810202,2
2020-02-28,12444.9259673794,160.85018744529407,12605.776154824694,2
2020-03-02,12444.9259673794,248.25572122938127,12693.181688608782,2
2020-03-03,12444.9259673794,162.49963219910626,12607.425599578506,2
2020-03-04,12444.9259673794,286.1901734964732,12731.116140875874,2
2020-03-05,12444.9259673794,185.22192191872477,12630.147889298125,2
2020-03-06,12444.9259673794,140.94935015066596,12585.875317530066,2
2020-03-09,12444.9259673794,44.119457779888194,12489.04542515929,2
2020-03-10,12444.9259673794,69.93341795543131,12514.859385334832,2
2020-03-11,12444.9259673794,30.446233891026964,12475.372201270427,2
2020-03-12,12444.9259673794,14.572982615891306,12459.498949995292,2
2020-03-13,12444.9259673794,21.39257229560485,12466.318539675005,2
2020-03-16,12444.9259673794,4.2821006143213936,12449.208067993723,2
2020-03-17,12444.9259673794,6.047534199586835,12450.973501578987,2
2020-03-18,12528.037906032212,1.2838150404974158,12529.321721072709,1
2020-03-19,12528.037906032212,0.6172966936645707,12528.655202725877,1
2020-03-20,12528.037906032212,0.3099094329058971,12528.347815465118,1
2020-03-23,12528.037906032212,0.12327247262930996,12528.16117850484,1
2020-03-24,12528.037906032212,0.06164003581261568,12528.099546068024,1
2020-03-25,12610.796859943339,0,12610.796859943339,0
2020-03-26,12610.796859943339,0,12610.796859943339,0
2020-03-27,12610.796859943339,0,12610.796859943339,0
2020-03-30,12610.796859943339,0,12610.796859943339,0
2020-03-31,12610.796859943339,0,12610.796859943339,0
2020-04-01,12610.796859943339,0,12610.796859943339,0
2020-04-02,12610.796859943339,0,12610.796859943339,0
2020-04-03,12610.796859943339,0,12610.796859943339,0
2020-04-06,12610.796859943339,0,12610.796859943339,0
2020-04-07,12610.796859943339,0,12610.796859943339,0
2020-04-08,12610.796859943339,0,12610.796859943339,0
2020-04-09,12610.796859943339,0,12610.796859943339,0
2020-04-13,12610.796859943339,0,12610.796859943339,0
2020-04-14,12610.796859943339,0,12610.796859943339,0
2020-04-15,12610.796859943339,0,12610.796859943339,0
2020-04-16,12610.796859943339,0,12610.796859943339,0
2020-04-17,12610.796859943339,0,12610.796859943339,0
2020-04-20,12610.796859943339,0,12610.796859943339,0
2020-04-21,12610.796859943339,0,12610.796859943339,0
2020-04-22,12610.796859943339,0,12610.796859943339,0
2020-04-23,12610.796859943339,0,12610.796859943339,0
2020-04-24,12610.796859943339,0,12610.796859943339,0
2020-04-27,12610.796859943339,0,12610.796859943339,0
2020-04-28,12610.796859943339,0,12610.796859943339,0
2020-04-29,12610.796859943339,0,12610.796859943339,0
2020-04-30,12610.796859943339,0,12610.796859943339,0
2020-05-01,12610.796859943339,0,12610.796859943339,0
2020-05-04,12610.796859943339,0,12610.796859943339,0
2020-05-05,12610.796859943339,0,12610.796859943339,0
2020-05-06,12610.796859943339,0,12610.796859943339,0
2020-05-07,12610.796859943339,0,12610.796859943339,0
2020-05-08,12209.134394779992,400.40447656605875,12609.53887134605,1
2020-05-11,11805.658597095351,810.2088388114432,12615.867435906794,2
2020-05-12,11805.658597095351,698.7683787518122,12504.426975847164,2
2020-05-13,11805.658597095351,625.5694121627287,12431.22800925808,2
2020-05-14,11805.658597095351,684.7369554409738,12490.395552536325,2
2020-05-15,11805.658597095351,707.1892293486258,12512.847826443976,2
2020-05-18,11805.658597095351,847.1769584204228,12652.835555515774,2
2020-05-19,11805.658597095351,807.5582997547556,12613.216896850106,2
2020-05-20,11805.658597095351,884.8855472532332,12690.544144348583,2
2020-05-21,11805.658597095351,853.9919859512188,12659.65058304657,2
2020-05-22,11805.658597095351,878.0851262946364,12683.743723389987,2
2020-05-26,12328.231771392722,404.62782098707703,12732.859592379798,1
2020-05-27,11925.581322615448,830.8871471945132,12756.46846980996,2
2020-05-28,11925.581322615448,819.1126329796368,12744.693955595085,2
2020-05-29,11925.581322615448,846.6312574287198,12772.212580044168,2
2020-06-01,11925.581322615448,861.7257726750914,12787.30709529054,2
2020-06-02,11983.665570251173,838.3042051414701,12821.969775392643,2
2020-06-03,12036.879092353014,834.6349832735577,12871.514075626572,2
2020-06-04,12036.879092353014,825.7323717750567,12862.611464128071,2
2020-06-05,12095.461978812838,851.4042946471885,12946.866273460028,2
2020-06-08,12146.928778997155,828.3344634283268,12975.263242425483,2
2020-06-09,12146.928778997155,788.4444207371794,12935.373199734335,2
2020-06-10,12146.928778997155,772.7072108402211,12919.635989837376,2
2020-06-11,12146.928778997155,488.2148756777724,12635.143654674928,2
2020-06-12,12146.928778997155,542.3437944599357,12689.27257345709,2
2020-06-15,12146.928778997155,584.0613688560311,12730.990147853186,2
2020-06-16,12146.928778997155,667.6578363426614,12814.586615339816,2
2020-06-17,12146.928778997155,656.9385142835117,12803.867293280666,2
2020-06-18,12146.928778997155,665.6046076153473,12812.533386612502,2
2020-06-19,12146.928778997155,633.3109845790077,12780.239763576163,2
2020-06-22,12146.928778997155,691.8825060357563,12838.81128503291,2
2020-06-23,12146.928778997155,719.9107533373749,12866.83953233453,2
2020-06-24,12146.928778997155,578.6699868185437,12725.5987658157,2
2020-06-25,12146.928778997155,646.8951747901074,12793.823953787261,2
2020-06-26,12146.928778997155,505.83647007803734,12652.765249075192,2
2020-06-29,12146.928778997155,607.4623014694652,12754.39108046662,2
2020-06-30,12146.928778997155,719.4610868607767,12866.389865857931,2
2020-07-01,12146.928778997155,773.7823720746953,12920.71115107185,2
2020-07-02,12146.928778997155,820.4318260796786,12967.360605076834,2
2020-07-06,12686.984146694673,401.9444848870634,13088.928631581735,1
2020-07-07,12285.920259711362,778.3846000573213,13064.304859768683,2
2020-07-08,12285.920259711362,818.5870338930386,13104.5072936044,2
2020-07-09,12285.920259711362,793.5360580966139,13079.456317807975,2
2020-07-10,12285.920259711362,847.4548129699997,13133.375072681361,2
2020-07-13,12285.920259711362,787.4965109968464,13073.416770708209,2
2020-07-14,12285.920259711362,854.4456201796784,13140.36587989104,2
2020-07-15,12339.856959500241,841.0284208614307,13180.885380361671,2
2020-07-16,12339.856959500241,832.4786212941983,13172.335580794439,2
2020-07-17,12389.556856652862,814.6019948734967,13204.15885152636,2
2020-07-20,12389.556856652862,864.7867780478343,13254.343634700695,2
2020-07-21,12389.556856652862,869.6807223786132,13259.237579031475,2
2020-07-22,12436.052806002128,846.121113244179,13282.173919246306,2
2020-07-23,12436.052806002128,789.2710610958793,13225.323867098006,2
2020-07-24,12436.052806002128,771.1554572407138,13207.208263242841,2
2020-07-27,12436.052806002128,821.681624059692,13257.73443006182,2
2020-07-28,12436.052806002128,793.5496111217994,13229.602417123928,2
2020-07-29,12478.524035815792,812.2660689961606,13290.790104811953,2
2020-07-30,12478.524035815792,794.4084973201036,13272.932533135896,2
2020-07-31,12478.524035815792,830.4860479512861,13309.010083767078,2
2020-08-03,12478.524035815792,869.5862288842945,13348.110264700086,2
2020-08-04,12478.524035815792,890.5422468790373,13369.066282694828,2
2020-08-05,12991.313321868885,403.1876341415689,13394.500956010454,1
2020-08-06,12584.601844209228,823.7454556764028,13408.34729988563,2
2020-08-07,12584.601844209228,834.3858943519116,13418.98773856114,2
2020-08-10,12584.601844209228,855.7305313738315,13440.332375583059,2
2020-08-11,12584.601844209228,808.4054513169328,13393.00729552616,2
2020-08-12,12584.601844209228,881.3977672879382,13465.999611497165,2
2020-08-13,12584.601844209228,880.4036787893892,13465.005522998617,2
2020-08-14,12584.601844209228,884.8049703350565,13469.406814544285,2
2020-08-17,12637.159215898597,858.1193623203486,13495.278578218946,2
2020-08-18,12685.816960681632,816.8240235347831,13502.640984216416,2
2020-08-19,12685.816960681632,790.094693160755,13475.911653842388,2
2020-08-20,12685.816960681632,804.3958671511249,13490.212827832756,2
2020-08-21,12685.816960681632,823.552746887954,13509.369707569585,2
2020-08-24,12685.816960681632,872.9320376442661,13558.748998325898,2
2020-08-25,12685.816960681632,892.0518280258805,13577.868788707512,2
2020-08-26,13190.606659994273,402.95644114746096,13593.563101141734,1
2020-08-27,12783.591644507982,806.5155963573432,13590.107240865325,2
2020-08-28,12783.591644507982,849.7176865320582,13633.30933104004,2
2020-08-31,12783.591644507982,816.9183710865766,13600.510015594558,2
2020-09-01,12783.591644507982,848.4756569930148,13632.067301500996,2
2020-09-02,12783.591644507982,891.2511737693087,13674.842818277291,2
2020-09-03,12783.591644507982,722.296531349815,13505.888175857797,2
2020-09-04,12783.591644507982,714.2276550056351,13497.819299513618,2
2020-09-08,12783.591644507982,594.3646047317472,13377.956249239729,2
2020-09-09,12783.591644507982,711.3053346406489,13494.89697914863,2
2020-09-10,12783.591644507982,617.8876516783561,13401.479296186339,2
2020-09-11,12783.591644507982,638.5863004222429,13422.177944930225,2
2020-09-14,12783.591644507982,735.6695156670867,13519.261160175069,2
2020-09-15,12783.591644507982,774.7416380693004,13558.333282577283,2
2020-09-16,12783.591644507982,750.505052457607,13534.09669696559,2
2020-09-17,12783.591644507982,699.3746731415613,13482.966317649543,2
2020-09-18,12783.591644507982,626.3840565557543,13409.975701063737,2
2020-09-21,12783.591644507982,531.6616771459949,13315.253321653978,2
2020-09-22,12783.591644507982,633.5395223078351,13417.131166815818,2
2020-09-23,12783.591644507982,403.47313554497646,13187.064780052959,2
2020-09-24,12783.591644507982,426.2939988496356,13209.885643357618,2
2020-09-25,12783.591644507982,606.1868933691017,13389.778537877084,2
2020-09-28,12783.591644507982,869.9811201923271,13653.57276470031,2
2020-09-29,12783.591644507982,878.1968548974781,13661.78849940546,2
2020-09-30,13463.819899699847,404.40578671357486,13868.225686413421,1
2020-10-01,13061.348635083357,813.9991710869012,13875.347806170259,2
2020-10-02,13061.348635083357,775.777264940571,13837.125900023928,2
2020-10-05,13061.348635083357,841.9005473361182,13903.249182419475,2
2020-10-06,13061.348635083357,786.7612339817092,13848.109869065067,2
2020-10-07,13061.348635083357,858.2216859343589,13919.570321017716,2
2020-10-08,13109.812916978164,848.1005511226006,13957.913468100765,2
2020-10-09,13165.712247799194,830.138451855639,13995.850699654833,2
2020-10-12,13215.306548683844,835.1475462930352,14050.45409497688,2
2020-10-13,13215.306548683844,807.4862024810812,14022.792751164925,2
2020-10-14,13215.306548683844,783.8943036911573,13999.200852375001,2
2020-10-15,13215.306548683844,776.4017497868374,13991.708298470681,2
2020-10-16,13215.306548683844,776.5583631745358,13991.86491185838,2
2020-10-19,13215.306548683844,706.1093124374893,13921.415861121333,2
2020-10-20,13215.306548683844,728.6295491420645,13943.936097825908,2
2020-10-21,13215.306548683844,728.3943974511601,13943.700946135004,2
2020-10-22,13215.306548683844,759.6090824248712,13974.915631108715,2
2020-10-23,13215.306548683844,783.7295801710652,13999.03612885491,2
2020-10-26,13215.306548683844,677.3295247547139,13892.636073438558,2
2020-10-27,13215.306548683844,662.2424553513127,13877.549004035156,2
2020-10-28,13215.306548683844,476.16622790308725,13691.472776586932,2
2020-10-29,13215.306548683844,535.2940301999283,13750.600578883772,2
2020-10-30,13215.306548683844,474.42676577974794,13689.733314463592,2
2020-11-02,13215.306548683844,543.5424310131352,13758.848979696979,2
2020-11-03,13215.306548683844,655.1058404664133,13870.412389150257,2
2020-11-04,13215.306548683844,823.6277705178711,14038.934319201715,2
2020-11-05,13294.149058747598,844.5220734972619,14138.671132244861,2
2020-11-06,13345.501311327964,821.9897899433676,14167.491101271331,2
2020-11-09,13345.501311327964,860.198459091837,14205.6997704198,2
2020-11-10,13345.501311327964,869.3075613882694,14214.808872716234,2
2020-11-11,13394.937372248633,855.6189365679732,14250.556308816605,2
2020-11-12,13394.937372248633,805.5892913749105,14200.526663623543,2
2020-11-13,13447.38674132119,822.2417237890667,14269.628465110256,2
2020-11-16,13447.38674132119,879.0309573711418,14326.417698692332,2
2020-11-17,13447.38674132119,864.5195533289211,14311.90629465011,2
2020-11-18,13447.38674132119,813.5155940511752,14260.902335372366,2
2020-11-19,13447.38674132119,840.6773930245506,14288.064134345741,2
2020-11-20,13447.38674132119,811.3340561604474,14258.720797481637,2
2020-11-23,13447.38674132119,858.6536898317263,14306.040431152916,2
2020-11-24,13963.997880106308,405.08512400224174,14369.08300410855,1
2020-11-25,13558.457623212831,809.887311504388,14368.344934717219,2
2020-11-27,13558.457623212831,831.1966238200455,14389.654247032877,2
2020-11-30,13558.457623212831,825.8649480473941,14384.322571260225,2
2020-12-01,13558.457623212831,871.9488133973364,14430.406436610167,2
2020-12-02,13558.457623212831,877.5271143510274,14435.984737563858,2
2020-12-03,13558.457623212831,878.1748926589278,14436.63251587176,2
2020-12-04,14065.748715634447,404.4048036241634,14470.15351925861,1
2020-12-07,13661.280398121304,805.2731973475773,14466.55359546888,2
2020-12-08,13661.280398121304,827.7675406478452,14489.047938769148,2
2020-12-09,13661.280398121304,777.8514457131273,14439.131843834431,2
2020-12-10,13661.280398121304,772.5889912240774,14433.869389345382,2
2020-12-11,13661.280398121304,761.8302295820342,14423.110627703338,2
2020-12-14,13661.280398121304,737.9729940106586,14399.253392131963,2
2020-12-15,13661.280398121304,820.3705828480323,14481.650980969336,2
2020-12-16,13661.280398121304,836.8659091118872,14498.146307233192,2
2020-12-17,13661.280398121304,871.0590541916374,14532.339452312941,2
2020-12-18,13661.280398121304,866.4051887502992,14527.685586871603,2
2020-12-21,13661.280398121304,827.5850552202513,14488.865453341556,2
2020-12-22,13661.280398121304,834.0110690464776,14495.29146716778,2
2020-12-23,13661.280398121304,853.6360800197073,14514.91647814101,2
2020-12-24,13661.280398121304,894.6935945858193,14555.973992707122,2
2020-12-28,14198.702512350172,407.26040848788114,14605.962920838052,1
2020-12-29,13791.516443570019,802.6168178580449,14594.133261428064,2
2020-12-30,13791.516443570019,814.5062378995277,14606.022681469547,2
2020-12-31,13791.516443570019,841.9174160854034,14633.433859655423,2
2021-01-04,13791.516443570019,755.8938589854947,14547.410302555514,2
2021-01-05,13791.516443570019,803.9349694492352,14595.451413019255,2
2021-01-06,13791.516443570019,832.7443550781269,14624.260798648145,2
2021-01-07,13842.4996496099,859.3626830225829,14701.862332632481,2
2021-01-08,13901.935713133696,827.4298691047754,14729.365582238472,2
2021-01-11,13901.935713133696,783.2268353518806,14685.162548485578,2
2021-01-12,13901.935713133696,796.3199099458577,14698.255623079554,2
2021-01-13,13901.935713133696,821.8293333996058,14723.765046533303,2
2021-01-14,13901.935713133696,798.2762247141217,14700.211937847818,2
2021-01-15,13901.935713133696,758.5526733474836,14660.48838648118,2
2021-01-19,13901.935713133696,823.7369231846722,14725.672636318368,2
2021-01-20,13955.312944102196,844.4038910611766,14799.716835163372,2
2021-01-21,13955.312944102196,852.6191084004931,14807.932052502689,2
2021-01-22,13955.312944102196,838.2295919939409,14793.542536096136,2
2021-01-25,13955.312944102196,852.1158679749199,14807.428812077116,2
2021-01-26,13955.312944102196,853.1923910982766,14808.505335200472,2
2021-01-27,13955.312944102196,640.6379221938848,14595.95086629608,2
2021-01-28,13955.312944102196,728.3126527323147,14683.62559683451,2
2021-01-29,13955.312944102196,621.4107133560503,14576.723657458246,2
2021-02-01,13955.312944102196,735.061098202052,14690.374042304247,2
2021-02-02,14008.225528371257,791.816788858285,14800.042317229541,2
2021-02-03,14008.225528371257,828.0044391839176,14836.229967555175,2
2021-02-04,14008.225528371257,885.9257181739963,14894.151246545252,2
2021-02-05,14508.210591678357,408.37427529232997,14916.584866970687,1
2021-02-08,14101.975387815964,830.0285997025085,14932.003987518474,2
2021-02-09,14101.975387815964,824.3709885485977,14926.346376364561,2
2021-02-10,14101.975387815964,822.2681158797457,14924.24350369571,2
2021-02-11,14101.975387815964,841.1128890055245,14943.088276821489,2
2021-02-12,14101.975387815964,877.8124055506456,14979.78779336661,2
2021-02-16,14101.975387815964,874.1963400450139,14976.171727860978,2
2021-02-17,14101.975387815964,877.0079966529195,14978.983384468884,2
2021-02-18,14101.975387815964,853.7635452045173,14955.738933020482,2
2021-02-19,14101.975387815964,856.1242351842083,14958.099623000173,2
2021-02-22,14101.975387815964,822.731160542859,14924.706548358823,2
2021-02-23,14101.975387815964,838.2964666329024,14940.271854448867,2
2021-02-24,14161.981126003066,846.8894539989318,15008.870580001998,2
2021-02-25,14161.981126003066,667.5205561871521,14829.501682190217,2
2021-02-26,14161.981126003066,652.7730069420585,14814.754132945123,2
2021-03-01,14161.981126003066,824.4608244442496,14986.441950447315,2
2021-03-02,14161.981126003066,783.7230516588278,14945.704177661893,2
2021-03-03,14161.981126003066,694.524928822517,14856.506054825582,2
2021-03-04,14161.981126003066,605.5008490115583,14767.481975014623,2
2021-03-05,14161.981126003066,758.0961795523081,14920.077305555373,2
2021-03-08,14161.981126003066,742.9840516334132,14904.965177636479,2
2021-03-09,14221.971146596034,784.9193975357593,15006.890544131793,2
2021-03-10,14221.971146596034,830.9740146400728,15052.945161236106,2
2021-03-11,14221.971146596034,882.1253516961526,15104.096498292187,2
2021-03-12,14266.20530189035,856.2913434442212,15122.496645334571,2
2021-03-15,14329.605421158332,834.590810884955,15164.196232043287,2
2021-03-16,14329.605421158332,834.475843803844,15164.081264962177,2
2021-03-17,14329.605421158332,856.8186435083106,15186.424064666642,2
2021-03-18,14329.605421158332,765.1151586971991,15094.720579855531,2
2021-03-19,14329.605421158332,772.5534413051926,15102.158862463524,2
2021-03-22,14329.605421158332,843.9092123508451,15173.514633509178,2
2021-03-23,14329.605421158332,791.8418257871458,15121.447246945478,2
2021-03-24,14329.605421158332,755.5260141490663,15085.1314353074,2
2021-03-25,14329.605421158332,805.153775497157,15134.75919665549,2
2021-03-26,14381.79494771162,843.6417290674043,15225.436676779023,2
2021-03-29,14381.79494771162,828.2796652230766,15210.074612934697,2
2021-03-30,14381.79494771162,831.8776030999032,15213.672550811523,2
2021-03-31,14381.79494771162,855.7712001851759,15237.566147896796,2
2021-04-01,14446.760049101995,861.9455405909894,15308.705589692985,2
2021-04-05,14506.92591319107,855.9090962675612,15362.835009458631,2
2021-04-06,14506.92591319107,852.2287129633185,15359.154626154388,2
2021-04-07,14506.92591319107,874.885373690768,15381.811286881837,2
2021-04-08,14557.04248468421,844.5599890156573,15401.602473699868,2
2021-04-09,14557.04248468421,884.1731528746056,15441.215637558817,2
2021-04-12,14557.04248468421,890.3086605119149,15447.351145196126,2
2021-04-13,14609.594531530047,853.905240839402,15463.499772369449,2
2021-04-14,14609.594531530047,832.8977470252817,15442.492278555328,2
2021-04-15,14661.090534934536,836.4407560390475,15497.531290973584,2
2021-04-16,14661.090534934536,861.2303681805947,15522.320903115131,2
2021-04-19,14661.090534934536,830.4537231946512,15491.544258129186,2
2021-04-20,14661.090534934536,778.4316486859709,15439.522183620507,2
2021-04-21,14661.090534934536,846.8484094630746,15507.93894439761,2
2021-04-22,14661.090534934536,785.275506897922,15446.366041832458,2
2021-04-23,14661.090534934536,864.8889320261617,15525.979466960698,2
2021-04-26,14661.090534934536,881.783171385915,15542.87370632045,2
2021-04-27,14661.090534934536,886.6192463084382,15547.709781242975,2
2021-04-28,14705.064365949409,844.8615496701933,15549.925915619602,2
2021-04-29,14705.064365949409,875.0681198330952,15580.132485782504,2
2021-04-30,14705.064365949409,832.3241297777741,15537.388495727184,2
2021-05-03,14705.064365949409,863.6170339657266,15568.681399915136,2
2021-05-04,14705.064365949409,819.5134776778011,15524.57784362721,2
2021-05-05,14705.064365949409,833.0007077842381,15538.065073733647,2
2021-05-06,14757.168334855784,833.1519680807162,15590.3203029365,2
2021-05-07,14803.15787879141,842.9860652132093,15646.14394400462,2
2021-05-10,14803.15787879141,759.4631410194168,15562.621019810826,2
2021-05-11,14803.15787879141,692.1430156898068,15495.300894481217,2
2021-05-12,14803.15787879141,546.1520930203591,15349.309971811768,2
2021-05-13,14803.15787879141,632.3794689568942,15435.537347748304,2
2021-05-14,14803.15787879141,763.0162174118851,15566.174096203295,2
2021-05-17,14803.15787879141,747.8165602715662,15550.974439062975,2
2021-05-18,14803.15787879141,680.6167391352972,15483.774617926707,2
2021-05-19,14803.15787879141,657.4986491261484,15460.656527917557,2
2021-05-20,14803.15787879141,743.2395183137885,15546.397397105198,2
2021-05-21,14803.15787879141,748.2890008582742,15551.446879649684,2
2021-05-24,14803.15787879141,847.9185586421088,15651.076437433518,2
2021-05-25,14803.15787879141,836.0658219734844,15639.223700764895,2
2021-05-26,14845.92319840621,828.1333277737069,15674.056526179917,2
2021-05-27,14845.92319840621,848.990929155837,15694.914127562046,2
2021-05-28,14845.92319840621,858.3710894174451,15704.294287823655,2
2021-06-01,14845.92319840621,864.8558519831668,15710.779050389378,2
2021-06-02,14889.105513040062,839.4720732725219,15728.577586312584,2
2021-06-03,14889.105513040062,817.2607263480195,15706.36623938808,2
2021-06-04,14889.105513040062,884.8320341448069,15773.937547184869,2
2021-06-07,14931.164260202682,847.994656461168,15779.15891666385,2
2021-06-08,14931.164260202682,842.476469586446,15773.640729789127,2
2021-06-09,14931.164260202682,825.3775860831795,15756.541846285862,2
2021-06-10,14931.164260202682,876.6413233539606,15807.805583556643,2
2021-06-11,14977.57734913103,846.1543982584217,15823.73174738945,2
2021-06-14,14977.57734913103,853.5735378087417,15831.150886939771,2
2021-06-15,14977.57734913103,837.8594043435726,15815.436753474603,2
2021-06-16,14977.57734913103,796.8705168358298,15774.44786596686,2
2021-06-17,14977.57734913103,803.6396624130994,15781.21701154413,2
2021-06-18,14977.57734913103,692.4184555581718,15669.995804689202,2
2021-06-21,14977.57734913103,822.6406450789398,15800.21799420997,2
2021-06-22,14977.57734913103,872.4161847738372,15849.993533904868,2
2021-06-23,14977.57734913103,876.765032668191,15854.34238179922,2
2021-06-24,15036.750298471195,851.1868193950079,15887.937117866204,2
2021-06-25,15078.332792247544,832.1928335818022,15910.525625829347,2
2021-06-28,15078.332792247544,851.1997074288864,15929.53249967643,2
2021-06-29,15078.332792247544,851.8905558905999,15930.223348138145,2
2021-06-30,15078.332792247544,864.8609061252649,15943.193698372808,2
2021-07-01,15078.332792247544,897.0828135753063,15975.415605822851,2
2021-07-02,15597.982640370172,409.28282988297224,16007.265470253144,1
2021-07-06,15184.63831564649,810.8878825105237,15995.526198157015,2
2021-07-07,15184.63831564649,835.5627977052833,16020.201113351774,2
2021-07-08,15184.63831564649,752.7054660380003,15937.34378168449,2
2021-07-09,15184.63831564649,855.8468321904002,16040.485147836891,2
2021-07-12,15184.63831564649,883.315266970716,16067.953582617207,2
2021-07-13,15184.63831564649,856.8209702181186,16041.45928586461,2
2021-07-14,15184.63831564649,878.2937848972742,16062.932100543765,2
2021-07-15,15184.63831564649,856.5030780775721,16041.141393724063,2
2021-07-16,15184.63831564649,798.0936526622805,15982.731968308772,2
2021-07-19,15184.63831564649,662.1448321670996,15846.78314781359,2
2021-07-20,15184.63831564649,796.2330988525209,15980.871414499012,2
2021-07-21,15184.63831564649,873.9880564188845,16058.626372065375,2
2021-07-22,15184.63831564649,893.3374362657361,16077.975751912227,2
2021-07-23,15715.711457357655,409.598517014679,16125.309974372334,1
2021-07-26,15307.113583864384,824.202310787328,16131.315894651712,2
2021-07-27,15307.113583864384,779.8030129014052,16086.91659676579,2
2021-07-28,15307.113583864384,795.6918412635389,16102.805425127923,2
2021-07-29,15307.113583864384,828.9804718583391,16136.094055722722,2
2021-07-30,15307.113583864384,796.8655756295334,16103.979159493918,2
2021-08-02,15307.113583864384,781.90884985911,16089.022433723494,2
2021-08-03,15307.113583864384,848.0812712675572,16155.194855131942,2
2021-08-04,15307.113583864384,829.4802916623183,16136.593875526702,2
2021-08-05,15307.113583864384,874.0995721784507,16181.213156042835,2
2021-08-06,15353.578349672023,852.8034548329351,16206.38180450496,2
2021-08-09,15353.578349672023,851.2797657170701,16204.858115389094,2
2021-08-10,15353.578349672023,859.3882174342674,16212.96656710629,2
2021-08-11,15399.371658265136,829.9893920107643,16229.3610502759,2
2021-08-12,15399.371658265136,863.1339222642794,16262.505580529416,2
2021-08-13,15399.371658265136,876.2255931037841,16275.59725136892,2
2021-08-16,15399.371658265136,888.4183297148446,16287.78998797998,2
2021-08-17,15399.371658265136,832.7989745927844,16232.17063285792,2
2021-08-18,15399.371658265136,732.0071328458141,16131.37879111095,2
2021-08-19,15399.371658265136,741.987072105303,16141.358730370439,2
2021-08-20,15399.371658265136,829.4706798930135,16228.842338158149,2
2021-08-23,15448.325004443153,852.8619348161606,16301.186939259314,2
2021-08-24,15448.325004443153,862.5481607930304,16310.873165236184,2
2021-08-25,15499.351783638687,828.9074110512928,16328.25919468998,2
2021-08-26,15499.351783638687,773.4514118027889,16272.803195441476,2
2021-08-27,15499.351783638687,855.3931617909016,16354.74494542959,2
2021-08-30,15499.351783638687,887.706532253263,16387.05831589195,2
2021-08-31,15499.351783638687,881.4062499131119,16380.7580335518,2
2021-09-01,15499.351783638687,891.9129502101864,16391.264733848875,2
2021-09-02,15545.596537130867,854.488119310313,16400.08465644118,2
2021-09-03,15545.596537130867,856.3676243761613,16401.96416150703,2
2021-09-07,15545.596537130867,830.4495047821476,16376.046041913014,2
2021-09-08,15545.596537130867,830.3082204283264,16375.904757559194,2
2021-09-09,15545.596537130867,798.1831236681153,16343.779660798982,2
2021-09-10,15545.596537130867,731.0428421253632,16276.63937925623,2
2021-09-13,15545.596537130867,777.1722600582677,16322.768797189134,2
2021-09-14,15545.596537130867,742.0700405368862,16287.666577667753,2
2021-09-15,15545.596537130867,820.7880627863326,16366.384599917199,2
2021-09-16,15545.596537130867,810.6559116067871,16356.252448737654,2
2021-09-17,15545.596537130867,728.1967516433639,16273.79328877423,2
2021-09-20,15545.596537130867,573.6765284254062,16119.273065556274,2
2021-09-21,15545.596537130867,574.8846612456703,16120.481198376538,2
2021-09-22,15545.596537130867,692.4809230458138,16238.07746017668,2
2021-09-23,15593.129659008668,783.4494668815964,16376.579125890265,2
2021-09-24,15593.129659008668,810.1008307720676,16403.230489780733,2
2021-09-27,15593.129659008668,795.9245912176023,16389.05425022627,2
2021-09-28,15593.129659008668,596.5506315992286,16189.680290607896,2
2021-09-29,15593.129659008668,615.1374697203082,16208.267128728976,2
2021-09-30,15593.129659008668,506.4565891604701,16099.586248169138,2
2021-10-01,15593.129659008668,623.4920071235479,16216.621666132216,2
2021-10-04,15593.129659008668,463.6067370672663,16056.736396075934,2
2021-10-05,15593.129659008668,601.2712433027247,16194.400902311392,2
2021-10-06,15593.129659008668,687.5667460923154,16280.696405100984,2
2021-10-07,16184.007114200927,400.5922546573032,16584.59936885823,1
2021-10-08,16184.007114200927,402.34746015984086,16586.35457436077,1
2021-10-11,16184.007114200927,380.0738709907236,16564.08098519165,1
2021-10-12,16184.007114200927,374.9814839117718,16558.9885981127,1
2021-10-13,16184.007114200927,397.0961058684395,16581.103220069366,1
2021-10-14,16235.484115425003,409.35194703188813,16644.836062456892,1
2021-10-15,15825.20525977,841.1943070577195,16666.39956682772,2
2021-10-18,15825.20525977,866.1374625375188,16691.34272230752,2
2021-10-19,15874.710279848437,855.8717707746496,16730.58205062309,2
2021-10-20,15916.751380182577,833.8221310573047,16750.573511239883,2
2021-10-21,15916.751380182577,859.8014949489161,16776.552875131492,2
2021-10-22,15916.751380182577,850.7759581937236,16767.5273383763,2
2021-10-25,15916.751380182577,886.2522903371441,16803.00367051972,2
2021-10-26,15916.751380182577,886.4278664547129,16803.17924663729,2
2021-10-27,15916.751380182577,851.9944898920812,16768.745870074657,2
2021-10-28,15965.478982125658,853.9718815243589,16819.450863650018,2
2021-10-29,15965.478982125658,870.1448399246427,16835.6238220503,2
2021-11-01,16019.987470236078,829.1606464277031,16849.148116663782,2
2021-11-02,16019.987470236078,856.3529725289158,16876.340442764995,2
2021-11-03,16062.606374745119,856.3294689692839,16918.935843714404,2
2021-11-04,16062.606374745119,873.2633126046935,16935.869687349812,2
2021-11-05,16062.606374745119,876.6304800797315,16939.23685482485,2
2021-11-08,16105.890353868284,834.5555462366476,16940.445900104933,2
2021-11-09,16105.890353868284,812.4362842619348,16918.32663813022,2
2021-11-10,16105.890353868284,758.0965258308468,16863.986879699132,2
2021-11-11,16105.890353868284,778.4198604912433,16884.310214359528,2
2021-11-12,16105.890353868284,842.2380149118119,16948.128368780097,2
2021-11-15,16105.890353868284,851.0606753646969,16956.95102923298,2
2021-11-16,16105.890353868284,876.4942825772124,16982.3846364455,2
2021-11-17,16105.890353868284,857.3207760441256,16963.21112991241,2
2021-11-18,16105.890353868284,871.9756075710749,16977.86596143936,2
2021-11-19,16105.890353868284,865.8045239777749,16971.69487784606,2
2021-11-22,16105.890353868284,849.4114815085234,16955.30183537681,2
2021-11-23,16105.890353868284,861.6850449690475,16967.575398837333,2
2021-11-24,16157.925232026602,834.826008350845,16992.75124037745,2
2021-11-26,16157.925232026602,627.0328916288236,16784.958123655426,2
2021-11-29,16157.925232026602,754.7559761203047,16912.681208146907,2
2021-11-30,16157.925232026602,611.0924543475107,16769.017686374114,2
2021-12-01,16157.925232026602,528.7046598125386,16686.62989183914,2
2021-12-02,16157.925232026602,627.9546699303523,16785.879901956956,2
2021-12-03,16157.925232026602,566.6620897323924,16724.587321758994,2
2021-12-06,16157.925232026602,676.7632121350075,16834.68844416161,2
2021-12-07,16220.967859084743,800.8500443099379,17021.81790339468,2
2021-12-08,16220.967859084743,843.2694729091694,17064.237331993914,2
2021-12-09,16220.967859084743,792.8478003322084,17013.815659416952,2
2021-12-10,16220.967859084743,877.7875184842528,17098.755377568996,2
2021-12-13,16220.967859084743,829.1641661872411,17050.132025271985,2
2021-12-14,16220.967859084743,774.6376215937246,16995.605480678467,2
2021-12-15,16268.262979791361,843.7996587523812,17112.062638543743,2
2021-12-16,16268.262979791361,792.0066435916425,17060.269623383003,2
2021-12-17,16268.262979791361,731.7277893284186,16999.99076911978,2
2021-12-20,16268.262979791361,664.3329669350351,16932.595946726397,2
2021-12-21,16268.262979791361,785.4625624878458,17053.725542279208,2
2021-12-22,16314.885791673792,818.55606850838,17133.44186018217,2
2021-12-23,16314.885791673792,859.662447759208,17174.548239433,2
2021-12-27,16830.864802674314,407.48939732300613,17238.35419999732,1
2021-12-28,16423.58569676714,813.5282412170881,17237.113937984228,2
2021-12-29,16423.58569676714,832.1290041013917,17255.71470086853,2
2021-12-30,16423.58569676714,814.7150842561018,17238.30078102324,2
2021-12-31,16423.58569676714,805.6469221145946,17229.232618881735,2
2022-01-03,16423.58569676714,858.148386416596,17281.734083183735,2
2022-01-04,16423.58569676714,854.3057449394055,17277.891441706546,2
2022-01-05,16423.58569676714,707.5422401542511,17131.12793692139,2
2022-01-06,16423.58569676714,705.5465373802022,17129.132234147342,2
2022-01-07,16423.58569676714,689.1491779795601,17112.7348747467,2
2022-01-10,16423.58569676714,681.5638806273199,17105.14957739446,2
2022-01-11,16423.58569676714,763.5871106824552,17187.172807449595,2
2022-01-12,16423.58569676714,798.7886565334932,17222.37435330063,2
2022-01-13,16423.58569676714,665.0804958120148,17088.666192579152,2
2022-01-14,16423.58569676714,685.7320313966468,17109.317728163787,2
2022-01-18,16423.58569676714,511.43234266770037,16935.01803943484,2
2022-01-19,16423.58569676714,422.875419906876,16846.461116674014,2
2022-01-20,16423.58569676714,331.2125597733427,16754.79825654048,2
2022-01-21,16423.58569676714,211.89168167830417,16635.477378445445,2
2022-01-24,16423.58569676714,197.06808519906076,16620.6537819662,2
2022-01-25,16423.58569676714,120.38547880781607,16543.971175574956,2
2022-01-26,16423.58569676714,99.88433392004481,16523.470030687182,2
2022-01-27,16423.58569676714,50.658402038033046,16474.24409880517,2
2022-01-28,16423.58569676714,121.78597905077595,16545.371675817914,2
2022-01-31,16514.676891619492,82.51639920987941,16597.19329082937,1
2022-02-01,16607.397785712317,0,16607.397785712317,0
2022-02-02,16607.397785712317,0,16607.397785712317,0
2022-02-03,16607.397785712317,0,16607.397785712317,0
2022-02-04,16607.397785712317,0,16607.397785712317,0
2022-02-07,16607.397785712317,0,16607.397785712317,0
2022-02-08,16607.397785712317,0,16607.397785712317,0
2022-02-09,16607.397785712317,0,16607.397785712317,0
2022-02-10,16607.397785712317,0,16607.397785712317,0
2022-02-11,16607.397785712317,0,16607.397785712317,0
2022-02-14,16607.397785712317,0,16607.397785712317,0
2022-02-15,16607.397785712317,0,16607.397785712317,0
2022-02-16,16607.397785712317,0,16607.397785712317,0
2022-02-17,16607.397785712317,0,16607.397785712317,0
2022-02-18,16607.397785712317,0,16607.397785712317,0
2022-02-22,16607.397785712317,0,16607.397785712317,0
2022-02-23,16607.397785712317,0,16607.397785712317,0
2022-02-24,16607.397785712317,0,16607.397785712317,0
2022-02-25,16607.397785712317,0,16607.397785712317,0
2022-02-28,16607.397785712317,0,16607.397785712317,0
2022-03-01,16607.397785712317,0,16607.397785712317,0
2022-03-02,16607.397785712317,0,16607.397785712317,0
2022-03-03,16607.397785712317,0,16607.397785712317,0
2022-03-04,16607.397785712317,0,16607.397785712317,0
2022-03-07,16607.397785712317,0,16607.397785712317,0
2022-03-08,16607.397785712317,0,16607.397785712317,0
2022-03-09,16607.397785712317,0,16607.397785712317,0
2022-03-10,16607.397785712317,0,16607.397785712317,0
2022-03-11,16607.397785712317,0,16607.397785712317,0
2022-03-14,16607.397785712317,0,16607.397785712317,0
2022-03-15,16607.397785712317,0,16607.397785712317,0
2022-03-16,16607.397785712317,0,16607.397785712317,0
2022-03-17,16607.397785712317,0,16607.397785712317,0
2022-03-18,16203.51669074665,402.7993358992944,16606.316026645945,1
2022-03-21,15803.329182708243,808.1390276438824,16611.468210352126,2
2022-03-22,15803.329182708243,858.0215160900366,16661.35069879828,2
2022-03-23,15803.329182708243,810.3016851385532,16613.630867846798,2
2022-03-24,15803.329182708243,885.3550511706039,16688.68423387885,2
2022-03-25,16307.81095660657,404.1879513883387,16711.99890799491,1
2022-03-28,15899.804708687381,837.8688922185852,16737.673600905968,2
2022-03-29,15951.536061399403,840.8474712914099,16792.383532690812,2
2022-03-30,15951.536061399403,810.9778991157519,16762.513960515156,2
2022-03-31,15951.536061399403,720.3533733018517,16671.889434701254,2
2022-04-01,15951.536061399403,751.6897841563292,16703.22584555573,2
2022-04-04,15951.536061399403,817.1037433097638,16768.639804709168,2
2022-04-05,15951.536061399403,723.1741836411459,16674.71024504055,2
2022-04-06,15951.536061399403,658.7343780153376,16610.27043941474,2
2022-04-07,15951.536061399403,691.760386799514,16643.29644819892,2
2022-04-08,15951.536061399403,681.5143807574727,16633.050442156877,2
2022-04-11,15951.536061399403,557.2556122981212,16508.791673697524,2
2022-04-12,15951.536061399403,535.3472014328077,16486.883262832212,2
2022-04-13,15951.536061399403,626.254203257507,16577.79026465691,2
2022-04-14,15951.536061399403,531.7560605072572,16483.29212190666,2
2022-04-18,15951.536061399403,533.1534820767729,16484.689543476175,2
2022-04-19,15951.536061399403,679.9345473177837,16631.470608717187,2
2022-04-20,15951.536061399403,689.0094331947139,16640.545494594116,2
2022-04-21,15951.536061399403,538.6876265062085,16490.22368790561,2
2022-04-22,15951.536061399403,306.5743618757466,16258.11042327515,2
2022-04-25,15951.536061399403,317.1834956209693,16268.719557020373,2
2022-04-26,15951.536061399403,146.0104458671765,16097.54650726658,2
2022-04-27,15951.536061399403,124.03581863688942,16075.571880036292,2
2022-04-28,15951.536061399403,270.184789327962,16221.720850727366,2
2022-04-29,15951.536061399403,39.66603709054084,15991.202098489945,2
2022-05-02,16043.529813480214,0.1701985643308035,16043.700012044545,1
2022-05-03,16139.300695961098,0,16139.300695961098,0
2022-05-04,16139.300695961098,0,16139.300695961098,0
2022-05-05,16139.300695961098,0,16139.300695961098,0
2022-05-06,16139.300695961098,0,16139.300695961098,0
2022-05-09,16139.300695961098,0,16139.300695961098,0
2022-05-10,16139.300695961098,0,16139.300695961098,0
2022-05-11,16139.300695961098,0,16139.300695961098,0
2022-05-12,16139.300695961098,0,16139.300695961098,0
2022-05-13,16139.300695961098,0,16139.300695961098,0
2022-05-16,16139.300695961098,0,16139.300695961098,0
2022-05-17,16139.300695961098,0,16139.300695961098,0
2022-05-18,16139.300695961098,0,16139.300695961098,0
2022-05-19,16139.300695961098,0,16139.300695961098,0
2022-05-20,16139.300695961098,0,16139.300695961098,0
2022-05-23,16139.300695961098,0,16139.300695961098,0
2022-05-24,16139.300695961098,0,16139.300695961098,0
2022-05-25,16139.300695961098,0,16139.300695961098,0
2022-05-26,16139.300695961098,0,16139.300695961098,0
2022-05-27,16139.300695961098,0,16139.300695961098,0
2022-05-31,16139.300695961098,0,16139.300695961098,0
2022-06-01,16139.300695961098,0,16139.300695961098,0
2022-06-02,16139.300695961098,0,16139.300695961098,0
2022-06-03,16139.300695961098,0,16139.300695961098,0
2022-06-06,16139.300695961098,0,16139.300695961098,0
2022-06-07,16139.300695961098,0,16139.300695961098,0
2022-06-08,16139.300695961098,0,16139.300695961098,0
2022-06-09,16139.300695961098,0,16139.300695961098,0
2022-06-10,16139.300695961098,0,16139.300695961098,0
2022-06-13,16139.300695961098,0,16139.300695961098,0
2022-06-14,16139.300695961098,0,16139.300695961098,0
2022-06-15,16139.300695961098,0,16139.300695961098,0
2022-06-16,16139.300695961098,0,16139.300695961098,0
2022-06-17,16139.300695961098,0,16139.300695961098,0
2022-06-21,16139.300695961098,0,16139.300695961098,0
2022-06-22,16139.300695961098,0,16139.300695961098,0
2022-06-23,16139.300695961098,0,16139.300695961098,0
2022-06-24,16139.300695961098,0,16139.300695961098,0
2022-06-27,16139.300695961098,0,16139.300695961098,0
2022-06-28,16139.300695961098,0,16139.300695961098,0
2022-06-29,16139.300695961098,0,16139.300695961098,0
2022-06-30,16139.300695961098,0,16139.300695961098,0
2022-07-01,16139.300695961098,0,16139.300695961098,0
2022-07-05,16139.300695961098,0,16139.300695961098,0
2022-07-06,16139.300695961098,0,16139.300695961098,0
2022-07-07,16139.300695961098,0,16139.300695961098,0
2022-07-08,16139.300695961098,0,16139.300695961098,0
2022-07-11,16139.300695961098,0,16139.300695961098,0
2022-07-12,16139.300695961098,0,16139.300695961098,0
2022-07-13,16139.300695961098,0,16139.300695961098,0
2022-07-14,16139.300695961098,0,16139.300695961098,0
2022-07-15,16139.300695961098,0,16139.300695961098,0
2022-07-18,16139.300695961098,0,16139.300695961098,0
2022-07-19,15735.808981831813,402.0156469404533,16137.824628772267,1
2022-07-20,15333.52497258531,818.524888970468,16152.049861555777,2
2022-07-21,15333.52497258531,863.1376908915108,16196.662663476822,2
2022-07-22,15333.52497258531,836.1152090867009,16169.640181672012,2
2022-07-25,15333.52497258531,848.1428937037805,16181.66786628909,2
2022-07-26,15333.52497258531,793.5232854447271,16127.048258030038,2
2022-07-27,15383.186998628276,848.9825806320503,16232.169579260326,2
2022-07-28,15443.671002804876,835.0891854142403,16278.760188219117,2
2022-07-29,15494.254385561408,841.3229059697308,16335.577291531139,2
2022-08-01,15494.254385561408,823.5340940686143,16317.788479630022,2
2022-08-02,15494.254385561408,788.7615921974572,16283.015977758865,2
2022-08-03,15494.254385561408,872.3675277422249,16366.621913303632,2
2022-08-04,15539.329448067047,831.1964309214779,16370.525878988525,2
2022-08-05,15539.329448067047,831.7033877590213,16371.032835826069,2
2022-08-08,15539.329448067047,836.3837205880735,16375.71316865512,2
2022-08-09,15539.329448067047,816.5254168029555,16355.854864870002,2
2022-08-10,15597.91692634593,859.2788108000715,16457.195737146,2
2022-08-11,15597.91692634593,854.4392609969034,16452.356187342833,2
2022-08-12,15663.510486757445,851.1965041937515,16514.706990951196,2
2022-08-15,15663.510486757445,870.509776139858,16534.020262897302,2
2022-08-16,15715.95950737212,828.2575118014585,16544.21701917358,2
2022-08-17,15715.95950737212,796.0680132051777,16512.027520577296,2
2022-08-18,15715.95950737212,814.4146952925964,16530.374202664716,2
2022-08-19,15715.95950737212,739.3553632508415,16455.314870622962,2
2022-08-22,15715.95950737212,595.7964587625071,16311.755966134626,2
2022-08-23,15715.95950737212,582.2605276614411,16298.22003503356,2
2022-08-24,15715.95950737212,608.1808522644551,16324.140359636574,2
2022-08-25,15715.95950737212,706.8001647224364,16422.759672094555,2
2022-08-26,15715.95950737212,473.28239936114187,16189.241906733261,2
2022-08-29,15715.95950737212,427.6453100284641,16143.604817400583,2
2022-08-30,15715.95950737212,354.5872681404205,16070.54677551254,2
2022-08-31,15715.95950737212,299.9070220755925,16015.866529447712,2
2022-09-01,15715.95950737212,311.1870346317289,16027.146542003848,2
2022-09-02,15715.95950737212,238.0526119180729,15954.012119290192,2
2022-09-06,15715.95950737212,191.66529831449566,15907.624805686615,2
2022-09-07,15715.95950737212,286.18514784663773,16002.144655218757,2
2022-09-08,15715.95950737212,327.14007251166777,16043.099579883787,2
2022-09-09,15715.95950737212,475.5967393021848,16191.556246674305,2
2022-09-12,15715.95950737212,609.7948815286372,16325.754388900757,2
2022-09-13,15715.95950737212,119.12011771592006,15835.07962508804,2
2022-09-14,15715.95950737212,102.01782794595147,15817.977335318072,2
2022-09-15,15715.95950737212,30.96386910643787,15746.923376478557,2
2022-09-16,15806.850637983538,11.598172475459023,15818.448810458996,1
2022-09-19,15806.850637983538,0.17511946629724662,15807.025757449836,1
2022-09-20,15902.251527378688,0,15902.251527378688,0
2022-09-21,15902.251527378688,0,15902.251527378688,0
2022-09-22,15902.251527378688,0,15902.251527378688,0
2022-09-23,15902.251527378688,0,15902.251527378688,0
2022-09-26,15902.251527378688,0,15902.251527378688,0
2022-09-27,15902.251527378688,0,15902.251527378688,0
2022-09-28,15902.251527378688,0,15902.251527378688,0
2022-09-29,15902.251527378688,0,15902.251527378688,0
2022-09-30,15902.251527378688,0,15902.251527378688,0
2022-10-03,15902.251527378688,0,15902.251527378688,0
2022-10-04,15902.251527378688,0,15902.251527378688,0
2022-10-05,15902.251527378688,0,15902.251527378688,0
2022-10-06,15902.251527378688,0,15902.251527378688,0
2022-10-07,15902.251527378688,0,15902.251527378688,0
2022-10-10,15902.251527378688,0,15902.251527378688,0
2022-10-11,15902.251527378688,0,15902.251527378688,0
2022-10-12,15902.251527378688,0,15902.251527378688,0
2022-10-13,15902.251527378688,0,15902.251527378688,0
2022-10-14,15902.251527378688,0,15902.251527378688,0
2022-10-17,15902.251527378688,0,15902.251527378688,0
2022-10-18,15902.251527378688,0,15902.251527378688,0
2022-10-19,15902.251527378688,0,15902.251527378688,0
2022-10-20,15902.251527378688,0,15902.251527378688,0
2022-10-21,15902.251527378688,0,15902.251527378688,0
2022-10-24,15902.251527378688,0,15902.251527378688,0
2022-10-25,15902.251527378688,0,15902.251527378688,0
2022-10-26,15902.251527378688,0,15902.251527378688,0
2022-10-27,15902.251527378688,0,15902.251527378688,0
2022-10-28,15501.659877071525,398.85928290847016,15900.519159979995,1
2022-10-31,15100.545914763048,788.890580518995,15889.436495282043,2
2022-11-01,15100.545914763048,777.3843669805856,15877.930281743633,2
2022-11-02,15100.545914763048,670.3184208088189,15770.864335571867,2
2022-11-03,15100.545914763048,623.1295626879714,15723.67547745102,2
2022-11-04,15100.545914763048,699.524537219115,15800.070451982163,2
2022-11-07,15100.545914763048,757.9543009908406,15858.50021575389,2
2022-11-08,15100.545914763048,776.0980764718773,15876.643991234925,2
2022-11-09,15100.545914763048,672.252990999543,15772.798905762591,2
2022-11-10,15616.555131421532,401.4165107337888,16017.97164215532,1
2022-11-11,15211.417852888451,829.3786054594775,16040.79645834793,2
2022-11-14,15211.417852888451,791.4492920359535,16002.867144924405,2
2022-11-15,15211.417852888451,820.1927642341602,16031.610617122611,2
2022-11-16,15211.417852888451,796.2128711905243,16007.630724078976,2
2022-11-17,15211.417852888451,788.8505934179392,16000.26844630639,2
2022-11-18,15211.417852888451,821.347470861624,16032.765323750074,2
2022-11-21,15211.417852888451,826.262163574097,16037.68001646255,2
2022-11-22,15260.891327541378,843.6720351438424,16104.56336268522,2
2022-11-23,15306.297617298289,832.6345134712404,16138.93213076953,2
2022-11-25,15306.297617298289,836.1965548962552,16142.494172194543,2
2022-11-28,15306.297617298289,756.714338860138,16063.011956158427,2
2022-11-29,15306.297617298289,755.5093540788931,16061.806971377182,2
2022-11-30,15355.149433280883,849.7265069580777,16204.87594023896,2
2022-12-01,15355.149433280883,858.9669894535411,16214.116422734425,2
2022-12-02,15355.149433280883,867.7143738063237,16222.863807087208,2
2022-12-05,15355.149433280883,776.0860408017422,16131.235474082625,2
2022-12-06,15355.149433280883,683.3017843202185,16038.451217601101,2
2022-12-07,15355.149433280883,670.9169943418374,16026.066427622722,2
2022-12-08,15355.149433280883,722.5415952200592,16077.691028500944,2
2022-12-09,15355.149433280883,676.8466706908284,16031.996103971713,2
2022-12-12,15355.149433280883,754.048840896234,16109.198274177117,2
2022-12-13,15355.149433280883,822.0129437785779,16177.162377059462,2
2022-12-14,15355.149433280883,811.5708945572428,16166.720327838126,2
2022-12-15,15355.149433280883,629.7593607553097,15984.908794036193,2
2022-12-16,15355.149433280883,541.993914816328,15897.143348097212,2
2022-12-19,15355.149433280883,459.56830231211256,15814.717735592996,2
2022-12-20,15355.149433280883,467.6785266998053,15822.827959980688,2
2022-12-21,15355.149433280883,636.5851082327467,15991.73454151363,2
2022-12-22,15355.149433280883,467.6543554824036,15822.803788763287,2
2022-12-23,15355.149433280883,541.4509291391241,15896.600362420008,2
2022-12-27,15355.149433280883,508.7192619751022,15863.868695255986,2
2022-12-28,15446.422980684436,124.54141876440019,15570.964399448836,1
2022-12-29,15446.422980684436,223.6309998707128,15670.053980555149,1
2022-12-30,15446.422980684436,201.5236058336086,15647.946586518045,1
2023-01-03,15446.422980684436,100.12338449860749,15546.546365183043,1
2023-01-04,15668.822621345358,0,15668.822621345358,0
2023-01-05,15668.822621345358,0,15668.822621345358,0
2023-01-06,15668.822621345358,0,15668.822621345358,0
2023-01-09,15668.822621345358,0,15668.822621345358,0
2023-01-10,15668.822621345358,0,15668.822621345358,0
2023-01-11,15668.822621345358,0,15668.822621345358,0
2023-01-12,15668.822621345358,0,15668.822621345358,0
2023-01-13,15668.822621345358,0,15668.822621345358,0
2023-01-17,15668.822621345358,0,15668.822621345358,0
2023-01-18,15668.822621345358,0,15668.822621345358,0
2023-01-19,15668.822621345358,0,15668.822621345358,0
2023-01-20,15668.822621345358,0,15668.822621345358,0
2023-01-23,15668.822621345358,0,15668.822621345358,0
2023-01-24,15668.822621345358,0,15668.822621345358,0
2023-01-25,15668.822621345358,0,15668.822621345358,0
2023-01-26,15668.822621345358,0,15668.822621345358,0
2023-01-27,15668.822621345358,0,15668.822621345358,0
2023-01-30,15668.822621345358,0,15668.822621345358,0
2023-01-31,15668.822621345358,0,15668.822621345358,0
2023-02-01,15668.822621345358,0,15668.822621345358,0
2023-02-02,15668.822621345358,0,15668.822621345358,0
2023-02-03,15668.822621345358,0,15668.822621345358,0
2023-02-06,15668.822621345358,0,15668.822621345358,0
2023-02-07,15668.822621345358,0,15668.822621345358,0
2023-02-08,15668.822621345358,0,15668.822621345358,0
2023-02-09,15668.822621345358,0,15668.822621345358,0
2023-02-10,15668.822621345358,0,15668.822621345358,0
2023-02-13,15668.822621345358,0,15668.822621345358,0
2023-02-14,15668.822621345358,0,15668.822621345358,0
2023-02-15,15668.822621345358,0,15668.822621345358,0
2023-02-16,15668.822621345358,0,15668.822621345358,0
2023-02-17,15668.822621345358,0,15668.822621345358,0
2023-02-21,15668.822621345358,0,15668.822621345358,0
2023-02-22,15668.822621345358,0,15668.822621345358,0
2023-02-23,15668.822621345358,0,15668.822621345358,0
2023-02-24,15668.822621345358,0,15668.822621345358,0
2023-02-27,15668.822621345358,0,15668.822621345358,0
2023-02-28,15668.822621345358,0,15668.822621345358,0
2023-03-01,15668.822621345358,0,15668.822621345358,0
2023-03-02,15668.822621345358,0,15668.822621345358,0
2023-03-03,15668.822621345358,0,15668.822621345358,0
2023-03-06,15668.822621345358,0,15668.822621345358,0
2023-03-07,15668.822621345358,0,15668.822621345358,0
2023-03-08,15668.822621345358,0,15668.822621345358,0
2023-03-09,15668.822621345358,0,15668.822621345358,0
2023-03-10,15668.822621345358,0,15668.822621345358,0
2023-03-13,15668.822621345358,0,15668.822621345358,0
2023-03-14,15668.822621345358,0,15668.822621345358,0
2023-03-15,15668.822621345358,0,15668.822621345358,0
2023-03-16,15668.822621345358,0,15668.822621345358,0
2023-03-17,15668.822621345358,0,15668.822621345358,0
2023-03-20,15668.822621345358,0,15668.822621345358,0
2023-03-21,15668.822621345358,0,15668.822621345358,0
2023-03-22,15668.822621345358,0,15668.822621345358,0
2023-03-23,15668.822621345358,0,15668.822621345358,0
2023-03-24,15668.822621345358,0,15668.822621345358,0
2023-03-27,15668.822621345358,0,15668.822621345358,0
2023-03-28,15668.822621345358,0,15668.822621345358,0
2023-03-29,15668.822621345358,0,15668.822621345358,0
2023-03-30,15668.822621345358,0,15668.822621345358,0
2023-03-31,15668.822621345358,0,15668.822621345358,0
2023-04-03,15668.822621345358,0,15668.822621345358,0
2023-04-04,15668.822621345358,0,15668.822621345358,0
2023-04-05,15668.822621345358,0,15668.822621345358,0
2023-04-06,15668.822621345358,0,15668.822621345358,0
2023-04-10,15668.822621345358,0,15668.822621345358,0
2023-04-11,15668.822621345358,0,15668.822621345358,0
2023-04-12,15668.822621345358,0,15668.822621345358,0
2023-04-13,15668.822621345358,0,15668.822621345358,0
2023-04-14,15668.822621345358,0,15668.822621345358,0
2023-04-17,15668.822621345358,0,15668.822621345358,0
2023-04-18,15668.822621345358,0,15668.822621345358,0
2023-04-19,15668.822621345358,0,15668.822621345358,0
2023-04-20,15668.822621345358,0,15668.822621345358,0
2023-04-21,15668.822621345358,0,15668.822621345358,0
2023-04-24,15668.822621345358,0,15668.822621345358,0
2023-04-25,15668.822621345358,0,15668.822621345358,0
2023-04-26,15668.822621345358,0,15668.822621345358,0
2023-04-27,15668.822621345358,0,15668.822621345358,0
2023-04-28,15668.822621345358,0,15668.822621345358,0
2023-05-01,15668.822621345358,0,15668.822621345358,0
2023-05-02,15668.822621345358,0,15668.822621345358,0
2023-05-03,15668.822621345358,0,15668.822621345358,0
2023-05-04,15668.822621345358,0,15668.822621345358,0
2023-05-05,15668.822621345358,0,15668.822621345358,0
2023-05-08,15668.822621345358,0,15668.822621345358,0
2023-05-09,15668.822621345358,0,15668.822621345358,0
2023-05-10,15668.822621345358,0,15668.822621345358,0
2023-05-11,15668.822621345358,0,15668.822621345358,0
2023-05-12,15668.822621345358,0,15668.822621345358,0
2023-05-15,15668.822621345358,0,15668.822621345358,0
2023-05-16,15668.822621345358,0,15668.822621345358,0
2023-05-17,15668.822621345358,0,15668.822621345358,0
2023-05-18,15668.822621345358,0,15668.822621345358,0
2023-05-19,15668.822621345358,0,15668.822621345358,0
2023-05-22,15668.822621345358,0,15668.822621345358,0
2023-05-23,15668.822621345358,0,15668.822621345358,0
2023-05-24,15668.822621345358,0,15668.822621345358,0
2023-05-25,15668.822621345358,0,15668.822621345358,0
2023-05-26,15668.822621345358,0,15668.822621345358,0
2023-05-30,15668.822621345358,0,15668.822621345358,0
2023-05-31,15668.822621345358,0,15668.822621345358,0
2023-06-01,15668.822621345358,0,15668.822621345358,0
2023-06-02,15668.822621345358,0,15668.822621345358,0
2023-06-05,15668.822621345358,0,15668.822621345358,0
2023-06-06,15668.822621345358,0,15668.822621345358,0
2023-06-07,15668.822621345358,0,15668.822621345358,0
2023-06-08,15668.822621345358,0,15668.822621345358,0
2023-06-09,15668.822621345358,0,15668.822621345358,0
2023-06-12,15668.822621345358,0,15668.822621345358,0
2023-06-13,15668.822621345358,0,15668.822621345358,0
2023-06-14,15668.822621345358,0,15668.822621345358,0
2023-06-15,15668.822621345358,0,15668.822621345358,0
2023-06-16,15668.822621345358,0,15668.822621345358,0
2023-06-20,15668.822621345358,0,15668.822621345358,0
2023-06-21,15668.822621345358,0,15668.822621345358,0
2023-06-22,15668.822621345358,0,15668.822621345358,0
2023-06-23,15668.822621345358,0,15668.822621345358,0
2023-06-26,15668.822621345358,0,15668.822621345358,0
2023-06-27,15668.822621345358,0,15668.822621345358,0
2023-06-28,15668.822621345358,0,15668.822621345358,0
2023-06-29,15668.822621345358,0,15668.822621345358,0
2023-06-30,15668.822621345358,0,15668.822621345358,0
2023-07-03,15668.822621345358,0,15668.822621345358,0
2023-07-05,15668.822621345358,0,15668.822621345358,0
2023-07-06,15668.822621345358,0,15668.822621345358,0
2023-07-07,15668.822621345358,0,15668.822621345358,0
2023-07-10,15668.822621345358,0,15668.822621345358,0
2023-07-11,15668.822621345358,0,15668.822621345358,0
2023-07-12,15668.822621345358,0,15668.822621345358,0
2023-07-13,15668.822621345358,0,15668.822621345358,0
2023-07-14,15668.822621345358,0,15668.822621345358,0
2023-07-17,15668.822621345358,0,15668.822621345358,0
2023-07-18,15668.822621345358,0,15668.822621345358,0
2023-07-19,15668.822621345358,0,15668.822621345358,0
2023-07-20,15668.822621345358,0,15668.822621345358,0
2023-07-21,15668.822621345358,0,15668.822621345358,0
2023-07-24,15668.822621345358,0,15668.822621345358,0
2023-07-25,15668.822621345358,0,15668.822621345358,0
2023-07-26,15668.822621345358,0,15668.822621345358,0
2023-07-27,15668.822621345358,0,15668.822621345358,0
2023-07-28,15668.822621345358,0,15668.822621345358,0
2023-07-31,15668.822621345358,0,15668.822621345358,0
2023-08-01,15668.822621345358,0,15668.822621345358,0
2023-08-02,15668.822621345358,0,15668.822621345358,0
2023-08-03,15668.822621345358,0,15668.822621345358,0
2023-08-04,15668.822621345358,0,15668.822621345358,0
2023-08-07,15668.822621345358,0,15668.822621345358,0
2023-08-08,15668.822621345358,0,15668.822621345358,0
2023-08-09,15668.822621345358,0,15668.822621345358,0
2023-08-10,15668.822621345358,0,15668.822621345358,0
2023-08-11,15668.822621345358,0,15668.822621345358,0
2023-08-14,15668.822621345358,0,15668.822621345358,0
2023-08-15,15668.822621345358,0,15668.822621345358,0
2023-08-16,15668.822621345358,0,15668.822621345358,0
2023-08-17,15668.822621345358,0,15668.822621345358,0
2023-08-18,15668.822621345358,0,15668.822621345358,0
2023-08-21,15668.822621345358,0,15668.822621345358,0
2023-08-22,15668.822621345358,0,15668.822621345358,0
2023-08-23,15668.822621345358,0,15668.822621345358,0
2023-08-24,15668.822621345358,0,15668.822621345358,0
2023-08-25,15668.822621345358,0,15668.822621345358,0
2023-08-28,15668.822621345358,0,15668.822621345358,0
2023-08-29,15668.822621345358,0,15668.822621345358,0
2023-08-30,15668.822621345358,0,15668.822621345358,0
2023-08-31,15668.822621345358,0,15668.822621345358,0
2023-09-01,15668.822621345358,0,15668.822621345358,0
2023-09-05,15668.822621345358,0,15668.822621345358,0
2023-09-06,15668.822621345358,0,15668.822621345358,0
2023-09-07,15668.822621345358,0,15668.822621345358,0
2023-09-08,15668.822621345358,0,15668.822621345358,0
2023-09-11,15668.822621345358,0,15668.822621345358,0
2023-09-12,15668.822621345358,0,15668.822621345358,0
2023-09-13,15668.822621345358,0,15668.822621345358,0
2023-09-14,15254.201564220064,413.4772587671321,15667.678822987196,1
2023-09-15,15254.201564220064,361.99549255529746,15616.197056775361,1
2023-09-18,15254.201564220064,366.646150978562,15620.847715198626,1
2023-09-19,15254.201564220064,358.2291283457053,15612.43069256577,1
2023-09-20,15254.201564220064,312.3366467471243,15566.538210967188,1
2023-09-21,15254.201564220064,236.67041677993268,15490.871980999997,1
2023-09-22,15254.201564220064,226.24616692173447,15480.447731141798,1
2023-09-25,15254.201564220064,241.52215906060235,15495.723723280666,1
2023-09-26,15254.201564220064,180.55332626812515,15434.75489048819,1
2023-09-27,15254.201564220064,177.30267535257553,15431.50423957264,1
2023-09-28,15254.201564220064,198.5652425842119,15452.766806804277,1
2023-09-29,15254.201564220064,184.8215362048279,15439.023100424893,1
2023-10-02,15254.201564220064,178.91385283286638,15433.11541705293,1
2023-10-03,15254.201564220064,125.32171327889614,15379.52327749896,1
2023-10-04,15254.201564220064,149.7220403378151,15403.92360455788,1
2023-10-05,15254.201564220064,139.6517764551959,15393.85334067526,1
2023-10-06,15254.201564220064,193.03972286796238,15447.241287088027,1
2023-10-09,15254.201564220064,225.76450539168604,15479.96606961175,1
2023-10-10,15254.201564220064,261.37252193044276,15515.574086150507,1
2023-10-11,15254.201564220064,297.3198928398318,15551.521457059896,1
2023-10-12,15254.201564220064,244.77849945732544,15498.980063677389,1
2023-10-13,15254.201564220064,204.09642361479428,15458.297987834858,1
2023-10-16,15254.201564220064,305.86093356815525,15560.06249778822,1
2023-10-17,15254.201564220064,312.3375545539872,15566.539118774052,1
2023-10-18,15254.201564220064,95.91718302298773,15350.118747243052,1
2023-10-19,15339.58050709477,0,15339.58050709477,0
2023-10-20,15339.58050709477,0,15339.58050709477,0
2023-10-23,15339.58050709477,0,15339.58050709477,0
2023-10-24,15339.58050709477,0,15339.58050709477,0
2023-10-25,15339.58050709477,0,15339.58050709477,0
2023-10-26,15339.58050709477,0,15339.58050709477,0
2023-10-27,15339.58050709477,0,15339.58050709477,0
2023-10-30,15339.58050709477,0,15339.58050709477,0
2023-10-31,15339.58050709477,0,15339.58050709477,0
2023-11-01,15339.58050709477,0,15339.58050709477,0
2023-11-02,15339.58050709477,0,15339.58050709477,0
2023-11-03,14924.288785638533,414.44411191469044,15338.732897553224,1
2023-11-06,14510.519800091592,836.7861010816077,15347.3059011732,2
2023-11-07,14510.519800091592,856.1893364232808,15366.709136514872,2
2023-11-08,14510.519800091592,870.51193369143,15381.031733783022,2
2023-11-09,14510.519800091592,815.2899191910685,15325.80971928266,2
2023-11-10,14559.363265897546,862.8528464370042,15422.21611233455,2
2023-11-13,14559.363265897546,858.3242647655087,15417.687530663054,2
2023-11-14,15090.73983020693,408.91319090556874,15499.6530211125,1
2023-11-15,14675.772184964671,828.3365881600013,15504.108773124673,2
2023-11-16,14675.772184964671,835.6682980387596,15511.440483003431,2
2023-11-17,14675.772184964671,855.1342978074806,15530.906482772152,2
2023-11-20,14713.724653722928,867.3678077948998,15581.092461517826,2
2023-11-21,14713.724653722928,860.6862188569216,15574.410872579849,2
2023-11-22,14762.875091621345,841.3601374627988,15604.235229084145,2
2023-11-24,14762.875091621345,858.4083224359716,15621.283414057316,2
2023-11-27,14762.875091621345,851.3937530633953,15614.26884468474,2
2023-11-28,14762.875091621345,860.9821641197484,15623.857255741093,2
2023-11-29,14762.875091621345,853.0672569170079,15615.942348538352,2
2023-11-30,14762.875091621345,880.725797558894,15643.60088918024,2
2023-12-01,14813.411567928648,866.480345094697,15679.891913023344,2
2023-12-04,14813.411567928648,834.6586419030459,15648.070209831694,2
2023-12-05,14813.411567928648,838.7048891939137,15652.116457122562,2
2023-12-06,14813.411567928648,811.9647065937884,15625.376274522436,2
2023-12-07,14851.824379540225,827.7928256136796,15679.617205153905,2
2023-12-08,14851.824379540225,870.2981095085242,15722.12248904875,2
2023-12-11,14851.824379540225,896.6640771759061,15748.488456716132,2
2023-12-12,15362.230849084679,416.61244771598615,15778.843296800665,1
2023-12-13,14944.55126948279,870.5718456998688,15815.12311518266,2
2023-12-14,14985.70220281267,838.2516548436585,15823.953857656328,2
2023-12-15,14985.70220281267,844.6186761368679,15830.320878949538,2
2023-12-18,14985.70220281267,875.454787465562,15861.156990278232,2
2023-12-19,14985.70220281267,909.039045165969,15894.74124797864,2
2023-12-20,14985.70220281267,803.6911166844988,15789.393319497169,2
2023-12-21,14985.70220281267,873.0134309049056,15858.715633717577,2
2023-12-22,14985.70220281267,896.5713749963622,15882.273577809032,2
2023-12-26,15501.76446733608,412.3447898743322,15914.109257210412,1
2023-12-27,15085.191806038154,839.1794076615582,15924.371213699713,2
2023-12-28,15085.191806038154,843.576308640244,15928.768114678398,2
2023-12-29,15085.191806038154,828.3353736692675,15913.527179707422,2
2024-01-02,15085.191806038154,784.6436786377467,15869.835484675901,2
2024-01-03,15085.191806038154,706.1014462461187,15791.293252284273,2
2024-01-04,15085.191806038154,675.8115935061255,15761.00339954428,2
2024-01-05,15085.191806038154,706.1256352463217,15791.317441284476,2
2024-01-08,15085.191806038154,843.3362042864303,15928.528010324584,2
2024-01-09,15085.191806038154,842.9610676920895,15928.152873730243,2
2024-01-10,15085.191806038154,888.6527095706065,15973.84451560876,2
2024-01-11,15085.191806038154,894.053441371441,15979.245247409595,2
2024-01-12,15085.191806038154,899.2283386603589,15984.420144698513,2
2024-01-16,15085.191806038154,879.3510672922239,15964.542873330378,2
2024-01-17,15085.191806038154,825.2177846466878,15910.409590684842,2
2024-01-18,15130.447607916867,862.5597125918908,15993.007320508757,2
2024-01-19,15202.853855612213,863.5488656293867,16066.4027212416,2
2024-01-22,15249.365321129275,836.14911231467,16085.514433443945,2
2024-01-23,15249.365321129275,868.6852235291767,16118.050544658452,2
2024-01-24,15249.365321129275,865.1393997831469,16114.504720912422,2
2024-01-25,15249.365321129275,890.0019512778051,16139.36727240708,2
2024-01-26,15249.365321129275,893.4834700049649,16142.84879113424,2
2024-01-29,15763.435028128983,411.9424530726363,16175.377481201618,1
2024-01-30,15349.781587077454,826.9613347893795,16176.742921866833,2
2024-01-31,15349.781587077454,695.0299816088943,16044.811568686348,2
2024-02-01,15349.781587077454,797.4604535794242,16147.242040656878,2
2024-02-02,15349.781587077454,865.4516928198419,16215.233279897297,2
2024-02-05,15349.781587077454,861.256696754019,16211.038283831473,2
2024-02-06,15349.781587077454,888.6691110084406,16238.450698085895,2
2024-02-07,15869.286499450898,409.1650602191109,16278.45155967001,1
2024-02-08,15456.76082065941,824.2399826976083,16281.00080335702,2
2024-02-09,15456.76082065941,859.4079080250588,16316.16872868447,2
2024-02-12,15456.76082065941,844.870608984018,16301.631429643428,2
2024-02-13,15456.76082065941,724.3798189906258,16181.140639650037,2
2024-02-14,15456.76082065941,817.4435982575716,16274.204418916983,2
2024-02-15,15456.76082065941,863.185650188273,16319.946470847684,2
2024-02-16,15456.76082065941,833.7286850267368,16290.489505686148,2
2024-02-20,15456.76082065941,788.543971384405,16245.304792043815,2
2024-02-21,15456.76082065941,803.817545906169,16260.57836656558,2
2024-02-22,15977.82550499225,411.7791395959941,16389.604644588246,1
2024-02-23,15566.607322815606,831.0233955461242,16397.63071836173,2
2024-02-26,15566.607322815606,816.6263220906131,16383.233644906219,2
2024-02-27,15566.607322815606,836.0640451010397,16402.671367916646,2
2024-02-28,15566.607322815606,821.2739196691047,16387.88124248471,2
2024-02-29,15566.607322815606,864.1803804329996,16430.787703248607,2
2024-03-01,15614.019286269706,862.0668958625665,16476.086182132272,2
2024-03-04,15614.019286269706,857.9010275745702,16471.920313844275,2
2024-03-05,15614.019286269706,778.663272649618,16392.682558919325,2
2024-03-06,15614.019286269706,816.2353937477939,16430.2546800175,2
2024-03-07,15658.816559724486,832.126590580652,16490.94315030514,2
2024-03-08,15658.816559724486,789.020979077533,16447.837538802018,2
2024-03-11,15658.816559724486,783.4289841531074,16442.245543877594,2
2024-03-12,15658.816559724486,879.6478974195054,16538.464457143993,2
2024-03-13,15658.816559724486,874.6323788577882,16533.448938582274,2
2024-03-14,15658.816559724486,850.5416665666567,16509.358226291144,2
2024-03-15,15658.816559724486,810.9264180815501,16469.742977806036,2
2024-03-18,15658.816559724486,869.0706864677409,16527.887246192226,2
2024-03-19,15708.828088239205,860.5109302473338,16569.33901848654,2
2024-03-20,15773.550670078746,852.4357694037021,16625.986439482447,2
2024-03-21,15773.550670078746,874.9993464684508,16648.550016547197,2
2024-03-22,15773.550670078746,867.9657853152448,16641.51645539399,2
2024-03-25,15773.550670078746,857.8303077328286,16631.380977811576,2
2024-03-26,15773.550670078746,843.1352179414148,16616.68588802016,2
2024-03-27,15824.314342440812,849.4783919414836,16673.792734382296,2
2024-03-28,15824.314342440812,855.1170731207335,16679.431415561547,2
2024-04-01,15824.314342440812,845.2002453060601,16669.51458774687,2
2024-04-02,15824.314342440812,781.5472196393969,16605.86156208021,2
2024-04-03,15824.314342440812,798.3381380623086,16622.652480503122,2
2024-04-04,15824.314342440812,671.6442150458249,16495.958557486636,2
2024-04-05,15824.314342440812,769.8656938580698,16594.18003629888,2
2024-04-08,15824.314342440812,794.0717132914458,16618.38605573226,2
2024-04-09,15824.314342440812,814.4648703292155,16638.779212770027,2
2024-04-10,15824.314342440812,724.4398611128133,16548.754203553624,2
2024-04-11,15824.314342440812,810.99246417619,16635.306806617,2
2024-04-12,15824.314342440812,643.9562131319377,16468.270555572748,2
2024-04-15,15824.314342440812,506.8648220086601,16331.179164449472,2
2024-04-16,15824.314342440812,481.43926896539426,16305.753611406206,2
2024-04-17,15824.314342440812,402.7609472125505,16227.075289653363,2
2024-04-18,15824.314342440812,364.70953215018085,16189.023874590992,2
2024-04-19,15824.314342440812,246.7284275509371,16071.042769991749,2
2024-04-22,15824.314342440812,289.161197533565,16113.475539974377,2
2024-04-23,15824.314342440812,569.8442648326335,16394.158607273446,2
2024-04-24,16331.095614390679,249.84210172635244,16580.93771611703,1
2024-04-25,16331.095614390679,203.55406301969765,16534.649677410376,1
2024-04-26,16331.095614390679,309.3450996807462,16640.440714071425,1
2024-04-29,16331.095614390679,384.66105536218436,16715.756669752864,1
2024-04-30,16331.095614390679,94.12691827175763,16425.222532662436,1
2024-05-01,16416.611699545643,0,16416.611699545643,0
2024-05-02,16416.611699545643,0,16416.611699545643,0
2024-05-03,16416.611699545643,0,16416.611699545643,0
2024-05-06,16005.885610009947,409.2226699481131,16415.10827995806,1
2024-05-07,15595.335620081329,826.802282526934,16422.13790260826,2
2024-05-08,15595.335620081329,834.0002981461175,16429.335918227447,2
2024-05-09,15595.335620081329,872.902166827884,16468.237786909212,2
2024-05-10,15595.335620081329,887.4076406713491,16482.74326075268,2
2024-05-13,15595.335620081329,876.9089600256152,16472.244580106944,2
2024-05-14,15637.584396521823,862.6828540604442,16500.267250582267,2
2024-05-15,15701.980303449374,867.1842381404737,16569.16454158985,2
2024-05-16,15701.980303449374,858.8299705974016,16560.810274046777,2
2024-05-17,15747.634182935812,827.7472950864507,16575.381478022264,2
2024-05-20,15747.634182935812,839.4193406872816,16587.053523623093,2
2024-05-21,15747.634182935812,864.9127912965831,16612.546974232395,2
2024-05-22,15747.634182935812,841.5400900466011,16589.17427298241,2
2024-05-23,15747.634182935812,779.1643816804353,16526.79856461625,2
2024-05-24,15747.634182935812,852.8091655653966,16600.44334850121,2
2024-05-28,15747.634182935812,850.7486478472948,16598.382830783106,2
2024-05-29,15747.634182935812,772.9281246669516,16520.562307602762,2
2024-05-30,15747.634182935812,719.9133959109048,16467.547578846716,2
2024-05-31,15747.634182935812,823.0981022661155,16570.732285201928,2
2024-06-03,15747.634182935812,845.1251015265982,16592.75928446241,2
2024-06-04,15747.634182935812,862.4312483345776,16610.06543127039,2
2024-06-05,16280.903359893133,409.52812912311884,16690.431489016253,1
2024-06-06,15869.973697599431,820.0656225464186,16690.03932014585,2
2024-06-07,15869.973697599431,822.3642193891194,16692.337916988552,2
2024-06-10,15869.973697599431,838.6362834779533,16708.609981077385,2
2024-06-11,15869.973697599431,857.1172102035995,16727.09090780303,2
2024-06-12,16374.571063667636,412.1555051842961,16786.726568851933,1
2024-06-13,15958.839230747684,837.132166843817,16795.9713975915,2
2024-06-14,15958.839230747684,822.7548774083673,16781.594108156052,2
2024-06-17,15958.839230747684,877.1008443325322,16835.940075080216,2
2024-06-18,15958.839230747684,901.9363662661689,16860.775597013853,2
2024-06-20,15958.839230747684,877.6189095279562,16836.45814027564,2
2024-06-21,15958.839230747684,873.9851363725251,16832.82436712021,2
2024-06-24,15958.839230747684,865.2616809226188,16824.100911670303,2
2024-06-25,15958.839230747684,901.7139858639496,16860.553216611635,2
2024-06-26,16008.801821673882,866.4859129261174,16875.2877346,2
2024-06-27,16058.859430530267,827.8976533599575,16886.757083890225,2
2024-06-28,16058.859430530267,797.5850261631947,16856.44445669346,2
2024-07-01,16058.859430530267,830.2440120641577,16889.103442594424,2
2024-07-02,16058.859430530267,877.648887693794,16936.50831822406,2
2024-07-03,16099.85884175054,863.6725953476081,16963.531437098147,2
2024-07-05,16150.91852229682,838.2453678351311,16989.163890131953,2
2024-07-08,16150.91852229682,855.8390307189619,17006.75755301578,2
2024-07-09,16150.91852229682,860.8972927408793,17011.8158150377,2
2024-07-10,16203.520288586617,855.8765029409883,17059.396791527604,2
2024-07-11,16203.520288586617,800.4265283871987,17003.946816973814,2
2024-07-12,16203.520288586617,849.4598859860446,17052.98017457266,2
2024-07-15,16203.520288586617,864.4386871851352,17067.95897577175,2
2024-07-16,16256.667859181376,844.5982336295806,17101.266092810958,2
2024-07-17,16256.667859181376,726.6586122990943,16983.32647148047,2
2024-07-18,16256.667859181376,648.1579178716828,16904.825777053058,2
2024-07-19,16256.667859181376,585.5437649892849,16842.21162417066,2
2024-07-22,16256.667859181376,698.1377221224179,16954.805581303794,2
2024-07-23,16256.667859181376,689.2734972610128,16945.94135644239,2
2024-07-24,16256.667859181376,458.75999656482236,16715.4278557462,2
2024-07-25,16256.667859181376,413.8422398698367,16670.510099051215,2
2024-07-26,16256.667859181376,510.6366002031933,16767.30445938457,2
2024-07-29,16256.667859181376,516.8947080405246,16773.5625672219,2
2024-07-30,16256.667859181376,463.86087171029544,16720.52873089167,2
2024-07-31,16256.667859181376,635.0946196927026,16891.76247887408,2
2024-08-01,16256.667859181376,480.4683371558525,16737.13619633723,2
2024-08-02,16256.667859181376,327.8854068839735,16584.553266065348,2
2024-08-05,16256.667859181376,220.4506168189539,16477.11847600033,2
2024-08-06,16256.667859181376,189.10722150063748,16445.775080682015,2
2024-08-07,16256.667859181376,137.1781459327451,16393.846005114123,2
2024-08-08,16256.667859181376,232.96332661147403,16489.63118579285,2
2024-08-09,16256.667859181376,227.8225906986279,16484.490449880002,2
2024-08-12,16256.667859181376,158.86368676506777,16415.531545946444,2
2024-08-13,16256.667859181376,373.43192583936116,16630.09978502074,2
2024-08-14,16192.345273385154,626.7358849307798,16819.081158315934,2
2024-08-15,16192.345273385154,832.4926400033611,17024.837913388514,2
2024-08-16,16239.418259897187,822.3984362060648,17061.81669610325,2
2024-08-19,16329.294425430167,846.6026261903303,17175.897051620497,2
2024-08-20,16329.294425430167,819.1385054443103,17148.43293087448,2
2024-08-21,16329.294425430167,838.5961562245285,17167.890581654698,2
2024-08-22,16329.294425430167,774.26873732513,17103.563162755298,2
2024-08-23,16329.294425430167,863.6878649323862,17192.982290362554,2
2024-08-26,16329.294425430167,854.8105959571708,17184.10502138734,2
2024-08-27,16373.084103259449,830.9579469253435,17204.04205018479,2
2024-08-28,16373.084103259449,773.531421348784,17146.615524608234,2
2024-08-29,16373.084103259449,798.2469462803763,17171.331049539825,2
2024-08-30,16373.084103259449,870.2506744068407,17243.33477766629,2
2024-09-03,16373.084103259449,678.001870049718,17051.085973309167,2
2024-09-04,16373.084103259449,665.03110869279,17038.115211952238,2
2024-09-05,16373.084103259449,657.9088052753292,17030.99290853478,2
2024-09-06,16373.084103259449,514.5139820729185,16887.598085332367,2
2024-09-09,16373.084103259449,624.6576949304085,16997.741798189858,2
2024-09-10,16373.084103259449,671.0224817271552,17044.106584986603,2
2024-09-11,16373.084103259449,783.3399795402954,17156.424082799746,2
2024-09-12,16373.084103259449,854.224921137687,17227.309024397135,2
2024-09-13,16431.544563188807,840.4320251474239,17271.97658833623,2
2024-09-16,16431.544563188807,853.2817915888195,17284.826354777626,2
2024-09-17,16431.544563188807,853.4817485179524,17285.02631170676,2
2024-09-18,16431.544563188807,834.9015103836621,17266.446073572468,2
2024-09-19,16510.378091781266,855.5747405081938,17365.95283228946,2
2024-09-20,16510.378091781266,852.4387644356168,17362.816856216883,2
2024-09-23,16566.440973451467,820.5253529617124,17386.966326413178,2
2024-09-24,16566.440973451467,845.1332023526646,17411.57417580413,2
2024-09-25,16566.440973451467,838.2163828567002,17404.657356308166,2
2024-09-26,16566.440973451467,863.2461219398565,17429.687095391324,2
2024-09-27,16566.440973451467,835.9137174311513,17402.354690882617,2
2024-09-30,16566.440973451467,871.9170698169257,17438.358043268392,2
2024-10-01,16566.440973451467,792.1596531703244,17358.600626621792,2
2024-10-02,16566.440973451467,801.9424511325639,17368.38342458403,2
2024-10-03,16566.440973451467,777.0160649379804,17343.457038389446,2
2024-10-04,16566.440973451467,846.4121088377766,17412.853082289243,2
2024-10-07,16566.440973451467,769.1770424942661,17335.618015945733,2
2024-10-08,16566.440973451467,842.0032461312893,17408.444219582754,2
2024-10-09,16614.654603969993,836.9631410347622,17451.617745004754,2
2024-10-10,16614.654603969993,831.5431053641333,17446.197709334127,2
2024-10-11,16614.654603969993,867.5547010132354,17482.20930498323,2
2024-10-14,16687.137962510602,842.6262763718669,17529.764238882468,2
2024-10-15,16687.137962510602,801.7553629994736,17488.893325510075,2
2024-10-16,16687.137962510602,838.7565740902226,17525.894536600823,2
2024-10-17,16687.137962510602,847.6256608668614,17534.763623377465,2
2024-10-18,16741.025371913474,825.0160081572261,17566.0413800707,2
2024-10-21,16741.025371913474,821.7093281482335,17562.73470006171,2
2024-10-22,16741.025371913474,825.3353518651238,17566.3607237786,2
2024-10-23,16741.025371913474,765.7420195268301,17506.767391440306,2
2024-10-24,16741.025371913474,783.5586235981496,17524.583995511624,2
2024-10-25,16741.025371913474,770.4931583240623,17511.518530237536,2
2024-10-28,16741.025371913474,804.5288703660262,17545.5542422795,2
2024-10-29,16741.025371913474,824.0637004229882,17565.08907233646,2
2024-10-30,16741.025371913474,798.1484145513391,17539.173786464813,2
2024-10-31,16741.025371913474,655.5788750654017,17396.604246978877,2
2024-11-01,16741.025371913474,697.7826849050672,17438.808056818543,2
2024-11-04,16741.025371913474,690.5042189531883,17431.529590866663,2
2024-11-05,16741.025371913474,800.5735083724176,17541.598880285892,2
2024-11-06,17298.41507552681,407.52031055981064,17705.93538608662,1
2024-11-07,16889.41598885427,843.3616844436415,17732.77767329791,2
2024-11-08,16889.41598885427,868.8640579914562,17758.280046845728,2
2024-11-11,16932.11270529461,836.6289828187703,17768.74168811338,2
2024-11-12,16932.11270529461,827.8433305089081,17759.95603580352,2
2024-11-13,16932.11270529461,844.3535330403549,17776.466238334964,2
2024-11-14,16932.11270529461,804.722389637007,17736.83509493162,2
2024-11-15,16932.11270529461,683.719934769519,17615.83264006413,2
2024-11-18,16932.11270529461,729.41520890287,17661.52791419748,2
2024-11-19,16932.11270529461,752.3605292319587,17684.47323452657,2
2024-11-20,16932.11270529461,745.3783631840878,17677.4910684787,2
2024-11-21,16932.11270529461,790.7885031288032,17722.901208423413,2
2024-11-22,16932.11270529461,843.1583354731515,17775.271040767762,2
2024-11-25,16976.460717448164,840.2046991495752,17816.665416597738,2
2024-11-26,16976.460717448164,884.477607136575,17860.93832458474,2
2024-11-27,16976.460717448164,868.1462349615487,17844.606952409715,2
2024-11-29,17032.764685635313,855.7914252810917,17888.556110916405,2
2024-12-02,17078.40884025446,833.1214297071853,17911.530269961644,2
2024-12-03,17078.40884025446,839.6383364887669,17918.047176743225,2
2024-12-04,17078.40884025446,874.1234135063521,17952.53225376081,2
2024-12-05,17078.40884025446,865.7555200968452,17944.164360351304,2
2024-12-06,17078.40884025446,896.0852621245281,17974.494102378987,2
2024-12-09,17078.40884025446,847.3180220380989,17925.72686229256,2
2024-12-10,17078.40884025446,832.5206746287065,17910.929514883166,2
2024-12-11,17078.40884025446,895.1676716162488,17973.576511870706,2
2024-12-12,17078.40884025446,862.9330715788435,17941.3419118333,2
2024-12-13,17078.40884025446,869.2329351033684,17947.641775357828,2
2024-12-16,17078.40884025446,891.3735729587074,17969.782413213165,2
2024-12-17,17078.40884025446,855.6454966025165,17934.054336856974,2
2024-12-18,17078.40884025446,545.4994863354074,17623.908326589866,2
2024-12-19,17078.40884025446,549.8028801782766,17628.211720432737,2
2024-12-20,17078.40884025446,679.3141097610743,17757.722950015534,2
2024-12-23,17078.40884025446,786.6489578670667,17865.057798121525,2
2024-12-24,17138.434774890276,855.7884002721046,17994.22317516238,2
2024-12-26,17138.434774890276,857.2066875407138,17995.64146243099,2
2024-12-27,17138.434774890276,759.9886908492635,17898.42346573954,2
2024-12-30,17138.434774890276,654.4175937577222,17792.852368648,2
2024-12-31,17138.434774890276,609.1686289581702,17747.603403848447,2
2025-01-02,17138.434774890276,585.4520113217433,17723.88678621202,2
2025-01-03,17138.434774890276,786.1218437965015,17924.556618686776,2
2025-01-06,17321.8114955908,785.3047122617384,18107.116207852538,2
2025-01-07,17321.8114955908,686.5775898880855,18008.389085478884,2
2025-01-08,17321.8114955908,702.0682350289889,18023.87973061979,2
2025-01-10,17321.8114955908,571.1097487609919,17892.92124435179,2
2025-01-13,17321.8114955908,588.1136481237917,17909.92514371459,2
2025-01-14,17321.8114955908,602.1179249801236,17923.929420570923,2
2025-01-15,17321.8114955908,793.3644873080908,18115.17598289889,2
2025-01-16,17321.8114955908,774.8428788338174,18096.654374424616,2
2025-01-17,17321.8114955908,866.4203450044574,18188.231840595257,2
2025-01-21,17865.654360007986,405.4254730258819,18271.07983303387,1
2025-01-22,17456.353088400745,831.1722572810495,18287.525345681795,2
2025-01-23,17456.353088400745,862.580971145298,18318.93405954604,2
2025-01-24,17456.353088400745,854.336252355305,18310.68934075605,2
2025-01-27,17456.353088400745,732.1249955401441,18188.47808394089,2
2025-01-28,17456.353088400745,812.7206729704696,18269.073761371215,2
2025-01-29,17456.353088400745,785.4319422550632,18241.785030655807,2
2025-01-30,17456.353088400745,832.4614647094038,18288.814553110147,2
2025-01-31,17456.353088400745,796.1768676505799,18252.529956051323,2
2025-02-03,17456.353088400745,726.7787324457316,18183.131820846476,2
2025-02-04,17456.353088400745,799.471372046851,18255.824460447595,2
2025-02-05,17456.353088400745,851.3295626892116,18307.682651089955,2
2025-02-06,17456.353088400745,882.0671748197988,18338.420263220545,2
2025-02-07,17456.353088400745,811.3125070085048,18267.66559540925,2
2025-02-10,17456.353088400745,885.6941167076634,18342.047205108407,2
2025-02-11,17501.815336809763,843.170510767127,18344.98584757689,2
2025-02-12,17501.815336809763,833.7489586588539,18335.564295468615,2
2025-02-13,17562.527745488882,842.9865594152574,18405.51430490414,2
2025-02-14,17562.527745488882,851.1048182636919,18413.632563752573,2
2025-02-18,17562.527745488882,867.2146546868887,18429.74240017577,2
2025-02-19,17610.698088303634,832.480130201104,18443.178218504738,2
2025-02-20,17610.698088303634,804.474659474097,18415.17274777773,2
2025-02-21,17610.698088303634,660.7711068180151,18271.46919512165,2
2025-02-24,17610.698088303634,624.20655043598,18234.904638739616,2
2025-02-25,17610.698088303634,587.9417270156608,18198.639815319293,2
2025-02-26,17610.698088303634,591.9615408192982,18202.659629122933,2
2025-02-27,17610.698088303634,465.4935378447078,18076.191626148342,2
2025-02-28,17610.698088303634,589.5849407406075,18200.28302904424,2
2025-03-03,17610.698088303634,446.3502131693019,18057.048301472936,2
2025-03-04,17610.698088303634,356.5982223885328,17967.296310692167,2
2025-03-05,17610.698088303634,431.1246740990782,18041.822762402713,2
2025-03-06,17610.698088303634,307.83394965517346,17918.53203795881,2
2025-03-07,17610.698088303634,331.5312079690443,17942.22929627268,2
2025-03-10,17610.698088303634,172.46116710725232,17783.159255410887,2
2025-03-11,17610.698088303634,120.2660911873636,17730.964179491,2
2025-03-12,17610.698088303634,106.92854905516924,17717.626637358804,2
2025-03-13,17610.698088303634,52.772020955882226,17663.470109259517,2
2025-03-14,17610.698088303634,92.08778154255128,17702.785869846186,2
2025-03-17,17610.698088303634,65.82751660974964,17676.525604913382,2
2025-03-18,17610.698088303634,28.810843390488117,17639.508931694123,2
2025-03-19,17610.698088303634,35.50814990910567,17646.20623821274,2
2025-03-20,17702.27398046739,23.04160464271945,17725.31558511011,1
2025-03-21,17702.27398046739,15.785656744253629,17718.059637211645,1
2025-03-24,17702.27398046739,14.335087031963667,17716.609067499354,1
2025-03-25,17702.27398046739,2.8560967963699113,17705.130077263762,1
2025-03-26,17796.538451727694,0,17796.538451727694,0
2025-03-27,17796.538451727694,0,17796.538451727694,0
2025-03-28,17796.538451727694,0,17796.538451727694,0
2025-03-31,17796.538451727694,0,17796.538451727694,0
2025-04-01,17796.538451727694,0,17796.538451727694,0
2025-04-02,17796.538451727694,0,17796.538451727694,0
2025-04-03,17796.538451727694,0,17796.538451727694,0
2025-04-04,17796.538451727694,0,17796.538451727694,0
2025-04-07,17796.538451727694,0,17796.538451727694,0
2025-04-08,17796.538451727694,0,17796.538451727694,0
2025-04-09,17796.538451727694,0,17796.538451727694,0
2025-04-10,17796.538451727694,0,17796.538451727694,0
2025-04-11,17796.538451727694,0,17796.538451727694,0
2025-04-14,17796.538451727694,0,17796.538451727694,0
2025-04-15,17796.538451727694,0,17796.538451727694,0
2025-04-16,17796.538451727694,0,17796.538451727694,0
2025-04-17,17796.538451727694,0,17796.538451727694,0
2025-04-21,17796.538451727694,0,17796.538451727694,0
2025-04-22,17796.538451727694,0,17796.538451727694,0
2025-04-23,17796.538451727694,0,17796.538451727694,0
2025-04-24,17796.538451727694,0,17796.538451727694,0
2025-04-25,17796.538451727694,0,17796.538451727694,0
2025-04-28,17796.538451727694,0,17796.538451727694,0
2025-04-29,17796.538451727694,0,17796.538451727694,0
2025-04-30,17796.538451727694,0,17796.538451727694,0
2025-05-01,17395.179522963623,399.8589990273629,17795.038521990984,1
2025-05-02,16994.969402546045,835.0701421879294,17830.039544733976,2
2025-05-05,16994.969402546045,811.1697884544697,17806.139191000515,2
2025-05-06,16994.969402546045,772.3353579989507,17767.304760544997,2
2025-05-07,16994.969402546045,805.9465471189498,17800.915949664995,2
2025-05-08,16994.969402546045,843.8769412341856,17838.84634378023,2
2025-05-09,16994.969402546045,851.6012815236103,17846.570684069655,2
2025-05-12,17561.56019121213,404.9518115942547,17966.512002806387,1
2025-05-13,17158.408737609687,825.9145249930853,17984.32326260277,2
2025-05-14,17158.408737609687,828.1985880316682,17986.607325641355,2
2025-05-15,17158.408737609687,860.1869958958765,18018.595733505565,2
2025-05-16,17209.9253975063,844.5237392835324,18054.449136789834,2
2025-05-19,17209.9253975063,845.7634573878487,18055.68885489415,2
2025-05-20,17209.9253975063,832.015752596002,18041.941150102302,2
2025-05-21,17209.9253975063,714.9294797782545,17924.854877284553,2
2025-05-22,17209.9253975063,721.3175536816507,17931.242951187953,2
2025-05-23,17209.9253975063,665.6706564145992,17875.5960539209,2
2025-05-27,17209.9253975063,833.501230293313,18043.426627799614,2
2025-05-28,17209.9253975063,803.2613321405421,18013.18672964684,2
2025-05-29,17209.9253975063,832.3762577405305,18042.301655246833,2
2025-05-30,17209.9253975063,845.1658433607129,18055.091240867012,2
2025-06-02,17267.766691476547,825.6238855377248,18093.39057701427,2
2025-06-03,17267.766691476547,868.5143065659737,18136.28099804252,2
2025-06-04,17267.766691476547,874.8061950447279,18142.572886521273,2
2025-06-05,17267.766691476547,841.9536159321083,18109.720307408654,2
2025-06-06,17332.589332526248,848.4294124722687,18181.018744998517,2
2025-06-09,17332.589332526248,856.8691076300374,18189.458440156286,2
2025-06-10,17387.322344406,828.8190449979923,18216.14138940399,2
2025-06-11,17387.322344406,813.5235882850723,18200.84593269107,2
2025-06-12,17387.322344406,825.3135232918496,18212.63586769785,2
2025-06-13,17387.322344406,734.4474870313547,18121.769831437352,2
2025-06-16,17387.322344406,815.4278743018182,18202.750218707817,2
2025-06-17,17387.322344406,744.8598892616005,18132.182233667598,2
2025-06-18,17387.322344406,763.1149542728722,18150.43729867887,2
2025-06-20,17387.322344406,752.9303163953457,18140.252660801343,2
2025-06-23,17387.322344406,832.4507389877311,18219.77308339373,2
2025-06-24,17448.30374185053,855.0739594086672,18303.377701259196,2
2025-06-25,17496.12094068835,819.2002533879177,18315.321194076267,2
2025-06-26,17496.12094068835,862.6650370349366,18358.785977723288,2
2025-06-27,17496.12094068835,891.1606275641645,18387.281568252514,2
2025-06-30,18000.183684277894,406.0384765100693,18406.222160787962,1
2025-07-01,17596.66778244231,806.1987106282544,18402.866493070564,2
2025-07-02,17596.66778244231,836.234737949394,18432.902520391704,2
2025-07-03,17596.66778244231,880.6151122971315,18477.28289473944,2
2025-07-07,17596.66778244231,838.6691835966872,18435.336966038998,2
2025-07-08,17596.66778244231,853.2614377561544,18449.929220198464,2
2025-07-09,17596.66778244231,897.7453711503763,18494.413153592686,2
2025-07-10,18101.708033625007,405.52433944207564,18507.232373067083,1
2025-07-11,17694.80405756367,798.0864267262149,18492.890484289885,2
2025-07-14,17694.80405756367,803.201638264477,18498.005695828146,2
2025-07-15,17694.80405756367,781.4405490551806,18476.24460661885,2
2025-07-16,17694.80405756367,806.219954265228,18501.024011828897,2
2025-07-17,17694.80405756367,848.1121948229757,18542.916252386647,2
2025-07-18,17694.80405756367,853.1486369434504,18547.95269450712,2
2025-07-21,17694.80405756367,868.9739066873386,18563.777964251007,2
2025-07-22,17694.80405756367,878.7526595260381,18573.55671708971,2
2025-07-23,18215.26900877487,406.71438568376743,18621.98339445864,1
2025-07-24,17810.378507304475,813.8621575872463,18624.24066489172,2
2025-07-25,17810.378507304475,846.0764277989256,18656.4549351034,2
2025-07-28,17810.378507304475,855.0777364671262,18665.4562437716,2
2025-07-29,17810.378507304475,827.1154664716335,18637.49397377611,2
2025-07-30,17810.378507304475,831.560515331229,18641.939022635703,2
2025-07-31,17810.378507304475,793.8373104157804,18604.215817720255,2
2025-08-01,17810.378507304475,649.0572872316335,18459.435794536108,2
2025-08-04,17810.378507304475,788.9442699054456,18599.32277720992,2
2025-08-05,17810.378507304475,755.830983898818,18566.20949120329,2
2025-08-06,17810.378507304475,824.4342178782504,18634.812725182725,2
2025-08-07,17810.378507304475,827.4537743721978,18637.832281676674,2
2025-08-08,17810.378507304475,899.6915782773193,18710.070085581792,2
2025-08-11,17810.378507304475,887.6870307518616,18698.065538056337,2
2025-08-12,18361.76247024836,404.3361063350005,18766.09857658336,1
2025-08-13,17954.424874423577,823.5879043593072,18778.012778782886,2
2025-08-14,17954.424874423577,822.4839333541795,18776.908807777756,2
2025-08-15,17954.424874423577,803.9293346042683,18758.354209027846,2
2025-08-18,17954.424874423577,814.5972005059648,18769.02207492954,2
2025-08-19,17954.424874423577,769.8898882546971,18724.314762678274,2
2025-08-20,17954.424874423577,754.0124401221944,18708.437314545772,2
2025-08-21,17954.424874423577,715.0120801845759,18669.436954608154,2
2025-08-22,17954.424874423577,859.5612182758814,18813.98609269946,2
2025-08-25,17954.424874423577,836.0263463794411,18790.451220803017,2
2025-08-26,17954.424874423577,869.8023288416962,18824.227203265273,2
2025-08-27,17954.424874423577,884.7124984846496,18839.137372908226,2
2025-08-28,18009.542200595944,855.2514862387142,18864.79368683466,2
2025-08-29,18009.542200595944,805.176736227412,18814.718936823356,2
2025-09-02,18009.542200595944,748.2042246383259,18757.74642523427,2
2025-09-03,18009.542200595944,801.384312363578,18810.926512959522,2
2025-09-04,18067.01640343839,814.2500646724784,18881.266468110865,2
2025-09-05,18067.01640343839,799.8866602959979,18866.903063734386,2
2025-09-08,18067.01640343839,824.9699687125315,18891.98637215092,2
2025-09-09,18067.01640343839,846.3169261723152,18913.333329610705,2
2025-09-10,18067.01640343839,862.2246264000552,18929.241029838446,2
2025-09-11,18572.47119886078,407.59475718576965,18980.06595604655,1
2025-09-12,18165.737620054893,812.9416992089176,18978.67931926381,2
2025-09-15,18165.737620054893,833.4199789114933,18999.157598966387,2
2025-09-16,18165.737620054893,819.2050014916873,18984.94262154658,2
2025-09-17,18165.737620054893,827.2266521006359,18992.96427215553,2
2025-09-18,18165.737620054893,857.0939128399203,19022.831532894812,2
2025-09-19,18165.737620054893,888.2166582347963,19053.95427828969,2
2025-09-22,18664.584793317368,406.0568459027934,19070.64163922016,1
2025-09-23,18259.9059715396,791.7308130431763,19051.636784582777,2
2025-09-24,18259.9059715396,785.0001711530424,19044.906142692642,2
2025-09-25,18259.9059715396,748.8910797016189,19008.797051241218,2
2025-09-26,18259.9059715396,810.0658704735281,19069.97184201313,2
2025-09-29,18259.9059715396,822.6049787175682,19082.51095025717,2
2025-09-30,18259.9059715396,846.4278419233864,19106.333813462985,2
2025-10-01,18259.9059715396,867.4657330307739,19127.371704570374,2
2025-10-02,18259.9059715396,869.4972275867322,19129.403199126333,2
2025-10-03,18259.9059715396,873.8095424012934,19133.715513940893,2
2025-10-06,18315.2046251122,850.3515424491184,19165.55616756132,2
2025-10-07,18315.2046251122,821.863251654321,19137.067876766523,2
2025-10-08,18367.781887013363,814.144236516151,19181.926123529513,2
2025-10-09,18367.781887013363,799.9882340906267,19167.77012110399,2
2025-10-10,18367.781887013363,582.1308148549605,18949.912701868325,2
2025-10-13,18367.781887013363,704.9934018134792,19072.775288826844,2
2025-10-14,18367.781887013363,680.3421044801269,19048.12399149349,2
2025-10-15,18367.781887013363,709.4156662850509,19077.197553298414,2
2025-10-16,18367.781887013363,638.210720731675,19005.99260774504,2
2025-10-17,18367.781887013363,707.8123245976826,19075.594211611045,2
2025-10-20,18367.781887013363,816.5611652373599,19184.343052250722,2
2025-10-21,18367.781887013363,826.8236877625014,19194.605574775866,2
2025-10-22,18367.781887013363,788.4569450962772,19156.23883210964,2
2025-10-23,18367.781887013363,848.6996261305492,19216.481513143914,2
2025-10-24,18418.43590141927,855.520549806198,19273.95645122547,2
2025-10-27,18492.260499879478,849.7852076932872,19342.045707572765,2
2025-10-28,18492.260499879478,854.0344755420364,19346.294975421515,2
2025-10-29,18492.260499879478,849.7282168603817,19341.98871673986,2
2025-10-30,18492.260499879478,802.4672648499546,19294.727764729432,2
2025-10-31,18492.260499879478,812.603651991202,19304.86415187068,2
2025-11-03,18492.260499879478,836.6740149782203,19328.934514857698,2
2025-11-04,18492.260499879478,748.1717520109598,19240.432251890437,2
2025-11-05,18492.260499879478,786.9398938875222,19279.200393767,2
2025-11-06,18492.260499879478,699.634072519251,19191.894572398727,2
2025-11-07,18492.260499879478,716.2337192078382,19208.494219087315,2
2025-11-10,18492.260499879478,847.6988518766234,19339.9593517561,2
2025-11-11,18543.34547895253,815.693817186667,19359.0392961392,2
2025-11-12,18543.34547895253,820.2766303654556,19363.62210931799,2
2025-11-13,18543.34547895253,686.8373472349361,19230.18282618747,2
2025-11-14,18543.34547895253,688.1597234962868,19231.505202448818,2
2025-11-17,18543.34547895253,610.3427145452855,19153.688193497816,2
2025-11-18,18543.34547895253,542.0372049430057,19085.382683895536,2
2025-11-19,18543.34547895253,574.0274085636344,19117.372887516165,2
2025-11-20,18543.34547895253,454.1000188849182,18997.44549783745,2
2025-11-21,18543.34547895253,529.4507761630655,19072.796255115598,2
2025-11-24,18543.34547895253,695.7385808941581,19239.08405984669,2
2025-11-25,18543.34547895253,810.2872867198158,19353.632765672348,2
2025-11-26,18607.010214941874,824.1180482252744,19431.12826316715,2
2025-11-28,18607.010214941874,873.3329779837213,19480.343192925597,2
2025-12-01,18607.010214941874,847.3590336315993,19454.369248573475,2
2025-12-02,18607.010214941874,875.4998661543696,19482.510081096243,2
2025-12-03,18667.677778982426,839.0432768636074,19506.721055846036,2
2025-12-04,18667.677778982426,852.4767561289557,19520.154535111382,2
2025-12-05,18714.769732890516,821.3850918573712,19536.154824747886,2
2025-12-08,18714.769732890516,791.4418539255494,19506.211586816065,2
2025-12-09,18714.769732890516,785.566097009729,19500.335829900247,2
2025-12-10,18714.769732890516,844.9526939429732,19559.72242683349,2
2025-12-11,18714.769732890516,874.2420957558465,19589.011828646362,2
2025-12-12,18714.769732890516,801.9336822588073,19516.703415149324,2
2025-12-15,18714.769732890516,791.7625521158982,19506.532285006415,2
2025-12-16,18714.769732890516,779.7631927786156,19494.532925669133,2
2025-12-17,18714.769732890516,679.0802671183769,19393.850000008893,2
2025-12-18,18714.769732890516,755.1836240579888,19469.953356948507,2
2025-12-19,18714.769732890516,853.5123350611713,19568.282067951688,2
2025-12-22,19226.861139105706,404.0947833718363,19630.95592247754,1
2025-12-23,18820.51409582926,824.7060312645772,19645.22012709384,2
2025-12-24,18820.51409582926,855.7949106455197,19676.30900647478,2
2025-12-26,18820.51409582926,857.9335178943168,19678.44761372358,2
2025-12-29,18820.51409582926,836.8149548662387,19657.3290506955,2
2025-12-30,18820.51409582926,829.5315896794222,19650.045685508685,2
2025-12-31,18820.51409582926,771.4591245923145,19591.973220421576,2
2026-01-02,18820.51409582926,800.219666547838,19620.733762377098,2
2026-01-05,18820.51409582926,850.9515893481392,19671.4656851774,2
2026-01-06,18866.955925511233,844.715485961045,19711.671411472278,2
2026-01-07,18866.955925511233,817.6136698235666,19684.5695953348,2
2026-01-08,18866.955925511233,821.1622768119042,19688.118202323138,2
2026-01-09,18914.775431929265,827.6303337762399,19742.405765705505,2
2026-01-12,18914.775431929265,835.5803648722571,19750.355796801523,2
2026-01-13,18914.775431929265,814.0143796037521,19728.789811533017,2
2026-01-14,18914.775431929265,773.0588547364064,19687.83428666567,2
2026-01-15,18914.775431929265,806.5601660932515,19721.335598022517,2
2026-01-16,18914.775431929265,805.9558809742341,19720.7313129035,2
2026-01-20,18914.775431929265,620.6779320795107,19535.453364008776,2
2026-01-21,18914.775431929265,745.1673033583404,19659.942735287605,2
2026-01-22,18914.775431929265,809.668041780769,19724.443473710035,2
2026-01-23,18914.775431929265,810.3398966768736,19725.115328606138,2
2026-01-26,18914.775431929265,861.7692779292177,19776.544709858485,2
2026-01-27,18961.38894024982,841.1190799841463,19802.508020233967,2
2026-01-28,18961.38894024982,845.4411458796201,19806.83008612944,2
2026-01-29,18961.38894024982,835.213217293753,19796.602157543573,2
2026-01-30,18961.38894024982,806.0076400045034,19767.396580254324,2
2026-02-02,19011.72715723506,819.2312780346967,19830.958435269757,2
2026-02-03,19011.72715723506,750.189961017108,19761.917118252168,2
2026-02-04,19011.72715723506,713.758270950035,19725.485428185093,2
2026-02-05,19011.72715723506,610.957638856334,19622.68479609139,2
2026-02-06,19011.72715723506,743.7516816576817,19755.47883889274,2
2026-02-09,19011.72715723506,821.061869154866,19832.789026389924,2
2026-02-10,19011.72715723506,799.6973412966965,19811.424498531756,2
2026-02-11,19011.72715723506,805.9081321471041,19817.635289382164,2
2026-02-12,19011.72715723506,666.6732477773195,19678.400405012377,2
2026-02-13,19011.72715723506,675.435228117658,19687.162385352716,2
2026-02-17,19011.72715723506,702.8542164709137,19714.581373705973,2
2026-02-18,19011.72715723506,759.236984831854,19770.964142066914,2
2026-02-19,19011.72715723506,736.8493541860204,19748.576511421077,2
2026-02-20,19011.72715723506,811.1299036287094,19822.857060863767,2
2026-02-23,19011.72715723506,729.8399190399607,19741.56707627502,2
2026-02-24,19011.72715723506,824.1060448317995,19835.833202066857,2
2026-02-25,19081.740389874158,839.7820105549001,19921.522400429058,2
2026-02-26,19081.740389874158,804.3611262192442,19886.1015160934,2
2026-02-27,19081.740389874158,766.6565614456531,19848.39695131981,2
2026-03-02,19081.740389874158,776.091588651542,19857.8319785257,2
2026-03-03,19081.740389874158,692.6918236410586,19774.432213515218,2
2026-03-04,19081.740389874158,789.1547559925541,19870.89514586671,2
2026-03-05,19081.740389874158,732.391820297785,19814.13221017194,2
2026-03-06,19081.740389874158,586.2473530039551,19667.98774287811,2
2026-03-09,19676.80672529586,321.3804238005224,19998.187149096382,1
2026-03-10,19676.80672529586,318.10536024434555,19994.912085540207,1
2026-03-11,19676.80672529586,319.01373175617493,19995.820457052036,1
2026-03-12,19676.80672529586,264.841418659222,19941.648143955084,1
2026-03-13,19676.80672529586,245.74617227326598,19922.552897569127,1
2026-03-16,19676.80672529586,286.31520458492616,19963.12192988079,1
2026-03-17,19676.80672529586,300.21410269727085,19977.020827993132,1
2026-03-18,19676.80672529586,240.16230724012075,19916.96903253598,1
2026-03-19,19676.80672529586,227.51206273367188,19904.318788029534,1
2026-03-20,19676.80672529586,167.80339061973564,19844.610115915595,1
2026-03-23,19676.80672529586,205.07784560206233,19881.884570897924,1
2026-03-24,19676.80672529586,185.42681014730533,19862.233535443167,1
2026-03-25,19676.80672529586,206.4931932740933,19883.299918569955,1
2026-03-26,19676.80672529586,117.81457122542065,19794.62129652128,1
2026-03-27,19676.80672529586,61.06899939863979,19737.875724694502,1
2026-03-30,19676.80672529586,10.489463154260648,19687.29618845012,1
2026-03-31,19676.80672529586,46.97904427130197,19723.785769567163,1
2026-04-01,19774.649273530347,0,19774.649273530347,0
2026-04-02,19774.649273530347,0,19774.649273530347,0
2026-04-06,19774.649273530347,0,19774.649273530347,0
2026-04-07,19774.649273530347,0,19774.649273530347,0
2026-04-08,19369.847355981765,403.20787745442175,19773.055233436186,1
2026-04-09,18961.91791814901,839.2263306693123,19801.144248818324,2
2026-04-10,18961.91791814901,842.4678801821542,19804.385798331165,2
2026-04-13,19018.848367369366,856.0707153575834,19874.91908272695,2
2026-04-14,19083.365883726143,863.1061307196632,19946.472014445804,2
2026-04-15,19141.258899992987,856.3801387396666,19997.639038732654,2
2026-04-16,19182.731298384948,841.9324964786682,20024.663794863616,2
2026-04-17,19700.718405318403,410.11200043933087,20110.830405757733,1
2026-04-20,19282.748996955153,826.0734701131327,20108.822467068287,2
2026-04-21,19282.748996955153,765.265981776048,20048.0149787312,2
2026-04-22,19282.748996955153,899.8391560917781,20182.58815304693,2
2026-04-23,19282.748996955153,883.6996677934508,20166.448664748605,2
2026-04-24,19828.03977435293,421.0066403882138,20249.04641474114,1
2026-04-27,20407.316349701523,0,20407.316349701523,0