date,cash,positionsValue,totalEquity,openPositionCount
2007-01-03,3300,0,3300,0
2007-01-04,3300,0,3300,0
2007-01-05,3300,0,3300,0
2007-01-08,3300,0,3300,0
2007-01-09,3300,0,3300,0
2007-01-10,3300,0,3300,0
2007-01-11,3300,0,3300,0
2007-01-12,3300,0,3300,0
2007-01-16,3300,0,3300,0
2007-01-17,3300,0,3300,0
2007-01-18,3300,0,3300,0
2007-01-19,3300,0,3300,0
2007-01-22,3300,0,3300,0
2007-01-23,3300,0,3300,0
2007-01-24,3300,0,3300,0
2007-01-25,3300,0,3300,0
2007-01-26,3300,0,3300,0
2007-01-29,3300,0,3300,0
2007-01-30,3300,0,3300,0
2007-01-31,3300,0,3300,0
2007-02-01,3300,0,3300,0
2007-02-02,3300,0,3300,0
2007-02-05,3300,0,3300,0
2007-02-06,3300,0,3300,0
2007-02-07,3300,0,3300,0
2007-02-08,3300,0,3300,0
2007-02-09,3300,0,3300,0
2007-02-12,3300,0,3300,0
2007-02-13,3300,0,3300,0
2007-02-14,3300,0,3300,0
2007-02-15,3300,0,3300,0
2007-02-16,3300,0,3300,0
2007-02-20,3300,0,3300,0
2007-02-21,3300,0,3300,0
2007-02-22,3300,0,3300,0
2007-02-23,3300,0,3300,0
2007-02-26,3300,0,3300,0
2007-02-27,3300,0,3300,0
2007-02-28,3300,0,3300,0
2007-03-01,3300,0,3300,0
2007-03-02,3300,0,3300,0
2007-03-05,3300,0,3300,0
2007-03-06,3300,0,3300,0
2007-03-07,3300,0,3300,0
2007-03-08,3300,0,3300,0
2007-03-09,3300,0,3300,0
2007-03-12,3300,0,3300,0
2007-03-13,3300,0,3300,0
2007-03-14,3300,0,3300,0
2007-03-15,3300,0,3300,0
2007-03-16,3300,0,3300,0
2007-03-19,3300,0,3300,0
2007-03-20,3300,0,3300,0
2007-03-21,2857.8501154013106,441.12207979071866,3298.972195192029,1
2007-03-22,2405.849335359016,885.4495408493535,3291.2988762083696,2
2007-03-23,2405.849335359016,892.816204566916,3298.665539925932,2
2007-03-26,2405.849335359016,902.0807284667387,3307.9300638257546,2
2007-03-27,2405.849335359016,869.865847138432,3275.715182497448,2
2007-03-28,2405.849335359016,801.4080746817825,3207.2574100407987,2
2007-03-29,2405.849335359016,825.4811345560522,3231.3304699150685,2
2007-03-30,2405.849335359016,829.7254019497615,3235.5747373087775,2
2007-04-02,2405.849335359016,858.6446840526336,3264.49401941165,2
2007-04-03,2405.849335359016,924.6655349648665,3330.514870323883,2
2007-04-04,2405.849335359016,935.6353107307381,3341.4846460897543,2
2007-04-05,2436.5361807273066,916.259380541868,3352.795561269175,2
2007-04-09,2464.5208016925294,901.9168910940209,3366.4376927865505,2
2007-04-10,2464.5208016925294,922.3259063276502,3386.8467080201794,2
2007-04-11,2464.5208016925294,883.9335072955269,3348.4543089880563,2
2007-04-12,2464.5208016925294,925.6911199708939,3390.2119216634233,2
2007-04-13,2485.511730201427,924.1099186763954,3409.6216488778223,2
2007-04-16,2999.2279264385734,446.5324832744751,3445.7604097130484,1
2007-04-17,2547.713129928405,901.3972404635447,3449.11037039195,2
2007-04-18,2547.713129928405,902.1936913303963,3449.9068212588013,2
2007-04-19,2547.713129928405,897.3848937513611,3445.0980236797664,2
2007-04-20,2547.713129928405,942.9056566361139,3490.618786564519,2
2007-04-23,2547.713129928405,929.0216418597304,3476.7347717881357,2
2007-04-24,2547.713129928405,929.5223178145021,3477.235447742907,2
2007-04-25,3059.067055177921,445.3801729057225,3504.4472280836435,1
2007-04-26,2610.6136999900605,895.7619930774111,3506.3756930674717,2
2007-04-27,2610.6136999900605,903.6840051467515,3514.297705136812,2
2007-04-30,2610.6136999900605,842.4507467369125,3453.064446726973,2
2007-05-01,2610.6136999900605,872.1277336273984,3482.741433617459,2
2007-05-02,2610.6136999900605,912.8651966711385,3523.478896661199,2
2007-05-03,2610.6136999900605,932.2997803400883,3542.9134803301486,2
2007-05-04,2633.636591577363,919.1938210093765,3552.83041258674,2
2007-05-07,2673.454641891199,890.1512122862312,3563.60585417743,2
2007-05-08,2673.454641891199,886.5392336388912,3559.9938755300905,2
2007-05-09,2673.454641891199,909.000400382004,3582.455042273203,2
2007-05-10,2673.454641891199,826.4931695919352,3499.9478114831345,2
2007-05-11,2673.454641891199,893.8518182453593,3567.3064601365586,2
2007-05-14,2673.454641891199,878.3769249953635,3551.8315668865625,2
2007-05-15,2673.454641891199,874.4000172385852,3547.8546591297845,2
2007-05-16,2673.454641891199,925.1602971379045,3598.614939029104,2
2007-05-17,2673.454641891199,924.9033659845475,3598.358007875747,2
2007-05-18,3184.836959425806,443.1759240272781,3628.012883453084,1
2007-05-21,2741.547283181438,888.326290987841,3629.873574169279,2
2007-05-22,2741.547283181438,892.2483506793999,3633.7956338608383,2
2007-05-23,2741.547283181438,886.4215225714981,3627.9688057529365,2
2007-05-24,2741.547283181438,821.2700814981853,3562.8173646796236,2
2007-05-25,2741.547283181438,868.9047158811953,3610.4519990626336,2
2007-05-29,2741.547283181438,887.8226721127453,3629.3699552941835,2
2007-05-30,2741.547283181438,936.7046613332623,3678.2519445147004,2
2007-05-31,2741.547283181438,937.8491371260352,3679.3964203074734,2
2007-06-01,3246.2023143951988,447.7093539690369,3693.9116683642355,1
2007-06-04,2797.34333991342,898.9236925778523,3696.2670324912724,2
2007-06-05,2797.34333991342,871.1829195290265,3668.5262594424466,2
2007-06-06,2797.34333991342,803.4394007984225,3600.7827407118425,2
2007-06-07,3011.259247476876,438.29753757178605,3449.5567850486623,1
2007-06-08,3046.288814358568,434.63610338507993,3480.9249177436477,1
2007-06-11,2607.0719284787624,879.9729546353526,3487.044883114115,2
2007-06-12,2607.0719284787624,799.4004012375361,3406.4723297162986,2
2007-06-13,2607.0719284787624,903.3786232524064,3510.450551731169,2
2007-06-14,2639.772253477063,902.974906610139,3542.747160087202,2
2007-06-15,2679.7457045231695,881.7348568871384,3561.480561410308,2
2007-06-18,2679.7457045231695,893.297884094628,3573.0435886177975,2
2007-06-19,2679.7457045231695,912.8491399736627,3592.594844496832,2
2007-06-20,2679.7457045231695,814.5947538265199,3494.3404583496895,2
2007-06-21,2679.7457045231695,861.1442207533389,3540.8899252765086,2
2007-06-22,2679.7457045231695,759.6794074283272,3439.4251119514965,2
2007-06-25,2679.7457045231695,734.3618327452905,3414.10753726846,2
2007-06-26,2679.7457045231695,689.3069129802957,3369.052617503465,2
2007-06-27,2679.7457045231695,798.5127504390869,3478.258454962256,2
2007-06-28,2679.7457045231695,799.6897957713545,3479.435500294524,2
2007-06-29,2679.7457045231695,782.9794412825821,3462.7251458057517,2
2007-07-02,2679.7457045231695,880.4345648071077,3560.180269330277,2
2007-07-03,2679.7457045231695,911.2833221844749,3591.0290267076443,2
2007-07-05,2705.2096200007763,889.0013117194881,3594.2109317202644,2
2007-07-06,2705.2096200007763,918.5810984686975,3623.790718469474,2
2007-07-09,2739.827507376901,892.8579486382611,3632.685456015162,2
2007-07-10,2739.827507376901,793.7839691504546,3533.6114765273555,2
2007-07-11,2739.827507376901,839.3122109728839,3579.1397183497847,2
2007-07-12,2769.47559979126,898.9001305893834,3668.3757303806433,2
2007-07-13,2769.47559979126,917.8312325777786,3687.3068323690386,2
2007-07-16,2769.47559979126,914.2407971404256,3683.7163969316853,2
2007-07-17,2769.47559979126,916.5123173264578,3685.9879171177176,2
2007-07-18,2769.47559979126,907.6240408785537,3677.0996406698137,2
2007-07-19,2805.418660359615,896.8700421165684,3702.288702476183,2
2007-07-20,2805.418660359615,818.7796803783114,3624.198340737926,2
2007-07-23,2805.418660359615,855.6675374277145,3661.086197787329,2
2007-07-24,2805.418660359615,721.896997965938,3527.315658325553,2
2007-07-25,2805.418660359615,760.5185793725675,3565.937239732182,2
2007-07-26,3380.1311157489113,0,3380.1311157489113,0
2007-07-27,3380.1311157489113,0,3380.1311157489113,0
2007-07-30,3380.1311157489113,0,3380.1311157489113,0
2007-07-31,3380.1311157489113,0,3380.1311157489113,0
2007-08-01,3380.1311157489113,0,3380.1311157489113,0
2007-08-02,3380.1311157489113,0,3380.1311157489113,0
2007-08-03,3380.1311157489113,0,3380.1311157489113,0
2007-08-06,3380.1311157489113,0,3380.1311157489113,0
2007-08-07,3380.1311157489113,0,3380.1311157489113,0
2007-08-08,3380.1311157489113,0,3380.1311157489113,0
2007-08-09,3380.1311157489113,0,3380.1311157489113,0
2007-08-10,3380.1311157489113,0,3380.1311157489113,0
2007-08-13,3380.1311157489113,0,3380.1311157489113,0
2007-08-14,3380.1311157489113,0,3380.1311157489113,0
2007-08-15,3380.1311157489113,0,3380.1311157489113,0
2007-08-16,3380.1311157489113,0,3380.1311157489113,0
2007-08-17,3380.1311157489113,0,3380.1311157489113,0
2007-08-20,3380.1311157489113,0,3380.1311157489113,0
2007-08-21,3380.1311157489113,0,3380.1311157489113,0
2007-08-22,3380.1311157489113,0,3380.1311157489113,0
2007-08-23,3380.1311157489113,0,3380.1311157489113,0
2007-08-24,3380.1311157489113,0,3380.1311157489113,0
2007-08-27,3380.1311157489113,0,3380.1311157489113,0
2007-08-28,3380.1311157489113,0,3380.1311157489113,0
2007-08-29,3380.1311157489113,0,3380.1311157489113,0
2007-08-30,3380.1311157489113,0,3380.1311157489113,0
2007-08-31,3380.1311157489113,0,3380.1311157489113,0
2007-09-04,2952.861141934411,426.392683244363,3379.253825178774,1
2007-09-05,2952.861141934411,398.20139755653514,3351.062539490946,1
2007-09-06,2952.861141934411,410.66083039583833,3363.5219723302494,1
2007-09-07,2952.861141934411,368.1842819989239,3321.045423933335,1
2007-09-10,2952.861141934411,365.3967231685275,3318.2578651029385,1
2007-09-11,2952.861141934411,404.38248627747663,3357.243628211888,1
2007-09-12,2952.861141934411,408.0529241971353,3360.9140661315464,1
2007-09-13,2530.2429963479476,847.9935503317679,3378.2365466797155,2
2007-09-14,2530.2429963479476,850.8988585527118,3381.1418549006594,2
2007-09-17,2530.2429963479476,830.7196197133785,3360.962616061326,2
2007-09-18,3063.7525915687447,426.44530090559874,3490.1978924743435,1
2007-09-19,2635.355970606601,867.0459043114649,3502.401874918066,2
2007-09-20,2635.355970606601,840.5152310693377,3475.871201675939,2
2007-09-21,2635.355970606601,878.6443962668885,3514.00036687349,2
2007-09-24,2635.355970606601,864.8667278210711,3500.222698427672,2
2007-09-25,2635.355970606601,876.8652162437359,3512.2211868503373,2
2007-09-26,2635.355970606601,911.6194741760505,3546.9754447826517,2
2007-09-27,2668.393408540681,898.0132108415637,3566.4066193822446,2
2007-09-28,2668.393408540681,877.2909112178633,3545.684319758544,2
2007-10-01,2718.7786898309864,878.3885721863235,3597.16726201731,2
2007-10-02,2718.7786898309864,872.1848253474611,3590.963515178448,2
2007-10-03,2718.7786898309864,853.8578612677918,3572.636551098778,2
2007-10-04,2718.7786898309864,870.1745110022064,3588.9532008331926,2
2007-10-05,2761.3934160909907,879.49887872302,3640.8922948140107,2
2007-10-08,2761.3934160909907,868.8273354704719,3630.2207515614627,2
2007-10-09,2794.993361318995,883.1445545454956,3678.1379158644904,2
2007-10-10,2794.993361318995,871.4693578015026,3666.4627191204977,2
2007-10-11,2794.993361318995,821.8254447514789,3616.8188060704742,2
2007-10-12,2794.993361318995,861.6367183602033,3656.6300796791984,2
2007-10-15,2794.993361318995,813.8425241899531,3608.835885508948,2
2007-10-16,2794.993361318995,773.678372128036,3568.6717334470313,2
2007-10-17,2794.993361318995,805.405699318991,3600.399060637986,2
2007-10-18,2794.993361318995,805.8897557045591,3600.8831170235544,2
2007-10-19,2655.1081204084194,740.653318740139,3395.7614391485586,2
2007-10-22,2655.1081204084194,781.3212816660739,3436.4294020744933,2
2007-10-23,2690.6208535366527,802.9099621883483,3493.530815725001,2
2007-10-24,2690.6208535366527,789.6704718806702,3480.2913254173227,2
2007-10-25,2690.6208535366527,784.6931697210252,3475.314023257678,2
2007-10-26,2690.6208535366527,877.8291526657842,3568.450006202437,2
2007-10-29,2690.6208535366527,907.1341594453247,3597.7550129819774,2
2007-10-30,2690.6208535366527,872.9474607731354,3563.568314309788,2
2007-10-31,3215.196148414644,422.02772744263797,3637.223875857282,1
2007-11-01,3215.196148414644,334.3964736448541,3549.5926220594984,1
2007-11-02,3215.196148414644,338.24410826118833,3553.4402566758326,1
2007-11-05,3215.196148414644,323.6781786082254,3538.8743270228697,1
2007-11-06,2792.8834132289685,790.0172298953859,3582.9006431243542,2
2007-11-07,2792.8834132289685,608.1545130758172,3401.0379263047857,2
2007-11-08,2792.8834132289685,608.25969609972,3401.1431093286883,2
2007-11-09,3023.2753069155124,298.1638673040685,3321.4391742195808,1
2007-11-12,3023.2753069155124,272.6753729748921,3295.9506798904044,1
2007-11-13,3023.2753069155124,361.72661676923747,3385.0019236847497,1
2007-11-14,3023.2753069155124,338.1217832960282,3361.3970902115407,1
2007-11-15,3023.2753069155124,299.33879077583686,3322.6140976913493,1
2007-11-16,3023.2753069155124,320.88741456719777,3344.1627214827104,1
2007-11-19,3023.2753069155124,270.6758792038997,3293.951186119412,1
2007-11-20,3023.2753069155124,286.9938390924915,3310.269146008004,1
2007-11-21,3256.197655373577,0,3256.197655373577,0
2007-11-23,3256.197655373577,0,3256.197655373577,0
2007-11-26,3256.197655373577,0,3256.197655373577,0
2007-11-27,3256.197655373577,0,3256.197655373577,0
2007-11-28,3256.197655373577,0,3256.197655373577,0
2007-11-29,3256.197655373577,0,3256.197655373577,0
2007-11-30,3256.197655373577,0,3256.197655373577,0
2007-12-03,3256.197655373577,0,3256.197655373577,0
2007-12-04,3256.197655373577,0,3256.197655373577,0
2007-12-05,3256.197655373577,0,3256.197655373577,0
2007-12-06,2834.5854964931505,420.59518565380534,3255.180682146956,1
2007-12-07,2402.7279279439163,850.1169406040908,3252.844868548007,2
2007-12-10,2402.7279279439163,886.2943780635555,3289.022306007472,2
2007-12-11,2402.7279279439163,758.9842531731595,3161.7121811170755,2
2007-12-12,2402.7279279439163,800.7664443586136,3203.49437230253,2
2007-12-13,2402.7279279439163,808.7215735839966,3211.4495015279126,2
2007-12-14,2402.7279279439163,740.8176596152799,3143.545587559196,2
2007-12-17,2402.7279279439163,658.7173848292306,3061.4453127731467,2
2007-12-18,2402.7279279439163,712.7690721215106,3115.4970000654266,2
2007-12-19,2402.7279279439163,717.060140635494,3119.7880685794103,2
2007-12-20,2402.7279279439163,762.2569995389903,3164.9849274829066,2
2007-12-21,2402.7279279439163,880.8017118607837,3283.5296398047,2
2007-12-24,2869.038770720624,458.4549939503625,3327.493764670987,1
2007-12-26,3333.0279020857474,0,3333.0279020857474,0
2007-12-27,3333.0279020857474,0,3333.0279020857474,0
2007-12-28,3333.0279020857474,0,3333.0279020857474,0
2007-12-31,3333.0279020857474,0,3333.0279020857474,0
2008-01-02,3333.0279020857474,0,3333.0279020857474,0
2008-01-03,3333.0279020857474,0,3333.0279020857474,0
2008-01-04,3333.0279020857474,0,3333.0279020857474,0
2008-01-07,3333.0279020857474,0,3333.0279020857474,0
2008-01-08,3333.0279020857474,0,3333.0279020857474,0
2008-01-09,3333.0279020857474,0,3333.0279020857474,0
2008-01-10,3333.0279020857474,0,3333.0279020857474,0
2008-01-11,3333.0279020857474,0,3333.0279020857474,0
2008-01-14,3333.0279020857474,0,3333.0279020857474,0
2008-01-15,3333.0279020857474,0,3333.0279020857474,0
2008-01-16,3333.0279020857474,0,3333.0279020857474,0
2008-01-17,3333.0279020857474,0,3333.0279020857474,0
2008-01-18,3333.0279020857474,0,3333.0279020857474,0
2008-01-22,3333.0279020857474,0,3333.0279020857474,0
2008-01-23,3333.0279020857474,0,3333.0279020857474,0
2008-01-24,3333.0279020857474,0,3333.0279020857474,0
2008-01-25,3333.0279020857474,0,3333.0279020857474,0
2008-01-28,3333.0279020857474,0,3333.0279020857474,0
2008-01-29,3333.0279020857474,0,3333.0279020857474,0
2008-01-30,3333.0279020857474,0,3333.0279020857474,0
2008-01-31,3333.0279020857474,0,3333.0279020857474,0
2008-02-01,3333.0279020857474,0,3333.0279020857474,0
2008-02-04,3333.0279020857474,0,3333.0279020857474,0
2008-02-05,3333.0279020857474,0,3333.0279020857474,0
2008-02-06,3333.0279020857474,0,3333.0279020857474,0
2008-02-07,3333.0279020857474,0,3333.0279020857474,0
2008-02-08,3333.0279020857474,0,3333.0279020857474,0
2008-02-11,3333.0279020857474,0,3333.0279020857474,0
2008-02-12,3333.0279020857474,0,3333.0279020857474,0
2008-02-13,3333.0279020857474,0,3333.0279020857474,0
2008-02-14,3333.0279020857474,0,3333.0279020857474,0
2008-02-15,3333.0279020857474,0,3333.0279020857474,0
2008-02-19,3333.0279020857474,0,3333.0279020857474,0
2008-02-20,3333.0279020857474,0,3333.0279020857474,0
2008-02-21,3333.0279020857474,0,3333.0279020857474,0
2008-02-22,3333.0279020857474,0,3333.0279020857474,0
2008-02-25,3333.0279020857474,0,3333.0279020857474,0
2008-02-26,3333.0279020857474,0,3333.0279020857474,0
2008-02-27,3333.0279020857474,0,3333.0279020857474,0
2008-02-28,3333.0279020857474,0,3333.0279020857474,0
2008-02-29,3333.0279020857474,0,3333.0279020857474,0
2008-03-03,3333.0279020857474,0,3333.0279020857474,0
2008-03-04,3333.0279020857474,0,3333.0279020857474,0
2008-03-05,3333.0279020857474,0,3333.0279020857474,0
2008-03-06,3333.0279020857474,0,3333.0279020857474,0
2008-03-07,3333.0279020857474,0,3333.0279020857474,0
2008-03-10,3333.0279020857474,0,3333.0279020857474,0
2008-03-11,3333.0279020857474,0,3333.0279020857474,0
2008-03-12,3333.0279020857474,0,3333.0279020857474,0
2008-03-13,3333.0279020857474,0,3333.0279020857474,0
2008-03-14,3333.0279020857474,0,3333.0279020857474,0
2008-03-17,3333.0279020857474,0,3333.0279020857474,0
2008-03-18,3333.0279020857474,0,3333.0279020857474,0
2008-03-19,3333.0279020857474,0,3333.0279020857474,0
2008-03-20,3333.0279020857474,0,3333.0279020857474,0
2008-03-24,3333.0279020857474,0,3333.0279020857474,0
2008-03-25,3333.0279020857474,0,3333.0279020857474,0
2008-03-26,3333.0279020857474,0,3333.0279020857474,0
2008-03-27,3333.0279020857474,0,3333.0279020857474,0
2008-03-28,3333.0279020857474,0,3333.0279020857474,0
2008-03-31,3333.0279020857474,0,3333.0279020857474,0
2008-04-01,3333.0279020857474,0,3333.0279020857474,0
2008-04-02,3333.0279020857474,0,3333.0279020857474,0
2008-04-03,3333.0279020857474,0,3333.0279020857474,0
2008-04-04,3333.0279020857474,0,3333.0279020857474,0
2008-04-07,3333.0279020857474,0,3333.0279020857474,0
2008-04-08,3333.0279020857474,0,3333.0279020857474,0
2008-04-09,3333.0279020857474,0,3333.0279020857474,0
2008-04-10,3333.0279020857474,0,3333.0279020857474,0
2008-04-11,3333.0279020857474,0,3333.0279020857474,0
2008-04-14,3333.0279020857474,0,3333.0279020857474,0
2008-04-15,3333.0279020857474,0,3333.0279020857474,0
2008-04-16,3333.0279020857474,0,3333.0279020857474,0
2008-04-17,3333.0279020857474,0,3333.0279020857474,0
2008-04-18,3333.0279020857474,0,3333.0279020857474,0
2008-04-21,3333.0279020857474,0,3333.0279020857474,0
2008-04-22,3333.0279020857474,0,3333.0279020857474,0
2008-04-23,3333.0279020857474,0,3333.0279020857474,0
2008-04-24,3333.0279020857474,0,3333.0279020857474,0
2008-04-25,3333.0279020857474,0,3333.0279020857474,0
2008-04-28,3333.0279020857474,0,3333.0279020857474,0
2008-04-29,3333.0279020857474,0,3333.0279020857474,0
2008-04-30,3333.0279020857474,0,3333.0279020857474,0
2008-05-01,3333.0279020857474,0,3333.0279020857474,0
2008-05-02,3333.0279020857474,0,3333.0279020857474,0
2008-05-05,3333.0279020857474,0,3333.0279020857474,0
2008-05-06,3333.0279020857474,0,3333.0279020857474,0
2008-05-07,3333.0279020857474,0,3333.0279020857474,0
2008-05-08,3333.0279020857474,0,3333.0279020857474,0
2008-05-09,3333.0279020857474,0,3333.0279020857474,0
2008-05-12,3333.0279020857474,0,3333.0279020857474,0
2008-05-13,3333.0279020857474,0,3333.0279020857474,0
2008-05-14,3333.0279020857474,0,3333.0279020857474,0
2008-05-15,3333.0279020857474,0,3333.0279020857474,0
2008-05-16,3333.0279020857474,0,3333.0279020857474,0
2008-05-19,3333.0279020857474,0,3333.0279020857474,0
2008-05-20,3333.0279020857474,0,3333.0279020857474,0
2008-05-21,3333.0279020857474,0,3333.0279020857474,0
2008-05-22,3333.0279020857474,0,3333.0279020857474,0
2008-05-23,3333.0279020857474,0,3333.0279020857474,0
2008-05-27,3333.0279020857474,0,3333.0279020857474,0
2008-05-28,3333.0279020857474,0,3333.0279020857474,0
2008-05-29,3333.0279020857474,0,3333.0279020857474,0
2008-05-30,3333.0279020857474,0,3333.0279020857474,0
2008-06-02,3333.0279020857474,0,3333.0279020857474,0
2008-06-03,3333.0279020857474,0,3333.0279020857474,0
2008-06-04,3333.0279020857474,0,3333.0279020857474,0
2008-06-05,3333.0279020857474,0,3333.0279020857474,0
2008-06-06,3333.0279020857474,0,3333.0279020857474,0
2008-06-09,3333.0279020857474,0,3333.0279020857474,0
2008-06-10,3333.0279020857474,0,3333.0279020857474,0
2008-06-11,3333.0279020857474,0,3333.0279020857474,0
2008-06-12,3333.0279020857474,0,3333.0279020857474,0
2008-06-13,3333.0279020857474,0,3333.0279020857474,0
2008-06-16,3333.0279020857474,0,3333.0279020857474,0
2008-06-17,3333.0279020857474,0,3333.0279020857474,0
2008-06-18,3333.0279020857474,0,3333.0279020857474,0
2008-06-19,3333.0279020857474,0,3333.0279020857474,0
2008-06-20,3333.0279020857474,0,3333.0279020857474,0
2008-06-23,3333.0279020857474,0,3333.0279020857474,0
2008-06-24,3333.0279020857474,0,3333.0279020857474,0
2008-06-25,3333.0279020857474,0,3333.0279020857474,0
2008-06-26,3333.0279020857474,0,3333.0279020857474,0
2008-06-27,3333.0279020857474,0,3333.0279020857474,0
2008-06-30,3333.0279020857474,0,3333.0279020857474,0
2008-07-01,3333.0279020857474,0,3333.0279020857474,0
2008-07-02,3333.0279020857474,0,3333.0279020857474,0
2008-07-03,3333.0279020857474,0,3333.0279020857474,0
2008-07-07,3333.0279020857474,0,3333.0279020857474,0
2008-07-08,3333.0279020857474,0,3333.0279020857474,0
2008-07-09,3333.0279020857474,0,3333.0279020857474,0
2008-07-10,3333.0279020857474,0,3333.0279020857474,0
2008-07-11,3333.0279020857474,0,3333.0279020857474,0
2008-07-14,3333.0279020857474,0,3333.0279020857474,0
2008-07-15,3333.0279020857474,0,3333.0279020857474,0
2008-07-16,3333.0279020857474,0,3333.0279020857474,0
2008-07-17,3333.0279020857474,0,3333.0279020857474,0
2008-07-18,3333.0279020857474,0,3333.0279020857474,0
2008-07-21,3333.0279020857474,0,3333.0279020857474,0
2008-07-22,3333.0279020857474,0,3333.0279020857474,0
2008-07-23,3333.0279020857474,0,3333.0279020857474,0
2008-07-24,3333.0279020857474,0,3333.0279020857474,0
2008-07-25,3333.0279020857474,0,3333.0279020857474,0
2008-07-28,3333.0279020857474,0,3333.0279020857474,0
2008-07-29,3333.0279020857474,0,3333.0279020857474,0
2008-07-30,3333.0279020857474,0,3333.0279020857474,0
2008-07-31,3333.0279020857474,0,3333.0279020857474,0
2008-08-01,3333.0279020857474,0,3333.0279020857474,0
2008-08-04,3333.0279020857474,0,3333.0279020857474,0
2008-08-05,3333.0279020857474,0,3333.0279020857474,0
2008-08-06,3333.0279020857474,0,3333.0279020857474,0
2008-08-07,3333.0279020857474,0,3333.0279020857474,0
2008-08-08,3333.0279020857474,0,3333.0279020857474,0
2008-08-11,3333.0279020857474,0,3333.0279020857474,0
2008-08-12,3333.0279020857474,0,3333.0279020857474,0
2008-08-13,3333.0279020857474,0,3333.0279020857474,0
2008-08-14,3333.0279020857474,0,3333.0279020857474,0
2008-08-15,3333.0279020857474,0,3333.0279020857474,0
2008-08-18,3333.0279020857474,0,3333.0279020857474,0
2008-08-19,3333.0279020857474,0,3333.0279020857474,0
2008-08-20,3333.0279020857474,0,3333.0279020857474,0
2008-08-21,3333.0279020857474,0,3333.0279020857474,0
2008-08-22,2901.057552373107,430.41451263180176,3331.4720650049085,1
2008-08-25,2901.057552373107,378.53247717420436,3279.590029547311,1
2008-08-26,2901.057552373107,391.7400310244158,3292.7975833975224,1
2008-08-27,2460.6885642005204,855.070946898273,3315.759511098793,2
2008-08-28,2460.6885642005204,910.5334097537557,3371.221973954276,2
2008-08-29,2460.6885642005204,854.629101400395,3315.3176656009155,2
2008-09-02,2460.6885642005204,838.5635725151825,3299.252136715703,2
2008-09-03,2460.6885642005204,840.5933909577877,3301.281955158308,2
2008-09-04,2460.6885642005204,664.5743625316865,3125.262926732207,2
2008-09-05,2460.6885642005204,700.5253560811379,3161.2139202816584,2
2008-09-08,2460.6885642005204,825.9896711803217,3286.678235380842,2
2008-09-09,2739.7047797845344,327.44024455252435,3067.1450243370587,1
2008-09-10,2739.7047797845344,350.2822434932053,3089.98702327774,1
2008-09-11,2739.7047797845344,390.4542842633257,3130.15906404786,1
2008-09-12,2739.7047797845344,392.4382212954102,3132.1430010799445,1
2008-09-15,2982.748057703226,0,2982.748057703226,0
2008-09-16,2982.748057703226,0,2982.748057703226,0
2008-09-17,2982.748057703226,0,2982.748057703226,0
2008-09-18,2982.748057703226,0,2982.748057703226,0
2008-09-19,2982.748057703226,0,2982.748057703226,0
2008-09-22,2982.748057703226,0,2982.748057703226,0
2008-09-23,2982.748057703226,0,2982.748057703226,0
2008-09-24,2982.748057703226,0,2982.748057703226,0
2008-09-25,2982.748057703226,0,2982.748057703226,0
2008-09-26,2982.748057703226,0,2982.748057703226,0
2008-09-29,2982.748057703226,0,2982.748057703226,0
2008-09-30,2982.748057703226,0,2982.748057703226,0
2008-10-01,2982.748057703226,0,2982.748057703226,0
2008-10-02,2982.748057703226,0,2982.748057703226,0
2008-10-03,2982.748057703226,0,2982.748057703226,0
2008-10-06,2982.748057703226,0,2982.748057703226,0
2008-10-07,2982.748057703226,0,2982.748057703226,0
2008-10-08,2982.748057703226,0,2982.748057703226,0
2008-10-09,2982.748057703226,0,2982.748057703226,0
2008-10-10,2982.748057703226,0,2982.748057703226,0
2008-10-13,2982.748057703226,0,2982.748057703226,0
2008-10-14,2982.748057703226,0,2982.748057703226,0
2008-10-15,2982.748057703226,0,2982.748057703226,0
2008-10-16,2982.748057703226,0,2982.748057703226,0
2008-10-17,2982.748057703226,0,2982.748057703226,0
2008-10-20,2982.748057703226,0,2982.748057703226,0
2008-10-21,2982.748057703226,0,2982.748057703226,0
2008-10-22,2982.748057703226,0,2982.748057703226,0
2008-10-23,2982.748057703226,0,2982.748057703226,0
2008-10-24,2982.748057703226,0,2982.748057703226,0
2008-10-27,2982.748057703226,0,2982.748057703226,0
2008-10-28,2982.748057703226,0,2982.748057703226,0
2008-10-29,2982.748057703226,0,2982.748057703226,0
2008-10-30,2982.748057703226,0,2982.748057703226,0
2008-10-31,2982.748057703226,0,2982.748057703226,0
2008-11-03,2982.748057703226,0,2982.748057703226,0
2008-11-04,2982.748057703226,0,2982.748057703226,0
2008-11-05,2982.748057703226,0,2982.748057703226,0
2008-11-06,2982.748057703226,0,2982.748057703226,0
2008-11-07,2982.748057703226,0,2982.748057703226,0
2008-11-10,2982.748057703226,0,2982.748057703226,0
2008-11-11,2982.748057703226,0,2982.748057703226,0
2008-11-12,2982.748057703226,0,2982.748057703226,0
2008-11-13,2982.748057703226,0,2982.748057703226,0
2008-11-14,2982.748057703226,0,2982.748057703226,0
2008-11-17,2982.748057703226,0,2982.748057703226,0
2008-11-18,2982.748057703226,0,2982.748057703226,0
2008-11-19,2982.748057703226,0,2982.748057703226,0
2008-11-20,2982.748057703226,0,2982.748057703226,0
2008-11-21,2982.748057703226,0,2982.748057703226,0
2008-11-24,2982.748057703226,0,2982.748057703226,0
2008-11-25,2982.748057703226,0,2982.748057703226,0
2008-11-26,2982.748057703226,0,2982.748057703226,0
2008-11-28,2982.748057703226,0,2982.748057703226,0
2008-12-01,2982.748057703226,0,2982.748057703226,0
2008-12-02,2982.748057703226,0,2982.748057703226,0
2008-12-03,2982.748057703226,0,2982.748057703226,0
2008-12-04,2982.748057703226,0,2982.748057703226,0
2008-12-05,2982.748057703226,0,2982.748057703226,0
2008-12-08,2982.748057703226,0,2982.748057703226,0
2008-12-09,2982.748057703226,0,2982.748057703226,0
2008-12-10,2982.748057703226,0,2982.748057703226,0
2008-12-11,2982.748057703226,0,2982.748057703226,0
2008-12-12,2982.748057703226,0,2982.748057703226,0
2008-12-15,2982.748057703226,0,2982.748057703226,0
2008-12-16,2982.748057703226,0,2982.748057703226,0
2008-12-17,2982.748057703226,0,2982.748057703226,0
2008-12-18,2982.748057703226,0,2982.748057703226,0
2008-12-19,2982.748057703226,0,2982.748057703226,0
2008-12-22,2982.748057703226,0,2982.748057703226,0
2008-12-23,2982.748057703226,0,2982.748057703226,0
2008-12-24,2982.748057703226,0,2982.748057703226,0
2008-12-26,2982.748057703226,0,2982.748057703226,0
2008-12-29,2982.748057703226,0,2982.748057703226,0
2008-12-30,2982.748057703226,0,2982.748057703226,0
2008-12-31,2982.748057703226,0,2982.748057703226,0
2009-01-02,2982.748057703226,0,2982.748057703226,0
2009-01-05,2982.748057703226,0,2982.748057703226,0
2009-01-06,2982.748057703226,0,2982.748057703226,0
2009-01-07,2982.748057703226,0,2982.748057703226,0
2009-01-08,2982.748057703226,0,2982.748057703226,0
2009-01-09,2982.748057703226,0,2982.748057703226,0
2009-01-12,2982.748057703226,0,2982.748057703226,0
2009-01-13,2982.748057703226,0,2982.748057703226,0
2009-01-14,2982.748057703226,0,2982.748057703226,0
2009-01-15,2982.748057703226,0,2982.748057703226,0
2009-01-16,2982.748057703226,0,2982.748057703226,0
2009-01-20,2982.748057703226,0,2982.748057703226,0
2009-01-21,2982.748057703226,0,2982.748057703226,0
2009-01-22,2982.748057703226,0,2982.748057703226,0
2009-01-23,2982.748057703226,0,2982.748057703226,0
2009-01-26,2982.748057703226,0,2982.748057703226,0
2009-01-27,2982.748057703226,0,2982.748057703226,0
2009-01-28,2982.748057703226,0,2982.748057703226,0
2009-01-29,2982.748057703226,0,2982.748057703226,0
2009-01-30,2982.748057703226,0,2982.748057703226,0
2009-02-02,2982.748057703226,0,2982.748057703226,0
2009-02-03,2982.748057703226,0,2982.748057703226,0
2009-02-04,2982.748057703226,0,2982.748057703226,0
2009-02-05,2982.748057703226,0,2982.748057703226,0
2009-02-06,2982.748057703226,0,2982.748057703226,0
2009-02-09,2982.748057703226,0,2982.748057703226,0
2009-02-10,2982.748057703226,0,2982.748057703226,0
2009-02-11,2982.748057703226,0,2982.748057703226,0
2009-02-12,2982.748057703226,0,2982.748057703226,0
2009-02-13,2982.748057703226,0,2982.748057703226,0
2009-02-17,2982.748057703226,0,2982.748057703226,0
2009-02-18,2982.748057703226,0,2982.748057703226,0
2009-02-19,2982.748057703226,0,2982.748057703226,0
2009-02-20,2982.748057703226,0,2982.748057703226,0
2009-02-23,2982.748057703226,0,2982.748057703226,0
2009-02-24,2982.748057703226,0,2982.748057703226,0
2009-02-25,2982.748057703226,0,2982.748057703226,0
2009-02-26,2982.748057703226,0,2982.748057703226,0
2009-02-27,2982.748057703226,0,2982.748057703226,0
2009-03-02,2982.748057703226,0,2982.748057703226,0
2009-03-03,2982.748057703226,0,2982.748057703226,0
2009-03-04,2982.748057703226,0,2982.748057703226,0
2009-03-05,2982.748057703226,0,2982.748057703226,0
2009-03-06,2982.748057703226,0,2982.748057703226,0
2009-03-09,2982.748057703226,0,2982.748057703226,0
2009-03-10,2982.748057703226,0,2982.748057703226,0
2009-03-11,2982.748057703226,0,2982.748057703226,0
2009-03-12,2982.748057703226,0,2982.748057703226,0
2009-03-13,2982.748057703226,0,2982.748057703226,0
2009-03-16,2982.748057703226,0,2982.748057703226,0
2009-03-17,2982.748057703226,0,2982.748057703226,0
2009-03-18,2982.748057703226,0,2982.748057703226,0
2009-03-19,2982.748057703226,0,2982.748057703226,0
2009-03-20,2982.748057703226,0,2982.748057703226,0
2009-03-23,2982.748057703226,0,2982.748057703226,0
2009-03-24,2982.748057703226,0,2982.748057703226,0
2009-03-25,2982.748057703226,0,2982.748057703226,0
2009-03-26,2982.748057703226,0,2982.748057703226,0
2009-03-27,2982.748057703226,0,2982.748057703226,0
2009-03-30,2982.748057703226,0,2982.748057703226,0
2009-03-31,2982.748057703226,0,2982.748057703226,0
2009-04-01,2982.748057703226,0,2982.748057703226,0
2009-04-02,2982.748057703226,0,2982.748057703226,0
2009-04-03,2982.748057703226,0,2982.748057703226,0
2009-04-06,2982.748057703226,0,2982.748057703226,0
2009-04-07,2982.748057703226,0,2982.748057703226,0
2009-04-08,2982.748057703226,0,2982.748057703226,0
2009-04-09,2982.748057703226,0,2982.748057703226,0
2009-04-13,2982.748057703226,0,2982.748057703226,0
2009-04-14,2982.748057703226,0,2982.748057703226,0
2009-04-15,2982.748057703226,0,2982.748057703226,0
2009-04-16,2982.748057703226,0,2982.748057703226,0
2009-04-17,2982.748057703226,0,2982.748057703226,0
2009-04-20,2982.748057703226,0,2982.748057703226,0
2009-04-21,2982.748057703226,0,2982.748057703226,0
2009-04-22,2982.748057703226,0,2982.748057703226,0
2009-04-23,2982.748057703226,0,2982.748057703226,0
2009-04-24,2982.748057703226,0,2982.748057703226,0
2009-04-27,2982.748057703226,0,2982.748057703226,0
2009-04-28,2982.748057703226,0,2982.748057703226,0
2009-04-29,2982.748057703226,0,2982.748057703226,0
2009-04-30,2982.748057703226,0,2982.748057703226,0
2009-05-01,2982.748057703226,0,2982.748057703226,0
2009-05-04,2982.748057703226,0,2982.748057703226,0
2009-05-05,2982.748057703226,0,2982.748057703226,0
2009-05-06,2982.748057703226,0,2982.748057703226,0
2009-05-07,2982.748057703226,0,2982.748057703226,0
2009-05-08,2982.748057703226,0,2982.748057703226,0
2009-05-11,2982.748057703226,0,2982.748057703226,0
2009-05-12,2982.748057703226,0,2982.748057703226,0
2009-05-13,2982.748057703226,0,2982.748057703226,0
2009-05-14,2982.748057703226,0,2982.748057703226,0
2009-05-15,2982.748057703226,0,2982.748057703226,0
2009-05-18,2982.748057703226,0,2982.748057703226,0
2009-05-19,2553.665738328609,428.2084567990435,2981.874195127653,1
2009-05-20,2117.164456452217,857.8601422503148,2975.024598702532,2
2009-05-21,2117.164456452217,796.048652372804,2913.213108825021,2
2009-05-22,2117.164456452217,785.04337646359,2902.207832915807,2
2009-05-26,2117.164456452217,884.1471461168113,3001.3116025690283,2
2009-05-27,2117.164456452217,825.9746868774836,2943.139143329701,2
2009-05-28,2117.164456452217,875.3738830241602,2992.5383394763776,2
2009-05-29,2159.6213171561967,882.441917064892,3042.063234221089,2
2009-06-01,2638.937200433914,450.55866240421705,3089.495862838131,1
2009-06-02,2208.542433432253,884.852314792488,3093.394748224741,2
2009-06-03,2208.542433432253,845.5011791828351,3054.043612615088,2
2009-06-04,2208.542433432253,881.9496830962484,3090.4921165285014,2
2009-06-05,2208.542433432253,884.4000602293152,3092.942493661568,2
2009-06-08,2208.542433432253,891.8402224294512,3100.382655861704,2
2009-06-09,2242.692804057317,877.1016432778645,3119.7944473351818,2
2009-06-10,2242.692804057317,870.5696277794187,3113.2624318367357,2
2009-06-11,2242.692804057317,891.7808185478515,3134.4736226051687,2
2009-06-12,2242.692804057317,898.2920571831733,3140.9848612404903,2
2009-06-15,2242.692804057317,825.2319075728842,3067.9247116302013,2
2009-06-16,2242.692804057317,773.0037980687538,3015.696602126071,2
2009-06-17,2242.692804057317,781.2795083438166,3023.9723124011334,2
2009-06-18,2242.692804057317,827.4666898443584,3070.1594939016754,2
2009-06-19,2242.692804057317,859.933912707851,3102.626716765168,2
2009-06-22,2242.692804057317,729.2849407946642,2971.9777448519812,2
2009-06-23,2242.692804057317,749.7168767727944,2992.4096808301115,2
2009-06-24,2242.692804057317,797.2919202210296,3039.9847242783467,2
2009-06-25,2242.692804057317,905.3909858007244,3148.083789858041,2
2009-06-26,2281.5851092654616,869.0684360629616,3150.653545328423,2
2009-06-29,2306.259376450491,884.9125860598542,3191.171962510345,2
2009-06-30,2306.259376450491,856.2653253133587,3162.5247017638494,2
2009-07-01,2306.259376450491,872.8033326846014,3179.0627091350925,2
2009-07-02,2306.259376450491,766.1656084864862,3072.424984936977,2
2009-07-06,2306.259376450491,781.7025652728444,3087.9619417233353,2
2009-07-07,2306.259376450491,692.8433425769581,2999.102719027449,2
2009-07-08,2306.259376450491,686.2811496251088,2992.5405260755997,2
2009-07-09,2306.259376450491,715.1458179284389,3021.40519437893,2
2009-07-10,2306.259376450491,706.0749105969803,3012.334287047471,2
2009-07-13,2306.259376450491,848.5223814625027,3154.7817579129937,2
2009-07-14,2306.259376450491,884.4393687715806,3190.6987452220715,2
2009-07-15,2825.7314352934422,429.86697825086094,3255.598413544303,1
2009-07-16,2396.6853281070685,872.6315389231773,3269.3168670302457,2
2009-07-17,2396.6853281070685,885.0840189846775,3281.769347091746,2
2009-07-20,2428.888905213791,885.755068035226,3314.643973249017,2
2009-07-21,2428.888905213791,902.7372127245854,3331.6261179383764,2
2009-07-22,2448.7380021530503,885.5810524539991,3334.319054607049,2
2009-07-23,2474.7118781692357,909.912197833944,3384.6240760031797,2
2009-07-24,2511.877152201329,881.8510621486255,3393.728214349954,2
2009-07-27,2511.877152201329,887.6085296859708,3399.4856818872995,2
2009-07-28,2511.877152201329,877.1438820738254,3389.0210342751543,2
2009-07-29,2511.877152201329,862.1181194374442,3373.9952716387734,2
2009-07-30,2511.877152201329,899.391120470757,3411.268272672086,2
2009-07-31,2511.877152201329,900.3157264262873,3412.192878627616,2
2009-08-03,3016.30365997323,436.10879923130744,3452.4124592045373,1
2009-08-04,2584.3793610398843,874.9904912314885,3459.369852271373,2
2009-08-05,2584.3793610398843,870.2900481908048,3454.669409230689,2
2009-08-06,2584.3793610398843,850.1496503417573,3434.529011381642,2
2009-08-07,2584.3793610398843,897.7120188827735,3482.091379922658,2
2009-08-10,2584.3793610398843,897.7461170160947,3482.125478055979,2
2009-08-11,2584.3793610398843,857.1249248152026,3441.504285855087,2
2009-08-12,2584.3793610398843,897.8745478382759,3482.2539088781605,2
2009-08-13,2584.3793610398843,923.7582381420643,3508.1375991819486,2
2009-08-14,2584.3793610398843,911.8178862163195,3496.197247256204,2
2009-08-17,2584.3793610398843,816.3592151802594,3400.738576220144,2
2009-08-18,2584.3793610398843,872.1707135361708,3456.550074576055,2
2009-08-19,2584.3793610398843,897.273385110007,3481.6527461498913,2
2009-08-20,2623.9337436957403,895.24782086069,3519.18156455643,2
2009-08-21,2676.114648545905,884.0841408438171,3560.198789389722,2
2009-08-24,2676.114648545905,891.0972964148242,3567.211944960729,2
2009-08-25,2676.114648545905,902.008539297526,3578.123187843431,2
2009-08-26,2676.114648545905,905.3596631965852,3581.47431174249,2
2009-08-27,2707.6588919247356,882.824638805107,3590.4835307298426,2
2009-08-28,2707.6588919247356,880.1966329485203,3587.855524873256,2
2009-08-31,2707.6588919247356,856.1589530719732,3563.817844996709,2
2009-09-01,2707.6588919247356,753.3485810919447,3461.0074730166803,2
2009-09-02,2707.6588919247356,745.9941687468004,3453.653060671536,2
2009-09-03,2707.6588919247356,799.2437154549568,3506.902607379692,2
2009-09-04,2707.6588919247356,867.4097357495154,3575.068627674251,2
2009-09-08,2707.6588919247356,909.4190237800271,3617.0779157047627,2
2009-09-09,2755.86718523902,891.1107958904811,3646.977981129501,2
2009-09-10,2802.0236895513676,876.8528068686323,3678.87649642,2
2009-09-11,2802.0236895513676,870.2295966660976,3672.2532862174653,2
2009-09-14,2802.0236895513676,899.7502108019453,3701.773900353313,2
2009-09-15,2835.956949118645,878.4958428663338,3714.452791984979,2
2009-09-16,2867.279708397784,882.8710391591471,3750.150747556931,2
2009-09-17,2867.279708397784,878.1657023825153,3745.4454107802994,2
2009-09-18,2867.279708397784,885.813523656094,3753.0932320538777,2
2009-09-21,2867.279708397784,885.5360239762612,3752.815732374045,2
2009-09-22,2902.3919323976716,876.8235389457308,3779.2154713434024,2
2009-09-23,2902.3919323976716,844.3581265254102,3746.7500589230817,2
2009-09-24,2902.3919323976716,798.7694622194074,3701.161394617079,2
2009-09-25,2902.3919323976716,772.014573381876,3674.4065057795474,2
2009-09-28,2902.3919323976716,856.3767345783971,3758.7686669760687,2
2009-09-29,2902.3919323976716,850.2583923825168,3752.6503247801884,2
2009-09-30,2902.3919323976716,839.1496001456348,3741.5415325433064,2
2009-10-01,2902.3919323976716,711.4458469058005,3613.837779303472,2
2009-10-02,2902.3919323976716,690.8800629105212,3593.271995308193,2
2009-10-05,2902.3919323976716,789.684422166333,3692.0763545640048,2
2009-10-06,2902.3919323976716,861.9277979767464,3764.319730374418,2
2009-10-07,2902.3919323976716,886.6545058450436,3789.0464382427153,2
2009-10-08,2948.4418486176446,871.0387014813009,3819.4805500989455,2
2009-10-09,2948.4418486176446,902.2140450567808,3850.6558936744254,2
2009-10-12,2986.3682896865735,885.9302573787538,3872.2985470653275,2
2009-10-13,2986.3682896865735,881.6597897141288,3868.028079400702,2
2009-10-14,3030.354908268421,881.5873754690182,3911.942283737439,2
2009-10-15,3056.887064083841,878.1145259811947,3935.0015900650355,2
2009-10-16,3056.887064083841,858.805778843602,3915.692842927443,2
2009-10-19,3056.887064083841,896.9627775262129,3953.8498416100538,2
2009-10-20,3056.887064083841,888.1973697541822,3945.084433838023,2
2009-10-21,3056.887064083841,846.9413636987263,3903.828427782567,2
2009-10-22,3056.887064083841,902.6906266143491,3959.57769069819,2
2009-10-23,3056.887064083841,847.994112644146,3904.8811767279867,2
2009-10-26,3056.887064083841,790.3910649844706,3847.2781290683115,2
2009-10-27,3056.887064083841,774.5041334224121,3831.391197506253,2
2009-10-28,3056.887064083841,654.3439601976896,3711.2310242815306,2
2009-10-29,3056.887064083841,796.8207935552336,3853.7078576390745,2
2009-10-30,3361.553932742323,307.3011532260185,3668.8550859683414,1
2009-11-02,3361.553932742323,332.72489664989246,3694.2788293922154,1
2009-11-03,3361.553932742323,345.12342982378783,3706.677362566111,1
2009-11-04,3361.553932742323,354.76181537386145,3716.3157481161843,1
2009-11-05,2937.6175450706437,843.2464724001823,3780.864017470826,2
2009-11-06,2937.6175450706437,870.5308134109143,3808.148358481558,2
2009-11-09,3462.7263564971663,425.64082221983944,3888.3671787170056,1
2009-11-10,3033.9118974399903,855.9912896437497,3889.90318708374,2
2009-11-11,3033.9118974399903,872.3499336329169,3906.261831072907,2
2009-11-12,3033.9118974399903,830.3426721607243,3864.2545696007146,2
2009-11-13,3033.9118974399903,861.7633953784995,3895.6752928184897,2
2009-11-16,3033.9118974399903,916.4573895388804,3950.3692869788706,2
2009-11-17,3057.120842334265,900.7939653957633,3957.9148077300283,2
2009-11-18,3094.3132288675683,870.5925736622014,3964.90580252977,2
2009-11-19,3094.3132288675683,816.1837905607103,3910.4970194282787,2
2009-11-20,3094.3132288675683,811.7087355419937,3906.0219644095623,2
2009-11-23,3094.3132288675683,882.1088102578478,3976.422039125416,2
2009-11-24,3094.3132288675683,891.5093907115229,3985.822619579091,2
2009-11-25,3094.3132288675683,908.344608577775,4002.6578374453434,2
2009-11-27,3094.3132288675683,811.5561002478913,3905.8693291154595,2
2009-11-30,3094.3132288675683,842.3970975069175,3936.7103263744857,2
2009-12-01,3094.3132288675683,913.1919912123299,4007.505220079898,2
2009-12-02,3132.9624448789564,884.561594358234,4017.52403923719,2
2009-12-03,3132.9624448789564,844.5445527999944,3977.506997678951,2
2009-12-04,3132.9624448789564,881.4663735902877,4014.428818469244,2
2009-12-07,3132.9624448789564,877.5201396714376,4010.4825845503938,2
2009-12-08,3132.9624448789564,826.0951343163774,3959.057579195334,2
2009-12-09,3132.9624448789564,857.2016485023526,3990.1640933813087,2
2009-12-10,3132.9624448789564,887.8417760853808,4020.804220964337,2
2009-12-11,3166.150025987758,875.7196279877483,4041.8696539755065,2
2009-12-14,3166.150025987758,911.7774911839124,4077.9275171716704,2
2009-12-15,3166.150025987758,896.0932078643323,4062.2432338520903,2
2009-12-16,3166.150025987758,913.1308437018992,4079.2808696896573,2
2009-12-17,3166.150025987758,856.9910969640928,4023.141122951851,2
2009-12-18,3166.150025987758,891.0542158658378,4057.2042418535957,2
2009-12-21,3199.1043772650314,908.5623739088817,4107.666751173913,2
2009-12-22,3239.043977833935,887.4686180996906,4126.512595933626,2
2009-12-23,3239.043977833935,895.3714650055094,4134.415442839445,2
2009-12-24,3239.043977833935,915.4391198539996,4154.483097687935,2
2009-12-28,3239.043977833935,925.6202676509872,4164.6642454849225,2
2009-12-29,3239.043977833935,924.576510494366,4163.620488328301,2
2009-12-30,3277.8077357804855,887.3744153634918,4165.1821511439775,2
2009-12-31,3277.8077357804855,836.0639904086607,4113.871726189146,2
2010-01-04,3309.2546249506227,885.6594937593907,4194.914118710013,2
2010-01-05,3309.2546249506227,906.0171157663409,4215.271740716964,2
2010-01-06,3309.2546249506227,912.7665443687547,4222.021169319378,2
2010-01-07,3331.9762830447253,901.8547701924169,4233.831053237142,2
2010-01-08,3331.9762830447253,922.985050100296,4254.961333145021,2
2010-01-11,3364.787588057225,905.6755198597969,4270.463107917022,2
2010-01-12,3364.787588057225,867.8539626274544,4232.64155068468,2
2010-01-13,3364.787588057225,904.3625830527332,4269.150171109958,2
2010-01-14,3364.787588057225,917.1024986089908,4281.890086666216,2
2010-01-15,3364.787588057225,881.1794845244444,4245.9670725816695,2
2010-01-19,3391.881931345457,906.8183610665094,4298.700292411966,2
2010-01-20,3391.881931345457,858.1714954601186,4250.053426805575,2
2010-01-21,3391.881931345457,731.3510232381584,4123.2329545836155,2
2010-01-22,3973.753774104462,0,3973.753774104462,0
2010-01-25,3973.753774104462,0,3973.753774104462,0
2010-01-26,3973.753774104462,0,3973.753774104462,0
2010-01-27,3973.753774104462,0,3973.753774104462,0
2010-01-28,3973.753774104462,0,3973.753774104462,0
2010-01-29,3973.753774104462,0,3973.753774104462,0
2010-02-01,3973.753774104462,0,3973.753774104462,0
2010-02-02,3973.753774104462,0,3973.753774104462,0
2010-02-03,3973.753774104462,0,3973.753774104462,0
2010-02-04,3973.753774104462,0,3973.753774104462,0
2010-02-05,3973.753774104462,0,3973.753774104462,0
2010-02-08,3973.753774104462,0,3973.753774104462,0
2010-02-09,3973.753774104462,0,3973.753774104462,0
2010-02-10,3973.753774104462,0,3973.753774104462,0
2010-02-11,3973.753774104462,0,3973.753774104462,0
2010-02-12,3973.753774104462,0,3973.753774104462,0
2010-02-16,3973.753774104462,0,3973.753774104462,0
2010-02-17,3973.753774104462,0,3973.753774104462,0
2010-02-18,3973.753774104462,0,3973.753774104462,0
2010-02-19,3536.5248210946484,435.465527892318,3971.990348986966,1
2010-02-22,3536.5248210946484,438.8561247532507,3975.380945847899,1
2010-02-23,3536.5248210946484,409.38243578485344,3945.907256879502,1
2010-02-24,3536.5248210946484,436.0049082472205,3972.529729341869,1
2010-02-25,3536.5248210946484,435.05974432326366,3971.584565417912,1
2010-02-26,3536.5248210946484,442.8653093388836,3979.390130433532,1
2010-03-01,3101.6244118628665,898.6321671587978,4000.256579021664,2
2010-03-02,3130.86087891438,879.4527801522484,4010.313659066628,2
2010-03-03,3130.86087891438,886.6600704747711,4017.520949389151,2
2010-03-04,3130.86087891438,902.6481828759888,4033.509061790369,2
2010-03-05,3631.5043660642086,447.9292671097742,4079.433633173983,1
2010-03-08,3184.8149653126216,894.9381876074067,4079.7531529200282,2
2010-03-09,3184.8149653126216,901.7561413219834,4086.571106634605,2
2010-03-10,3184.8149653126216,910.6224853909116,4095.437450703533,2
2010-03-11,3184.8149653126216,930.0064088886683,4114.8213742012895,2
2010-03-12,3184.8149653126216,937.3156174387359,4122.130582751357,2
2010-03-15,3184.8149653126216,942.8138550852545,4127.628820397877,2
2010-03-16,3698.6422668102705,445.437755990499,4144.080022800769,1
2010-03-17,3252.3452288883286,905.3546764651855,4157.699905353515,2
2010-03-18,3252.3452288883286,910.7065585625483,4163.051787450877,2
2010-03-19,3252.3452288883286,892.235426406806,4144.580655295134,2
2010-03-22,3252.3452288883286,919.0297093918427,4171.374938280172,2
2010-03-23,3284.2559943190518,912.0473007335902,4196.303295052642,2
2010-03-24,3284.2559943190518,880.8858603907095,4165.141854709761,2
2010-03-25,3284.2559943190518,866.8565966560768,4151.112590975128,2
2010-03-26,3284.2559943190518,881.0243584910615,4165.280352810113,2
2010-03-29,3284.2559943190518,913.3082167602158,4197.564211079268,2
2010-03-30,3317.3678709988053,886.7962044161283,4204.164075414934,2
2010-03-31,3317.3678709988053,871.3833295414072,4188.751200540212,2
2010-04-01,3317.3678709988053,903.2682532047485,4220.636124203554,2
2010-04-05,3348.1897088681217,910.7003834290109,4258.8900922971325,2
2010-04-06,3383.6588307769707,889.6815240852575,4273.340354862228,2
2010-04-07,3383.6588307769707,864.1176251300583,4247.776455907029,2
2010-04-08,3383.6588307769707,882.5430939384412,4266.201924715412,2
2010-04-09,3383.6588307769707,913.4485932710832,4297.107424048054,2
2010-04-12,3420.41708236088,894.9094512045492,4315.32653356543,2
2010-04-13,3420.41708236088,891.9993237007208,4312.416406061601,2
2010-04-14,3454.9995462657353,900.0363302462249,4355.03587651196,2
2010-04-15,3454.9995462657353,901.6564313628062,4356.655977628541,2
2010-04-16,3454.9995462657353,801.6211509956149,4256.62069726135,2
2010-04-19,3454.9995462657353,846.674398535398,4301.673944801133,2
2010-04-20,3454.9995462657353,905.5305806911138,4360.530126956849,2
2010-04-21,3454.9995462657353,897.2858708001868,4352.285417065922,2
2010-04-22,3454.9995462657353,907.2690909117675,4362.268637177503,2
2010-04-23,3482.343758170106,901.9565886706404,4384.300346840746,2
2010-04-26,3482.343758170106,885.3121351231819,4367.655893293288,2
2010-04-27,3482.343758170106,712.4708453542692,4194.814603524375,2
2010-04-28,3482.343758170106,768.0440345053348,4250.387792675441,2
2010-04-29,3482.343758170106,866.9569629261704,4349.300721096276,2
2010-04-30,3482.343758170106,744.4459797275322,4226.789737897638,2
2010-05-03,3482.343758170106,847.9475761588044,4330.29133432891,2
2010-05-04,3381.795561003348,776.5781605730657,4158.373721576414,2
2010-05-05,3703.0367557621066,414.74396439154884,4117.780720153655,1
2010-05-06,3703.0367557621066,325.60809963201046,4028.6448553941173,1
2010-05-07,3985.5615466274403,0,3985.5615466274403,0
2010-05-10,3985.5615466274403,0,3985.5615466274403,0
2010-05-11,3985.5615466274403,0,3985.5615466274403,0
2010-05-12,3985.5615466274403,0,3985.5615466274403,0
2010-05-13,3985.5615466274403,0,3985.5615466274403,0
2010-05-14,3985.5615466274403,0,3985.5615466274403,0
2010-05-17,3985.5615466274403,0,3985.5615466274403,0
2010-05-18,3985.5615466274403,0,3985.5615466274403,0
2010-05-19,3985.5615466274403,0,3985.5615466274403,0
2010-05-20,3985.5615466274403,0,3985.5615466274403,0
2010-05-21,3985.5615466274403,0,3985.5615466274403,0
2010-05-24,3985.5615466274403,0,3985.5615466274403,0
2010-05-25,3985.5615466274403,0,3985.5615466274403,0
2010-05-26,3985.5615466274403,0,3985.5615466274403,0
2010-05-27,3985.5615466274403,0,3985.5615466274403,0
2010-05-28,3985.5615466274403,0,3985.5615466274403,0
2010-06-01,3985.5615466274403,0,3985.5615466274403,0
2010-06-02,3985.5615466274403,0,3985.5615466274403,0
2010-06-03,3985.5615466274403,0,3985.5615466274403,0
2010-06-04,3985.5615466274403,0,3985.5615466274403,0
2010-06-07,3985.5615466274403,0,3985.5615466274403,0
2010-06-08,3985.5615466274403,0,3985.5615466274403,0
2010-06-09,3985.5615466274403,0,3985.5615466274403,0
2010-06-10,3985.5615466274403,0,3985.5615466274403,0
2010-06-11,3985.5615466274403,0,3985.5615466274403,0
2010-06-14,3985.5615466274403,0,3985.5615466274403,0
2010-06-15,3985.5615466274403,0,3985.5615466274403,0
2010-06-16,3985.5615466274403,0,3985.5615466274403,0
2010-06-17,3985.5615466274403,0,3985.5615466274403,0
2010-06-18,3985.5615466274403,0,3985.5615466274403,0
2010-06-21,3985.5615466274403,0,3985.5615466274403,0
2010-06-22,3985.5615466274403,0,3985.5615466274403,0
2010-06-23,3985.5615466274403,0,3985.5615466274403,0
2010-06-24,3985.5615466274403,0,3985.5615466274403,0
2010-06-25,3985.5615466274403,0,3985.5615466274403,0
2010-06-28,3985.5615466274403,0,3985.5615466274403,0
2010-06-29,3985.5615466274403,0,3985.5615466274403,0
2010-06-30,3985.5615466274403,0,3985.5615466274403,0
2010-07-01,3985.5615466274403,0,3985.5615466274403,0
2010-07-02,3985.5615466274403,0,3985.5615466274403,0
2010-07-06,3985.5615466274403,0,3985.5615466274403,0
2010-07-07,3985.5615466274403,0,3985.5615466274403,0
2010-07-08,3985.5615466274403,0,3985.5615466274403,0
2010-07-09,3985.5615466274403,0,3985.5615466274403,0
2010-07-12,3985.5615466274403,0,3985.5615466274403,0
2010-07-13,3985.5615466274403,0,3985.5615466274403,0
2010-07-14,3549.7954542090056,433.99610921607206,3983.7915634250776,1
2010-07-15,3113.8047282897783,870.3710081217755,3984.1757364115538,2
2010-07-16,3113.8047282897783,768.0689914851553,3881.8737197749333,2
2010-07-19,3113.8047282897783,802.7542986676312,3916.5590269574095,2
2010-07-20,3113.8047282897783,865.2163738358518,3979.02110212563,2
2010-07-21,3113.8047282897783,807.6242795548146,3921.429007844593,2
2010-07-22,3113.8047282897783,893.0140501500028,4006.818778439781,2
2010-07-23,3113.8047282897783,926.8644826273214,4040.6692109171,2
2010-07-26,3643.1276451714953,428.5402448852543,4071.6678900567495,1
2010-07-27,3217.346400105197,850.3837636002586,4067.7301637054557,2
2010-07-28,3217.346400105197,819.12804513163,4036.474445236827,2
2010-07-29,3217.346400105197,808.6072260127908,4025.953626117988,2
2010-07-30,3217.346400105197,818.7711630230048,4036.1175631282017,2
2010-08-02,3217.346400105197,913.6184494846534,4130.964849589851,2
2010-08-03,3217.346400105197,898.4076764769297,4115.754076582127,2
2010-08-04,3217.346400105197,921.6974995999583,4139.043899705155,2
2010-08-05,3217.346400105197,923.2864900826248,4140.632890187822,2
2010-08-06,3217.346400105197,921.2207831558733,4138.567183261071,2
2010-08-09,3721.25021383809,434.54987786276104,4155.800091700851,1
2010-08-10,3281.54464242988,863.9490756011385,4145.493718031018,2
2010-08-11,3281.54464242988,729.9910615277088,4011.5357039575883,2
2010-08-12,3281.54464242988,706.5895646944043,3988.1342071242843,2
2010-08-13,3281.54464242988,687.261543488414,3968.8061859182935,2
2010-08-16,3281.54464242988,696.7510535929407,3978.2956960228203,2
2010-08-17,3281.54464242988,770.7931254441557,4052.3377678740353,2
2010-08-18,3281.54464242988,778.595152793676,4060.1397952235557,2
2010-08-19,3281.54464242988,686.2572710315224,3967.8019134614024,2
2010-08-20,3281.54464242988,677.1515225978682,3958.696165027748,2
2010-08-23,3281.54464242988,662.8585375633232,3944.403179993203,2
2010-08-24,3850.2733021177237,0,3850.2733021177237,0
2010-08-25,3850.2733021177237,0,3850.2733021177237,0
2010-08-26,3850.2733021177237,0,3850.2733021177237,0
2010-08-27,3850.2733021177237,0,3850.2733021177237,0
2010-08-30,3850.2733021177237,0,3850.2733021177237,0
2010-08-31,3850.2733021177237,0,3850.2733021177237,0
2010-09-01,3850.2733021177237,0,3850.2733021177237,0
2010-09-02,3412.3073849192233,436.1711553337156,3848.4785402529387,1
2010-09-03,2973.826994718158,900.1190976654403,3873.946092383598,2
2010-09-07,2973.826994718158,853.7371029259714,3827.564097644129,2
2010-09-08,2973.826994718158,882.3947476715355,3856.2217423896936,2
2010-09-09,2973.826994718158,903.3494226003467,3877.1764173185047,2
2010-09-10,3005.8116434487943,891.0741729464874,3896.885816395282,2
2010-09-13,3044.3998011084063,893.8876551862899,3938.2874562946963,2
2010-09-14,3044.3998011084063,891.2906468007646,3935.690447909171,2
2010-09-15,3044.3998011084063,898.4527444538932,3942.8525455622994,2
2010-09-16,3044.3998011084063,904.440238018345,3948.8400391267514,2
2010-09-17,3044.3998011084063,906.9468642215904,3951.3466653299965,2
2010-09-20,3563.1594290557287,429.00116849594497,3992.1605975516736,1
2010-09-21,3127.191178051998,856.4846342748173,3983.6758123268155,2
2010-09-22,3127.191178051998,841.7486682346346,3968.939846286633,2
2010-09-23,3127.191178051998,799.8685660269482,3927.059744078946,2
2010-09-24,3127.191178051998,896.3353844065599,4023.526562458558,2
2010-09-27,3127.191178051998,881.5726944959555,4008.7638725479537,2
2010-09-28,3127.191178051998,898.8510929650859,4026.042271017084,2
2010-09-29,3127.191178051998,888.8223497851379,4016.0135278371363,2
2010-09-30,3127.191178051998,879.0604714821171,4006.251649534115,2
2010-10-01,3127.191178051998,907.9822465985375,4035.1734246505357,2
2010-10-04,3127.191178051998,887.2306477372792,4014.421825789277,2
2010-10-05,3643.5855455909987,437.5213318962284,4081.106877487227,1
2010-10-06,3204.6573342513157,877.5604843601132,4082.217818611429,2
2010-10-07,3204.6573342513157,874.891743599437,4079.549077850753,2
2010-10-08,3204.6573342513157,904.9241809816247,4109.581515232941,2
2010-10-11,3204.6573342513157,932.5491178425559,4137.206452093871,2
2010-10-12,3707.458890273717,437.0965395575051,4144.555429831222,1
2010-10-13,3273.612373690504,881.8612834424696,4155.473657132973,2
2010-10-14,3273.612373690504,862.621848325204,4136.234222015708,2
2010-10-15,3273.612373690504,883.0251932143227,4156.637566904827,2
2010-10-18,3273.612373690504,914.0360118234535,4187.648385513958,2
2010-10-19,3273.612373690504,845.2374178099328,4118.849791500436,2
2010-10-20,3273.612373690504,896.4813372996914,4170.093710990195,2
2010-10-21,3273.612373690504,911.3111848353007,4184.923558525805,2
2010-10-22,3299.5405845612195,898.2693591821915,4197.809943743411,2
2010-10-25,3299.5405845612195,903.1218153346086,4202.6623998958285,2
2010-10-26,3299.5405845612195,902.8659145900674,4202.406499151287,2
2010-10-27,3299.5405845612195,893.0132976469256,4192.553882208145,2
2010-10-28,3299.5405845612195,898.9265016312897,4198.46708619251,2
2010-10-29,3299.5405845612195,898.466985683857,4198.007570245077,2
2010-11-01,3299.5405845612195,908.9593178519816,4208.499902413201,2
2010-11-02,3350.765004398196,883.3431781978594,4234.1081825960555,2
2010-11-03,3394.8330402570255,871.7736548215252,4266.606695078551,2
2010-11-04,3892.336773085468,436.90293398114045,4329.239707066608,1
2010-11-05,3461.2876255430383,876.4510510565331,4337.738676599572,2
2010-11-08,3461.2876255430383,877.6537234975681,4338.941349040606,2
2010-11-09,3461.2876255430383,838.7439199938246,4300.031545536863,2
2010-11-10,3461.2876255430383,867.9330381261466,4329.220663669184,2
2010-11-11,3461.2876255430383,851.8216217439219,4313.10924728696,2
2010-11-12,3461.2876255430383,775.1982634916519,4236.48588903469,2
2010-11-15,3461.2876255430383,784.6554103772645,4245.9430359203025,2
2010-11-16,3461.2876255430383,670.0074567751508,4131.295082318189,2
2010-11-17,3461.2876255430383,680.6780299968991,4141.965655539938,2
2010-11-18,3461.2876255430383,809.8012007140192,4271.088826257057,2
2010-11-19,3461.2876255430383,837.6568630435968,4298.944488586635,2
2010-11-22,3461.2876255430383,840.603454041037,4301.891079584076,2
2010-11-23,3461.2876255430383,726.7085503608291,4187.996175903867,2
2010-11-24,3461.2876255430383,841.1227966676086,4302.410422210647,2
2010-11-26,3461.2876255430383,780.2635702814412,4241.55119582448,2
2010-11-29,3461.2876255430383,802.5353431204976,4263.822968663536,2
2010-11-30,3461.2876255430383,747.5858637141494,4208.873489257187,2
2010-12-01,3499.4295898152736,873.5464524474737,4372.976042262748,2
2010-12-02,3547.5727710341994,891.9578488751393,4439.530619909338,2
2010-12-03,3586.923555574002,876.3632200674638,4463.286775641465,2
2010-12-06,3586.923555574002,880.7002378324287,4467.62379340643,2
2010-12-07,3586.923555574002,886.1660213407592,4473.089576914761,2
2010-12-08,3586.923555574002,905.1016974378927,4492.025253011894,2
2010-12-09,3622.401690381612,887.1453674676374,4509.5470578492495,2
2010-12-10,3622.401690381612,905.7950262708453,4528.196716652457,2
2010-12-13,3650.4879108846867,885.7498672051611,4536.237778089848,2
2010-12-14,3650.4879108846867,891.17576153333,4541.663672418017,2
2010-12-15,3650.4879108846867,871.2348004734017,4521.722711358088,2
2010-12-16,3650.4879108846867,903.6559434186709,4554.143854303357,2
2010-12-17,3674.1366479054986,898.6677105028372,4572.804358408336,2
2010-12-20,3674.1366479054986,911.968255320626,4586.104903226124,2
2010-12-21,3707.593863520113,895.2888340132804,4602.882697533393,2
2010-12-22,3740.574011087227,886.8971920086761,4627.471203095904,2
2010-12-23,3740.574011087227,868.5203771719695,4609.094388259196,2
2010-12-27,3740.574011087227,867.3712409477482,4607.945252034975,2
2010-12-28,3740.574011087227,875.9720945674119,4616.546105654639,2
2010-12-29,3740.574011087227,886.6594956645042,4627.2335067517315,2
2010-12-30,3740.574011087227,881.2184811222352,4621.792492209463,2
2010-12-31,3740.574011087227,881.3276160173446,4621.901627104571,2
2011-01-03,3772.471641102133,899.4554762360815,4671.927117338215,2
2011-01-04,3772.471641102133,901.2299859724574,4673.701627074591,2
2011-01-05,3807.254425965031,887.4601238370606,4694.714549802091,2
2011-01-06,3807.254425965031,877.5780423166743,4684.832468281706,2
2011-01-07,3807.254425965031,877.0878050365513,4684.342231001582,2
2011-01-10,3807.254425965031,876.1970109682426,4683.451436933274,2
2011-01-11,3807.254425965031,902.0830966117007,4709.337522576731,2
2011-01-12,3843.104829625695,902.0231286259277,4745.127958251623,2
2011-01-13,3843.104829625695,897.0275101445718,4740.132339770267,2
2011-01-14,3879.1729837588728,896.2965299468256,4775.469513705699,2
2011-01-18,3879.1729837588728,907.2315383905823,4786.404522149455,2
2011-01-19,3879.1729837588728,849.438985833631,4728.611969592504,2
2011-01-20,3879.1729837588728,837.7868763202212,4716.959860079094,2
2011-01-21,3879.1729837588728,846.4901970549247,4725.663180813797,2
2011-01-24,3879.1729837588728,893.5804141404082,4772.753397899281,2
2011-01-25,3879.1729837588728,899.4563870803197,4778.629370839192,2
2011-01-26,3913.204791328047,892.2772926892621,4805.482084017309,2
2011-01-27,3913.204791328047,910.233686187446,4823.438477515493,2
2011-01-28,3913.204791328047,783.2445515472564,4696.449342875303,2
2011-01-31,3913.204791328047,840.5828754364677,4753.787666764515,2
2011-02-01,3957.051184223873,883.4994400759155,4840.550624299788,2
2011-02-02,3957.051184223873,880.8709729460638,4837.922157169936,2
2011-02-03,3957.051184223873,900.6054592019254,4857.656643425798,2
2011-02-04,3980.4975717639777,896.942544768363,4877.440116532341,2
2011-02-07,3980.4975717639777,921.6404161646379,4902.137987928616,2
2011-02-08,4014.2156368501605,905.0309108409142,4919.246547691075,2
2011-02-09,4014.2156368501605,897.3052462783714,4911.520883128532,2
2011-02-10,4014.2156368501605,899.9629784643237,4914.178615314484,2
2011-02-11,4045.1615753724905,892.3396036683905,4937.501179040881,2
2011-02-14,4045.1615753724905,906.3541613157081,4951.515736688199,2
2011-02-15,4045.1615753724905,891.8809825889987,4937.042557961489,2
2011-02-16,4045.1615753724905,912.897188030206,4958.058763402696,2
2011-02-17,4045.1615753724905,927.2718266250893,4972.4334019975795,2
2011-02-18,4070.2867621517016,909.8554067605664,4980.142168912268,2
2011-02-22,4070.2867621517016,781.3601413936615,4851.646903545363,2
2011-02-23,4070.2867621517016,739.2176309870656,4809.504393138767,2
2011-02-24,4070.2867621517016,745.4727774278509,4815.759539579552,2
2011-02-25,4070.2867621517016,828.7682344913392,4899.054996643041,2
2011-02-28,4070.2867621517016,878.726562100667,4949.013324252369,2
2011-03-01,4070.2867621517016,770.886474910201,4841.173237061903,2
2011-03-02,4070.2867621517016,788.7735225408799,4859.060284692581,2
2011-03-03,4070.2867621517016,902.1379052265651,4972.424667378266,2
2011-03-04,4070.2867621517016,870.6097497442536,4940.896511895955,2
2011-03-07,4070.2867621517016,828.1988107419324,4898.4855728936345,2
2011-03-08,4070.2867621517016,890.7580633295261,4961.044825481227,2
2011-03-09,4070.2867621517016,888.0157005745807,4958.302462726282,2
2011-03-10,4070.2867621517016,763.7682663893969,4834.055028541098,2
2011-03-11,4070.2867621517016,841.3306991286823,4911.617461280384,2
2011-03-14,4070.2867621517016,824.8640753963571,4895.150837548059,2
2011-03-15,4383.4797111576445,401.81917983506764,4785.298890992712,1
2011-03-16,4644.805630534681,0,4644.805630534681,0
2011-03-17,4644.805630534681,0,4644.805630534681,0
2011-03-18,4644.805630534681,0,4644.805630534681,0
2011-03-21,4644.805630534681,0,4644.805630534681,0
2011-03-22,4644.805630534681,0,4644.805630534681,0
2011-03-23,4644.805630534681,0,4644.805630534681,0
2011-03-24,4212.868763346757,430.2838149680573,4643.1525783148145,1
2011-03-25,3774.8383370956117,875.1613955529583,4649.99973264857,2
2011-03-28,3774.8383370956117,854.5288912287135,4629.367228324325,2
2011-03-29,3774.8383370956117,899.2590954778517,4674.097432573463,2
2011-03-30,3774.8383370956117,927.5044604947279,4702.34279759034,2
2011-03-31,3774.8383370956117,925.2636678077665,4700.102004903378,2
2011-04-01,4278.951044169315,436.6366091004792,4715.587653269794,1
2011-04-04,3841.057265914435,877.760196682069,4718.817462596504,2
2011-04-05,3841.057265914435,883.5096651347093,4724.566931049144,2
2011-04-06,3841.057265914435,899.0807579469566,4740.138023861392,2
2011-04-07,3841.057265914435,894.1113902082263,4735.168656122662,2
2011-04-08,3841.057265914435,872.1865122061985,4713.243778120634,2
2011-04-11,3841.057265914435,888.7498018097028,4729.807067724138,2
2011-04-12,3841.057265914435,850.264930468752,4691.3221963831875,2
2011-04-13,3841.057265914435,857.6428238281923,4698.700089742627,2
2011-04-14,3841.057265914435,871.3140581793441,4712.37132409378,2
2011-04-15,3841.057265914435,906.544649370413,4747.601915284848,2
2011-04-18,3841.057265914435,842.0063042920895,4683.063570206525,2
2011-04-19,3841.057265914435,893.6634794835522,4734.720745397987,2
2011-04-20,4360.393122542764,434.2683752358479,4794.661497778612,1
2011-04-21,3910.7989620502235,897.5030630890785,4808.302025139302,2
2011-04-25,3910.7989620502235,887.1207842270203,4797.919746277244,2
2011-04-26,3910.7989620502235,924.3248401541143,4835.123802204338,2
2011-04-27,3943.1959299953833,912.0719952413078,4855.267925236691,2
2011-04-28,3987.151274295989,888.3497138703467,4875.500988166335,2
2011-04-29,3987.151274295989,898.2369283195509,4885.38820261554,2
2011-05-02,3987.151274295989,882.1885849015956,4869.339859197585,2
2011-05-03,3987.151274295989,860.7830497209113,4847.9343240169,2
2011-05-04,3987.151274295989,825.3978223806749,4812.549096676664,2
2011-05-05,3987.151274295989,762.7652663518717,4749.9165406478605,2
2011-05-06,3987.151274295989,786.0640338217224,4773.215308117711,2
2011-05-09,3987.151274295989,839.6394712731587,4826.7907455691475,2
2011-05-10,3987.151274295989,899.9903407705743,4887.141615066564,2
2011-05-11,3987.151274295989,833.9422266977069,4821.093500993696,2
2011-05-12,3987.151274295989,878.0452088189397,4865.196483114929,2
2011-05-13,3987.151274295989,822.5947301460342,4809.746004442023,2
2011-05-16,3987.151274295989,781.7942307276641,4768.945505023653,2
2011-05-17,3987.151274295989,793.4643237131331,4780.615598009123,2
2011-05-18,3987.151274295989,876.3993676326897,4863.5506419286785,2
2011-05-19,3987.151274295989,904.3580585769089,4891.509332872898,2
2011-05-20,3987.151274295989,839.4475566701083,4826.598830966097,2
2011-05-23,3987.151274295989,754.1679518254956,4741.3192261214845,2
2011-05-24,3987.151274295989,759.9372419905093,4747.088516286498,2
2011-05-25,3987.151274295989,811.5186291484251,4798.669903444414,2
2011-05-26,3987.151274295989,871.8159228277241,4858.967197123713,2
2011-05-27,4014.2512466314097,887.1181198169335,4901.3693664483435,2
2011-05-31,4070.112194510551,908.4589264261601,4978.571120936711,2
2011-06-01,4070.112194510551,769.9320678428716,4840.044262353423,2
2011-06-02,4070.112194510551,768.6669094272925,4838.7791039378435,2
2011-06-03,4070.112194510551,714.8723435485622,4784.984538059113,2
2011-06-06,4360.407833599724,351.9080480325417,4712.315881632266,1
2011-06-07,4360.407833599724,352.17631202283746,4712.584145622561,1
2011-06-08,4693.835003711311,0,4693.835003711311,0
2011-06-09,4693.835003711311,0,4693.835003711311,0
2011-06-10,4693.835003711311,0,4693.835003711311,0
2011-06-13,4693.835003711311,0,4693.835003711311,0
2011-06-14,4693.835003711311,0,4693.835003711311,0
2011-06-15,4693.835003711311,0,4693.835003711311,0
2011-06-16,4693.835003711311,0,4693.835003711311,0
2011-06-17,4693.835003711311,0,4693.835003711311,0
2011-06-20,4693.835003711311,0,4693.835003711311,0
2011-06-21,4693.835003711311,0,4693.835003711311,0
2011-06-22,4693.835003711311,0,4693.835003711311,0
2011-06-23,4693.835003711311,0,4693.835003711311,0
2011-06-24,4693.835003711311,0,4693.835003711311,0
2011-06-27,4693.835003711311,0,4693.835003711311,0
2011-06-28,4693.835003711311,0,4693.835003711311,0
2011-06-29,4693.835003711311,0,4693.835003711311,0
2011-06-30,4251.6398148533335,441.0354654936447,4692.675280346978,1
2011-07-01,3807.639322705095,911.4928534528156,4719.13217615791,2
2011-07-05,3837.8228101261284,883.3035368799893,4721.126347006118,2
2011-07-06,3837.8228101261284,886.2952458752701,4724.118056001398,2
2011-07-07,3837.8228101261284,929.1758606348741,4766.998670761002,2
2011-07-08,3837.8228101261284,910.2940272457536,4748.116837371882,2
2011-07-11,3837.8228101261284,807.0567095771727,4644.879519703301,2
2011-07-12,3837.8228101261284,768.3190942456924,4606.141904371821,2
2011-07-13,3837.8228101261284,788.8366306050671,4626.659440731195,2
2011-07-14,3837.8228101261284,744.689085814889,4582.511895941017,2
2011-07-15,3837.8228101261284,795.1590372777977,4632.981847403926,2
2011-07-18,3837.8228101261284,743.7360891740968,4581.558899300226,2
2011-07-19,3837.8228101261284,861.5848709917225,4699.407681117851,2
2011-07-20,3837.8228101261284,865.453544317759,4703.276354443888,2
2011-07-21,3873.606088154925,902.6210797327637,4776.227167887689,2
2011-07-22,3901.69894858587,878.705949558718,4780.404898144588,2
2011-07-25,3901.69894858587,842.0702538324387,4743.769202418309,2
2011-07-26,3901.69894858587,816.8592571240536,4718.558205709924,2
2011-07-27,3901.69894858587,689.6852854179574,4591.384234003827,2
2011-07-28,3901.69894858587,668.8687725226696,4570.567721108539,2
2011-07-29,4213.081731630953,313.6287443113719,4526.710475942325,1
2011-08-01,4520.852535281817,0,4520.852535281817,0
2011-08-02,4520.852535281817,0,4520.852535281817,0
2011-08-03,4520.852535281817,0,4520.852535281817,0
2011-08-04,4520.852535281817,0,4520.852535281817,0
2011-08-05,4520.852535281817,0,4520.852535281817,0
2011-08-08,4520.852535281817,0,4520.852535281817,0
2011-08-09,4520.852535281817,0,4520.852535281817,0
2011-08-10,4520.852535281817,0,4520.852535281817,0
2011-08-11,4520.852535281817,0,4520.852535281817,0
2011-08-12,4520.852535281817,0,4520.852535281817,0
2011-08-15,4520.852535281817,0,4520.852535281817,0
2011-08-16,4520.852535281817,0,4520.852535281817,0
2011-08-17,4520.852535281817,0,4520.852535281817,0
2011-08-18,4520.852535281817,0,4520.852535281817,0
2011-08-19,4520.852535281817,0,4520.852535281817,0
2011-08-22,4520.852535281817,0,4520.852535281817,0
2011-08-23,4520.852535281817,0,4520.852535281817,0
2011-08-24,4520.852535281817,0,4520.852535281817,0
2011-08-25,4520.852535281817,0,4520.852535281817,0
2011-08-26,4520.852535281817,0,4520.852535281817,0
2011-08-29,4520.852535281817,0,4520.852535281817,0
2011-08-30,4520.852535281817,0,4520.852535281817,0
2011-08-31,4520.852535281817,0,4520.852535281817,0
2011-09-01,4520.852535281817,0,4520.852535281817,0
2011-09-02,4520.852535281817,0,4520.852535281817,0
2011-09-06,4520.852535281817,0,4520.852535281817,0
2011-09-07,4520.852535281817,0,4520.852535281817,0
2011-09-08,4520.852535281817,0,4520.852535281817,0
2011-09-09,4520.852535281817,0,4520.852535281817,0
2011-09-12,4520.852535281817,0,4520.852535281817,0
2011-09-13,4520.852535281817,0,4520.852535281817,0
2011-09-14,4520.852535281817,0,4520.852535281817,0
2011-09-15,4520.852535281817,0,4520.852535281817,0
2011-09-16,4520.852535281817,0,4520.852535281817,0
2011-09-19,4520.852535281817,0,4520.852535281817,0
2011-09-20,4520.852535281817,0,4520.852535281817,0
2011-09-21,4520.852535281817,0,4520.852535281817,0
2011-09-22,4520.852535281817,0,4520.852535281817,0
2011-09-23,4520.852535281817,0,4520.852535281817,0
2011-09-26,4520.852535281817,0,4520.852535281817,0
2011-09-27,4520.852535281817,0,4520.852535281817,0
2011-09-28,4520.852535281817,0,4520.852535281817,0
2011-09-29,4520.852535281817,0,4520.852535281817,0
2011-09-30,4520.852535281817,0,4520.852535281817,0
2011-10-03,4520.852535281817,0,4520.852535281817,0
2011-10-04,4520.852535281817,0,4520.852535281817,0
2011-10-05,4520.852535281817,0,4520.852535281817,0
2011-10-06,4520.852535281817,0,4520.852535281817,0
2011-10-07,4520.852535281817,0,4520.852535281817,0
2011-10-10,4520.852535281817,0,4520.852535281817,0
2011-10-11,4520.852535281817,0,4520.852535281817,0
2011-10-12,4520.852535281817,0,4520.852535281817,0
2011-10-13,4520.852535281817,0,4520.852535281817,0
2011-10-14,4103.093992369655,416.85537300631916,4519.949365375975,1
2011-10-17,4103.093992369655,370.92281431908066,4474.016806688735,1
2011-10-18,4103.093992369655,410.5296373834427,4513.623629753098,1
2011-10-19,4103.093992369655,382.4819199468117,4485.575912316467,1
2011-10-20,4103.093992369655,390.06846908408585,4493.162461453741,1
2011-10-21,4103.093992369655,431.4360809413706,4534.530073311025,1
2011-10-24,4139.354398761749,420.8714401024098,4560.2258388641585,1
2011-10-25,4139.354398761749,380.88474689113986,4520.2391456528885,1
2011-10-26,3721.6348469401382,825.0097564042501,4546.644603344388,2
2011-10-27,4233.46667320764,424.2881639268127,4657.754837134453,1
2011-10-28,3802.6217644388967,860.711002297651,4663.3327667365475,2
2011-10-31,3802.6217644388967,737.2111031974459,4539.832867636343,2
2011-11-01,3802.6217644388967,604.6631498208321,4407.284914259729,2
2011-11-02,3802.6217644388967,677.9364178045569,4480.558182243453,2
2011-11-03,3802.6217644388967,765.962279495598,4568.584043934495,2
2011-11-04,3802.6217644388967,749.2618012514401,4551.883565690337,2
2011-11-07,3802.6217644388967,787.7955471985631,4590.4173116374595,2
2011-11-08,3802.6217644388967,854.0316594416458,4656.6534238805425,2
2011-11-09,3802.6217644388967,652.8085476060028,4455.430312044899,2
2011-11-10,3802.6217644388967,711.2171406937083,4513.838905132605,2
2011-11-11,3802.6217644388967,814.5139821724481,4617.135746611345,2
2011-11-14,3802.6217644388967,785.8486721475455,4588.470436586442,2
2011-11-15,3802.6217644388967,811.5665475141656,4614.188311953062,2
2011-11-16,3802.6217644388967,728.2103948988006,4530.832159337697,2
2011-11-17,3802.6217644388967,642.7472253819342,4445.36898982083,2
2011-11-18,3802.6217644388967,657.7050869113077,4460.326851350204,2
2011-11-21,4073.8035827294802,273.5666658859074,4347.370248615388,1
2011-11-22,4332.3540270182575,0,4332.3540270182575,0
2011-11-23,4332.3540270182575,0,4332.3540270182575,0
2011-11-25,4332.3540270182575,0,4332.3540270182575,0
2011-11-28,4332.3540270182575,0,4332.3540270182575,0
2011-11-29,4332.3540270182575,0,4332.3540270182575,0
2011-11-30,3911.617985051154,419.60040560530257,4331.218390656457,1
2011-12-01,3491.181581664786,839.0828285480197,4330.264410212805,2
2011-12-02,3491.181581664786,840.755878536986,4331.9374602017715,2
2011-12-05,3491.181581664786,876.181879138338,4367.363460803124,2
2011-12-06,3491.181581664786,880.156275491594,4371.33785715638,2
2011-12-07,3491.181581664786,884.3182115299549,4375.499793194741,2
2011-12-08,3491.181581664786,812.3828957792375,4303.564477444023,2
2011-12-09,3491.181581664786,900.7811300013225,4391.962711666109,2
2011-12-12,3491.181581664786,879.6165641957899,4370.7981458605755,2
2011-12-13,3491.181581664786,858.6216768625702,4349.803258527356,2
2011-12-14,3491.181581664786,814.1514283327515,4305.333009997537,2
2011-12-15,3491.181581664786,841.5886765939986,4332.770258258784,2
2011-12-16,3491.181581664786,867.5660747256622,4358.747656390448,2
2011-12-19,3491.181581664786,830.8247443349962,4322.006325999782,2
2011-12-20,4015.3010824390763,422.45639950293315,4437.75748194201,1
2011-12-21,3578.5231479084923,872.514195792765,4451.037343701258,2
2011-12-22,3578.5231479084923,902.2401575635174,4480.76330547201,2
2011-12-23,3615.8921726638955,890.3970683684379,4506.289241032333,2
2011-12-27,3615.8921726638955,890.7407823555588,4506.632955019454,2
2011-12-28,3615.8921726638955,837.4907465506052,4453.3829192145,2
2011-12-29,3615.8921726638955,884.7383990223441,4500.63057168624,2
2011-12-30,3615.8921726638955,867.7769401081225,4483.669112772018,2
2012-01-03,3665.932556517253,877.0198202272686,4542.952376744522,2
2012-01-04,3665.932556517253,889.1309331737068,4555.06348969096,2
2012-01-05,3699.773796871105,872.4480094302064,4572.2218063013115,2
2012-01-06,3699.773796871105,877.2511595783485,4577.024956449453,2
2012-01-09,3699.773796871105,889.327174763487,4589.100971634592,2
2012-01-10,3731.4425107358024,886.8777347063512,4618.3202454421535,2
2012-01-11,3731.4425107358024,887.0566754293022,4618.499186165105,2
2012-01-12,3731.4425107358024,903.4490631214002,4634.891573857202,2
2012-01-13,3731.4425107358024,887.3601693180965,4618.802680053899,2
2012-01-17,3731.4425107358024,899.4850666268397,4630.927577362642,2
2012-01-18,3783.8969075198434,887.7588658771206,4671.655773396964,2
2012-01-19,3830.449781270253,866.0418737648265,4696.491655035079,2
2012-01-20,3830.449781270253,890.9664103588161,4721.416191629069,2
2012-01-23,3830.449781270253,897.0853854303925,4727.535166700645,2
2012-01-24,3830.449781270253,894.1893117333655,4724.639093003619,2
2012-01-25,3861.627428126862,895.3224045787307,4756.949832705593,2
2012-01-26,3861.627428126862,875.408086868418,4737.03551499528,2
2012-01-27,3861.627428126862,873.3429983345261,4734.970426461388,2
2012-01-30,3861.627428126862,863.7253168431309,4725.352744969993,2
2012-01-31,3861.627428126862,865.3643555114294,4726.991783638291,2
2012-02-01,3894.564522533135,875.8987116854775,4770.463234218612,2
2012-02-02,3894.564522533135,890.3780395435926,4784.942562076728,2
2012-02-03,4394.373053453321,441.29964149815237,4835.672694951473,1
2012-02-06,3957.4552766885677,876.691206627954,4834.146483316522,2
2012-02-07,3957.4552766885677,888.5153187995675,4845.970595488136,2
2012-02-08,3957.4552766885677,892.5845475514332,4850.039824240001,2
2012-02-09,3957.4552766885677,894.9451296171527,4852.40040630572,2
2012-02-10,3957.4552766885677,847.2826556637443,4804.737932352312,2
2012-02-13,3957.4552766885677,903.7136696055763,4861.168946294144,2
2012-02-14,3957.4552766885677,898.7254234846059,4856.180700173174,2
2012-02-15,3957.4552766885677,865.0890338230109,4822.544310511578,2
2012-02-16,3957.4552766885677,927.0877237448149,4884.543000433383,2
2012-02-17,4474.179450899242,429.86310047020754,4904.042551369449,1
2012-02-21,4044.3293410451133,863.3421358153241,4907.671476860438,2
2012-02-22,4044.3293410451133,853.0221075752349,4897.3514486203485,2
2012-02-23,4044.3293410451133,891.818983080333,4936.148324125446,2
2012-02-24,4044.3293410451133,894.3999813131218,4938.729322358235,2
2012-02-27,4044.3293410451133,898.5718083449159,4942.901149390029,2
2012-02-28,4044.3293410451133,916.0592008002322,4960.388541845346,2
2012-02-29,4044.3293410451133,898.4009921780957,4942.7303332232095,2
2012-03-01,4076.6047234313196,900.7151478153269,4977.3198712466465,2
2012-03-02,4076.6047234313196,892.2808270964268,4968.885550527746,2
2012-03-05,4076.6047234313196,878.7275267063396,4955.332250137659,2
2012-03-06,4076.6047234313196,776.3180841279956,4852.9228075593155,2
2012-03-07,4076.6047234313196,836.4701724020167,4913.074895833336,2
2012-03-08,4104.085008548367,866.7000039961079,4970.785012544475,2
2012-03-09,4104.085008548367,894.9780436320166,4999.063052180383,2
2012-03-12,4104.085008548367,924.3532893170677,5028.438297865435,2
2012-03-13,4635.208247185434,440.5211166881491,5075.729363873583,1
2012-03-14,4199.948036000009,869.4188744096953,5069.366910409704,2
2012-03-15,4199.948036000009,894.9527309356959,5094.900766935705,2
2012-03-16,4199.948036000009,915.525900772017,5115.473936772026,2
2012-03-19,4199.948036000009,929.2150769408321,5129.163112940841,2
2012-03-20,4199.948036000009,915.4053057733754,5115.353341773384,2
2012-03-21,4199.948036000009,918.0888416083387,5118.036877608348,2
2012-03-22,4199.948036000009,886.684138026563,5086.632174026572,2
2012-03-23,4199.948036000009,913.8319451402297,5113.779981140238,2
2012-03-26,4720.769384076015,444.09521301333655,5164.864597089351,1
2012-03-27,4275.954003561999,872.1532365814971,5148.107240143497,2
2012-03-28,4275.954003561999,854.6600659356372,5130.614069497637,2
2012-03-29,4275.954003561999,849.7390248985191,5125.693028460519,2
2012-03-30,4275.954003561999,869.9046271799815,5145.858630741981,2
2012-04-02,4275.954003561999,908.108383246426,5184.062386808426,2
2012-04-03,4275.954003561999,895.775262651682,5171.7292662136815,2
2012-04-04,4275.954003561999,840.032156366099,5115.9861599280985,2
2012-04-05,4275.954003561999,836.8152731577404,5112.7692767197395,2
2012-04-09,4275.954003561999,756.758325555357,5032.712329117357,2
2012-04-10,4894.2472939499685,0,4894.2472939499685,0
2012-04-11,4894.2472939499685,0,4894.2472939499685,0
2012-04-12,4452.3357391061745,440.95706573957625,4893.292804845751,1
2012-04-13,4452.3357391061745,400.85409708828337,4853.189836194458,1
2012-04-16,4452.3357391061745,404.4140712836345,4856.749810389809,1
2012-04-17,4014.101136775139,881.4204477114863,4895.521584486625,2
2012-04-18,4014.101136775139,867.4293629272657,4881.530499702405,2
2012-04-19,4014.101136775139,850.3280747838876,4864.429211559027,2
2012-04-20,4014.101136775139,871.0357074790561,4885.136844254195,2
2012-04-23,4014.101136775139,823.6504479627754,4837.7515847379145,2
2012-04-24,4014.101136775139,856.5749147738824,4870.676051549021,2
2012-04-25,4014.101136775139,928.5506278864156,4942.651764661555,2
2012-04-26,4530.160319112123,435.6608684159419,4965.821187528065,1
2012-04-27,4089.004530524763,881.1904195822669,4970.19495010703,2
2012-04-30,4089.004530524763,862.8788462437168,4951.88337676848,2
2012-05-01,4089.004530524763,896.0764901411804,4985.0810206659435,2
2012-05-02,4089.004530524763,886.1114147593307,4975.115945284094,2
2012-05-03,4089.004530524763,847.20706240177,4936.211592926533,2
2012-05-04,4089.004530524763,742.3814244382204,4831.385954962983,2
2012-05-07,4089.004530524763,757.3728213700651,4846.377351894828,2
2012-05-08,4089.004530524763,732.2480860587827,4821.252616583546,2
2012-05-09,4089.004530524763,679.4712953929494,4768.475825917712,2
2012-05-10,4089.004530524763,712.60108589282,4801.605616417583,2
2012-05-11,4089.004530524763,681.1258981435849,4770.130428668348,2
2012-05-14,4676.6392120961955,0,4676.6392120961955,0
2012-05-15,4676.6392120961955,0,4676.6392120961955,0
2012-05-16,4676.6392120961955,0,4676.6392120961955,0
2012-05-17,4676.6392120961955,0,4676.6392120961955,0
2012-05-18,4676.6392120961955,0,4676.6392120961955,0
2012-05-21,4676.6392120961955,0,4676.6392120961955,0
2012-05-22,4676.6392120961955,0,4676.6392120961955,0
2012-05-23,4676.6392120961955,0,4676.6392120961955,0
2012-05-24,4676.6392120961955,0,4676.6392120961955,0
2012-05-25,4676.6392120961955,0,4676.6392120961955,0
2012-05-29,4676.6392120961955,0,4676.6392120961955,0
2012-05-30,4676.6392120961955,0,4676.6392120961955,0
2012-05-31,4676.6392120961955,0,4676.6392120961955,0
2012-06-01,4676.6392120961955,0,4676.6392120961955,0
2012-06-04,4676.6392120961955,0,4676.6392120961955,0
2012-06-05,4676.6392120961955,0,4676.6392120961955,0
2012-06-06,4676.6392120961955,0,4676.6392120961955,0
2012-06-07,4676.6392120961955,0,4676.6392120961955,0
2012-06-08,4676.6392120961955,0,4676.6392120961955,0
2012-06-11,4676.6392120961955,0,4676.6392120961955,0
2012-06-12,4676.6392120961955,0,4676.6392120961955,0
2012-06-13,4676.6392120961955,0,4676.6392120961955,0
2012-06-14,4676.6392120961955,0,4676.6392120961955,0
2012-06-15,4676.6392120961955,0,4676.6392120961955,0
2012-06-18,4676.6392120961955,0,4676.6392120961955,0
2012-06-19,4239.172599328807,436.0718435807721,4675.244442909579,1
2012-06-20,3796.80533141066,882.6561813624093,4679.461512773069,2
2012-06-21,3796.80533141066,748.2349526761923,4545.040284086852,2
2012-06-22,3796.80533141066,811.4064816348563,4608.2118130455165,2
2012-06-25,3796.80533141066,706.8003944293132,4503.605725839973,2
2012-06-26,3796.80533141066,744.008330112451,4540.813661523111,2
2012-06-27,3796.80533141066,799.2127711526535,4596.018102563314,2
2012-06-28,3796.80533141066,788.7493758121668,4585.554707222827,2
2012-06-29,3796.80533141066,929.1249364953696,4725.930267906029,2
2012-07-02,4298.962400330766,442.5644348435568,4741.526835174323,1
2012-07-03,3857.21534910275,896.1032580438488,4753.318607146599,2
2012-07-05,3857.21534910275,873.5982852224665,4730.813634325217,2
2012-07-06,3857.21534910275,841.9469305927609,4699.162279695511,2
2012-07-09,3857.21534910275,832.2937190392154,4689.509068141966,2
2012-07-10,3857.21534910275,783.827884852839,4641.043233955589,2
2012-07-11,3857.21534910275,797.1118027855056,4654.327151888256,2
2012-07-12,3857.21534910275,766.5074480160392,4623.7227971187895,2
2012-07-13,3857.21534910275,879.3636793561413,4736.579028458891,2
2012-07-16,3857.21534910275,876.8260122803235,4734.041361383073,2
2012-07-17,3857.21534910275,920.1383299604348,4777.353679063185,2
2012-07-18,3892.1483738198485,910.812890098395,4802.961263918243,2
2012-07-19,3928.894534343077,891.7893363164474,4820.6838706595245,2
2012-07-20,3928.894534343077,839.0369769754317,4767.9315113185085,2
2012-07-23,3928.894534343077,769.8204063233361,4698.714940666413,2
2012-07-24,3928.894534343077,700.7572239928514,4629.651758335928,2
2012-07-25,3928.894534343077,712.650947198523,4641.5454815416,2
2012-07-26,3928.894534343077,831.4482432655238,4760.342777608601,2
2012-07-27,3928.894534343077,923.3332982491227,4852.2278325922,2
2012-07-30,3928.894534343077,917.2686439825559,4846.1631783256325,2
2012-07-31,3928.894534343077,896.0677500532915,4824.962284396368,2
2012-08-01,3928.894534343077,889.1322966885127,4818.02683103159,2
2012-08-02,3928.894534343077,878.723801308081,4807.618335651157,2
2012-08-03,4448.6154972431095,442.28268080273506,4890.898178045844,1
2012-08-06,4003.0185991599797,893.3103484945099,4896.32894765449,2
2012-08-07,4003.0185991599797,913.2873824485625,4916.305981608542,2
2012-08-08,4003.0185991599797,926.7283782482375,4929.746977408217,2
2012-08-09,4003.0185991599797,931.2031818902922,4934.221781050272,2
2012-08-10,4035.4550635018877,911.3313232299347,4946.786386731823,2
2012-08-13,4066.465243220611,895.5939014887254,4962.059144709336,2
2012-08-14,4066.465243220611,879.790066442513,4946.255309663124,2
2012-08-15,4066.465243220611,891.0702003633369,4957.535443583947,2
2012-08-16,4066.465243220611,925.4974607040635,4991.962703924674,2
2012-08-17,4101.269795924567,907.3692758481478,5008.6390717727145,2
2012-08-20,4101.269795924567,907.0209596107137,5008.29075553528,2
2012-08-21,4101.269795924567,880.9355368845362,4982.205332809103,2
2012-08-22,4101.269795924567,883.8936690719433,4985.163464996511,2
2012-08-23,4101.269795924567,835.2737670410526,4936.5435629656195,2
2012-08-24,4101.269795924567,882.280599458885,4983.550395383452,2
2012-08-27,4101.269795924567,875.4372569667557,4976.707052891323,2
2012-08-28,4101.269795924567,874.003402262476,4975.273198187043,2
2012-08-29,4101.269795924567,875.0710436641915,4976.340839588758,2
2012-08-30,4101.269795924567,829.1577924118769,4930.427588336444,2
2012-08-31,4101.269795924567,866.0782311779544,4967.348027102522,2
2012-09-04,4101.269795924567,876.8218180451495,4978.0916139697165,2
2012-09-05,4101.269795924567,880.5962246933439,4981.866020617911,2
2012-09-06,4630.913150604499,441.1110269371358,5072.024177541634,1
2012-09-07,4185.7958859699065,902.6067661834207,5088.402652153327,2
2012-09-10,4185.7958859699065,857.2110025934039,5043.00688856331,2
2012-09-11,4185.7958859699065,872.4352271428982,5058.231113112804,2
2012-09-12,4185.7958859699065,893.0017366130558,5078.7976225829625,2
2012-09-13,4699.075592712441,447.84511219168814,5146.920704904129,1
2012-09-14,4260.006749113039,890.5828306008252,5150.589579713865,2
2012-09-17,4260.006749113039,884.7577093143544,5144.764458427394,2
2012-09-18,4260.006749113039,888.5328843757907,5148.53963348883,2
2012-09-19,4260.006749113039,901.4338755837779,5161.440624696817,2
2012-09-20,4260.006749113039,899.3642387795325,5159.370987892572,2
2012-09-21,4260.006749113039,903.6656792667475,5163.672428379787,2
2012-09-24,4260.006749113039,901.8093656282846,5161.816114741324,2
2012-09-25,4260.006749113039,829.405833878591,5089.41258299163,2
2012-09-26,4260.006749113039,776.0239288669711,5036.03067798001,2
2012-09-27,4260.006749113039,869.8752791318141,5129.882028244853,2
2012-09-28,4260.006749113039,834.3226102510027,5094.329359364042,2
2012-10-01,4260.006749113039,858.0513369475478,5118.058086060587,2
2012-10-02,4260.006749113039,877.4572414639049,5137.4639905769445,2
2012-10-03,4260.006749113039,906.5151416277238,5166.521890740763,2
2012-10-04,4294.261485859257,914.6874654052531,5208.9489512645105,2
2012-10-05,4316.622142008528,895.2451641168977,5211.867306125425,2
2012-10-08,4316.622142008528,877.2869270579041,5193.909069066432,2
2012-10-09,4316.622142008528,811.3749019396714,5127.997043948199,2
2012-10-10,4316.622142008528,779.0412871980277,5095.6634292065555,2
2012-10-11,4316.622142008528,793.5774601365056,5110.199602145033,2
2012-10-12,4316.622142008528,769.5508294490221,5086.1729714575495,2
2012-10-15,4316.622142008528,844.1697312534668,5160.791873261995,2
2012-10-16,4316.622142008528,901.0853071667183,5217.7074491752455,2
2012-10-17,4316.622142008528,923.6227118784363,5240.244853886964,2
2012-10-18,4316.622142008528,918.783613180611,5235.405755189138,2
2012-10-19,4316.622142008528,805.9153144254826,5122.53745643401,2
2012-10-22,4316.622142008528,830.7371061884497,5147.359248196977,2
2012-10-23,4316.622142008528,697.8996104213529,5014.5217524298805,2
2012-10-24,4654.197605047118,340.98992346449,4995.1875285116075,1
2012-10-25,4654.197605047118,358.2675803133867,5012.465185360505,1
2012-10-26,4654.197605047118,359.3750673415965,5013.572672388714,1
2012-10-31,4654.197605047118,376.07633247730126,5030.273937524419,1
2012-11-01,4654.197605047118,444.2009547592754,5098.398559806393,1
2012-11-02,4654.197605047118,402.3601493579839,5056.557754405101,1
2012-11-05,4654.197605047118,440.15280191512494,5094.350406962242,1
2012-11-06,5137.942630636484,0,5137.942630636484,0
2012-11-07,5137.942630636484,0,5137.942630636484,0
2012-11-08,5137.942630636484,0,5137.942630636484,0
2012-11-09,5137.942630636484,0,5137.942630636484,0
2012-11-12,5137.942630636484,0,5137.942630636484,0
2012-11-13,5137.942630636484,0,5137.942630636484,0
2012-11-14,5137.942630636484,0,5137.942630636484,0
2012-11-15,5137.942630636484,0,5137.942630636484,0
2012-11-16,5137.942630636484,0,5137.942630636484,0
2012-11-19,5137.942630636484,0,5137.942630636484,0
2012-11-20,5137.942630636484,0,5137.942630636484,0
2012-11-21,5137.942630636484,0,5137.942630636484,0
2012-11-23,5137.942630636484,0,5137.942630636484,0
2012-11-26,5137.942630636484,0,5137.942630636484,0
2012-11-27,5137.942630636484,0,5137.942630636484,0
2012-11-28,5137.942630636484,0,5137.942630636484,0
2012-11-29,5137.942630636484,0,5137.942630636484,0
2012-11-30,5137.942630636484,0,5137.942630636484,0
2012-12-03,5137.942630636484,0,5137.942630636484,0
2012-12-04,5137.942630636484,0,5137.942630636484,0
2012-12-05,5137.942630636484,0,5137.942630636484,0
2012-12-06,5137.942630636484,0,5137.942630636484,0
2012-12-07,4702.806448601691,433.788201155925,5136.594649757616,1
2012-12-10,4268.179585818369,871.2603583082042,5139.439944126573,2
2012-12-11,4268.179585818369,906.338426359667,5174.518012178036,2
2012-12-12,4268.179585818369,905.6302516038776,5173.809837422246,2
2012-12-13,4268.179585818369,876.010684385148,5144.190270203517,2
2012-12-14,4268.179585818369,855.0312756826611,5123.210861501029,2
2012-12-17,4268.179585818369,921.01673092942,5189.196316747789,2
2012-12-18,4794.536436802156,432.0476511783221,5226.584087980477,1
2012-12-19,4359.7281662038995,835.6605361873122,5195.388702391212,2
2012-12-20,4359.7281662038995,857.920790590233,5217.648956794133,2
2012-12-21,4359.7281662038995,816.5994626582683,5176.327628862167,2
2012-12-24,4359.7281662038995,814.0483333186096,5173.776499522509,2
2012-12-26,4359.7281662038995,774.9072383317616,5134.635404535661,2
2012-12-27,4359.7281662038995,771.7938133010543,5131.521979504954,2
2012-12-28,4359.7281662038995,679.2140077981603,5038.94217400206,2
2012-12-31,4359.7281662038995,837.2522127577878,5196.980378961687,2
2013-01-02,4882.484637977442,446.26593988973127,5328.750577867173,1
2013-01-03,4438.411098010638,887.2966094805254,5325.707707491163,2
2013-01-04,4438.411098010638,919.6181074609747,5358.029205471613,2
2013-01-07,4438.411098010638,917.1945495645291,5355.605647575167,2
2013-01-08,4438.411098010638,910.1267010294457,5348.537799040084,2
2013-01-09,4438.411098010638,920.5963446466836,5359.007442657322,2
2013-01-10,4946.726671988746,439.3335346913463,5386.060206680092,1
2013-01-11,4504.719401024578,882.0143581650925,5386.73375918967,2
2013-01-14,4504.719401024578,883.4439100195243,5388.163311044102,2
2013-01-15,4504.719401024578,891.2535968527053,5395.972997877283,2
2013-01-16,4504.719401024578,897.3492775322422,5402.06867855682,2
2013-01-17,4504.719401024578,921.326046442905,5426.0454474674825,2
2013-01-18,5014.160244013789,436.7866981709838,5450.946942184773,1
2013-01-22,4565.430566279633,900.9993281128877,5466.4298943925205,2
2013-01-23,4565.430566279633,909.7804866507854,5475.211052930419,2
2013-01-24,4565.430566279633,908.7774140712843,5474.207980350918,2
2013-01-25,4565.430566279633,929.5697021353095,5495.000268414943,2
2013-01-28,4565.430566279633,921.6666912299698,5487.097257509603,2
2013-01-29,4591.312568235026,917.2953867201063,5508.607954955132,2
2013-01-30,4591.312568235026,888.9726039747,5480.285172209727,2
2013-01-31,4591.312568235026,881.1358703111874,5472.448438546214,2
2013-02-01,4626.134373323989,904.9115825938704,5531.04595591786,2
2013-02-04,4626.134373323989,825.9601098375899,5452.094483161579,2
2013-02-05,4626.134373323989,897.85550645476,5523.989879778749,2
2013-02-06,4626.134373323989,908.151745965105,5534.286119289094,2
2013-02-07,4626.134373323989,902.1133140376413,5528.247687361631,2
2013-02-08,4649.744136679244,908.396197650293,5558.140334329537,2
2013-02-11,4649.744136679244,915.9737849057121,5565.717921584956,2
2013-02-12,4649.744136679244,929.7597477363934,5579.503884415637,2
2013-02-13,4649.744136679244,930.0135777751564,5579.7577144544,2
2013-02-14,4680.541488179614,906.6753389416856,5587.2168271212995,2
2013-02-15,4680.541488179614,908.2256386417503,5588.767126821364,2
2013-02-19,4717.007596998034,908.6243483275525,5625.631945325587,2
2013-02-20,4717.007596998034,805.2700824919191,5522.277679489954,2
2013-02-21,4717.007596998034,758.6500644339744,5475.657661432009,2
2013-02-22,4717.007596998034,834.3485045384353,5551.356101536469,2
2013-02-25,4593.815236320609,778.6461963484624,5372.461432669072,2
2013-02-26,4593.815236320609,838.848933035094,5432.664169355703,2
2013-02-27,4644.524272553624,869.9633845181698,5514.487657071793,2
2013-02-28,4644.524272553624,857.1730738490364,5501.69734640266,2
2013-03-01,4644.524272553624,875.1336384640306,5519.657911017654,2
2013-03-04,4644.524272553624,926.721048591801,5571.245321145425,2
2013-03-05,5158.096257063592,446.6806671167188,5604.776924180311,1
2013-03-06,4723.952674688994,882.9000000253136,5606.852674714308,2
2013-03-07,4723.952674688994,901.4312073424463,5625.38388203144,2
2013-03-08,4723.952674688994,928.7462098956455,5652.69888458464,2
2013-03-11,5239.045598584467,440.992957714837,5680.038556299304,1
2013-03-12,4793.04748214414,873.9104622977243,5666.957944441865,2
2013-03-13,4793.04748214414,891.4693358267466,5684.516817970887,2
2013-03-14,4793.04748214414,928.2413132093026,5721.288795353443,2
2013-03-15,4793.04748214414,924.2204315566921,5717.267913700833,2
2013-03-18,4793.04748214414,870.918264320442,5663.9657464645825,2
2013-03-19,4793.04748214414,843.3452321509533,5636.392714295093,2
2013-03-20,4793.04748214414,910.443015355168,5703.490497499308,2
2013-03-21,4793.04748214414,847.3680778084247,5640.415559952565,2
2013-03-22,4793.04748214414,897.5905829303348,5690.638065074475,2
2013-03-25,4793.04748214414,889.8738476981671,5682.921329842307,2
2013-03-26,4825.3805866200355,908.472347473607,5733.852934093642,2
2013-03-27,4825.3805866200355,903.1999649129741,5728.580551533009,2
2013-03-28,4864.981479738014,887.7070092532847,5752.688488991299,2
2013-04-01,4864.981479738014,861.2037393415571,5726.185219079571,2
2013-04-02,4864.981479738014,903.7877620958174,5768.769241833831,2
2013-04-03,4864.981479738014,825.0625695997841,5690.044049337798,2
2013-04-04,4864.981479738014,858.2036837135901,5723.185163451604,2
2013-04-05,4864.981479738014,835.2279907132365,5700.209470451251,2
2013-04-08,4864.981479738014,895.6645590632706,5760.646038801285,2
2013-04-09,4864.981479738014,921.9405003154884,5786.921980053503,2
2013-04-10,5397.276116032271,433.97546375721384,5831.251579789485,1
2013-04-11,4951.466479655984,889.7107931072081,5841.1772727631915,2
2013-04-12,4951.466479655984,881.3620504701719,5832.828530126156,2
2013-04-15,4842.698030646646,763.3253435809012,5606.023374227547,2
2013-04-16,4887.177603786973,835.1628930677736,5722.340496854747,2
2013-04-17,4887.177603786973,706.2768826382438,5593.454486425217,2
2013-04-18,4887.177603786973,649.6271054561039,5536.804709243077,2
2013-04-19,4887.177603786973,745.8952894445503,5633.072893231523,2
2013-04-22,4887.177603786973,797.7232146630166,5684.90081844999,2
2013-04-23,4887.177603786973,882.0376685171742,5769.215272304147,2
2013-04-24,4887.177603786973,883.858034530545,5771.0356383175185,2
2013-04-25,4887.177603786973,908.0859149314492,5795.263518718422,2
2013-04-26,4887.177603786973,903.44296850911,5790.620572296083,2
2013-04-29,5397.13093088882,431.4814799734972,5828.612410862317,1
2013-04-30,4957.09432127601,879.6950882069698,5836.78940948298,2
2013-05-01,4957.09432127601,816.2615711848766,5773.355892460887,2
2013-05-02,4957.09432127601,884.2379095283209,5841.332230804332,2
2013-05-03,4986.053351407653,908.0072600353412,5894.060611442995,2
2013-05-06,5014.768731884142,894.5955503741983,5909.36428225834,2
2013-05-07,5014.768731884142,916.6115609741388,5931.380292858281,2
2013-05-08,5045.918388491901,903.116832012641,5949.035220504542,2
2013-05-09,5045.918388491901,881.1666099541378,5927.084998446039,2
2013-05-10,5045.918388491901,912.0125595363274,5957.930948028228,2
2013-05-13,5078.508058063415,885.9442030274624,5964.452261090877,2
2013-05-14,5078.508058063415,927.9704344634795,6006.478492526894,2
2013-05-15,5577.90860470423,443.23169955402255,6021.140304258252,1
2013-05-16,5132.546231682954,873.4320217035095,6005.978253386464,2
2013-05-17,5132.546231682954,929.9486583263667,6062.494890009321,2
2013-05-20,5132.546231682954,926.5493807081025,6059.095612391056,2
2013-05-21,5132.546231682954,930.243544034513,6062.789775717467,2
2013-05-22,5132.546231682954,893.0804028517025,6025.626634534657,2
2013-05-23,5132.546231682954,878.239343321838,6010.785575004792,2
2013-05-24,5132.546231682954,880.3070923250934,6012.853324008048,2
2013-05-28,5132.546231682954,917.4554075078019,6050.001639190757,2
2013-05-29,5132.546231682954,883.5899678706717,6016.136199553626,2
2013-05-30,5132.546231682954,910.5144325855508,6043.060664268505,2
2013-05-31,5132.546231682954,804.7160746223735,5937.262306305328,2
2013-06-03,5132.546231682954,861.3926022908711,5993.938833973825,2
2013-06-04,5132.546231682954,830.9365913325706,5963.482823015525,2
2013-06-05,5132.546231682954,703.6576798678545,5836.203911550809,2
2013-06-06,5132.546231682954,797.2134527319872,5929.759684414941,2
2013-06-07,5132.546231682954,914.5382536134503,6047.084485296405,2
2013-06-10,5132.546231682954,932.72341448018,6065.269646163135,2
2013-06-11,5132.546231682954,856.1567287468472,5988.702960429801,2
2013-06-12,5132.546231682954,770.0992386615427,5902.645470344497,2
2013-06-13,5132.546231682954,932.5027122826683,6065.048943965623,2
2013-06-14,5132.546231682954,900.1626379442998,6032.708869627254,2
2013-06-17,5689.774537523423,427.20692649691773,6116.98146402034,1
2013-06-18,5257.413835854804,876.9541028351298,6134.367938689934,2
2013-06-19,5257.413835854804,816.3382823170492,6073.752118171854,2
2013-06-20,5257.413835854804,628.8523573032699,5886.266193158074,2
2013-06-21,5257.413835854804,659.5770688503094,5916.990904705113,2
2013-06-24,5531.7442129904175,297.96488352829226,5829.70909651871,1
2013-06-25,5531.7442129904175,337.84492523792335,5869.589138228341,1
2013-06-26,5531.7442129904175,379.2302632205246,5910.974476210942,1
2013-06-27,5531.7442129904175,403.1866486132431,5934.930861603661,1
2013-06-28,5531.7442129904175,391.51941582959216,5923.26362882001,1
2013-07-01,5531.7442129904175,418.8760268670688,5950.620239857486,1
2013-07-02,5531.7442129904175,419.20613069854494,5950.950343688963,1
2013-07-03,5531.7442129904175,426.10149295931876,5957.845705949736,1
2013-07-05,5563.5331618102055,432.0302153826402,5995.563377192846,1
2013-07-08,5131.723430981106,878.7995906362045,6010.52302161731,2
2013-07-09,5158.82784395335,886.3065308411539,6045.134374794504,2
2013-07-10,5158.82784395335,892.1039895003553,6050.931833453705,2
2013-07-11,5192.080273715978,907.8157758400282,6099.896049556007,2
2013-07-12,5228.152246675299,885.2286077290756,6113.380854404374,2
2013-07-15,5228.152246675299,900.5176164815592,6128.669863156858,2
2013-07-16,5228.152246675299,876.8838755327547,6105.036122208054,2
2013-07-17,5228.152246675299,902.7470466639694,6130.899293339268,2
2013-07-18,5228.152246675299,925.5322910882971,6153.6845377635955,2
2013-07-19,5740.893026365228,433.081949519144,6173.974975884372,1
2013-07-22,5299.284516343388,885.5955052794916,6184.880021622879,2
2013-07-23,5299.284516343388,871.9418847677744,6171.226401111162,2
2013-07-24,5299.284516343388,843.6164388992627,6142.9009552426505,2
2013-07-25,5299.284516343388,865.3640506536931,6164.648566997081,2
2013-07-26,5299.284516343388,877.6104501378661,6176.8949664812535,2
2013-07-29,5299.284516343388,854.2919695904304,6153.576485933818,2
2013-07-30,5299.284516343388,860.3128754214875,6159.597391764875,2
2013-07-31,5299.284516343388,862.3335363465964,6161.618052689984,2
2013-08-01,5331.270617866639,901.3154310842411,6232.5860489508805,2
2013-08-02,5371.4679940271235,883.4801689104565,6254.9481629375805,2
2013-08-05,5371.4679940271235,886.5585494217344,6258.026543448857,2
2013-08-06,5371.4679940271235,839.2263095186911,6210.694303545814,2
2013-08-07,5371.4679940271235,811.8121143506316,6183.280108377755,2
2013-08-08,5371.4679940271235,845.772544810589,6217.240538837713,2
2013-08-09,5371.4679940271235,812.7434905766802,6184.211484603804,2
2013-08-12,5371.4679940271235,825.6091825115568,6197.07717653868,2
2013-08-13,5371.4679940271235,858.4691140246475,6229.937108051771,2
2013-08-14,5371.4679940271235,810.6547043994418,6182.122698426565,2
2013-08-15,5371.4679940271235,658.487408416731,6029.955402443855,2
2013-08-16,5668.399698818707,331.69986455486367,6000.099563373571,1
2013-08-19,5966.289511806266,0,5966.289511806266,0
2013-08-20,5966.289511806266,0,5966.289511806266,0
2013-08-21,5966.289511806266,0,5966.289511806266,0
2013-08-22,5966.289511806266,0,5966.289511806266,0
2013-08-23,5525.180904406068,439.7442047641025,5964.925109170171,1
2013-08-26,5525.180904406068,426.1277644441462,5951.308668850214,1
2013-08-27,5525.180904406068,367.12855163160964,5892.309456037678,1
2013-08-28,5525.180904406068,379.30093157635946,5904.481835982428,1
2013-08-29,5525.180904406068,384.88964207742987,5910.070546483498,1
2013-08-30,5525.180904406068,374.86441807987916,5900.0453224859475,1
2013-09-03,5525.180904406068,398.3606000019268,5923.5415044079955,1
2013-09-04,5525.180904406068,430.07396445305267,5955.254868859121,1
2013-09-05,5525.180904406068,436.38445841153555,5961.565362817604,1
2013-09-06,5525.180904406068,438.30204268695263,5963.482947093021,1
2013-09-09,5086.955020250682,905.9149623740319,5992.869982624714,2
2013-09-10,5135.378034251907,895.1002192560981,6030.478253508005,2
2013-09-11,5171.04943136916,881.4803834927775,6052.529814861937,2
2013-09-12,5171.04943136916,860.3110442949708,6031.360475664131,2
2013-09-13,5171.04943136916,878.4954174676252,6049.544848836785,2
2013-09-16,5171.04943136916,908.5434398865161,6079.592871255676,2
2013-09-17,5202.42766393888,890.7552915192205,6093.1829554581,2
2013-09-18,5239.010002021762,908.324837493304,6147.334839515066,2
2013-09-19,5262.737541561943,884.1595240301716,6146.897065592114,2
2013-09-20,5262.737541561943,849.9594304136624,6112.696971975605,2
2013-09-23,5262.737541561943,809.3292312754315,6072.066772837374,2
2013-09-24,5262.737541561943,799.0087789992981,6061.74632056124,2
2013-09-25,5262.737541561943,783.882369352164,6046.619910914107,2
2013-09-26,5262.737541561943,810.8970384759516,6073.634580037894,2
2013-09-27,5262.737541561943,763.6012626322358,6026.338804194178,2
2013-09-30,5262.737541561943,712.5167303634794,5975.254271925422,2
2013-10-01,5262.737541561943,791.2789656217168,6054.016507183659,2
2013-10-02,5262.737541561943,775.6032185006227,6038.340760062565,2
2013-10-03,5262.737541561943,696.7375733170431,5959.475114878986,2
2013-10-04,5262.737541561943,767.9483322314262,6030.685873793369,2
2013-10-07,5262.737541561943,682.5863222078215,5945.323863769764,2
2013-10-08,5829.586111209307,0,5829.586111209307,0
2013-10-09,5829.586111209307,0,5829.586111209307,0
2013-10-10,5397.913945064026,430.69973486940876,5828.6136799334345,1
2013-10-11,4960.27094885371,886.5673877068946,5846.838336560605,2
2013-10-14,4960.27094885371,905.4805294817188,5865.751478335429,2
2013-10-15,4960.27094885371,845.5876733729217,5805.858622226632,2
2013-10-16,5477.584151343116,427.08618411251894,5904.670335455635,1
2013-10-17,5036.965132891101,892.6879148222179,5929.653047713319,2
2013-10-18,5059.362257886293,902.1755159632467,5961.53777384954,2
2013-10-21,5059.362257886293,908.7989795340643,5968.161237420358,2
2013-10-22,5086.183903174036,900.6892106445645,5986.8731138186,2
2013-10-23,5086.183903174036,880.5727569742634,5966.756660148299,2
2013-10-24,5086.183903174036,902.1828044228362,5988.3667075968715,2
2013-10-25,5086.183903174036,924.3259364114508,6010.509839585487,2
2013-10-28,5121.637143651037,896.5197677679071,6018.156911418944,2
2013-10-29,5121.637143651037,920.2069244389003,6041.8440680899375,2
2013-10-30,5121.637143651037,899.9474960667785,6021.584639717816,2
2013-10-31,5121.637143651037,883.8649624079872,6005.502106059024,2
2013-11-01,5121.637143651037,908.010147476593,6029.6472911276305,2
2013-11-04,5163.53920150266,892.5335109649259,6056.072712467586,2
2013-11-05,5163.53920150266,875.9236457484325,6039.462847251092,2
2013-11-06,5163.53920150266,909.3347771506761,6072.873978653336,2
2013-11-07,5163.53920150266,818.6790402603334,5982.218241762994,2
2013-11-08,5163.53920150266,912.0831398152569,6075.622341317917,2
2013-11-11,5194.528761957036,897.0276567461918,6091.556418703228,2
2013-11-12,5194.528761957036,883.19143137825,6077.720193335286,2
2013-11-13,5217.044764842777,901.6917216403608,6118.736486483138,2
2013-11-14,5217.044764842777,926.166099453791,6143.210864296569,2
2013-11-15,5253.281601022814,906.698920285457,6159.980521308271,2
2013-11-18,5253.281601022814,882.1589636746002,6135.440564697415,2
2013-11-19,5253.281601022814,869.7633102648931,6123.044911287708,2
2013-11-20,5253.281601022814,852.4770565778645,6105.758657600679,2
2013-11-21,5253.281601022814,909.9607454779161,6163.2423465007305,2
2013-11-22,5298.224533131798,891.1622635330632,6189.386796664861,2
2013-11-25,5298.224533131798,884.5660152611283,6182.790548392926,2
2013-11-26,5298.224533131798,888.3311962346656,6186.555729366464,2
2013-11-27,5298.224533131798,901.2054635084505,6199.429996640249,2
2013-11-29,5298.224533131798,893.0505956104325,6191.275128742231,2
2013-12-02,5298.224533131798,883.138312337376,6181.362845469174,2
2013-12-03,5298.224533131798,864.5830091673765,6162.807542299175,2
2013-12-04,5298.224533131798,859.273921936541,6157.498455068339,2
2013-12-05,5298.224533131798,829.647417706097,6127.871950837895,2
2013-12-06,5336.570643199287,879.486900414397,6216.057543613684,2
2013-12-09,5336.570643199287,904.8989061581779,6241.4695493574645,2
2013-12-10,5336.570643199287,886.352608531923,6222.923251731209,2
2013-12-11,5336.570643199287,793.8016239277613,6130.372267127048,2
2013-12-12,5336.570643199287,767.3870763033158,6103.957719502602,2
2013-12-13,5336.570643199287,768.1682310946233,6104.73887429391,2
2013-12-16,5336.570643199287,830.1483456398266,6166.718988839113,2
2013-12-17,5336.570643199287,811.1179824447815,6147.688625644068,2
2013-12-18,5390.7212714135285,889.3719283246369,6280.093199738165,2
2013-12-19,5390.7212714135285,884.5037669754261,6275.225038388955,2
2013-12-20,5422.952522454678,879.7565323121046,6302.709054766782,2
2013-12-23,5422.952522454678,922.8861444662534,6345.838666920931,2
2013-12-24,5920.273383179482,442.3244256681111,6362.597808847593,1
2013-12-26,5477.319750616059,898.4278617610735,6375.747612377132,2
2013-12-27,5477.319750616059,897.2704693675073,6374.5902199835655,2
2013-12-30,5477.319750616059,886.3548859560813,6363.67463657214,2
2013-12-31,5477.319750616059,904.8538698008272,6382.173620416886,2
2014-01-02,5477.319750616059,859.6576251305885,6336.977375746647,2
2014-01-03,5477.319750616059,869.3655878548096,6346.685338470868,2
2014-01-06,5477.319750616059,870.2926221896296,6347.612372805688,2
2014-01-07,5477.319750616059,917.0149517143218,6394.33470233038,2
2014-01-08,5477.319750616059,920.8299056121537,6398.149656228212,2
2014-01-09,5515.489587497856,885.3868289901516,6400.876416488007,2
2014-01-10,5515.489587497856,913.011591782883,6428.501179280738,2
2014-01-13,5515.489587497856,829.7797330042587,6345.269320502114,2
2014-01-14,5547.476873258908,882.0831323365534,6429.560005595462,2
2014-01-15,5547.476873258908,909.7939073005002,6457.270780559408,2
2014-01-16,5547.476873258908,902.2895002382345,6449.766373497143,2
2014-01-17,5547.476873258908,887.7004453949361,6435.177318653844,2
2014-01-21,5547.476873258908,907.6188189001656,6455.095692159074,2
2014-01-22,5547.476873258908,914.3931367410801,6461.870009999988,2
2014-01-23,5547.476873258908,853.8688081973535,6401.345681456261,2
2014-01-24,5547.476873258908,638.2783668746988,6185.755240133607,2
2014-01-27,5847.320342503689,305.4629876066009,6152.78333011029,1
2014-01-28,5847.320342503689,345.3779851150511,6192.69832761874,1
2014-01-29,6131.911257214839,0,6131.911257214839,0
2014-01-30,6131.911257214839,0,6131.911257214839,0
2014-01-31,6131.911257214839,0,6131.911257214839,0
2014-02-03,6131.911257214839,0,6131.911257214839,0
2014-02-04,6131.911257214839,0,6131.911257214839,0
2014-02-05,6131.911257214839,0,6131.911257214839,0
2014-02-06,6131.911257214839,0,6131.911257214839,0
2014-02-07,6131.911257214839,0,6131.911257214839,0
2014-02-10,6131.911257214839,0,6131.911257214839,0
2014-02-11,5696.38563747508,434.2511318682581,6130.6367693433385,1
2014-02-12,5260.047585228484,872.1527360527375,6132.2003212812215,2
2014-02-13,5260.047585228484,902.5431580200175,6162.590743248502,2
2014-02-14,5260.047585228484,931.0108249476668,6191.0584101761515,2
2014-02-18,5758.165685071657,439.6837916034315,6197.849476675088,1
2014-02-19,5332.407990404687,835.5727118707132,6167.980702275399,2
2014-02-20,5332.407990404687,878.5605875583067,6210.968577962994,2
2014-02-21,5332.407990404687,874.6460367817319,6207.054027186418,2
2014-02-24,5360.331873466528,885.8284075888754,6246.160281055403,2
2014-02-25,5360.331873466528,891.8981596529511,6252.230033119479,2
2014-02-26,5360.331873466528,884.1669769937655,6244.498850460293,2
2014-02-27,5360.331873466528,913.0410684923943,6273.372941958923,2
2014-02-28,5394.745162370615,889.6664411216826,6284.411603492297,2
2014-03-03,5394.745162370615,831.1917528894057,6225.93691526002,2
2014-03-04,5437.755328049114,883.5622374637462,6321.31756551286,2
2014-03-05,5437.755328049114,889.6040979124034,6327.359425961517,2
2014-03-06,5437.755328049114,894.939300985684,6332.694629034798,2
2014-03-07,5437.755328049114,901.7577795728132,6339.513107621927,2
2014-03-10,5473.909667620242,869.1276792216113,6343.037346841853,2
2014-03-11,5473.909667620242,835.2921696058065,6309.201837226048,2
2014-03-12,5473.909667620242,845.7635216891015,6319.673189309343,2
2014-03-13,5473.909667620242,747.7451665025012,6221.654834122743,2
2014-03-14,5473.909667620242,711.398015388935,6185.307683009177,2
2014-03-17,5473.909667620242,815.2610424587795,6289.170710079021,2
2014-03-18,5473.909667620242,879.3371507367049,6353.246818356946,2
2014-03-19,5473.909667620242,838.5334929324939,6312.443160552735,2
2014-03-20,5473.909667620242,887.394727506751,6361.304395126993,2
2014-03-21,5473.909667620242,868.5087050937561,6342.418372713998,2
2014-03-24,5473.909667620242,852.8375354560467,6326.747203076288,2
2014-03-25,5473.909667620242,902.0175628916859,6375.9272305119275,2
2014-03-26,5473.909667620242,849.3356456774775,6323.245313297719,2
2014-03-27,5473.909667620242,846.6899100122616,6320.5995776325035,2
2014-03-28,5473.909667620242,889.711766397344,6363.621434017586,2
2014-03-31,6000.092976572564,426.0709878846051,6426.16396445717,1
2014-04-01,5562.321530026991,887.7326636681944,6450.054193695186,2
2014-04-02,5562.321530026991,903.2335592634731,6465.555089290465,2
2014-04-03,5562.321530026991,896.502658543269,6458.82418857026,2
2014-04-04,5562.321530026991,822.3711065340387,6384.69263656103,2
2014-04-07,5562.321530026991,732.1891584937202,6294.5106885207115,2
2014-04-08,5562.321530026991,772.3525903608711,6334.674120387863,2
2014-04-09,5562.321530026991,864.2599724987035,6426.581502525694,2
2014-04-10,5562.321530026991,685.0556055383038,6247.377135565295,2
2014-04-11,5846.847747569459,310.26650290688735,6157.114250476347,1
2014-04-14,5846.847747569459,353.9508107127048,6200.798558282164,1
2014-04-15,5846.847747569459,387.5280797879082,6234.375827357368,1
2014-04-16,5408.143371185203,876.4080461927194,6284.551417377923,2
2014-04-17,5408.143371185203,900.8637607535488,6309.007131938752,2
2014-04-21,5448.270952342831,892.7314950572675,6341.002447400098,2
2014-04-22,5489.1465972071,869.3839522227657,6358.5305494298655,2
2014-04-23,5489.1465972071,859.1218541914736,6348.268451398573,2
2014-04-24,5489.1465972071,870.153061909074,6359.299659116174,2
2014-04-25,5489.1465972071,813.4452955064347,6302.591892713534,2
2014-04-28,5489.1465972071,844.2617545378014,6333.408351744902,2
2014-04-29,5489.1465972071,878.5537832715839,6367.700380478684,2
2014-04-30,5489.1465972071,901.6687217192408,6390.815318926341,2
2014-05-01,5489.1465972071,907.0882385542038,6396.234835761304,2
2014-05-02,5489.1465972071,909.9252291307479,6399.071826337848,2
2014-05-05,5519.879941501713,889.8717510255519,6409.751692527265,2
2014-05-06,5519.879941501713,833.2463681008549,6353.126309602568,2
2014-05-07,5519.879941501713,877.4676198438095,6397.347561345522,2
2014-05-08,5519.879941501713,873.1950513756941,6393.074992877407,2
2014-05-09,5519.879941501713,894.1689346619818,6414.048876163694,2
2014-05-12,5573.186188883832,898.3903380828981,6471.57652696673,2
2014-05-13,5607.203423946522,868.1872310738299,6475.390655020352,2
2014-05-14,5607.203423946522,841.9135346569284,6449.11695860345,2
2014-05-15,5607.203423946522,759.1106780461455,6366.314101992668,2
2014-05-16,5607.203423946522,803.1895446699224,6410.392968616445,2
2014-05-19,5607.203423946522,840.0736176669174,6447.277041613439,2
2014-05-20,5607.203423946522,784.8802653971557,6392.083689343677,2
2014-05-21,5607.203423946522,867.2093746594849,6474.412798606007,2
2014-05-22,5607.203423946522,883.2476169496015,6490.451040896123,2
2014-05-23,5607.203423946522,921.9041611875106,6529.107585134033,2
2014-05-27,6114.8611071548985,445.22215703195565,6560.083264186854,1
2014-05-28,5673.075492180088,882.5809050214243,6555.656397201512,2
2014-05-29,5673.075492180088,913.3691769699769,6586.444669150065,2
2014-05-30,5673.075492180088,926.6357881163017,6599.711280296389,2
2014-06-02,5673.075492180088,934.261825062029,6607.337317242117,2
2014-06-03,5673.075492180088,930.9135750771811,6603.989067257269,2
2014-06-04,5673.075492180088,937.5905954751925,6610.6660876552805,2
2014-06-05,6193.816720092468,439.95844693536804,6633.775167027836,1
2014-06-06,5745.159286131903,909.2696377617497,6654.428923893653,2
2014-06-09,5745.159286131903,913.3976064776605,6658.556892609564,2
2014-06-10,5745.159286131903,917.9155411960518,6663.074827327955,2
2014-06-11,5745.159286131903,891.480622050507,6636.63990818241,2
2014-06-12,5745.159286131903,831.8975016278469,6577.05678775975,2
2014-06-13,5745.159286131903,863.3326771997533,6608.491963331657,2
2014-06-16,5745.159286131903,870.812655220488,6615.971941352391,2
2014-06-17,5745.159286131903,898.2303721115434,6643.389658243446,2
2014-06-18,6255.0516829392245,444.94119894356226,6699.992881882787,1
2014-06-19,5820.4380344036545,882.4215673808134,6702.8596017844675,2
2014-06-20,5820.4380344036545,890.0422443437994,6710.480278747454,2
2014-06-23,5820.4380344036545,894.9360480436142,6715.374082447269,2
2014-06-24,5820.4380344036545,834.2987130680151,6654.736747471669,2
2014-06-25,5820.4380344036545,879.9406431929112,6700.3786775965655,2
2014-06-26,5820.4380344036545,875.2461084754698,6695.684142879124,2
2014-06-27,5820.4380344036545,897.1897849386677,6717.627819342322,2
2014-06-30,5820.4380344036545,899.9604880488484,6720.398522452503,2
2014-07-01,5862.108019808289,898.1986525007308,6760.30667230902,2
2014-07-02,5892.63661563023,877.7392254858987,6770.375841116129,2
2014-07-03,5892.63661563023,919.5111613692981,6812.147776999528,2
2014-07-07,5892.63661563023,890.3040487044532,6782.940664334683,2
2014-07-08,5892.63661563023,834.8225880987397,6727.459203728969,2
2014-07-09,5892.63661563023,875.9501253057601,6768.586740935991,2
2014-07-10,5892.63661563023,833.4132420199755,6726.049857650206,2
2014-07-11,5892.63661563023,857.1794762758474,6749.816091906077,2
2014-07-14,5892.63661563023,904.1022031060215,6796.738818736252,2
2014-07-15,5892.63661563023,894.4260551770176,6787.062670807248,2
2014-07-16,5913.881872313079,914.0362070142457,6827.918079327324,2
2014-07-17,5913.881872313079,777.3213927286665,6691.203265041746,2
2014-07-18,5913.881872313079,892.642212916715,6806.524085229794,2
2014-07-21,5913.881872313079,878.0294200659174,6791.911292378996,2
2014-07-22,5947.820699788524,881.9647085446531,6829.785408333177,2
2014-07-23,5947.820699788524,907.2741690466204,6855.094868835144,2
2014-07-24,5947.820699788524,906.682663055552,6854.503362844076,2
2014-07-25,5947.820699788524,868.3779897433863,6816.19868953191,2
2014-07-28,5947.820699788524,882.9839905263043,6830.804690314828,2
2014-07-29,5947.820699788524,845.6731785064508,6793.493878294974,2
2014-07-30,5947.820699788524,849.2516004261984,6797.072300214722,2
2014-07-31,6269.773078807682,317.11778555811065,6586.890864365793,1
2014-08-01,6574.11435415563,0,6574.11435415563,0
2014-08-04,6574.11435415563,0,6574.11435415563,0
2014-08-05,6574.11435415563,0,6574.11435415563,0
2014-08-06,6574.11435415563,0,6574.11435415563,0
2014-08-07,6574.11435415563,0,6574.11435415563,0
2014-08-08,6574.11435415563,0,6574.11435415563,0
2014-08-11,6574.11435415563,0,6574.11435415563,0
2014-08-12,6574.11435415563,0,6574.11435415563,0
2014-08-13,6574.11435415563,0,6574.11435415563,0
2014-08-14,6574.11435415563,0,6574.11435415563,0
2014-08-15,6574.11435415563,0,6574.11435415563,0
2014-08-18,6138.480543189899,433.88383489487586,6572.364378084775,1
2014-08-19,5703.140182815011,883.1727628763049,6586.312945691316,2
2014-08-20,5703.140182815011,905.8285548849071,6608.968737699918,2
2014-08-21,5703.140182815011,921.5244655760155,6624.664648391026,2
2014-08-22,5703.140182815011,920.8816347159654,6624.0218175309765,2
2014-08-25,5743.909015150309,899.5068548273152,6643.4158699776235,2
2014-08-26,5775.205069219783,874.6485998419397,6649.853669061722,2
2014-08-27,5775.205069219783,874.6612544396596,6649.866323659442,2
2014-08-28,5775.205069219783,862.3240161678527,6637.529085387636,2
2014-08-29,5775.205069219783,883.3502329064992,6658.555302126282,2
2014-09-02,5775.205069219783,890.1283537309355,6665.333422950718,2
2014-09-03,5775.205069219783,887.2912191831915,6662.496288402974,2
2014-09-04,5775.205069219783,876.9809681768884,6652.186037396671,2
2014-09-05,5775.205069219783,917.2963028743197,6692.501372094102,2
2014-09-08,5775.205069219783,903.8729020537138,6679.077971273497,2
2014-09-09,5775.205069219783,853.2313139127084,6628.436383132491,2
2014-09-10,5775.205069219783,892.6461968679516,6667.851266087734,2
2014-09-11,5775.205069219783,904.132589533468,6679.337658753251,2
2014-09-12,5775.205069219783,861.8415152812591,6637.046584501042,2
2014-09-15,5775.205069219783,861.8068224653393,6637.0118916851225,2
2014-09-16,5803.61762281711,905.4535171131724,6709.071139930282,2
2014-09-17,5845.746749937387,872.7510129228917,6718.497762860279,2
2014-09-18,5845.746749937387,910.1807194443998,6755.927469381787,2
2014-09-19,5845.746749937387,909.357418512561,6755.104168449948,2
2014-09-22,5845.746749937387,848.7946315061399,6694.541381443527,2
2014-09-23,5845.746749937387,794.7913715193351,6640.538121456722,2
2014-09-24,5845.746749937387,874.5165915981786,6720.263341535566,2
2014-09-25,5845.746749937387,729.4630653098332,6575.20981524722,2
2014-09-26,5845.746749937387,806.9479651602808,6652.6947150976675,2
2014-09-29,5845.746749937387,783.8323410804417,6629.579091017828,2
2014-09-30,5845.746749937387,762.6793338734949,6608.426083810882,2
2014-10-01,5845.746749937387,648.781964687479,6494.528714624866,2
2014-10-02,5845.746749937387,656.5118267813418,6502.258576718728,2
2014-10-03,5845.746749937387,783.987575541058,6629.734325478445,2
2014-10-06,5845.746749937387,772.891208888931,6618.637958826318,2
2014-10-07,6160.685692800349,286.549979329115,6447.235672129464,1
2014-10-08,6160.685692800349,391.52014353155346,6552.205836331903,1
2014-10-09,6424.460604855921,0,6424.460604855921,0
2014-10-10,6424.460604855921,0,6424.460604855921,0
2014-10-13,6424.460604855921,0,6424.460604855921,0
2014-10-14,6424.460604855921,0,6424.460604855921,0
2014-10-15,6424.460604855921,0,6424.460604855921,0
2014-10-16,6424.460604855921,0,6424.460604855921,0
2014-10-17,6424.460604855921,0,6424.460604855921,0
2014-10-20,6424.460604855921,0,6424.460604855921,0
2014-10-21,6424.460604855921,0,6424.460604855921,0
2014-10-22,6424.460604855921,0,6424.460604855921,0
2014-10-23,6424.460604855921,0,6424.460604855921,0
2014-10-24,6424.460604855921,0,6424.460604855921,0
2014-10-27,6424.460604855921,0,6424.460604855921,0
2014-10-28,5990.208219484306,432.56891929085714,6422.777138775164,1
2014-10-29,5565.849654650659,847.2674562828115,6413.117110933471,2
2014-10-30,5565.849654650659,889.1229617629465,6454.972616413606,2
2014-10-31,6077.326970156806,424.61662379398496,6501.943593950791,1
2014-11-03,5644.313541521728,854.182589395396,6498.496130917125,2
2014-11-04,5644.313541521728,839.7737554692242,6484.087296990952,2
2014-11-05,5644.313541521728,883.4335595271887,6527.747101048917,2
2014-11-06,5644.313541521728,910.9115692712494,6555.225110792978,2
2014-11-07,5644.313541521728,923.8277985374784,6568.141340059206,2
2014-11-10,6154.17017836776,436.08348234467354,6590.253660712434,1
2014-11-11,5717.092731334201,872.5436717120135,6589.636403046215,2
2014-11-12,5717.092731334201,869.8891799434249,6586.981911277626,2
2014-11-13,5717.092731334201,861.8972791594887,6578.99001049369,2
2014-11-14,5717.092731334201,874.6642258672337,6591.7569572014345,2
2014-11-17,5717.092731334201,876.5526569096083,6593.645388243809,2
2014-11-18,5717.092731334201,906.3206083992118,6623.413339733413,2
2014-11-19,5717.092731334201,901.622238114617,6618.714969448818,2
2014-11-20,5717.092731334201,919.5468656375208,6636.639596971721,2
2014-11-21,6238.320578841782,426.01274763950306,6664.3333264812845,1
2014-11-24,5801.027875988953,877.166490044907,6678.19436603386,2
2014-11-25,5801.027875988953,880.912672467252,6681.940548456206,2
2014-11-26,5801.027875988953,901.3690074223377,6702.396883411291,2
2014-11-28,5801.027875988953,871.832361324324,6672.860237313277,2
2014-12-01,5801.027875988953,826.800836497333,6627.828712486286,2
2014-12-02,5801.027875988953,891.8161068154973,6692.84398280445,2
2014-12-03,5801.027875988953,919.9064652167744,6720.934341205728,2
2014-12-04,5832.7343988030425,885.5828398609418,6718.317238663984,2
2014-12-05,5832.7343988030425,905.8288449824164,6738.563243785459,2
2014-12-08,5832.7343988030425,834.9723873333401,6667.706786136383,2
2014-12-09,5832.7343988030425,819.1948090989503,6651.929207901992,2
2014-12-10,5832.7343988030425,664.7524172381324,6497.486816041175,2
2014-12-11,5832.7343988030425,686.8440827253557,6519.578481528399,2
2014-12-12,5975.477656932706,415.14422583286006,6390.621882765566,1
2014-12-15,5975.477656932706,411.16422546255865,6386.6418823952645,1
2014-12-16,5975.477656932706,376.3190864489445,6351.79674338165,1
2014-12-17,5559.478295045083,858.0072360191155,6417.485531064198,2
2014-12-18,6084.402212612813,428.3878004083096,6512.790013021123,1
2014-12-19,5653.316998718882,871.1229666916337,6524.4399654105155,2
2014-12-22,5653.316998718882,912.6433348442117,6565.960333563094,2
2014-12-23,5686.384905734665,891.6023957721841,6577.98730150685,2
2014-12-24,5686.384905734665,900.5487682916914,6586.933674026357,2
2014-12-26,5723.96269887701,877.0993469350688,6601.062045812078,2
2014-12-29,5723.96269887701,881.4013518907873,6605.364050767797,2
2014-12-30,5723.96269887701,847.9765257650545,6571.939224642064,2
2014-12-31,5723.96269887701,748.8427732070634,6472.805472084073,2
2015-01-02,5723.96269887701,771.0171549979457,6494.979853874956,2
2015-01-05,5723.96269887701,631.2581859785361,6355.220884855546,2
2015-01-06,6281.355434902976,0,6281.355434902976,0
2015-01-07,6281.355434902976,0,6281.355434902976,0
2015-01-08,5852.168583570158,427.8708271250014,6280.03941069516,1
2015-01-09,5852.168583570158,405.96899938013456,6258.137582950293,1
2015-01-12,5852.168583570158,375.90651342147294,6228.075096991632,1
2015-01-13,5852.168583570158,364.9144107837934,6217.082994353952,1
2015-01-14,5852.168583570158,345.2665800777829,6197.435163647941,1
2015-01-15,5852.168583570158,315.38683118913013,6167.555414759288,1
2015-01-16,5852.168583570158,362.39588819931396,6214.564471769472,1
2015-01-20,5852.168583570158,380.1383517141286,6232.306935284287,1
2015-01-21,5852.168583570158,402.97048702610994,6255.1390705962685,1
2015-01-22,5428.413913542717,881.2010170262893,6309.614930569006,2
2015-01-23,5428.413913542717,856.487014290019,6284.900927832736,2
2015-01-26,5472.58774731257,850.0368276146612,6322.624574927231,2
2015-01-27,5472.58774731257,752.7351877142999,6225.32293502687,2
2015-01-28,5472.58774731257,637.1479178142656,6109.735665126836,2
2015-01-29,5472.58774731257,714.2227060621351,6186.8104533747055,2
2015-01-30,5472.58774731257,613.889688114891,6086.477435427461,2
2015-02-02,5472.58774731257,717.2902917786153,6189.878039091185,2
2015-02-03,5472.58774731257,834.1736430775472,6306.761390390117,2
2015-02-04,5472.58774731257,801.2458847853779,6273.833632097948,2
2015-02-05,5472.58774731257,880.4959783142926,6353.083725626862,2
2015-02-06,5472.58774731257,862.3916042694722,6334.979351582042,2
2015-02-09,5472.58774731257,838.223811688622,6310.811559001192,2
2015-02-10,5509.784605435049,873.1901287140195,6382.974734149069,2
2015-02-11,5509.784605435049,880.8212472910318,6390.605852726081,2
2015-02-12,5566.22265035666,880.8593779994887,6447.082028356149,2
2015-02-13,5606.731707887474,866.006601140208,6472.738309027682,2
2015-02-17,5606.731707887474,868.3672751814111,6475.098983068885,2
2015-02-18,5606.731707887474,875.6869129857854,6482.418620873259,2
2015-02-19,5606.731707887474,876.725685776187,6483.457393663661,2
2015-02-20,5637.365231449719,887.9645380333923,6525.329769483112,2
2015-02-23,5637.365231449719,892.3075825147719,6529.672813964491,2
2015-02-24,5673.209271302474,881.7956949557158,6555.00496625819,2
2015-02-25,5673.209271302474,878.602285924564,6551.811557227038,2
2015-02-26,5673.209271302474,873.2753360236813,6546.484607326155,2
2015-02-27,5673.209271302474,870.9806620798424,6544.189933382317,2
2015-03-02,5709.146661111925,876.4642159791397,6585.610877091065,2
2015-03-03,5709.146661111925,839.9000290349718,6549.046690146897,2
2015-03-04,5709.146661111925,809.45169580475,6518.598356916675,2
2015-03-05,5709.146661111925,823.6788713147916,6532.825532426717,2
2015-03-06,5709.146661111925,704.7559614708313,6413.9026225827565,2
2015-03-09,5709.146661111925,746.9771243119343,6456.123785423859,2
2015-03-10,5988.0559063689925,304.8937440902499,6292.949650459243,1
2015-03-11,6282.630984357698,0,6282.630984357698,0
2015-03-12,5860.801418100989,420.8018843142003,6281.603302415189,1
2015-03-13,5860.801418100989,401.5309943148484,6262.332412415838,1
2015-03-16,5434.950569075281,867.3736980404415,6302.324267115722,2
2015-03-17,5434.950569075281,854.2284922657735,6289.179061341055,2
2015-03-18,5469.287702837154,894.5203500069273,6363.808052844081,2
2015-03-19,5469.287702837154,873.9295967415853,6343.21729957874,2
2015-03-20,5511.993021591095,884.3490989600926,6396.342120551188,2
2015-03-23,5511.993021591095,877.7540505860037,6389.747072177099,2
2015-03-24,5511.993021591095,843.3953552122309,6355.3883768033265,2
2015-03-25,5511.993021591095,716.9035052848159,6228.896526875911,2
2015-03-26,5511.993021591095,696.5400497732901,6208.533071364385,2
2015-03-27,5511.993021591095,726.9355303088848,6238.92855189998,2
2015-03-30,5511.993021591095,834.509190126805,6346.5022117179005,2
2015-03-31,5511.993021591095,763.1503525746283,6275.143374165724,2
2015-04-01,5511.993021591095,736.9818405324392,6248.974862123535,2
2015-04-02,5511.993021591095,776.8061947312162,6288.799216322312,2
2015-04-06,5511.993021591095,846.8393117203361,6358.832333311431,2
2015-04-07,5511.993021591095,837.1039373765307,6349.096958967626,2
2015-04-08,5511.993021591095,875.3628441025935,6387.355865693689,2
2015-04-09,5552.780306909265,878.2794448009149,6431.05975171018,2
2015-04-10,5579.222453706845,890.3073719909364,6469.529825697781,2
2015-04-13,5579.222453706845,851.1224485611785,6430.344902268023,2
2015-04-14,5579.222453706845,867.8475889465344,6447.0700426533795,2
2015-04-15,5579.222453706845,910.1112656244443,6489.333719331289,2
2015-04-16,5579.222453706845,913.8177355364951,6493.04018924334,2
2015-04-17,5579.222453706845,833.1651342746227,6412.387587981468,2
2015-04-20,5579.222453706845,906.1866507051333,6485.409104411979,2
2015-04-21,5579.222453706845,903.7195127849466,6482.941966491791,2
2015-04-22,5619.397730483871,895.0974342810994,6514.4951647649705,2
2015-04-23,5661.475851426069,868.0635671852212,6529.539418611291,2
2015-04-24,5661.475851426069,886.2494506946456,6547.725302120715,2
2015-04-27,5661.475851426069,857.2736535840909,6518.749505010161,2
2015-04-28,5661.475851426069,888.8054618957426,6550.2813133218115,2
2015-04-29,5661.475851426069,853.2128380843237,6514.688689510393,2
2015-04-30,5661.475851426069,767.6598541116966,6429.135705537766,2
2015-05-01,5661.475851426069,876.8059765308218,6538.281827956891,2
2015-05-04,5661.475851426069,901.7143382587495,6563.1901896848185,2
2015-05-05,5661.475851426069,804.2507066421149,6465.726558068184,2
2015-05-06,5661.475851426069,759.9217445768211,6421.39759600289,2
2015-05-07,5661.475851426069,794.8141224733948,6456.289973899464,2
2015-05-08,5699.873806157013,881.4849274173722,6581.358733574385,2
2015-05-11,5699.873806157013,845.8415214210476,6545.71532757806,2
2015-05-12,5699.873806157013,830.1034290408166,6529.97723519783,2
2015-05-13,5699.873806157013,834.3925037940708,6534.266309951084,2
2015-05-14,5737.416177245325,878.769450029208,6616.1856272745335,2
2015-05-15,5737.416177245325,892.3407471245303,6629.756924369855,2
2015-05-18,5737.416177245325,910.18038267311,6647.596559918436,2
2015-05-19,5737.416177245325,908.5952063290006,6646.011383574326,2
2015-05-20,5737.416177245325,907.260174447516,6644.676351692841,2
2015-05-21,5766.601175368318,901.7518309104341,6668.353006278752,2
2015-05-22,5766.601175368318,893.3964452637226,6659.997620632041,2
2015-05-26,5766.601175368318,809.6401584731758,6576.2413338414935,2
2015-05-27,5766.601175368318,883.8486351338366,6650.449810502155,2
2015-05-28,5766.601175368318,880.1032752126368,6646.7044505809545,2
2015-05-29,5766.601175368318,835.7440814149065,6602.345256783225,2
2015-06-01,5766.601175368318,861.0479708603777,6627.649146228696,2
2015-06-02,5766.601175368318,855.1116230913949,6621.712798459713,2
2015-06-03,5766.601175368318,883.343458282181,6649.944633650499,2
2015-06-04,5766.601175368318,810.3810967503334,6576.982272118651,2
2015-06-05,5766.601175368318,812.2692134845827,6578.870388852901,2
2015-06-08,5766.601175368318,754.7342633346723,6521.33543870299,2
2015-06-09,5766.601175368318,778.2234520947795,6544.824627463097,2
2015-06-10,5803.589285761323,868.8995001455601,6672.488785906882,2
2015-06-11,5803.589285761323,890.905010343517,6694.49429610484,2
2015-06-12,5803.589285761323,831.9023031489544,6635.491588910277,2
2015-06-15,5803.589285761323,785.1503340524062,6588.7396198137285,2
2015-06-16,5803.589285761323,847.848798610506,6651.438084371828,2
2015-06-17,5803.589285761323,874.7699573186003,6678.359243079923,2
2015-06-18,5855.659642814249,896.1970232435301,6751.85666605778,2
2015-06-19,5855.659642814249,860.3431617993072,6716.002804613557,2
2015-06-22,5891.876509399208,879.8630123588539,6771.7395217580615,2
2015-06-23,5891.876509399208,897.5546904064528,6789.431199805661,2
2015-06-24,5891.876509399208,838.0146118547209,6729.891121253929,2
2015-06-25,5891.876509399208,808.6226325791124,6700.49914197832,2
2015-06-26,5891.876509399208,809.0633288484156,6700.939838247624,2
2015-06-29,6190.640115863228,302.56591922038683,6493.206035083615,1
2015-06-30,6190.640115863228,316.1885849906042,6506.828700853832,1
2015-07-01,6190.640115863228,356.98507781127944,6547.6251936745075,1
2015-07-02,6190.640115863228,353.2536501959598,6543.893766059187,1
2015-07-06,6190.640115863228,342.289525188172,6532.9296410514,1
2015-07-07,6190.640115863228,378.54126421031003,6569.181380073538,1
2015-07-08,6473.101908195153,0,6473.101908195153,0
2015-07-09,6473.101908195153,0,6473.101908195153,0
2015-07-10,6473.101908195153,0,6473.101908195153,0
2015-07-13,6473.101908195153,0,6473.101908195153,0
2015-07-14,6044.681368416689,426.8567573922361,6471.5381258089255,1
2015-07-15,5617.379247959782,853.6319746216243,6471.011222581406,2
2015-07-16,5617.379247959782,915.6185032281733,6532.997751187955,2
2015-07-17,5617.379247959782,925.3842320497965,6542.763480009578,2
2015-07-20,6109.486384748951,435.4746485045313,6544.961033253483,1
2015-07-21,5670.979282462823,862.2132876338741,6533.192570096697,2
2015-07-22,5670.979282462823,852.7343426697311,6523.713625132554,2
2015-07-23,5670.979282462823,807.6932591755827,6478.672541638406,2
2015-07-24,5670.979282462823,707.8938904689977,6378.873172931821,2
2015-07-27,5670.979282462823,642.7394228844619,6313.718705347284,2
2015-07-28,5670.979282462823,776.2032101738757,6447.182492636699,2
2015-07-29,5670.979282462823,850.6372804133571,6521.61656287618,2
2015-07-30,5670.979282462823,861.6041310279438,6532.583413490767,2
2015-07-31,5670.979282462823,849.7713489373716,6520.750631400195,2
2015-08-03,5670.979282462823,832.9019153288046,6503.8811977916275,2
2015-08-04,5670.979282462823,810.7679965604241,6481.747279023247,2
2015-08-05,5670.979282462823,850.0512592874472,6521.0305417502705,2
2015-08-06,5670.979282462823,764.5113672612499,6435.490649724073,2
2015-08-07,5670.979282462823,745.999007050533,6416.978289513356,2
2015-08-10,5670.979282462823,898.9769705193808,6569.956252982203,2
2015-08-11,5670.979282462823,796.507930989726,6467.4872134525485,2
2015-08-12,5670.979282462823,815.280410967739,6486.259693430562,2
2015-08-13,5670.979282462823,811.9721400793799,6482.951422542203,2
2015-08-14,5670.979282462823,871.2045589119169,6542.18384137474,2
2015-08-17,5707.695782977692,899.4135981189229,6607.109381096615,2
2015-08-18,5707.695782977692,877.9458670528938,6585.641650030586,2
2015-08-19,5707.695782977692,794.1741866278614,6501.869969605554,2
2015-08-20,6210.340254322425,0,6210.340254322425,0
2015-08-21,6210.340254322425,0,6210.340254322425,0
2015-08-24,6210.340254322425,0,6210.340254322425,0
2015-08-25,6210.340254322425,0,6210.340254322425,0
2015-08-26,6210.340254322425,0,6210.340254322425,0
2015-08-27,6210.340254322425,0,6210.340254322425,0
2015-08-28,6210.340254322425,0,6210.340254322425,0
2015-08-31,6210.340254322425,0,6210.340254322425,0
2015-09-01,6210.340254322425,0,6210.340254322425,0
2015-09-02,6210.340254322425,0,6210.340254322425,0
2015-09-03,6210.340254322425,0,6210.340254322425,0
2015-09-04,6210.340254322425,0,6210.340254322425,0
2015-09-08,6210.340254322425,0,6210.340254322425,0
2015-09-09,6210.340254322425,0,6210.340254322425,0
2015-09-10,6210.340254322425,0,6210.340254322425,0
2015-09-11,6210.340254322425,0,6210.340254322425,0
2015-09-14,6210.340254322425,0,6210.340254322425,0
2015-09-15,6210.340254322425,0,6210.340254322425,0
2015-09-16,6210.340254322425,0,6210.340254322425,0
2015-09-17,6210.340254322425,0,6210.340254322425,0
2015-09-18,6210.340254322425,0,6210.340254322425,0
2015-09-21,6210.340254322425,0,6210.340254322425,0
2015-09-22,6210.340254322425,0,6210.340254322425,0
2015-09-23,6210.340254322425,0,6210.340254322425,0
2015-09-24,6210.340254322425,0,6210.340254322425,0
2015-09-25,6210.340254322425,0,6210.340254322425,0
2015-09-28,6210.340254322425,0,6210.340254322425,0
2015-09-29,6210.340254322425,0,6210.340254322425,0
2015-09-30,6210.340254322425,0,6210.340254322425,0
2015-10-01,6210.340254322425,0,6210.340254322425,0
2015-10-02,6210.340254322425,0,6210.340254322425,0
2015-10-05,6210.340254322425,0,6210.340254322425,0
2015-10-06,6210.340254322425,0,6210.340254322425,0
2015-10-07,6210.340254322425,0,6210.340254322425,0
2015-10-08,5791.24222463656,417.7450184575736,6208.987243094134,1
2015-10-09,5368.201397669035,845.1827122548978,6213.384109923933,2
2015-10-12,5368.201397669035,873.673407664855,6241.8748053338895,2
2015-10-13,5368.201397669035,823.1745154965548,6191.37591316559,2
2015-10-14,5368.201397669035,796.9043732691176,6165.105770938153,2
2015-10-15,5368.201397669035,898.5852540651983,6266.786651734234,2
2015-10-16,5873.9368948616875,421.94746373741305,6295.884358599101,1
2015-10-19,5449.826769538062,850.9280412326696,6300.754810770732,2
2015-10-20,5449.826769538062,834.3876144901373,6284.214384028199,2
2015-10-21,5449.826769538062,790.9707602357151,6240.797529773777,2
2015-10-22,5449.826769538062,909.7839749603975,6359.610744498459,2
2015-10-23,5966.147300188084,427.1857367358745,6393.333036923958,1
2015-10-26,5537.223899898934,847.8956893914876,6385.119589290422,2
2015-10-27,5537.223899898934,835.5259749060341,6372.749874804968,2
2015-10-28,5537.223899898934,910.0952612348857,6447.31916113382,2
2015-10-29,5537.223899898934,907.191251171053,6444.415151069987,2
2015-10-30,5537.223899898934,883.1711062968379,6420.395006195772,2
2015-11-02,6055.056839945907,426.89683654497907,6481.953676490886,1
2015-11-03,5623.565502895931,862.2529418840204,6485.818444779951,2
2015-11-04,5623.565502895931,831.3200509232324,6454.885553819164,2
2015-11-05,5623.565502895931,835.7098407402038,6459.2753436361345,2
2015-11-06,5623.565502895931,848.9499407218261,6472.515443617757,2
2015-11-09,5623.565502895931,764.4420553801151,6388.0075582760455,2
2015-11-10,5623.565502895931,795.9073833725024,6419.472886268433,2
2015-11-11,5623.565502895931,765.8270985590558,6389.392601454987,2
2015-11-12,5623.565502895931,638.4753407404972,6262.040843636428,2
2015-11-13,5743.718152281859,420.79953696633686,6164.517689248196,1
2015-11-16,5781.71141546158,421.37518565909284,6203.086601120673,1
2015-11-17,5355.865637165375,840.0227128520555,6195.888350017431,2
2015-11-18,5400.938418156652,877.867274812676,6278.805692969328,2
2015-11-19,5400.938418156652,874.5875947317572,6275.526012888409,2
2015-11-20,5453.556090589526,856.7459783988172,6310.302068988343,2
2015-11-23,5453.556090589526,857.6267300198269,6311.182820609353,2
2015-11-24,5453.556090589526,861.7939655325404,6315.350056122066,2
2015-11-25,5453.556090589526,875.8689730442462,6329.425063633773,2
2015-11-27,5453.556090589526,886.4288100677962,6339.984900657322,2
2015-11-30,5453.556090589526,860.3618421787095,6313.917932768236,2
2015-12-01,5492.316734003536,889.6606893399544,6381.977423343491,2
2015-12-02,5492.316734003536,818.2380391376068,6310.5547731411425,2
2015-12-03,5492.316734003536,701.248024848055,6193.564758851591,2
2015-12-04,5492.316734003536,873.6393678584488,6365.956101861985,2
2015-12-07,5492.316734003536,831.281034476897,6323.597768480433,2
2015-12-08,5492.316734003536,769.4780796429295,6261.794813646466,2
2015-12-09,5492.316734003536,697.1077234322345,6189.424457435771,2
2015-12-10,5492.316734003536,719.3568595684628,6211.673593571999,2
2015-12-11,5756.4459545186455,285.5752269896712,6042.021181508317,1
2015-12-14,5756.4459545186455,311.99358823187,6068.439542750515,1
2015-12-15,5756.4459545186455,365.9871039951661,6122.433058513811,1
2015-12-16,5333.323763179163,863.415723432523,6196.739486611686,2
2015-12-17,5333.323763179163,761.3841203913836,6094.707883570546,2
2015-12-18,5333.323763179163,605.0477583490555,5938.371521528218,2
2015-12-21,5333.323763179163,703.8147290748504,6037.138492254013,2
2015-12-22,5333.323763179163,819.0002924476497,6152.324055626812,2
2015-12-23,5381.314147254278,871.0122470266257,6252.326394280904,2
2015-12-24,5381.314147254278,864.333645077407,6245.647792331685,2
2015-12-28,5381.314147254278,851.12448582461,6232.438633078888,2
2015-12-29,5412.312870115503,879.557000802989,6291.869870918492,2
2015-12-30,5412.312870115503,832.4838806762443,6244.796750791747,2
2015-12-31,5412.312870115503,773.0720084418988,6185.384878557402,2
2016-01-04,5412.312870115503,663.3266948304467,6075.63956494595,2
2016-01-05,5412.312870115503,691.6676826609994,6103.980552776502,2
2016-01-06,5695.071873472876,306.3529715932887,6001.424845066165,1
2016-01-07,5909.365825003142,0,5909.365825003142,0
2016-01-08,5909.365825003142,0,5909.365825003142,0
2016-01-11,5909.365825003142,0,5909.365825003142,0
2016-01-12,5909.365825003142,0,5909.365825003142,0
2016-01-13,5909.365825003142,0,5909.365825003142,0
2016-01-14,5909.365825003142,0,5909.365825003142,0
2016-01-15,5909.365825003142,0,5909.365825003142,0
2016-01-19,5909.365825003142,0,5909.365825003142,0
2016-01-20,5909.365825003142,0,5909.365825003142,0
2016-01-21,5909.365825003142,0,5909.365825003142,0
2016-01-22,5909.365825003142,0,5909.365825003142,0
2016-01-25,5909.365825003142,0,5909.365825003142,0
2016-01-26,5909.365825003142,0,5909.365825003142,0
2016-01-27,5909.365825003142,0,5909.365825003142,0
2016-01-28,5909.365825003142,0,5909.365825003142,0
2016-01-29,5909.365825003142,0,5909.365825003142,0
2016-02-01,5909.365825003142,0,5909.365825003142,0
2016-02-02,5909.365825003142,0,5909.365825003142,0
2016-02-03,5909.365825003142,0,5909.365825003142,0
2016-02-04,5909.365825003142,0,5909.365825003142,0
2016-02-05,5909.365825003142,0,5909.365825003142,0
2016-02-08,5909.365825003142,0,5909.365825003142,0
2016-02-09,5909.365825003142,0,5909.365825003142,0
2016-02-10,5909.365825003142,0,5909.365825003142,0
2016-02-11,5909.365825003142,0,5909.365825003142,0
2016-02-12,5909.365825003142,0,5909.365825003142,0
2016-02-16,5909.365825003142,0,5909.365825003142,0
2016-02-17,5909.365825003142,0,5909.365825003142,0
2016-02-18,5909.365825003142,0,5909.365825003142,0
2016-02-19,5909.365825003142,0,5909.365825003142,0
2016-02-22,5909.365825003142,0,5909.365825003142,0
2016-02-23,5909.365825003142,0,5909.365825003142,0
2016-02-24,5909.365825003142,0,5909.365825003142,0
2016-02-25,5489.198617504538,419.2314440454265,5908.430061549964,1
2016-02-26,5065.9870135567035,834.1626749288398,5900.149688485543,2
2016-02-29,5065.9870135567035,799.4541516801994,5865.441165236903,2
2016-03-01,5565.051221366541,423.4845027127971,5988.535724079337,1
2016-03-02,5138.892880937138,862.8581788524493,6001.751059789587,2
2016-03-03,5138.892880937138,885.2471390428557,6024.140019979994,2
2016-03-04,5138.892880937138,898.0693178114375,6036.962198748575,2
2016-03-07,5138.892880937138,904.2701509849293,6043.163031922068,2
2016-03-08,5138.892880937138,845.711345324911,5984.604226262049,2
2016-03-09,5138.892880937138,875.3622801396305,6014.255161076769,2
2016-03-10,5138.892880937138,883.6749981608948,6022.567879098033,2
2016-03-11,5667.807982747159,422.5188896471682,6090.326872394327,1
2016-03-14,5238.61273297743,849.2629846206793,6087.875717598109,2
2016-03-15,5238.61273297743,845.1485305159263,6083.761263493356,2
2016-03-16,5238.61273297743,900.3311848646451,6138.943917842075,2
2016-03-17,5744.895679385633,423.2979468869331,6168.193626272567,1
2016-03-18,5318.405747991051,864.2207040164487,6182.626452007499,2
2016-03-21,5318.405747991051,881.863363437312,6200.2691114283625,2
2016-03-22,5318.405747991051,874.3857722291422,6192.791520220193,2
2016-03-23,5318.405747991051,830.3664357031196,6148.77218369417,2
2016-03-24,5318.405747991051,834.8562416021884,6153.261989593239,2
2016-03-28,5318.405747991051,845.3056744678997,6163.71142245895,2
2016-03-29,5347.346535800553,885.5349091641168,6232.88144496467,2
2016-03-30,5375.627732943283,881.322907086971,6256.950640030254,2
2016-03-31,5375.627732943283,867.6349481304185,6243.262681073702,2
2016-04-01,5375.627732943283,913.1128150445738,6288.740547987857,2
2016-04-04,5375.627732943283,892.0020088598736,6267.629741803157,2
2016-04-05,5375.627732943283,820.5894287768867,6196.21716172017,2
2016-04-06,5375.627732943283,900.3885566559807,6276.0162895992635,2
2016-04-07,5375.627732943283,806.8152646700792,6182.442997613362,2
2016-04-08,5375.627732943283,839.8173757107379,6215.445108654021,2
2016-04-11,5375.627732943283,822.135196598034,6197.762929541317,2
2016-04-12,5375.627732943283,901.5778394405181,6277.205572383801,2
2016-04-13,5898.691363088811,428.63513047806873,6327.326493566879,1
2016-04-14,5467.723574148276,861.6985196838417,6329.422093832118,2
2016-04-15,5467.723574148276,861.2209599473415,6328.944534095618,2
2016-04-18,5467.723574148276,906.1164212235371,6373.8399953718135,2
2016-04-19,5467.723574148276,923.2355788645077,6390.959153012784,2
2016-04-20,5497.993185205368,896.0123414600117,6394.00552666538,2
2016-04-21,5497.993185205368,862.7195246972497,6360.7127099026175,2
2016-04-22,5497.993185205368,878.5220868434876,6376.515272048855,2
2016-04-25,5497.993185205368,864.6268842875922,6362.62006949296,2
2016-04-26,5497.993185205368,880.1541832849796,6378.147368490348,2
2016-04-27,5528.790862332374,861.8134458644627,6390.604308196836,2
2016-04-28,5528.790862332374,784.856359339368,6313.647221671742,2
2016-04-29,5528.790862332374,745.9392996238392,6274.730161956213,2
2016-05-02,5528.790862332374,824.9701917412854,6353.761054073659,2
2016-05-03,5528.790862332374,752.9861734792448,6281.777035811619,2
2016-05-04,5528.790862332374,703.0566016092138,6231.847463941587,2
2016-05-05,5528.790862332374,705.7456837176708,6234.536546050044,2
2016-05-06,5528.790862332374,752.2607170954352,6281.051579427809,2
2016-05-09,5528.790862332374,774.0038131704125,6302.794675502786,2
2016-05-10,5528.790862332374,888.6024239273,6417.393286259674,2
2016-05-11,5528.790862332374,806.9743860780634,6335.765248410437,2
2016-05-12,5528.790862332374,816.1164616246459,6344.90732395702,2
2016-05-13,5528.790862332374,730.9086200182928,6259.699482350667,2
2016-05-16,5528.790862332374,852.2207815906131,6381.011643922987,2
2016-05-17,5528.790862332374,754.1506154867914,6282.941477819165,2
2016-05-18,5528.790862332374,760.538401155397,6289.329263487771,2
2016-05-19,5528.790862332374,720.2957379478839,6249.086600280258,2
2016-05-20,5528.790862332374,820.7029186017805,6349.4937809341545,2
2016-05-23,5528.790862332374,843.356899393604,6372.147761725978,2
2016-05-24,6066.84855644401,428.6209809814668,6495.469537425477,1
2016-05-25,5640.762988098199,875.3381855506407,6516.101173648839,2
2016-05-26,5640.762988098199,885.1469139349813,6525.90990203318,2
2016-05-27,5674.470219543457,874.9622321348518,6549.432451678308,2
2016-05-31,5674.470219543457,863.4197806141071,6537.890000157564,2
2016-06-01,5674.470219543457,872.5160295460045,6546.986249089461,2
2016-06-02,5674.470219543457,899.0250140361891,6573.495233579646,2
2016-06-03,5674.470219543457,891.2449550632738,6565.71517460673,2
2016-06-06,5714.999209575919,878.7311751114307,6593.730384687349,2
2016-06-07,5714.999209575919,881.7769830596283,6596.776192635547,2
2016-06-08,5714.999209575919,899.8787236551133,6614.877933231032,2
2016-06-09,5714.999209575919,887.0295022545365,6602.028711830455,2
2016-06-10,5714.999209575919,805.7732644056741,6520.772473981593,2
2016-06-13,5714.999209575919,720.4218210014112,6435.42103057733,2
2016-06-14,5714.999209575919,717.4042482307726,6432.403457806691,2
2016-06-15,5714.999209575919,712.5524204052163,6427.551629981135,2
2016-06-16,5714.999209575919,747.2677100844408,6462.26691966036,2
2016-06-17,5714.999209575919,728.3372118514742,6443.336421427393,2
2016-06-20,5714.999209575919,801.1111201608963,6516.110329736815,2
2016-06-21,5714.999209575919,825.7854386993632,6540.784648275282,2
2016-06-22,5714.999209575919,791.6911525855355,6506.690362161455,2
2016-06-23,5770.7582741254155,860.5747118724153,6631.332985997831,2
2016-06-24,5770.7582741254155,568.099342745397,6338.857616870812,2
2016-06-27,6219.328775532928,0,6219.328775532928,0
2016-06-28,6219.328775532928,0,6219.328775532928,0
2016-06-29,6219.328775532928,0,6219.328775532928,0
2016-06-30,5796.60481457774,420.9773130990044,6217.582127676745,1
2016-07-01,5363.020812120115,866.6537014277847,6229.6745135479,2
2016-07-05,5363.020812120115,831.0772324920616,6194.098044612177,2
2016-07-06,5363.020812120115,872.1073548383811,6235.128166958496,2
2016-07-07,5363.020812120115,874.5496462306644,6237.5704583507795,2
2016-07-08,5886.7905793192285,428.59499249604517,6315.385571815274,1
2016-07-11,5450.8172622106085,873.1845572456275,6324.001819456236,2
2016-07-12,5450.8172622106085,907.4315256294376,6358.248787840046,2
2016-07-13,5450.8172622106085,919.0055498168147,6369.822812027423,2
2016-07-14,5954.70204585459,435.36389448689334,6390.065940341484,1
2016-07-15,5519.12439445269,870.0153973295129,6389.139791782202,2
2016-07-18,5519.12439445269,895.0949846002098,6414.219379052899,2
2016-07-19,5519.12439445269,899.6211897537898,6418.745584206479,2
2016-07-20,5519.12439445269,925.5136671289108,6444.638061581601,2
2016-07-21,5519.12439445269,895.2183921226659,6414.342786575356,2
2016-07-22,5519.12439445269,930.9849377076051,6450.109332160295,2
2016-07-25,5519.12439445269,914.403636359036,6433.528030811725,2
2016-07-26,5519.12439445269,916.75297312864,6435.87736758133,2
2016-07-27,5519.12439445269,918.6908401825283,6437.815234635218,2
2016-07-28,5519.12439445269,931.4003525882106,6450.5247470409,2
2016-07-29,6037.76710093705,430.5667062478269,6468.333807184877,1
2016-08-01,5602.7261736569535,858.8676040145733,6461.593777671527,2
2016-08-02,5602.7261736569535,803.9741114089277,6406.700285065881,2
2016-08-03,5602.7261736569535,836.8606275525938,6439.586801209547,2
2016-08-04,5602.7261736569535,849.6503367938583,6452.376510450812,2
2016-08-05,5602.7261736569535,919.0936789507894,6521.819852607743,2
2016-08-08,5602.7261736569535,922.0836456305627,6524.809819287516,2
2016-08-09,5602.7261736569535,924.3156893143719,6527.041862971326,2
2016-08-10,5602.7261736569535,907.1630210523106,6509.889194709264,2
2016-08-11,6102.243286462478,434.9262355398331,6537.169522002311,1
2016-08-12,5666.90257586743,869.22360636263,6536.126182230059,2
2016-08-15,5666.90257586743,888.1896243514522,6555.092200218882,2
2016-08-16,5666.90257586743,842.5762447466943,6509.478820614124,2
2016-08-17,5666.90257586743,866.2041276895677,6533.106703556998,2
2016-08-18,5666.90257586743,897.0148853518772,6563.917461219307,2
2016-08-19,5666.90257586743,893.9512500053427,6560.853825872772,2
2016-08-22,5666.90257586743,883.6688523076768,6550.571428175106,2
2016-08-23,5666.90257586743,896.925329780473,6563.827905647902,2
2016-08-24,5666.90257586743,849.1907276978333,6516.093303565263,2
2016-08-25,5666.90257586743,840.9860675490812,6507.888643416511,2
2016-08-26,5666.90257586743,833.7870391877675,6500.6896150551975,2
2016-08-29,5666.90257586743,897.7991613722429,6564.701737239673,2
2016-08-30,5666.90257586743,887.9949926471829,6554.897568514612,2
2016-08-31,5666.90257586743,872.4966818947959,6539.399257762226,2
2016-09-01,5666.90257586743,877.8554883694469,6544.758064236877,2
2016-09-02,5695.979513683653,903.9057831818204,6599.885296865474,2
2016-09-06,5744.956399981151,883.1366724210475,6628.093072402198,2
2016-09-07,5744.956399981151,886.7459553040485,6631.702355285199,2
2016-09-08,5744.956399981151,866.6130597087118,6611.569459689863,2
2016-09-09,5744.956399981151,623.108614853524,6368.065014834675,2
2016-09-12,5744.956399981151,766.3158324182518,6511.272232399402,2
2016-09-13,5744.956399981151,623.3263557908729,6368.282755772024,2
2016-09-14,5744.956399981151,618.1613019501433,6363.1177019312945,2
2016-09-15,5744.956399981151,718.8990206444572,6463.855420625608,2
2016-09-16,5744.956399981151,701.9476471021626,6446.904047083313,2
2016-09-19,5744.956399981151,709.9199919676905,6454.876391948841,2
2016-09-20,5744.956399981151,711.7662315056954,6456.722631486846,2
2016-09-21,5744.956399981151,850.1803708900861,6595.136770871237,2
2016-09-22,5780.362785330961,882.2775642662501,6662.640349597211,2
2016-09-23,5780.362785330961,842.6778084493092,6623.04059378027,2
2016-09-26,5780.362785330961,745.9989090950213,6526.361694425982,2
2016-09-27,5780.362785330961,828.961232581807,6609.324017912768,2
2016-09-28,5780.362785330961,885.3916660915909,6665.754451422552,2
2016-09-29,5780.362785330961,789.2178083777129,6569.580593708673,2
2016-09-30,5780.362785330961,871.4183788267754,6651.781164157736,2
2016-10-03,5780.362785330961,863.7156333994676,6644.078418730429,2
2016-10-04,5780.362785330961,828.4490596070075,6608.811844937968,2
2016-10-05,5780.362785330961,884.8347052152083,6665.197490546169,2
2016-10-06,6252.47804085627,426.4136707920397,6678.89171164831,1
2016-10-07,6252.47804085627,410.516328841922,6662.994369698192,1
2016-10-10,6252.47804085627,436.90958243736304,6689.387623293633,1
2016-10-11,6252.47804085627,370.4411211988358,6622.9191620551055,1
2016-10-12,6252.47804085627,375.0911684471603,6627.56920930343,1
2016-10-13,6252.47804085627,357.7436675242055,6610.221708380475,1
2016-10-14,6252.47804085627,365.2610344660793,6617.73907532235,1
2016-10-17,6252.47804085627,358.1390632339179,6610.617104090188,1
2016-10-18,6252.47804085627,404.99948260378,6657.47752346005,1
2016-10-19,6252.47804085627,429.06092327480235,6681.538964131072,1
2016-10-20,6252.47804085627,433.7261031180831,6686.204143974353,1
2016-10-21,6252.47804085627,443.81617141917553,6696.294212275446,1
2016-10-24,6739.0905815425685,0,6739.0905815425685,0
2016-10-25,6739.0905815425685,0,6739.0905815425685,0
2016-10-26,6739.0905815425685,0,6739.0905815425685,0
2016-10-27,6739.0905815425685,0,6739.0905815425685,0
2016-10-28,6739.0905815425685,0,6739.0905815425685,0
2016-10-31,6739.0905815425685,0,6739.0905815425685,0
2016-11-01,6739.0905815425685,0,6739.0905815425685,0
2016-11-02,6739.0905815425685,0,6739.0905815425685,0
2016-11-03,6739.0905815425685,0,6739.0905815425685,0
2016-11-04,6739.0905815425685,0,6739.0905815425685,0
2016-11-07,6739.0905815425685,0,6739.0905815425685,0
2016-11-08,6739.0905815425685,0,6739.0905815425685,0
2016-11-09,6304.639252552254,433.058087140574,6737.697339692828,1
2016-11-10,5880.049049411023,858.9897359741874,6739.03878538521,2
2016-11-11,5880.049049411023,864.5869361420459,6744.635985553068,2
2016-11-14,5880.049049411023,868.177635449447,6748.2266848604695,2
2016-11-15,5880.049049411023,922.1019683781636,6802.151017789186,2
2016-11-16,5880.049049411023,913.6616877313973,6793.71073714242,2
2016-11-17,6381.478572392535,433.5208621279531,6814.999434520489,1
2016-11-18,5948.326962456015,865.0456207827212,6813.372583238736,2
2016-11-21,5948.326962456015,916.8450504415259,6865.172012897541,2
2016-11-22,5948.326962456015,928.3005193717491,6876.627481827764,2
2016-11-23,6453.23332940726,425.0636056432512,6878.296935050511,1
2016-11-25,6015.214815903453,876.7058440392987,6891.920659942752,2
2016-11-28,6015.214815903453,839.8542633403871,6855.06907924384,2
2016-11-29,6015.214815903453,855.8850151942484,6871.099831097701,2
2016-11-30,6015.214815903453,834.6110789032953,6849.825894806749,2
2016-12-01,6015.214815903453,801.067942984391,6816.2827588878445,2
2016-12-02,6015.214815903453,806.4745773645282,6821.689393267981,2
2016-12-05,6015.214815903453,891.7788881466372,6906.99370405009,2
2016-12-06,6015.214815903453,920.1824798204378,6935.397295723891,2
2016-12-07,6541.631575390978,434.232546507603,6975.86412189858,1
2016-12-08,6104.366514985276,873.4496774642739,6977.81619244955,2
2016-12-09,6104.366514985276,920.2897263409385,7024.6562413262145,2
2016-12-12,6104.366514985276,908.3053321877826,7012.671847173058,2
2016-12-13,6141.553170955267,895.4743967773686,7037.027567732635,2
2016-12-14,6141.553170955267,847.8921530379621,6989.445323993229,2
2016-12-15,6141.553170955267,879.2614504776143,7020.814621432881,2
2016-12-16,6141.553170955267,883.5164827946287,7025.069653749895,2
2016-12-19,6188.582409345034,861.6254207883868,7050.20783013342,2
2016-12-20,6188.582409345034,891.15344020103,7079.735849546064,2
2016-12-21,6188.582409345034,883.7915264219262,7072.37393576696,2
2016-12-22,6188.582409345034,872.2750837962495,7060.857493141283,2
2016-12-23,6188.582409345034,883.145548185064,7071.727957530098,2
2016-12-27,6188.582409345034,900.192506943959,7088.774916288992,2
2016-12-28,6188.582409345034,831.0796153731992,7019.662024718233,2
2016-12-29,6188.582409345034,825.6566511643157,7014.23906050935,2
2016-12-30,6188.582409345034,780.7344311714555,6969.316840516489,2
2017-01-03,6188.582409345034,888.5404546616179,7077.122864006652,2
2017-01-04,6690.6874281968285,435.7231503715166,7126.410578568345,1
2017-01-05,6254.002730466008,872.050791920363,7126.053522386371,2
2017-01-06,6254.002730466008,900.6044809846754,7154.607211450683,2
2017-01-09,6254.002730466008,885.5043363261618,7139.50706679217,2
2017-01-10,6254.002730466008,889.9857977259924,7143.988528192001,2
2017-01-11,6254.002730466008,912.5012998185402,7166.504030284548,2
2017-01-12,6254.002730466008,899.2466618717262,7153.249392337734,2
2017-01-13,6254.002730466008,917.927302926121,7171.930033392129,2
2017-01-17,6254.002730466008,905.3234835385979,7159.326214004606,2
2017-01-18,6254.002730466008,908.3629230668253,7162.365653532834,2
2017-01-19,6254.002730466008,886.899622001809,7140.902352467817,2
2017-01-20,6254.002730466008,931.4087335574246,7185.411464023433,2
2017-01-23,6254.002730466008,928.0036651093392,7182.006395575347,2
2017-01-24,6790.145067622809,428.7702188594046,7218.915286482214,1
2017-01-25,6360.398769634411,883.5489079976237,7243.947677632035,2
2017-01-26,6360.398769634411,885.6774466369609,7246.076216271372,2
2017-01-27,6360.398769634411,884.2846974925689,7244.68346712698,2
2017-01-30,6360.398769634411,825.6345034807971,7186.033273115208,2
2017-01-31,6360.398769634411,819.9042465720453,7180.303016206456,2
2017-02-01,6360.398769634411,828.9495545671348,7189.348324201546,2
2017-02-02,6360.398769634411,834.271752691627,7194.670522326038,2
2017-02-03,6384.077749932608,878.0408116226987,7262.118561555307,2
2017-02-06,6384.077749932608,865.6700637117203,7249.747813644328,2
2017-02-07,6384.077749932608,872.4542181425301,7256.531968075138,2
2017-02-08,6384.077749932608,877.5750149291367,7261.652764861745,2
2017-02-09,6406.569680894283,900.7926810093867,7307.36236190367,2
2017-02-10,6435.735381481919,889.5327463180668,7325.268127799985,2
2017-02-13,6435.735381481919,919.3474116321784,7355.0827931140975,2
2017-02-14,6469.622104819174,907.4122145246167,7377.03431934379,2
2017-02-15,6469.622104819174,910.4785780845066,7380.1006829036805,2
2017-02-16,6507.9052406881465,872.2693015647965,7380.174542252943,2
2017-02-17,6507.9052406881465,889.6829950953424,7397.588235783489,2
2017-02-21,6548.484174001992,885.1563085621526,7433.640482564145,2
2017-02-22,6548.484174001992,878.7135653509084,7427.1977393529005,2
2017-02-23,6548.484174001992,884.5854281683116,7433.069602170303,2
2017-02-24,6580.876560488627,865.5712577271984,7446.4478182158255,2
2017-02-27,6580.876560488627,868.1073038080212,7448.983864296648,2
2017-02-28,6580.876560488627,839.1145403649589,7419.9911008535855,2
2017-03-01,6580.876560488627,921.6335598467256,7502.510120335352,2
2017-03-02,6580.876560488627,911.1032017086407,7491.9797621972675,2
2017-03-03,6616.384728391991,893.2335742041405,7509.618302596132,2
2017-03-06,6616.384728391991,877.5102230449932,7493.894951436984,2
2017-03-07,6616.384728391991,857.6045916047863,7473.989319996777,2
2017-03-08,6616.384728391991,836.6342234007057,7453.018951792697,2
2017-03-09,6616.384728391991,837.6537286547282,7454.0384570467195,2
2017-03-10,6616.384728391991,875.9747320967813,7492.359460488773,2
2017-03-13,6656.257973267974,853.3788000016784,7509.636773269653,2
2017-03-14,6656.257973267974,812.3865007942271,7468.644474062201,2
2017-03-15,6656.257973267974,886.331639722358,7542.589612990332,2
2017-03-16,6656.257973267974,888.4021550502712,7544.660128318245,2
2017-03-17,6656.257973267974,882.3284271746011,7538.586400442575,2
2017-03-20,6656.257973267974,879.6653525117404,7535.923325779715,2
2017-03-21,6656.257973267974,752.9957563671186,7409.253729635093,2
2017-03-22,6656.257973267974,770.2182700004468,7426.476243268421,2
2017-03-23,6656.257973267974,758.7611121772663,7415.01908544524,2
2017-03-24,6656.257973267974,757.2905083822402,7413.548481650214,2
2017-03-27,6656.257973267974,769.8170128216575,7426.074986089632,2
2017-03-28,6656.257973267974,870.3118865539536,7526.569859821928,2
2017-03-29,6656.257973267974,889.1242285204288,7545.382201788403,2
2017-03-30,6691.7447019301535,879.0696545300234,7570.814356460177,2
2017-03-31,6691.7447019301535,851.6299201868217,7543.374622116975,2
2017-04-03,6691.7447019301535,853.3452437206194,7545.089945650773,2
2017-04-04,6691.7447019301535,873.8725831069057,7565.617285037059,2
2017-04-05,6691.7447019301535,834.9498443062839,7526.694546236437,2
2017-04-06,6691.7447019301535,865.3973270909933,7557.142029021146,2
2017-04-07,6691.7447019301535,856.6530675898198,7548.397769519974,2
2017-04-10,6691.7447019301535,865.0287875535021,7556.773489483656,2
2017-04-11,6691.7447019301535,847.7023530447186,7539.447054974872,2
2017-04-12,6691.7447019301535,816.0237199765369,7507.7684219066905,2
2017-04-13,6691.7447019301535,753.0452457746344,7444.789947704788,2
2017-04-17,7191.7447019301535,408.9913548218839,7600.736056752037,1
2017-04-18,7191.7447019301535,401.51368704079925,7593.258388970953,1
2017-04-19,7191.7447019301535,392.73503283819514,7584.479734768349,1
2017-04-20,7191.7447019301535,434.6314416338487,7626.376143564003,1
2017-04-21,7191.7447019301535,422.5034097439185,7614.248111674072,1
2017-04-24,7247.594361011669,431.52338651847197,7679.117747530141,1
2017-04-25,6806.879732830816,889.9756943191072,7696.855427149922,2
2017-04-26,6806.879732830816,887.9652955780412,7694.845028408857,2
2017-04-27,6806.879732830816,903.9395164823054,7710.819249313121,2
2017-04-28,6806.879732830816,886.2234872674605,7693.103220098276,2
2017-05-01,6806.879732830816,919.058022807425,7725.937755638241,2
2017-05-02,6806.879732830816,918.5791738962314,7725.458906727047,2
2017-05-03,6806.879732830816,913.3870000023102,7720.266732833125,2
2017-05-04,6841.584231449464,886.302971687338,7727.887203136802,2
2017-05-05,6841.584231449464,910.0655789917255,7751.649810441189,2
2017-05-08,6880.644156253165,892.8118862818953,7773.456042535061,2
2017-05-09,6880.644156253165,884.7569488616977,7765.401105114863,2
2017-05-10,6880.644156253165,889.0676409806822,7769.711797233847,2
2017-05-11,6880.644156253165,869.4101668287926,7750.0543230819585,2
2017-05-12,6880.644156253165,866.6082755973307,7747.252431850497,2
2017-05-15,6880.644156253165,906.7547818904111,7787.398938143577,2
2017-05-16,6880.644156253165,901.4917909701209,7782.135947223286,2
2017-05-17,6880.644156253165,673.6707851907865,7554.314941443952,2
2017-05-18,6880.644156253165,720.9428885123416,7601.587044765507,2
2017-05-19,6880.644156253165,828.2443672339443,7708.8885234871095,2
2017-05-22,6880.644156253165,902.9788164976098,7783.622972750775,2
2017-05-23,6911.822688485338,889.2974041107182,7801.120092596057,2
2017-05-24,6911.822688485338,921.6657559077718,7833.4884443931105,2
2017-05-25,6946.7775261966035,908.42025718472,7855.1977833813235,2
2017-05-26,6983.964401066685,876.8942779375708,7860.858679004256,2
2017-05-30,6983.964401066685,866.48437214555,7850.448773212235,2
2017-05-31,6983.964401066685,865.5650656373231,7849.529466704008,2
2017-06-01,6983.964401066685,925.3912056747421,7909.355606741427,2
2017-06-02,7491.804254750444,435.3356207430696,7927.1398754935135,1
2017-06-05,7048.864153134987,872.5838961905301,7921.448049325517,2
2017-06-06,7048.864153134987,846.8473092986983,7895.711462433685,2
2017-06-07,7048.864153134987,862.3853572748269,7911.249510409813,2
2017-06-08,7048.864153134987,872.4091279085483,7921.2732810435355,2
2017-06-09,7048.864153134987,857.3743626622136,7906.2385157972,2
2017-06-12,7048.864153134987,843.7532124387619,7892.617365573748,2
2017-06-13,7048.864153134987,900.6027783411337,7949.46693147612,2
2017-06-14,7048.864153134987,893.2921441385851,7942.156297273572,2
2017-06-15,7048.864153134987,876.2964192781018,7925.160572413089,2
2017-06-16,7048.864153134987,893.3515523241244,7942.215705459112,2
2017-06-19,7562.360534805566,433.66571159198025,7996.026246397547,1
2017-06-20,7127.626080703581,838.5501518600822,7966.176232563663,2
2017-06-21,7127.626080703581,839.3328051688112,7966.958885872392,2
2017-06-22,7127.626080703581,844.6395376827406,7972.265618386321,2
2017-06-23,7127.626080703581,869.1185010993988,7996.744581802979,2
2017-06-26,7127.626080703581,882.7858580747318,8010.411938778312,2
2017-06-27,7127.626080703581,794.9586515639296,7922.58473226751,2
2017-06-28,7127.626080703581,890.7625554560221,8018.388636159602,2
2017-06-29,7127.626080703581,794.7690918319488,7922.395172535529,2
2017-06-30,7127.626080703581,817.3407010856251,7944.966781789206,2
2017-07-03,7127.626080703581,848.3210447610736,7975.947125464654,2
2017-07-05,7127.626080703581,872.3012428840643,7999.927323587644,2
2017-07-06,7127.626080703581,760.552591540192,7888.178672243773,2
2017-07-07,7127.626080703581,854.5381836987357,7982.164264402316,2
2017-07-10,7127.626080703581,881.8422276149273,8009.468308318508,2
2017-07-11,7127.626080703581,885.9182892707258,8013.544369974306,2
2017-07-12,7640.975754426146,434.6095554890848,8075.58530991523,1
2017-07-13,7208.723628319773,877.6926642534075,8086.41629257318,2
2017-07-14,7208.723628319773,916.3367325877489,8125.0603609075215,2
2017-07-17,7208.723628319773,917.1389400328957,8125.862568352668,2
2017-07-18,7208.723628319773,921.5078740177883,8130.231502337561,2
2017-07-19,7714.37495794952,440.05241002443915,8154.427367973959,1
2017-07-20,7270.846299293476,885.3532522437681,8156.199551537244,2
2017-07-21,7270.846299293476,890.769343290139,8161.615642583614,2
2017-07-24,7270.846299293476,890.1442935025075,8160.990592795983,2
2017-07-25,7270.846299293476,911.3192277204736,8182.165527013949,2
2017-07-26,7270.846299293476,912.1056855572463,8182.951984850722,2
2017-07-27,7270.846299293476,898.1967669834883,8169.043066276964,2
2017-07-28,7270.846299293476,888.9102303354097,8159.756529628885,2
2017-07-31,7270.846299293476,895.519389256326,8166.365688549801,2
2017-08-01,7270.846299293476,918.3333400501368,8189.1796393436125,2
2017-08-02,7270.846299293476,921.2810640794905,8192.127363372965,2
2017-08-03,7270.846299293476,908.967425239595,8179.813724533071,2
2017-08-04,7270.846299293476,932.3630147413103,8203.209314034786,2
2017-08-07,7787.073099321604,434.06980918403093,8221.142908505635,1
2017-08-08,7357.93190983027,843.0617607188626,8200.993670549133,2
2017-08-09,7357.93190983027,839.8770420115522,8197.808951841822,2
2017-08-10,7357.93190983027,651.8471998502157,8009.779109680486,2
2017-08-11,7357.93190983027,668.794141817235,8026.726051647505,2
2017-08-14,7357.93190983027,804.7217682394855,8162.653678069756,2
2017-08-15,7357.93190983027,809.6369845362733,8167.568894366544,2
2017-08-16,7357.93190983027,830.3680164100385,8188.299926240309,2
2017-08-17,7357.93190983027,639.5108088612019,7997.442718691473,2
2017-08-18,7357.93190983027,636.0010767964852,7993.932986626755,2
2017-08-21,7357.93190983027,665.6618733496344,8023.593783179905,2
2017-08-22,7357.93190983027,806.0433793964709,8163.975289226742,2
2017-08-23,7357.93190983027,757.2727356806947,8115.204645510965,2
2017-08-24,7357.93190983027,738.6169864652682,8096.548896295539,2
2017-08-25,7357.93190983027,779.7409536945246,8137.672863524795,2
2017-08-28,7357.93190983027,801.1913011628707,8159.123210993141,2
2017-08-29,7357.93190983027,810.2453074298064,8168.177217260077,2
2017-08-30,7357.93190983027,875.9242664698629,8233.856176300133,2
2017-08-31,7401.3540813103755,892.8786776822348,8294.23275899261,2
2017-09-01,7437.605201296701,880.4791857660879,8318.084387062789,2
2017-09-05,7437.605201296701,791.8701046873135,8229.475305984015,2
2017-09-06,7437.605201296701,831.1212464269776,8268.726447723679,2
2017-09-07,7437.605201296701,834.6451862289555,8272.250387525657,2
2017-09-08,7437.605201296701,814.8720777243486,8252.47727902105,2
2017-09-11,7437.605201296701,924.4477104851978,8362.052911781899,2
2017-09-12,7945.69770502044,433.56716469441386,8379.264869714854,1
2017-09-13,7507.982965306853,875.04179530846,8383.024760615313,2
2017-09-14,7507.982965306853,872.018795089642,8380.001760396495,2
2017-09-15,7507.982965306853,892.3008079970724,8400.283773303925,2
2017-09-18,7507.982965306853,909.5861509606543,8417.569116267507,2
2017-09-19,7507.982965306853,917.8669830556812,8425.849948362535,2
2017-09-20,7507.982965306853,931.883505102335,8439.866470409188,2
2017-09-21,7507.982965306853,921.4394256414064,8429.422390948259,2
2017-09-22,7507.982965306853,929.6194133943543,8437.602378701207,2
2017-09-25,7507.982965306853,915.1408784351103,8423.123843741963,2
2017-09-26,7507.982965306853,920.2410008802358,8428.223966187088,2
2017-09-27,8012.356069512799,441.98910961078843,8454.345179123588,1
2017-09-28,7574.808428066626,886.8401498569365,8461.648577923563,2
2017-09-29,7574.808428066626,912.0192410561389,8486.827669122766,2
2017-10-02,7611.29848080054,900.0404689237848,8511.338949724326,2
2017-10-03,7637.028428987079,885.1223821678416,8522.150811154921,2
2017-10-04,7637.028428987079,892.7269116276108,8529.755340614689,2
2017-10-05,7660.4880062270695,908.7684761840195,8569.256482411089,2
2017-10-06,7660.4880062270695,894.4826476924696,8554.97065391954,2
2017-10-09,7660.4880062270695,875.9729341289044,8536.460940355973,2
2017-10-10,7660.4880062270695,899.0960133878813,8559.584019614951,2
2017-10-11,7660.4880062270695,917.0910374196806,8577.57904364675,2
2017-10-12,7660.4880062270695,909.4022627360071,8569.890268963076,2
2017-10-13,7693.700266843884,887.522268093911,8581.222534937795,2
2017-10-16,7693.700266843884,900.9797428939648,8594.68000973785,2
2017-10-17,7693.700266843884,899.7433432534604,8593.443610097343,2
2017-10-18,7693.700266843884,912.5285884927783,8606.228855336662,2
2017-10-19,7693.700266843884,918.1723897122345,8611.872656556117,2
2017-10-20,7735.522487761956,903.369641654808,8638.892129416763,2
2017-10-23,7735.522487761956,864.4097013644906,8599.932189126446,2
2017-10-24,7735.522487761956,876.4570040611104,8611.979491823065,2
2017-10-25,7735.522487761956,845.9957837943302,8581.518271556286,2
2017-10-26,7735.522487761956,857.4908155153214,8593.013303277277,2
2017-10-27,7784.45408694845,886.3476969050112,8670.801783853462,2
2017-10-30,7784.45408694845,857.1521171854112,8641.606204133861,2
2017-10-31,7784.45408694845,874.4905802372809,8658.944667185731,2
2017-11-01,7784.45408694845,888.3903581676387,8672.844445116089,2
2017-11-02,7784.45408694845,898.9143836983583,8683.368470646808,2
2017-11-03,7825.015651728295,892.8952217272292,8717.910873455525,2
2017-11-06,7825.015651728295,903.4773133045134,8728.492965032809,2
2017-11-07,7825.015651728295,894.390311444977,8719.405963173273,2
2017-11-08,7852.951353646686,878.8862355615913,8731.837589208277,2
2017-11-09,7852.951353646686,837.275191694602,8690.226545341287,2
2017-11-10,7852.951353646686,815.624969193929,8668.576322840614,2
2017-11-13,7852.951353646686,828.5501892502278,8681.501542896913,2
2017-11-14,7852.951353646686,811.1085034843746,8664.05985713106,2
2017-11-15,7852.951353646686,736.3965733744564,8589.347927021143,2
2017-11-16,7852.951353646686,836.630655023743,8689.582008670428,2
2017-11-17,7852.951353646686,825.53578118766,8678.487134834346,2
2017-11-20,7852.951353646686,866.1892472775406,8719.140600924226,2
2017-11-21,7893.6721983215775,891.4189474684714,8785.09114579005,2
2017-11-22,7893.6721983215775,886.2727783289706,8779.944976650548,2
2017-11-24,7929.154324473223,872.6951386577759,8801.849463130999,2
2017-11-27,7929.154324473223,873.5219321589186,8802.676256632141,2
2017-11-28,7958.06513635042,898.3097732270289,8856.37490957745,2
2017-11-29,7958.06513635042,884.4911954504436,8842.556331800864,2
2017-11-30,7992.691920803647,881.1382192502208,8873.830140053868,2
2017-12-01,7992.691920803647,868.8971473392303,8861.589068142877,2
2017-12-04,7992.691920803647,866.212336668962,8858.904257472608,2
2017-12-05,7992.691920803647,851.5582451139223,8844.250165917569,2
2017-12-06,7992.691920803647,860.639120421238,8853.331041224885,2
2017-12-07,7992.691920803647,901.9424122828502,8894.634333086497,2
2017-12-08,8501.006751477527,432.2925184154897,8933.299269893017,1
2017-12-11,8068.0678924163085,881.4764753620352,8949.544367778344,2
2017-12-12,8068.0678924163085,880.5455038154747,8948.613396231784,2
2017-12-13,8068.0678924163085,874.1676591932239,8942.235551609532,2
2017-12-14,8068.0678924163085,840.4128024350073,8908.480694851316,2
2017-12-15,8096.823713578943,894.2175750678316,8991.041288646775,2
2017-12-18,8135.7306596182525,887.4976723516529,9023.228331969905,2
2017-12-19,8135.7306596182525,856.1225208114654,8991.853180429718,2
2017-12-20,8135.7306596182525,859.9808298661924,8995.711489484445,2
2017-12-21,8135.7306596182525,879.5149659628518,9015.245625581105,2
2017-12-22,8135.7306596182525,872.6690691455074,9008.39972876376,2
2017-12-26,8135.7306596182525,869.9178038592606,9005.648463477513,2
2017-12-27,8135.7306596182525,874.5723115445082,9010.30297116276,2
2017-12-28,8135.7306596182525,897.2699194282673,9033.00057904652,2
2017-12-29,8135.7306596182525,843.7598263317802,8979.490485950033,2
2018-01-02,8182.28271199485,892.9216420906322,9075.204354085481,2
2018-01-03,8224.813997531262,899.2708553054872,9124.08485283675,2
2018-01-04,8255.959582446098,888.5083620817555,9144.467944527853,2
2018-01-05,8287.652266571758,895.687882355568,9183.340148927327,2
2018-01-08,8287.652266571758,906.3019179034613,9193.95418447522,2
2018-01-09,8287.652266571758,904.2813360986095,9191.933602670368,2
2018-01-10,8287.652266571758,906.3145736529476,9193.966840224706,2
2018-01-11,8332.401532474707,895.3054367429222,9227.70696921763,2
2018-01-12,8379.253629382643,877.9071727420652,9257.160802124708,2
2018-01-16,8379.253629382643,832.3095282971699,9211.563157679813,2
2018-01-17,8379.253629382643,889.967041827837,9269.22067121048,2
2018-01-18,8379.253629382643,878.2216160983198,9257.475245480964,2
2018-01-19,8416.041270022612,882.3193535122443,9298.360623534856,2
2018-01-22,8466.111864763325,882.481645458105,9348.59351022143,2
2018-01-23,8466.111864763325,895.6751290938525,9361.786993857177,2
2018-01-24,8466.111864763325,888.1801882338341,9354.29205299716,2
2018-01-25,8466.111864763325,892.2152745564833,9358.327139319808,2
2018-01-26,8981.222496472847,433.1641854122594,9414.386681885106,1
2018-01-29,8561.645913187187,805.4988958510083,9367.144809038195,2
2018-01-30,8561.645913187187,715.4923376254565,9277.138250812644,2
2018-01-31,8561.645913187187,739.8559515374566,9301.501864724643,2
2018-02-01,8561.645913187187,738.0686992325949,9299.714612419782,2
2018-02-02,8387.84249189824,697.2463934954526,9085.088885393692,2
2018-02-05,8566.926606557434,256.60071373124964,8823.527320288684,1
2018-02-06,8566.926606557434,301.6627949265299,8868.589401483963,1
2018-02-07,8566.926606557434,295.6953168698277,8862.621923427261,1
2018-02-08,8771.54309585457,0,8771.54309585457,0
2018-02-09,8771.54309585457,0,8771.54309585457,0
2018-02-12,8771.54309585457,0,8771.54309585457,0
2018-02-13,8771.54309585457,0,8771.54309585457,0
2018-02-14,8771.54309585457,0,8771.54309585457,0
2018-02-15,8353.215422000269,417.0855200874406,8770.30094208771,1
2018-02-16,7936.589546874789,832.9630553759885,8769.552602250778,2
2018-02-20,7936.589546874789,806.2957725913024,8742.885319466091,2
2018-02-21,7936.589546874789,790.443421711089,8727.032968585878,2
2018-02-22,7936.589546874789,815.6254726210847,8752.215019495874,2
2018-02-23,8431.28165593511,419.1062974169022,8850.387953352012,1
2018-02-26,8009.771066660235,872.541279579455,8882.31234623969,2
2018-02-27,8009.771066660235,774.9941305063708,8784.765197166606,2
2018-02-28,8009.771066660235,701.9310107050749,8711.70207736531,2
2018-03-01,8009.771066660235,606.2450611845804,8616.016127844816,2
2018-03-02,8009.771066660235,658.098671905406,8667.869738565641,2
2018-03-05,8009.771066660235,742.8950597950518,8752.666126455288,2
2018-03-06,8009.771066660235,766.6520522381198,8776.423118898356,2
2018-03-07,8009.771066660235,774.8959180127123,8784.666984672947,2
2018-03-08,8009.771066660235,822.5590349229642,8832.3301015832,2
2018-03-09,8069.089835350592,871.6704450064094,8940.760280357,2
2018-03-12,8069.089835350592,858.7495887025103,8927.839424053102,2
2018-03-13,8069.089835350592,819.0706560087917,8888.160491359384,2
2018-03-14,8069.089835350592,774.7942509201628,8843.884086270755,2
2018-03-15,8069.089835350592,782.5115608132904,8851.601396163882,2
2018-03-16,8069.089835350592,810.0291167273923,8879.118952077984,2
2018-03-19,8069.089835350592,676.2860094991411,8745.375844849732,2
2018-03-20,8069.089835350592,700.9746054895957,8770.064440840188,2
2018-03-21,8069.089835350592,693.253353849142,8762.343189199733,2
2018-03-22,8512.679813784536,0,8512.679813784536,0
2018-03-23,8512.679813784536,0,8512.679813784536,0
2018-03-26,8512.679813784536,0,8512.679813784536,0
2018-03-27,8512.679813784536,0,8512.679813784536,0
2018-03-28,8512.679813784536,0,8512.679813784536,0
2018-03-29,8512.679813784536,0,8512.679813784536,0
2018-04-02,8512.679813784536,0,8512.679813784536,0
2018-04-03,8512.679813784536,0,8512.679813784536,0
2018-04-04,8512.679813784536,0,8512.679813784536,0
2018-04-05,8512.679813784536,0,8512.679813784536,0
2018-04-06,8512.679813784536,0,8512.679813784536,0
2018-04-09,8512.679813784536,0,8512.679813784536,0
2018-04-10,8512.679813784536,0,8512.679813784536,0
2018-04-11,8512.679813784536,0,8512.679813784536,0
2018-04-12,8512.679813784536,0,8512.679813784536,0
2018-04-13,8512.679813784536,0,8512.679813784536,0
2018-04-16,8512.679813784536,0,8512.679813784536,0
2018-04-17,8096.701781458653,415.02965503015224,8511.731436488806,1
2018-04-18,7671.225062525595,839.948560841426,8511.17362336702,2
2018-04-19,7671.225062525595,806.6434618359892,8477.868524361584,2
2018-04-20,7671.225062525595,744.8094534900797,8416.034516015674,2
2018-04-23,7671.225062525595,761.0246191487739,8432.249681674368,2
2018-04-24,7671.225062525595,649.5764013463613,8320.801463871956,2
2018-04-25,7671.225062525595,666.6548822835985,8337.879944809192,2
2018-04-26,7671.225062525595,763.6249985225284,8434.850061048122,2
2018-04-27,7671.225062525595,787.3118669634785,8458.536929489073,2
2018-04-30,7671.225062525595,727.9084573125743,8399.13351983817,2
2018-05-01,7671.225062525595,758.8741644801793,8430.099227005774,2
2018-05-02,7671.225062525595,693.5202393303719,8364.745301855966,2
2018-05-03,7671.225062525595,676.3742433056045,8347.5993058312,2
2018-05-04,7671.225062525595,810.7977635793333,8482.022826104929,2
2018-05-07,7671.225062525595,856.1151078709009,8527.340170396496,2
2018-05-08,7671.225062525595,861.829711650207,8533.054774175802,2
2018-05-09,8190.052531960722,422.11505831559924,8612.167590276322,1
2018-05-10,7760.229976691306,877.236026086792,8637.466002778097,2
2018-05-11,7760.229976691306,898.4850477200848,8658.715024411391,2
2018-05-14,7792.257180416427,871.8707298705751,8664.127910287003,2
2018-05-15,7792.257180416427,804.6366353989481,8596.893815815376,2
2018-05-16,7792.257180416427,853.4629568160916,8645.720137232518,2
2018-05-17,7792.257180416427,851.5335985208444,8643.790778937271,2
2018-05-18,7792.257180416427,838.9036203570306,8631.160800773458,2
2018-05-21,7792.257180416427,897.8292711450093,8690.086451561436,2
2018-05-22,7792.257180416427,882.6121620226231,8674.869342439051,2
2018-05-23,7831.448662614905,872.4069888952124,8703.855651510117,2
2018-05-24,7831.448662614905,864.9028182006768,8696.351480815581,2
2018-05-25,7831.448662614905,840.8370361900226,8672.285698804928,2
2018-05-29,7831.448662614905,713.4723964996226,8544.921059114527,2
2018-05-30,7831.448662614905,837.5436390446587,8668.992301659564,2
2018-05-31,7831.448662614905,786.4868903613864,8617.93555297629,2
2018-06-01,7831.448662614905,894.1867710922562,8725.63543370716,2
2018-06-04,7886.890322031828,881.660440923166,8768.550762954994,2
2018-06-05,7915.978396654013,863.0597368446697,8779.038133498681,2
2018-06-06,7915.978396654013,922.0185967939933,8837.996993448007,2
2018-06-07,7915.978396654013,912.9799349003118,8828.958331554324,2
2018-06-08,7956.7228664611985,883.920661319749,8840.643527780947,2
2018-06-11,7999.234251714834,849.229213878079,8848.463465592913,2
2018-06-12,7999.234251714834,862.875086535822,8862.109338250655,2
2018-06-13,7999.234251714834,829.0701894516076,8828.304441166441,2
2018-06-14,7999.234251714834,863.9567346887279,8863.190986403562,2
2018-06-15,7999.234251714834,863.6335381919565,8862.86778990679,2
2018-06-18,7999.234251714834,853.5682260085757,8852.80247772341,2
2018-06-19,7999.234251714834,808.4231586676499,8807.657410382484,2
2018-06-20,7999.234251714834,835.5789158446478,8834.813167559481,2
2018-06-21,7999.234251714834,757.1464512174465,8756.38070293228,2
2018-06-22,7999.234251714834,790.7387707721903,8789.973022487024,2
2018-06-25,7999.234251714834,631.8301429111968,8631.06439462603,2
2018-06-26,7999.234251714834,668.9020845950495,8668.136336309883,2
2018-06-27,7999.234251714834,569.6213185102266,8568.85557022506,2
2018-06-28,7999.234251714834,641.2061007095843,8640.440352424417,2
2018-06-29,7999.234251714834,659.6664155535918,8658.900667268426,2
2018-07-02,7999.234251714834,714.7446273126349,8713.978879027469,2
2018-07-03,7999.234251714834,654.3190770871333,8653.553328801967,2
2018-07-05,7999.234251714834,791.4673404134359,8790.70159212827,2
2018-07-06,8038.505064280367,869.5588456829425,8908.06390996331,2
2018-07-09,8103.241260860551,876.3775442076098,8979.618805068161,2
2018-07-10,8143.378099812603,854.666373144797,8998.044472957401,2
2018-07-11,8143.378099812603,793.9128865679927,8937.290986380596,2
2018-07-12,8143.378099812603,870.6402598785978,9014.018359691201,2
2018-07-13,8143.378099812603,887.1181751356412,9030.496274948244,2
2018-07-16,8143.378099812603,879.0604091084994,9022.438508921103,2
2018-07-17,8182.371602552418,874.6167097070218,9056.98831225944,2
2018-07-18,8182.371602552418,888.6585678533156,9071.030170405735,2
2018-07-19,8182.371602552418,855.0558700281399,9037.427472580559,2
2018-07-20,8182.371602552418,852.7868484172377,9035.158450969655,2
2018-07-23,8182.371602552418,879.1183272282453,9061.489929780664,2
2018-07-24,8221.294546852518,870.1039513995553,9091.398498252072,2
2018-07-25,8259.068740218996,880.0271630506068,9139.095903269603,2
2018-07-26,8259.068740218996,869.2486987096562,9128.317438928652,2
2018-07-27,8259.068740218996,814.3246652791262,9073.393405498122,2
2018-07-30,8259.068740218996,760.7284167682778,9019.797156987273,2
2018-07-31,8259.068740218996,824.0269756931646,9083.09571591216,2
2018-08-01,8259.068740218996,814.0933089777924,9073.162049196788,2
2018-08-02,8259.068740218996,868.9234045924467,9127.992144811442,2
2018-08-03,8300.429623744341,865.2923172884847,9165.721941032825,2
2018-08-06,8300.429623744341,903.5464550217223,9203.976078766063,2
2018-08-07,8338.286467488051,886.7983840055831,9225.084851493633,2
2018-08-08,8338.286467488051,889.7391917782875,9228.025659266339,2
2018-08-09,8338.286467488051,875.4299232947374,9213.716390782789,2
2018-08-10,8338.286467488051,792.7105747716834,9130.997042259734,2
2018-08-13,8338.286467488051,744.7142098911243,9083.000677379176,2
2018-08-14,8338.286467488051,820.7017165123474,9158.988184000398,2
2018-08-15,8338.286467488051,742.9553411170517,9081.241808605102,2
2018-08-16,8338.286467488051,827.8787135490188,9166.16518103707,2
2018-08-17,8338.286467488051,869.6145365068439,9207.901003994895,2
2018-08-20,8377.854240671964,858.8864837617527,9236.740724433717,2
2018-08-21,8377.854240671964,868.4574103314418,9246.311651003407,2
2018-08-22,8377.854240671964,881.4025313786397,9259.256772050605,2
2018-08-23,8377.854240671964,871.8964929072076,9249.750733579172,2
2018-08-24,8416.75270493407,876.8996500498229,9293.652354983893,2
2018-08-27,8459.21094165429,874.5483082087137,9333.759249863004,2
2018-08-28,8459.21094165429,872.3990448615403,9331.60998651583,2
2018-08-29,8500.552345138802,864.6531567206562,9365.205501859458,2
2018-08-30,8500.552345138802,816.2821782896842,9316.834523428486,2
2018-08-31,8500.552345138802,832.4349096739463,9332.987254812748,2
2018-09-04,8500.552345138802,828.6665834599767,9329.218928598779,2
2018-09-05,8500.552345138802,798.9466337102222,9299.498978849024,2
2018-09-06,8500.552345138802,762.7285461861006,9263.280891324903,2
2018-09-07,8500.552345138802,745.0248080736174,9245.57715321242,2
2018-09-10,8500.552345138802,783.0337616629456,9283.586106801748,2
2018-09-11,8500.552345138802,833.6798571054562,9334.232202244259,2
2018-09-12,8500.552345138802,842.7152913273208,9343.267636466122,2
2018-09-13,8500.552345138802,898.0197908724645,9398.572136011266,2
2018-09-14,8541.815195510228,865.9129573634989,9407.728152873726,2
2018-09-17,8541.815195510228,807.9769397394521,9349.79213524968,2
2018-09-18,8541.815195510228,868.242210548445,9410.057406058673,2
2018-09-19,8571.102387636813,868.0274491893389,9439.129836826152,2
2018-09-20,8571.102387636813,911.3280489530603,9482.430436589873,2
2018-09-21,8571.102387636813,914.7459834946837,9485.848371131497,2
2018-09-24,8571.102387636813,897.4801518794749,9468.582539516288,2
2018-09-25,8571.102387636813,889.9151798714461,9461.01756750826,2
2018-09-26,8571.102387636813,865.4929292029017,9436.595316839714,2
2018-09-27,8571.102387636813,894.7585980083645,9465.860985645177,2
2018-09-28,8571.102387636813,904.0091544052558,9475.111542042068,2
2018-10-01,8617.993497927448,886.4315608338104,9504.425058761259,2
2018-10-02,8617.993497927448,886.6484044023341,9504.641902329782,2
2018-10-03,8657.057203360702,859.7620939346683,9516.819297295371,2
2018-10-04,8657.057203360702,757.4878670138801,9414.545070374583,2
2018-10-05,8657.057203360702,709.3520325387879,9366.40923589949,2
2018-10-08,8657.057203360702,701.7746652085833,9358.831868569285,2
2018-10-09,8657.057203360702,689.848904126022,9346.906107486724,2
2018-10-10,9076.501566153125,0,9076.501566153125,0
2018-10-11,9076.501566153125,0,9076.501566153125,0
2018-10-12,9076.501566153125,0,9076.501566153125,0
2018-10-15,9076.501566153125,0,9076.501566153125,0
2018-10-16,9076.501566153125,0,9076.501566153125,0
2018-10-17,9076.501566153125,0,9076.501566153125,0
2018-10-18,9076.501566153125,0,9076.501566153125,0
2018-10-19,9076.501566153125,0,9076.501566153125,0
2018-10-22,9076.501566153125,0,9076.501566153125,0
2018-10-23,9076.501566153125,0,9076.501566153125,0
2018-10-24,9076.501566153125,0,9076.501566153125,0
2018-10-25,9076.501566153125,0,9076.501566153125,0
2018-10-26,9076.501566153125,0,9076.501566153125,0
2018-10-29,9076.501566153125,0,9076.501566153125,0
2018-10-30,9076.501566153125,0,9076.501566153125,0
2018-10-31,9076.501566153125,0,9076.501566153125,0
2018-11-01,9076.501566153125,0,9076.501566153125,0
2018-11-02,9076.501566153125,0,9076.501566153125,0
2018-11-05,9076.501566153125,0,9076.501566153125,0
2018-11-06,9076.501566153125,0,9076.501566153125,0
2018-11-07,9076.501566153125,0,9076.501566153125,0
2018-11-08,9076.501566153125,0,9076.501566153125,0
2018-11-09,9076.501566153125,0,9076.501566153125,0
2018-11-12,9076.501566153125,0,9076.501566153125,0
2018-11-13,9076.501566153125,0,9076.501566153125,0
2018-11-14,9076.501566153125,0,9076.501566153125,0
2018-11-15,9076.501566153125,0,9076.501566153125,0
2018-11-16,9076.501566153125,0,9076.501566153125,0
2018-11-19,9076.501566153125,0,9076.501566153125,0
2018-11-20,9076.501566153125,0,9076.501566153125,0
2018-11-21,9076.501566153125,0,9076.501566153125,0
2018-11-23,9076.501566153125,0,9076.501566153125,0
2018-11-26,9076.501566153125,0,9076.501566153125,0
2018-11-27,9076.501566153125,0,9076.501566153125,0
2018-11-28,9076.501566153125,0,9076.501566153125,0
2018-11-29,9076.501566153125,0,9076.501566153125,0
2018-11-30,9076.501566153125,0,9076.501566153125,0
2018-12-03,8659.469337283103,415.74503097241546,9075.214368255518,1
2018-12-04,8659.469337283103,298.3440201950586,8957.81335747816,1
2018-12-06,8659.469337283103,293.371171939998,8952.8405092231,1
2018-12-07,8878.513246366609,0,8878.513246366609,0
2018-12-10,8878.513246366609,0,8878.513246366609,0
2018-12-11,8878.513246366609,0,8878.513246366609,0
2018-12-12,8878.513246366609,0,8878.513246366609,0
2018-12-13,8878.513246366609,0,8878.513246366609,0
2018-12-14,8878.513246366609,0,8878.513246366609,0
2018-12-17,8878.513246366609,0,8878.513246366609,0
2018-12-18,8878.513246366609,0,8878.513246366609,0
2018-12-19,8878.513246366609,0,8878.513246366609,0
2018-12-20,8878.513246366609,0,8878.513246366609,0
2018-12-21,8878.513246366609,0,8878.513246366609,0
2018-12-24,8878.513246366609,0,8878.513246366609,0
2018-12-26,8878.513246366609,0,8878.513246366609,0
2018-12-27,8878.513246366609,0,8878.513246366609,0
2018-12-28,8878.513246366609,0,8878.513246366609,0
2018-12-31,8878.513246366609,0,8878.513246366609,0
2019-01-02,8878.513246366609,0,8878.513246366609,0
2019-01-03,8878.513246366609,0,8878.513246366609,0
2019-01-04,8878.513246366609,0,8878.513246366609,0
2019-01-07,8878.513246366609,0,8878.513246366609,0
2019-01-08,8878.513246366609,0,8878.513246366609,0
2019-01-09,8878.513246366609,0,8878.513246366609,0
2019-01-10,8878.513246366609,0,8878.513246366609,0
2019-01-11,8878.513246366609,0,8878.513246366609,0
2019-01-14,8878.513246366609,0,8878.513246366609,0
2019-01-15,8878.513246366609,0,8878.513246366609,0
2019-01-16,8878.513246366609,0,8878.513246366609,0
2019-01-17,8461.740668055181,415.54917338063007,8877.289841435811,1
2019-01-18,8040.259274558898,864.8841708827003,8905.143445441598,2
2019-01-22,8040.259274558898,775.8024055950174,8816.061680153916,2
2019-01-23,8040.259274558898,805.451601786757,8845.710876345654,2
2019-01-24,8040.259274558898,823.8631953485623,8864.122469907461,2
2019-01-25,8040.259274558898,884.8887039357453,8925.147978494644,2
2019-01-28,8040.259274558898,843.0903823450241,8883.349656903922,2
2019-01-29,8040.259274558898,837.0742924895599,8877.333567048458,2
2019-01-30,8097.831658193562,863.2780113736814,8961.109669567244,2
2019-01-31,8146.668911709435,861.7160681455364,9008.38497985497,2
2019-02-01,8146.668911709435,874.961932858927,9021.63084456836,2
2019-02-04,8190.394221444394,869.3149424860987,9059.709163930493,2
2019-02-05,8227.012938483474,854.9879244516817,9082.000862935156,2
2019-02-06,8227.012938483474,850.292472824464,9077.305411307938,2
2019-02-07,8227.012938483474,786.764279679123,9013.777218162597,2
2019-02-08,8227.012938483474,803.6368482367976,9030.649786720272,2
2019-02-11,8227.012938483474,813.9832744801349,9040.99621296361,2
2019-02-12,8227.012938483474,892.1079424982283,9119.120880981704,2
2019-02-13,8227.012938483474,905.090413923665,9132.103352407139,2
2019-02-14,8227.012938483474,889.7533069241824,9116.766245407656,2
2019-02-15,8748.393284947646,424.0731321450699,9172.466417092715,1
2019-02-19,8329.096468820078,852.7249442436702,9181.821413063748,2
2019-02-20,8329.096468820078,879.0461456931929,9208.142614513272,2
2019-02-21,8329.096468820078,857.0052427583857,9186.101711578463,2
2019-02-22,8329.096468820078,906.7457114007973,9235.842180220876,2
2019-02-25,8329.096468820078,901.0515739623163,9230.148042782395,2
2019-02-26,8329.096468820078,896.5548833259354,9225.651352146015,2
2019-02-27,8329.096468820078,905.1248914083424,9234.221360228421,2
2019-02-28,8329.096468820078,895.1769437673368,9224.273412587416,2
2019-03-01,8845.881249949332,422.77152885019797,9268.652778799531,1
2019-03-04,8421.878147497808,829.5087725224923,9251.3869200203,2
2019-03-05,8421.878147497808,824.1678700554829,9246.04601755329,2
2019-03-06,8421.878147497808,770.8532014207549,9192.731348918562,2
2019-03-07,8421.878147497808,706.3220663809539,9128.200213878761,2
2019-03-08,8421.878147497808,699.4698241479831,9121.347971645791,2
2019-03-11,8421.878147497808,837.8161732328213,9259.694320730629,2
2019-03-12,8421.878147497808,869.2339980653028,9291.112145563111,2
2019-03-13,8460.744798821026,872.9861390352073,9333.730937856233,2
2019-03-14,8460.744798821026,870.2636050294132,9331.00840385044,2
2019-03-15,8503.975675073385,863.2270867204877,9367.202761793873,2
2019-03-18,8503.975675073385,886.704737348311,9390.680412421696,2
2019-03-19,8503.975675073385,881.0361134986209,9385.011788572006,2
2019-03-20,8503.975675073385,862.9913215503304,9366.966996623716,2
2019-03-21,8547.279254938096,874.2020399150344,9421.48129485313,2
2019-03-22,8547.279254938096,717.759105088784,9265.03836002688,2
2019-03-25,8547.279254938096,721.1469215078878,9268.426176445984,2
2019-03-26,8547.279254938096,797.719568696138,9344.998823634234,2
2019-03-27,8547.279254938096,761.0727234201634,9308.35197835826,2
2019-03-28,8547.279254938096,801.3143845205431,9348.593639458639,2
2019-03-29,8547.279254938096,860.7959290840895,9408.075184022186,2
2019-04-01,8598.821342100939,878.9619978271702,9477.783339928108,2
2019-04-02,8598.821342100939,883.1991343761489,9482.020476477088,2
2019-04-03,8598.821342100939,891.0182403634794,9489.839582464418,2
2019-04-04,8637.9654683393,864.9056377815264,9502.871106120827,2
2019-04-05,8637.9654683393,903.6504303339891,9541.61589867329,2
2019-04-08,8637.9654683393,911.1012949261444,9549.066763265444,2
2019-04-09,8637.9654683393,866.8288738213246,9504.794342160625,2
2019-04-10,8637.9654683393,904.193004497874,9542.158472837174,2
2019-04-11,8678.896003112326,868.4735752620388,9547.369578374364,2
2019-04-12,8722.232710647997,875.1702199509295,9597.402930598926,2
2019-04-15,8722.232710647997,874.3095144954016,9596.5422251434,2
2019-04-16,8722.232710647997,882.8953455050196,9605.128056153017,2
2019-04-17,8722.232710647997,865.0915408897833,9587.32425153778,2
2019-04-18,8722.232710647997,887.1937460598274,9609.426456707824,2
2019-04-22,8758.566228046946,862.2659427268022,9620.832170773749,2
2019-04-23,8802.029468843837,867.8460962635236,9669.87556510736,2
2019-04-24,8802.029468843837,841.7751868579796,9643.804655701817,2
2019-04-25,8802.029468843837,840.4239147058853,9642.453383549722,2
2019-04-26,8802.029468843837,879.2286184850011,9681.258087328839,2
2019-04-29,8802.029468843837,887.3778980236245,9689.407366867461,2
2019-04-30,8802.029468843837,895.2970572171778,9697.326526061015,2
2019-05-01,8802.029468843837,828.1978854260021,9630.227354269839,2
2019-05-02,8802.029468843837,824.648043627031,9626.677512470867,2
2019-05-03,8840.698336937605,868.2809174976896,9708.979254435295,2
2019-05-06,8840.698336937605,807.1757901935919,9647.874127131197,2
2019-05-07,8840.698336937605,646.1284916957112,9486.826828633317,2
2019-05-08,8840.698336937605,635.8530863727892,9476.551423310393,2
2019-05-09,8840.698336937605,616.8318090439783,9457.530145981584,2
2019-05-10,8840.698336937605,676.9708646929466,9517.669201630551,2
2019-05-13,9281.32470637153,0,9281.32470637153,0
2019-05-14,9281.32470637153,0,9281.32470637153,0
2019-05-15,9281.32470637153,0,9281.32470637153,0
2019-05-16,8862.8216514837,417.59117675929076,9280.412828242992,1
2019-05-17,8862.8216514837,397.6224287799688,9260.44408026367,1
2019-05-20,8862.8216514837,378.4968700682498,9241.31852155195,1
2019-05-21,8862.8216514837,416.82371337487393,9279.645364858574,1
2019-05-22,8862.8216514837,411.76274535865434,9274.584396842354,1
2019-05-23,8862.8216514837,356.89039706905066,9219.71204855275,1
2019-05-24,8862.8216514837,370.21033398714707,9233.031985470847,1
2019-05-28,8862.8216514837,333.32761547955414,9196.149266963255,1
2019-05-29,8862.8216514837,303.43998886639554,9166.261640350096,1
2019-05-30,8862.8216514837,315.82508364396347,9178.646735127664,1
2019-05-31,8862.8216514837,252.65779628632004,9115.47944777002,1
2019-06-03,9099.657320574332,0,9099.657320574332,0
2019-06-04,9099.657320574332,0,9099.657320574332,0
2019-06-05,9099.657320574332,0,9099.657320574332,0
2019-06-06,9099.657320574332,0,9099.657320574332,0
2019-06-07,8681.74175751186,416.1740215250894,9097.91577903695,1
2019-06-10,8258.759967561928,856.0294121022075,9114.789379664135,2
2019-06-11,8258.759967561928,856.7783003945729,9115.538267956501,2
2019-06-12,8258.759967561928,851.4945717297511,9110.254539291678,2
2019-06-13,8258.759967561928,875.373094356948,9134.133061918876,2
2019-06-14,8258.759967561928,879.882930699548,9138.642898261476,2
2019-06-17,8258.759967561928,893.8813764840935,9152.641344046022,2
2019-06-18,8772.359401392834,418.4626924050505,9190.822093797884,1
2019-06-19,8346.748481010407,858.1599356232299,9204.908416633636,2
2019-06-20,8346.748481010407,896.6853108628288,9243.433791873236,2
2019-06-21,8346.748481010407,884.4478425902686,9231.196323600676,2
2019-06-24,8346.748481010407,889.0533866345752,9235.801867644983,2
2019-06-25,8346.748481010407,829.7618880600055,9176.510369070413,2
2019-06-26,8346.748481010407,827.6375558533083,9174.386036863716,2
2019-06-27,8346.748481010407,858.3685939021582,9205.117074912565,2
2019-06-28,8346.748481010407,901.1371834931721,9247.88566450358,2
2019-07-01,8872.888477807632,422.74470776896004,9295.633185576591,1
2019-07-02,8449.981527410266,863.493568074296,9313.475095484562,2
2019-07-03,8482.819135886508,873.8545961539123,9356.67373204042,2
2019-07-05,8482.819135886508,856.5678575290783,9339.386993415586,2
2019-07-08,8482.819135886508,824.7376454872331,9307.556781373742,2
2019-07-09,8482.819135886508,833.7075093886458,9316.526645275153,2
2019-07-10,8482.819135886508,882.4736060859766,9365.292741972484,2
2019-07-11,8482.819135886508,899.6622759953901,9382.481411881898,2
2019-07-12,8528.240264170789,884.7331787722915,9412.97344294308,2
2019-07-15,8528.240264170789,890.2904316433766,9418.530695814165,2
2019-07-16,8528.240264170789,871.8637070103832,9400.103971181172,2
2019-07-17,8528.240264170789,813.5760221570671,9341.816286327856,2
2019-07-18,8528.240264170789,849.5185164515224,9377.758780622311,2
2019-07-19,8528.240264170789,794.5481299525653,9322.788394123354,2
2019-07-22,8528.240264170789,844.8898805919259,9373.130144762714,2
2019-07-23,8573.85772942141,859.8377563455472,9433.695485766957,2
2019-07-24,8573.85772942141,900.2320504147376,9474.089779836147,2
2019-07-25,8573.85772942141,860.8306186182479,9434.688348039657,2
2019-07-26,8615.527602931092,871.9618177729504,9487.489420704042,2
2019-07-29,8615.527602931092,858.9857436832176,9474.513346614309,2
2019-07-30,8615.527602931092,826.5090211551353,9442.036624086228,2
2019-07-31,8615.527602931092,720.666150106311,9336.193753037403,2
2019-08-01,8615.527602931092,637.0316010444668,9252.55920397556,2
2019-08-02,8615.527602931092,582.8063260058258,9198.333928936918,2
2019-08-05,8980.24185084517,0,8980.24185084517,0
2019-08-06,8980.24185084517,0,8980.24185084517,0
2019-08-07,8980.24185084517,0,8980.24185084517,0
2019-08-08,8566.083809285014,413.21433853619993,8979.298147821213,1
2019-08-09,8566.083809285014,390.1399907376401,8956.223800022653,1
2019-08-12,8566.083809285014,341.83097800723914,8907.914787292253,1
2019-08-13,8566.083809285014,406.59284203406827,8972.676651319081,1
2019-08-14,8566.083809285014,295.84846236246705,8861.93227164748,1
2019-08-15,8566.083809285014,306.871567298424,8872.955376583437,1
2019-08-16,8566.083809285014,367.1726425860037,8933.256451871017,1
2019-08-19,8566.083809285014,420.55919529235234,8986.643004577367,1
2019-08-20,8566.083809285014,394.31381006004784,8960.397619345062,1
2019-08-21,8566.083809285014,434.07134270215977,9000.155151987174,1
2019-08-22,8566.083809285014,428.55059322571344,8994.634402510726,1
2019-08-23,8566.083809285014,318.54120299867077,8884.625012283685,1
2019-08-26,8566.083809285014,370.4068576035965,8936.49066688861,1
2019-08-27,8566.083809285014,355.25940279308304,8921.343212078096,1
2019-08-28,8566.083809285014,389.01075871687783,8955.094568001892,1
2019-08-29,8566.083809285014,443.6525289446788,9009.736338229692,1
2019-08-30,8566.083809285014,442.39218253349895,9008.475991818512,1
2019-09-03,8566.083809285014,437.9240242423173,9004.00783352733,1
2019-09-04,9046.564864130887,0,9046.564864130887,0
2019-09-05,8630.625966829164,414.7660334329423,9045.392000262107,1
2019-09-06,8211.138557370637,846.9089620711642,9058.047519441801,2
2019-09-09,8211.138557370637,851.341824470396,9062.480381841033,2
2019-09-10,8211.138557370637,857.4548990326441,9068.593456403281,2
2019-09-11,8211.138557370637,903.3210054678857,9114.459562838523,2
2019-09-12,8259.176249780341,872.8311020359232,9132.007351816264,2
2019-09-13,8301.3323742651,835.8615407274932,9137.193914992593,2
2019-09-16,8301.3323742651,809.6723359086376,9111.004710173736,2
2019-09-17,8301.3323742651,832.5326332168281,9133.865007481927,2
2019-09-18,8301.3323742651,846.4728611346529,9147.805235399752,2
2019-09-19,8301.3323742651,848.331923699584,9149.664297964682,2
2019-09-20,8301.3323742651,799.766928656853,9101.099302921952,2
2019-09-23,8301.3323742651,817.3000051394432,9118.632379404542,2
2019-09-24,8301.3323742651,728.6622080951979,9029.994582360297,2
2019-09-25,8301.3323742651,793.2244197336807,9094.55679399878,2
2019-09-26,8301.3323742651,778.1925799567866,9079.524954221886,2
2019-09-27,8301.3323742651,725.2360022167566,9026.568376481855,2
2019-09-30,8301.3323742651,793.8775368641864,9095.209911129285,2
2019-10-01,8301.3323742651,664.141875083068,8965.474249348168,2
2019-10-02,8785.398121618771,0,8785.398121618771,0
2019-10-03,8785.398121618771,0,8785.398121618771,0
2019-10-04,8368.558726311112,415.06767257271804,8783.62639888383,1
2019-10-07,8368.558726311112,402.68571581921935,8771.244442130332,1
2019-10-08,8368.558726311112,345.6649563320127,8714.223682643125,1
2019-10-09,8368.558726311112,382.6851070420155,8751.243833353128,1
2019-10-10,7950.465277726519,826.0956824859079,8776.560960212428,2
2019-10-11,7950.465277726519,906.0298395188124,8856.495117245331,2
2019-10-14,8452.045345298071,419.97227108364825,8872.01761638172,1
2019-10-15,8033.222422536427,871.2294152441665,8904.451837780594,2
2019-10-16,8033.222422536427,861.4997445187179,8894.722167055144,2
2019-10-17,8033.222422536427,876.3984549760353,8909.620877512461,2
2019-10-18,8033.222422536427,851.5672131805989,8884.789635717027,2
2019-10-21,8072.539139876523,857.369556210276,8929.908696086799,2
2019-10-22,8072.539139876523,832.4196705347895,8904.958810411314,2
2019-10-23,8072.539139876523,859.7991256147626,8932.338265491286,2
2019-10-24,8072.539139876523,878.7190156395077,8951.25815551603,2
2019-10-25,8112.630602980143,876.7871568090889,8989.417759789232,2
2019-10-28,8152.476726270992,861.5685372948182,9014.04526356581,2
2019-10-29,8152.476726270992,858.26290638111,9010.739632652101,2
2019-10-30,8152.476726270992,894.7494936691153,9047.226219940107,2
2019-10-31,8152.476726270992,865.4414188101103,9017.918145081103,2
2019-11-01,8202.179418056949,877.4111975634173,9079.590615620365,2
2019-11-04,8242.044688830389,852.364775343062,9094.40946417345,2
2019-11-05,8242.044688830389,843.1163348991556,9085.161023729544,2
2019-11-06,8242.044688830389,859.5860792418193,9101.630768072208,2
2019-11-07,8242.044688830389,876.2902845346509,9118.33497336504,2
2019-11-08,8242.044688830389,905.0953946697086,9147.140083500097,2
2019-11-11,8242.044688830389,894.0247046746044,9136.069393504993,2
2019-11-12,8242.044688830389,905.9118590386857,9147.956547869075,2
2019-11-13,8242.044688830389,907.7077885537127,9149.752477384101,2
2019-11-14,8280.559561465378,874.0139530223189,9154.573514487696,2
2019-11-15,8334.049702233433,873.330207970513,9207.379910203947,2
2019-11-18,8334.049702233433,876.8322469505065,9210.881949183939,2
2019-11-19,8334.049702233433,869.2146943360431,9203.264396569477,2
2019-11-20,8334.049702233433,851.6854684936192,9185.735170727052,2
2019-11-21,8334.049702233433,838.4098824725331,9172.459584705966,2
2019-11-22,8334.049702233433,870.4078695883684,9204.457571821802,2
2019-11-25,8380.34293744148,879.611534347077,9259.954471788558,2
2019-11-26,8413.748403971314,865.1815226631136,9278.929926634428,2
2019-11-27,8413.748403971314,887.3113777040629,9301.059781675378,2
2019-11-29,8413.748403971314,853.0846730506064,9266.833077021922,2
2019-12-02,8413.748403971314,763.2759728351366,9177.02437680645,2
2019-12-03,8413.748403971314,700.826218434139,9114.574622405453,2
2019-12-04,8413.748403971314,768.8161657299227,9182.564569701237,2
2019-12-05,8413.748403971314,788.131694243448,9201.880098214762,2
2019-12-06,8413.748403971314,869.2153949143382,9282.963798885652,2
2019-12-09,8413.748403971314,825.6060235996401,9239.354427570954,2
2019-12-10,8413.748403971314,826.0294861518048,9239.77789012312,2
2019-12-11,8413.748403971314,861.4386843269376,9275.187088298251,2
2019-12-12,8460.251983747063,879.7808608756513,9340.032844622714,2
2019-12-13,8505.792260350974,857.3381144962223,9363.130374847196,2
2019-12-16,8544.349243896888,870.0883394240166,9414.437583320905,2
2019-12-17,8544.349243896888,871.8722739109,9416.221517807788,2
2019-12-18,8544.349243896888,866.890919825239,9411.240163722126,2
2019-12-19,8584.674123383817,852.258903986957,9436.933027370773,2
2019-12-20,8584.674123383817,882.511838548239,9467.185961932055,2
2019-12-23,8584.674123383817,894.2508364938185,9478.924959877635,2
2019-12-24,8584.674123383817,895.4405642289075,9480.114687612724,2
2019-12-26,8628.368723417641,879.5763707860813,9507.945094203722,2
2019-12-27,8628.368723417641,868.9322433533014,9497.300966770943,2
2019-12-30,8628.368723417641,822.1389585308764,9450.507681948518,2
2019-12-31,8628.368723417641,860.9665950076344,9489.335318425276,2
2020-01-02,8685.839396535863,870.6232048436486,9556.462601379511,2
2020-01-03,8685.839396535863,801.2236952034052,9487.063091739268,2
2020-01-06,8685.839396535863,837.5761627778875,9523.415559313751,2
2020-01-07,8685.839396535863,823.8904088181023,9509.729805353965,2
2020-01-08,8685.839396535863,865.0792712324744,9550.918667768337,2
2020-01-09,8739.62651010647,862.4395244881341,9602.066034594603,2
2020-01-10,8739.62651010647,847.783497528965,9587.410007635433,2
2020-01-13,8781.495777490287,857.1962994127855,9638.692076903073,2
2020-01-14,8781.495777490287,849.5039367787392,9630.999714269026,2
2020-01-15,8781.495777490287,863.3353692832422,9644.83114677353,2
2020-01-16,8822.939668892646,867.7927670470084,9690.732435939655,2
2020-01-17,8857.188333435222,858.4928303222259,9715.681163757448,2
2020-01-21,8857.188333435222,839.146006239092,9696.334339674315,2
2020-01-22,8857.188333435222,843.155995211743,9700.344328646965,2
2020-01-23,8857.188333435222,852.5338879177642,9709.722221352986,2
2020-01-24,8857.188333435222,764.3698545626414,9621.558187997864,2
2020-01-27,8857.188333435222,603.8744722636509,9461.062805698873,2
2020-01-28,8857.188333435222,706.5977506849265,9563.78608412015,2
2020-01-29,8857.188333435222,701.2240501817544,9558.412383616977,2
2020-01-30,8857.188333435222,743.0584820610661,9600.246815496288,2
2020-01-31,8857.188333435222,557.652642307967,9414.84097574319,2
2020-02-03,8857.188333435222,633.8055830422007,9490.993916477422,2
2020-02-04,8857.188333435222,795.5155195017894,9652.703852937011,2
2020-02-05,8857.188333435222,894.9177595536814,9752.106092988904,2
2020-02-06,8908.760912607542,867.364474658579,9776.125387266122,2
2020-02-07,8908.760912607542,832.5656039972358,9741.326516604779,2
2020-02-10,8963.546042400028,838.8282945434703,9802.3743369435,2
2020-02-11,8963.546042400028,848.6061898754151,9812.152232275443,2
2020-02-12,9001.438403807608,865.6196631775565,9867.058066985164,2
2020-02-13,9001.438403807608,853.0466231181158,9854.485026925724,2
2020-02-14,9001.438403807608,873.6271326130097,9875.065536420618,2
2020-02-18,9001.438403807608,852.2980407403988,9853.736444548007,2
2020-02-19,9043.124005679532,842.8322114735024,9885.956217153034,2
2020-02-20,9043.124005679532,804.031888872899,9847.155894552432,2
2020-02-21,9043.124005679532,715.9772201957054,9759.101225875238,2
2020-02-24,9494.962795332229,0,9494.962795332229,0
2020-02-25,9494.962795332229,0,9494.962795332229,0
2020-02-26,9494.962795332229,0,9494.962795332229,0
2020-02-27,9494.962795332229,0,9494.962795332229,0
2020-02-28,9494.962795332229,0,9494.962795332229,0
2020-03-02,9494.962795332229,0,9494.962795332229,0
2020-03-03,9494.962795332229,0,9494.962795332229,0
2020-03-04,9494.962795332229,0,9494.962795332229,0
2020-03-05,9494.962795332229,0,9494.962795332229,0
2020-03-06,9494.962795332229,0,9494.962795332229,0
2020-03-09,9494.962795332229,0,9494.962795332229,0
2020-03-10,9494.962795332229,0,9494.962795332229,0
2020-03-11,9494.962795332229,0,9494.962795332229,0
2020-03-12,9494.962795332229,0,9494.962795332229,0
2020-03-13,9494.962795332229,0,9494.962795332229,0
2020-03-16,9494.962795332229,0,9494.962795332229,0
2020-03-17,9494.962795332229,0,9494.962795332229,0
2020-03-18,9494.962795332229,0,9494.962795332229,0
2020-03-19,9494.962795332229,0,9494.962795332229,0
2020-03-20,9494.962795332229,0,9494.962795332229,0
2020-03-23,9494.962795332229,0,9494.962795332229,0
2020-03-24,9494.962795332229,0,9494.962795332229,0
2020-03-25,9494.962795332229,0,9494.962795332229,0
2020-03-26,9494.962795332229,0,9494.962795332229,0
2020-03-27,9494.962795332229,0,9494.962795332229,0
2020-03-30,9494.962795332229,0,9494.962795332229,0
2020-03-31,9494.962795332229,0,9494.962795332229,0
2020-04-01,9494.962795332229,0,9494.962795332229,0
2020-04-02,9494.962795332229,0,9494.962795332229,0
2020-04-03,9494.962795332229,0,9494.962795332229,0
2020-04-06,9494.962795332229,0,9494.962795332229,0
2020-04-07,9494.962795332229,0,9494.962795332229,0
2020-04-08,9494.962795332229,0,9494.962795332229,0
2020-04-09,9494.962795332229,0,9494.962795332229,0
2020-04-13,9494.962795332229,0,9494.962795332229,0
2020-04-14,9494.962795332229,0,9494.962795332229,0
2020-04-15,9494.962795332229,0,9494.962795332229,0
2020-04-16,9494.962795332229,0,9494.962795332229,0
2020-04-17,9494.962795332229,0,9494.962795332229,0
2020-04-20,9494.962795332229,0,9494.962795332229,0
2020-04-21,9494.962795332229,0,9494.962795332229,0
2020-04-22,9494.962795332229,0,9494.962795332229,0
2020-04-23,9494.962795332229,0,9494.962795332229,0
2020-04-24,9494.962795332229,0,9494.962795332229,0
2020-04-27,9494.962795332229,0,9494.962795332229,0
2020-04-28,9494.962795332229,0,9494.962795332229,0
2020-04-29,9494.962795332229,0,9494.962795332229,0
2020-04-30,9494.962795332229,0,9494.962795332229,0
2020-05-01,9494.962795332229,0,9494.962795332229,0
2020-05-04,9494.962795332229,0,9494.962795332229,0
2020-05-05,9494.962795332229,0,9494.962795332229,0
2020-05-06,9494.962795332229,0,9494.962795332229,0
2020-05-07,9494.962795332229,0,9494.962795332229,0
2020-05-08,9093.300330168882,400.40447656605875,9493.70480673494,1
2020-05-11,8689.824532484241,810.2088388114432,9500.033371295684,2
2020-05-12,8689.824532484241,698.7683787518122,9388.592911236054,2
2020-05-13,8689.824532484241,625.5694121627287,9315.39394464697,2
2020-05-14,8689.824532484241,684.7369554409738,9374.561487925215,2
2020-05-15,8689.824532484241,707.1892293486258,9397.013761832866,2
2020-05-18,8689.824532484241,847.1769584204228,9537.001490904664,2
2020-05-19,8689.824532484241,807.5582997547556,9497.382832238996,2
2020-05-20,8689.824532484241,884.8855472532332,9574.710079737473,2
2020-05-21,8689.824532484241,853.9919859512188,9543.81651843546,2
2020-05-22,8689.824532484241,878.0851262946364,9567.909658778877,2
2020-05-26,9212.397706781612,404.62782098707703,9617.025527768688,1
2020-05-27,8809.747258004338,830.8871471945132,9640.63440519885,2
2020-05-28,8809.747258004338,819.1126329796368,9628.859890983975,2
2020-05-29,8809.747258004338,846.6312574287198,9656.378515433058,2
2020-06-01,8809.747258004338,861.7257726750914,9671.47303067943,2
2020-06-02,8867.831505640062,838.3042051414701,9706.135710781533,2
2020-06-03,8921.045027741904,834.6349832735577,9755.680011015462,2
2020-06-04,8921.045027741904,825.7323717750567,9746.777399516961,2
2020-06-05,8979.627914201728,851.4042946471885,9831.032208848917,2
2020-06-08,9031.094714386045,828.3344634283268,9859.429177814372,2
2020-06-09,9031.094714386045,788.4444207371794,9819.539135123225,2
2020-06-10,9031.094714386045,772.7072108402211,9803.801925226266,2
2020-06-11,9031.094714386045,488.2148756777724,9519.309590063818,2
2020-06-12,9031.094714386045,542.3437944599357,9573.43850884598,2
2020-06-15,9031.094714386045,584.0613688560311,9615.156083242076,2
2020-06-16,9031.094714386045,667.6578363426614,9698.752550728706,2
2020-06-17,9031.094714386045,656.9385142835117,9688.033228669556,2
2020-06-18,9031.094714386045,665.6046076153473,9696.699322001392,2
2020-06-19,9031.094714386045,633.3109845790077,9664.405698965053,2
2020-06-22,9031.094714386045,691.8825060357563,9722.9772204218,2
2020-06-23,9031.094714386045,719.9107533373749,9751.00546772342,2
2020-06-24,9031.094714386045,578.6699868185437,9609.764701204589,2
2020-06-25,9031.094714386045,646.8951747901074,9677.989889176151,2
2020-06-26,9031.094714386045,505.83647007803734,9536.931184464082,2
2020-06-29,9031.094714386045,607.4623014694652,9638.55701585551,2
2020-06-30,9031.094714386045,719.4610868607767,9750.555801246821,2
2020-07-01,9031.094714386045,773.7823720746953,9804.87708646074,2
2020-07-02,9031.094714386045,820.4318260796786,9851.526540465724,2
2020-07-06,9571.150082083563,401.9444848870634,9973.094566970625,1
2020-07-07,9170.086195100252,778.3846000573213,9948.470795157573,2
2020-07-08,9170.086195100252,818.5870338930386,9988.67322899329,2
2020-07-09,9170.086195100252,793.5360580966139,9963.622253196865,2
2020-07-10,9170.086195100252,847.4548129699997,10017.541008070251,2
2020-07-13,9170.086195100252,787.4965109968464,9957.582706097099,2
2020-07-14,9170.086195100252,854.4456201796784,10024.53181527993,2
2020-07-15,9224.02289488913,841.0284208614307,10065.051315750561,2
2020-07-16,9224.02289488913,832.4786212941983,10056.501516183329,2
2020-07-17,9273.722792041752,814.6019948734967,10088.32478691525,2
2020-07-20,9273.722792041752,864.7867780478343,10138.509570089585,2
2020-07-21,9273.722792041752,869.6807223786132,10143.403514420364,2
2020-07-22,9320.218741391018,846.121113244179,10166.339854635196,2
2020-07-23,9320.218741391018,789.2710610958793,10109.489802486896,2
2020-07-24,9320.218741391018,771.1554572407138,10091.37419863173,2
2020-07-27,9320.218741391018,821.681624059692,10141.90036545071,2
2020-07-28,9320.218741391018,793.5496111217994,10113.768352512818,2
2020-07-29,9362.689971204682,812.2660689961606,10174.956040200843,2
2020-07-30,9362.689971204682,794.4084973201036,10157.098468524786,2
2020-07-31,9362.689971204682,830.4860479512861,10193.176019155968,2
2020-08-03,9362.689971204682,869.5862288842945,10232.276200088976,2
2020-08-04,9362.689971204682,890.5422468790373,10253.232218083718,2
2020-08-05,9875.479257257775,403.1876341415689,10278.666891399344,1
2020-08-06,9468.767779598118,823.7454556764028,10292.51323527452,2
2020-08-07,9468.767779598118,834.3858943519116,10303.15367395003,2
2020-08-10,9468.767779598118,855.7305313738315,10324.498310971949,2
2020-08-11,9468.767779598118,808.4054513169328,10277.17323091505,2
2020-08-12,9468.767779598118,881.3977672879382,10350.165546886055,2
2020-08-13,9468.767779598118,880.4036787893892,10349.171458387507,2
2020-08-14,9468.767779598118,884.8049703350565,10353.572749933175,2
2020-08-17,9521.325151287487,858.1193623203486,10379.444513607836,2
2020-08-18,9569.982896070522,816.8240235347831,10386.806919605306,2
2020-08-19,9569.982896070522,790.094693160755,10360.077589231278,2
2020-08-20,9569.982896070522,804.3958671511249,10374.378763221646,2
2020-08-21,9569.982896070522,823.552746887954,10393.535642958475,2
2020-08-24,9569.982896070522,872.9320376442661,10442.914933714788,2
2020-08-25,9569.982896070522,892.0518280258805,10462.034724096402,2
2020-08-26,10074.772595383163,402.95644114746096,10477.729036530623,1
2020-08-27,9667.757579896872,806.5155963573432,10474.273176254215,2
2020-08-28,9667.757579896872,849.7176865320582,10517.47526642893,2
2020-08-31,9667.757579896872,816.9183710865766,10484.675950983448,2
2020-09-01,9667.757579896872,848.4756569930148,10516.233236889886,2
2020-09-02,9667.757579896872,891.2511737693087,10559.008753666181,2
2020-09-03,9667.757579896872,722.296531349815,10390.054111246687,2
2020-09-04,9667.757579896872,714.2276550056351,10381.985234902508,2
2020-09-08,9667.757579896872,594.3646047317472,10262.122184628619,2
2020-09-09,9667.757579896872,711.3053346406489,10379.06291453752,2
2020-09-10,9667.757579896872,617.8876516783561,10285.645231575229,2
2020-09-11,9667.757579896872,638.5863004222429,10306.343880319115,2
2020-09-14,9667.757579896872,735.6695156670867,10403.427095563959,2
2020-09-15,9667.757579896872,774.7416380693004,10442.499217966173,2
2020-09-16,9667.757579896872,750.505052457607,10418.26263235448,2
2020-09-17,9667.757579896872,699.3746731415613,10367.132253038433,2
2020-09-18,9667.757579896872,626.3840565557543,10294.141636452627,2
2020-09-21,9667.757579896872,531.6616771459949,10199.419257042868,2
2020-09-22,9667.757579896872,633.5395223078351,10301.297102204708,2
2020-09-23,10068.63071544185,0,10068.63071544185,0
2020-09-24,10068.63071544185,0,10068.63071544185,0
2020-09-25,10068.63071544185,0,10068.63071544185,0
2020-09-28,10068.63071544185,0,10068.63071544185,0
2020-09-29,10068.63071544185,0,10068.63071544185,0
2020-09-30,9663.305661752625,404.40578671357486,10067.7114484662,1
2020-10-01,9260.834397136136,813.9991710869012,10074.833568223037,2
2020-10-02,9260.834397136136,775.777264940571,10036.611662076706,2
2020-10-05,9260.834397136136,841.9005473361182,10102.734944472253,2
2020-10-06,9260.834397136136,786.7612339817092,10047.595631117845,2
2020-10-07,9260.834397136136,858.2216859343589,10119.056083070494,2
2020-10-08,9309.298679030942,848.1005511226006,10157.399230153544,2
2020-10-09,9365.198009851973,830.138451855639,10195.336461707611,2
2020-10-12,9414.792310736622,835.1475462930352,10249.939857029658,2
2020-10-13,9414.792310736622,807.4862024810812,10222.278513217703,2
2020-10-14,9414.792310736622,783.8943036911573,10198.68661442778,2
2020-10-15,9414.792310736622,776.4017497868374,10191.19406052346,2
2020-10-16,9414.792310736622,776.5583631745358,10191.350673911158,2
2020-10-19,9414.792310736622,706.1093124374893,10120.901623174112,2
2020-10-20,9414.792310736622,728.6295491420645,10143.421859878687,2
2020-10-21,9414.792310736622,728.3943974511601,10143.186708187783,2
2020-10-22,9414.792310736622,759.6090824248712,10174.401393161494,2
2020-10-23,9414.792310736622,783.7295801710652,10198.521890907687,2
2020-10-26,9414.792310736622,677.3295247547139,10092.121835491336,2
2020-10-27,9414.792310736622,662.2424553513127,10077.034766087934,2
2020-10-28,9414.792310736622,476.16622790308725,9890.95853863971,2
2020-10-29,9414.792310736622,535.2940301999283,9950.08634093655,2
2020-10-30,9414.792310736622,474.42676577974794,9889.21907651637,2
2020-11-02,9414.792310736622,543.5424310131352,9958.334741749757,2
2020-11-03,9414.792310736622,655.1058404664133,10069.898151203035,2
2020-11-04,9414.792310736622,823.6277705178711,10238.420081254493,2
2020-11-05,9493.634820800376,844.5220734972619,10338.15689429764,2
2020-11-06,9544.987073380742,821.9897899433676,10366.97686332411,2
2020-11-09,9544.987073380742,860.198459091837,10405.185532472578,2
2020-11-10,9544.987073380742,869.3075613882694,10414.294634769012,2
2020-11-11,9594.42313430141,855.6189365679732,10450.042070869384,2
2020-11-12,9594.42313430141,805.5892913749105,10400.012425676321,2
2020-11-13,9646.872503373968,822.2417237890667,10469.114227163034,2
2020-11-16,9646.872503373968,879.0309573711418,10525.90346074511,2
2020-11-17,9646.872503373968,864.5195533289211,10511.392056702889,2
2020-11-18,9646.872503373968,813.5155940511752,10460.388097425144,2
2020-11-19,9646.872503373968,840.6773930245506,10487.54989639852,2
2020-11-20,9646.872503373968,811.3340561604474,10458.206559534416,2
2020-11-23,9646.872503373968,858.6536898317263,10505.526193205695,2
2020-11-24,10163.483642159086,405.08512400224174,10568.568766161328,1
2020-11-25,9757.94338526561,809.887311504388,10567.830696769997,2
2020-11-27,9757.94338526561,831.1966238200455,10589.140009085655,2
2020-11-30,9757.94338526561,825.8649480473941,10583.808333313003,2
2020-12-01,9757.94338526561,871.9488133973364,10629.892198662947,2
2020-12-02,9757.94338526561,877.5271143510274,10635.470499616637,2
2020-12-03,9757.94338526561,878.1748926589278,10636.118277924537,2
2020-12-04,10265.234477687225,404.4048036241634,10669.639281311389,1
2020-12-07,9860.766160174082,805.2731973475773,10666.039357521659,2
2020-12-08,9860.766160174082,827.7675406478452,10688.533700821927,2
2020-12-09,9860.766160174082,777.8514457131273,10638.61760588721,2
2020-12-10,9860.766160174082,772.5889912240774,10633.35515139816,2
2020-12-11,9860.766160174082,761.8302295820342,10622.596389756116,2
2020-12-14,9860.766160174082,737.9729940106586,10598.739154184741,2
2020-12-15,9860.766160174082,820.3705828480323,10681.136743022114,2
2020-12-16,9860.766160174082,836.8659091118872,10697.63206928597,2
2020-12-17,9860.766160174082,871.0590541916374,10731.82521436572,2
2020-12-18,9860.766160174082,866.4051887502992,10727.171348924381,2
2020-12-21,9860.766160174082,827.5850552202513,10688.351215394334,2
2020-12-22,9860.766160174082,834.0110690464776,10694.77722922056,2
2020-12-23,9860.766160174082,853.6360800197073,10714.40224019379,2
2020-12-24,9860.766160174082,894.6935945858193,10755.4597547599,2
2020-12-28,10398.18827440295,407.26040848788114,10805.44868289083,1
2020-12-29,9991.002205622797,802.6168178580449,10793.619023480842,2
2020-12-30,9991.002205622797,814.5062378995277,10805.508443522325,2
2020-12-31,9991.002205622797,841.9174160854034,10832.9196217082,2
2021-01-04,9991.002205622797,755.8938589854947,10746.896064608292,2
2021-01-05,9991.002205622797,803.9349694492352,10794.937175072033,2
2021-01-06,9991.002205622797,832.7443550781269,10823.746560700924,2
2021-01-07,10041.985411662678,859.3626830225829,10901.34809468526,2
2021-01-08,10101.421475186475,827.4298691047754,10928.85134429125,2
2021-01-11,10101.421475186475,783.2268353518806,10884.648310538356,2
2021-01-12,10101.421475186475,796.3199099458577,10897.741385132333,2
2021-01-13,10101.421475186475,821.8293333996058,10923.25080858608,2
2021-01-14,10101.421475186475,798.2762247141217,10899.697699900596,2
2021-01-15,10101.421475186475,758.5526733474836,10859.974148533958,2
2021-01-19,10101.421475186475,823.7369231846722,10925.158398371146,2
2021-01-20,10154.798706154974,844.4038910611766,10999.20259721615,2
2021-01-21,10154.798706154974,852.6191084004931,11007.417814555467,2
2021-01-22,10154.798706154974,838.2295919939409,10993.028298148914,2
2021-01-25,10154.798706154974,852.1158679749199,11006.914574129894,2
2021-01-26,10154.798706154974,853.1923910982766,11007.99109725325,2
2021-01-27,10154.798706154974,640.6379221938848,10795.436628348858,2
2021-01-28,10154.798706154974,728.3126527323147,10883.111358887289,2
2021-01-29,10154.798706154974,621.4107133560503,10776.209419511024,2
2021-02-01,10154.798706154974,735.061098202052,10889.859804357025,2
2021-02-02,10207.711290424035,791.816788858285,10999.52807928232,2
2021-02-03,10207.711290424035,828.0044391839176,11035.715729607953,2
2021-02-04,10207.711290424035,885.9257181739963,11093.63700859803,2
2021-02-05,10707.696353731135,408.37427529232997,11116.070629023465,1
2021-02-08,10301.461149868743,830.0285997025085,11131.48974957125,2
2021-02-09,10301.461149868743,824.3709885485977,11125.83213841734,2
2021-02-10,10301.461149868743,822.2681158797457,11123.729265748489,2
2021-02-11,10301.461149868743,841.1128890055245,11142.574038874267,2
2021-02-12,10301.461149868743,877.8124055506456,11179.273555419388,2
2021-02-16,10301.461149868743,874.1963400450139,11175.657489913756,2
2021-02-17,10301.461149868743,877.0079966529195,11178.469146521662,2
2021-02-18,10301.461149868743,853.7635452045173,11155.22469507326,2
2021-02-19,10301.461149868743,856.1242351842083,11157.585385052951,2
2021-02-22,10301.461149868743,822.731160542859,11124.192310411601,2
2021-02-23,10301.461149868743,838.2964666329024,11139.757616501645,2
2021-02-24,10361.466888055844,846.8894539989318,11208.356342054776,2
2021-02-25,10361.466888055844,667.5205561871521,11028.987444242995,2
2021-02-26,10361.466888055844,652.7730069420585,11014.239894997902,2
2021-03-01,10361.466888055844,824.4608244442496,11185.927712500094,2
2021-03-02,10361.466888055844,783.7230516588278,11145.189939714672,2
2021-03-03,10361.466888055844,694.524928822517,11055.99181687836,2
2021-03-04,10361.466888055844,605.5008490115583,10966.967737067402,2
2021-03-05,10361.466888055844,758.0961795523081,11119.563067608153,2
2021-03-08,10361.466888055844,742.9840516334132,11104.450939689257,2
2021-03-09,10421.456908648812,784.9193975357593,11206.376306184571,2
2021-03-10,10421.456908648812,830.9740146400728,11252.430923288885,2
2021-03-11,10421.456908648812,882.1253516961526,11303.582260344965,2
2021-03-12,10465.691063943128,856.2913434442212,11321.98240738735,2
2021-03-15,10529.09118321111,834.590810884955,11363.681994096065,2
2021-03-16,10529.09118321111,834.475843803844,11363.567027014955,2
2021-03-17,10529.09118321111,856.8186435083106,11385.90982671942,2
2021-03-18,10529.09118321111,765.1151586971991,11294.20634190831,2
2021-03-19,10529.09118321111,772.5534413051926,11301.644624516302,2
2021-03-22,10529.09118321111,843.9092123508451,11373.000395561956,2
2021-03-23,10529.09118321111,791.8418257871458,11320.933008998256,2
2021-03-24,10529.09118321111,755.5260141490663,11284.617197360178,2
2021-03-25,10529.09118321111,805.153775497157,11334.244958708268,2
2021-03-26,10581.280709764396,843.6417290674043,11424.9224388318,2
2021-03-29,10581.280709764396,828.2796652230766,11409.560374987474,2
2021-03-30,10581.280709764396,831.8776030999032,11413.1583128643,2
2021-03-31,10581.280709764396,855.7712001851759,11437.051909949572,2
2021-04-01,10646.245811154771,861.9455405909894,11508.191351745761,2
2021-04-05,10706.411675243846,855.9090962675612,11562.320771511408,2
2021-04-06,10706.411675243846,852.2287129633185,11558.640388207165,2
2021-04-07,10706.411675243846,874.885373690768,11581.297048934613,2
2021-04-08,10756.528246736987,844.5599890156573,11601.088235752644,2
2021-04-09,10756.528246736987,884.1731528746056,11640.701399611593,2
2021-04-12,10756.528246736987,890.3086605119149,11646.836907248902,2
2021-04-13,10809.080293582823,853.905240839402,11662.985534422225,2
2021-04-14,10809.080293582823,832.8977470252817,11641.978040608104,2
2021-04-15,10860.576296987312,836.4407560390475,11697.01705302636,2
2021-04-16,10860.576296987312,861.2303681805947,11721.806665167907,2
2021-04-19,10860.576296987312,830.4537231946512,11691.030020181963,2
2021-04-20,10860.576296987312,778.4316486859709,11639.007945673284,2
2021-04-21,10860.576296987312,846.8484094630746,11707.424706450387,2
2021-04-22,10860.576296987312,785.275506897922,11645.851803885234,2
2021-04-23,10860.576296987312,864.8889320261617,11725.465229013475,2
2021-04-26,10860.576296987312,881.783171385915,11742.359468373226,2
2021-04-27,10860.576296987312,886.6192463084382,11747.195543295751,2
2021-04-28,10904.550128002185,844.8615496701933,11749.411677672379,2
2021-04-29,10904.550128002185,875.0681198330952,11779.61824783528,2
2021-04-30,10904.550128002185,832.3241297777741,11736.87425777996,2
2021-05-03,10904.550128002185,863.6170339657266,11768.167161967913,2
2021-05-04,10904.550128002185,819.5134776778011,11724.063605679987,2
2021-05-05,10904.550128002185,833.0007077842381,11737.550835786424,2
2021-05-06,10956.65409690856,833.1519680807162,11789.806064989276,2
2021-05-07,11002.643640844186,842.9860652132093,11845.629706057396,2
2021-05-10,11002.643640844186,759.4631410194168,11762.106781863602,2
2021-05-11,11002.643640844186,692.1430156898068,11694.786656533994,2
2021-05-12,11002.643640844186,546.1520930203591,11548.795733864545,2
2021-05-13,11002.643640844186,632.3794689568942,11635.02310980108,2
2021-05-14,11002.643640844186,763.0162174118851,11765.659858256071,2
2021-05-17,11002.643640844186,747.8165602715662,11750.460201115751,2
2021-05-18,11002.643640844186,680.6167391352972,11683.260379979483,2
2021-05-19,11002.643640844186,657.4986491261484,11660.142289970334,2
2021-05-20,11002.643640844186,743.2395183137885,11745.883159157975,2
2021-05-21,11002.643640844186,748.2890008582742,11750.93264170246,2
2021-05-24,11002.643640844186,847.9185586421088,11850.562199486294,2
2021-05-25,11002.643640844186,836.0658219734844,11838.709462817671,2
2021-05-26,11045.408960458986,828.1333277737069,11873.542288232693,2
2021-05-27,11045.408960458986,848.990929155837,11894.399889614822,2
2021-05-28,11045.408960458986,858.3710894174451,11903.780049876432,2
2021-06-01,11045.408960458986,864.8558519831668,11910.264812442154,2
2021-06-02,11088.591275092838,839.4720732725219,11928.06334836536,2
2021-06-03,11088.591275092838,817.2607263480195,11905.852001440857,2
2021-06-04,11088.591275092838,884.8320341448069,11973.423309237645,2
2021-06-07,11130.650022255459,847.994656461168,11978.644678716626,2
2021-06-08,11130.650022255459,842.476469586446,11973.126491841904,2
2021-06-09,11130.650022255459,825.3775860831795,11956.027608338638,2
2021-06-10,11130.650022255459,876.6413233539606,12007.29134560942,2
2021-06-11,11177.063111183807,846.1543982584217,12023.217509442227,2
2021-06-14,11177.063111183807,853.5735378087417,12030.636648992548,2
2021-06-15,11177.063111183807,837.8594043435726,12014.92251552738,2
2021-06-16,11177.063111183807,796.8705168358298,11973.933628019637,2
2021-06-17,11177.063111183807,803.6396624130994,11980.702773596906,2
2021-06-18,11177.063111183807,692.4184555581718,11869.481566741979,2
2021-06-21,11177.063111183807,822.6406450789398,11999.703756262747,2
2021-06-22,11177.063111183807,872.4161847738372,12049.479295957644,2
2021-06-23,11177.063111183807,876.765032668191,12053.828143851997,2
2021-06-24,11236.236060523972,851.1868193950079,12087.42287991898,2
2021-06-25,11277.81855430032,832.1928335818022,12110.011387882123,2
2021-06-28,11277.81855430032,851.1997074288864,12129.018261729207,2
2021-06-29,11277.81855430032,851.8905558905999,12129.709110190921,2
2021-06-30,11277.81855430032,864.8609061252649,12142.679460425585,2
2021-07-01,11277.81855430032,897.0828135753063,12174.901367875627,2
2021-07-02,11797.468402422948,409.28282988297224,12206.75123230592,1
2021-07-06,11384.124077699267,810.8878825105237,12195.011960209791,2
2021-07-07,11384.124077699267,835.5627977052833,12219.68687540455,2
2021-07-08,11384.124077699267,752.7054660380003,12136.829543737267,2
2021-07-09,11384.124077699267,855.8468321904002,12239.970909889667,2
2021-07-12,11384.124077699267,883.315266970716,12267.439344669983,2
2021-07-13,11384.124077699267,856.8209702181186,12240.945047917387,2
2021-07-14,11384.124077699267,878.2937848972742,12262.417862596541,2
2021-07-15,11384.124077699267,856.5030780775721,12240.62715577684,2
2021-07-16,11384.124077699267,798.0936526622805,12182.217730361548,2
2021-07-19,11384.124077699267,662.1448321670996,12046.268909866367,2
2021-07-20,11384.124077699267,796.2330988525209,12180.357176551788,2
2021-07-21,11384.124077699267,873.9880564188845,12258.112134118152,2
2021-07-22,11384.124077699267,893.3374362657361,12277.461513965003,2
2021-07-23,11915.197219410431,409.598517014679,12324.79573642511,1
2021-07-26,11506.59934591716,824.202310787328,12330.801656704489,2
2021-07-27,11506.59934591716,779.8030129014052,12286.402358818566,2
2021-07-28,11506.59934591716,795.6918412635389,12302.2911871807,2
2021-07-29,11506.59934591716,828.9804718583391,12335.579817775499,2
2021-07-30,11506.59934591716,796.8655756295334,12303.464921546694,2
2021-08-02,11506.59934591716,781.90884985911,12288.50819577627,2
2021-08-03,11506.59934591716,848.0812712675572,12354.680617184718,2
2021-08-04,11506.59934591716,829.4802916623183,12336.079637579478,2
2021-08-05,11506.59934591716,874.0995721784507,12380.698918095612,2
2021-08-06,11553.0641117248,852.8034548329351,12405.867566557736,2
2021-08-09,11553.0641117248,851.2797657170701,12404.34387744187,2
2021-08-10,11553.0641117248,859.3882174342674,12412.452329159067,2
2021-08-11,11598.857420317912,829.9893920107643,12428.846812328677,2
2021-08-12,11598.857420317912,863.1339222642794,12461.991342582192,2
2021-08-13,11598.857420317912,876.2255931037841,12475.083013421696,2
2021-08-16,11598.857420317912,888.4183297148446,12487.275750032757,2
2021-08-17,11598.857420317912,832.7989745927844,12431.656394910697,2
2021-08-18,11598.857420317912,732.0071328458141,12330.864553163727,2
2021-08-19,11598.857420317912,741.987072105303,12340.844492423215,2
2021-08-20,11598.857420317912,829.4706798930135,12428.328100210925,2
2021-08-23,11647.81076649593,852.8619348161606,12500.67270131209,2
2021-08-24,11647.81076649593,862.5481607930304,12510.35892728896,2
2021-08-25,11698.837545691464,828.9074110512928,12527.744956742756,2
2021-08-26,11698.837545691464,773.4514118027889,12472.288957494253,2
2021-08-27,11698.837545691464,855.3931617909016,12554.230707482366,2
2021-08-30,11698.837545691464,887.706532253263,12586.544077944727,2
2021-08-31,11698.837545691464,881.4062499131119,12580.243795604576,2
2021-09-01,11698.837545691464,891.9129502101864,12590.75049590165,2
2021-09-02,11745.082299183643,854.488119310313,12599.570418493957,2
2021-09-03,11745.082299183643,856.3676243761613,12601.449923559805,2
2021-09-07,11745.082299183643,830.4495047821476,12575.53180396579,2
2021-09-08,11745.082299183643,830.3082204283264,12575.39051961197,2
2021-09-09,11745.082299183643,798.1831236681153,12543.265422851759,2
2021-09-10,11745.082299183643,731.0428421253632,12476.125141309007,2
2021-09-13,11745.082299183643,777.1722600582677,12522.25455924191,2
2021-09-14,11745.082299183643,742.0700405368862,12487.15233972053,2
2021-09-15,11745.082299183643,820.7880627863326,12565.870361969975,2
2021-09-16,11745.082299183643,810.6559116067871,12555.73821079043,2
2021-09-17,11745.082299183643,728.1967516433639,12473.279050827006,2
2021-09-20,11745.082299183643,573.6765284254062,12318.75882760905,2
2021-09-21,11745.082299183643,574.8846612456703,12319.966960429314,2
2021-09-22,11745.082299183643,692.4809230458138,12437.563222229457,2
2021-09-23,11792.615421061444,783.4494668815964,12576.064887943041,2
2021-09-24,11792.615421061444,810.1008307720676,12602.716251833512,2
2021-09-27,11792.615421061444,795.9245912176023,12588.540012279047,2
2021-09-28,11792.615421061444,596.5506315992286,12389.166052660672,2
2021-09-29,11792.615421061444,615.1374697203082,12407.752890781752,2
2021-09-30,11990.726645974071,307.0453642478441,12297.772010221915,1
2021-10-01,11990.726645974071,350.3481463826006,12341.074792356672,1
2021-10-04,11990.726645974071,305.89591884516096,12296.622564819232,1
2021-10-05,11990.726645974071,347.5789328005817,12338.305578774653,1
2021-10-06,11990.726645974071,364.17501122876814,12354.90165720284,1
2021-10-07,11990.726645974071,400.5922546573032,12391.318900631375,1
2021-10-08,11990.726645974071,402.34746015984086,12393.074106133912,1
2021-10-11,11990.726645974071,380.0738709907236,12370.800516964795,1
2021-10-12,11990.726645974071,374.9814839117718,12365.708129885843,1
2021-10-13,11990.726645974071,397.0961058684395,12387.82275184251,1
2021-10-14,12042.203647198148,409.35194703188813,12451.555594230036,1
2021-10-15,11631.924791543146,841.1943070577195,12473.119098600866,2
2021-10-18,11631.924791543146,866.1374625375188,12498.062254080665,2
2021-10-19,11681.429811621583,855.8717707746496,12537.301582396232,2
2021-10-20,11723.470911955723,833.8221310573047,12557.293043013027,2
2021-10-21,11723.470911955723,859.8014949489161,12583.272406904638,2
2021-10-22,11723.470911955723,850.7759581937236,12574.246870149447,2
2021-10-25,11723.470911955723,886.2522903371441,12609.723202292867,2
2021-10-26,11723.470911955723,886.4278664547129,12609.898778410436,2
2021-10-27,11723.470911955723,851.9944898920812,12575.465401847803,2
2021-10-28,11772.198513898804,853.9718815243589,12626.170395423163,2
2021-10-29,11772.198513898804,870.1448399246427,12642.343353823446,2
2021-11-01,11826.707002009227,829.1606464277031,12655.86764843693,2
2021-11-02,11826.707002009227,856.3529725289158,12683.059974538142,2
2021-11-03,11869.32590651827,856.3294689692839,12725.655375487553,2
2021-11-04,11869.32590651827,873.2633126046935,12742.589219122963,2
2021-11-05,11869.32590651827,876.6304800797315,12745.956386598002,2
2021-11-08,11912.609885641436,834.5555462366476,12747.165431878084,2
2021-11-09,11912.609885641436,812.4362842619348,12725.04616990337,2
2021-11-10,11912.609885641436,758.0965258308468,12670.706411472282,2
2021-11-11,11912.609885641436,778.4198604912433,12691.029746132679,2
2021-11-12,11912.609885641436,842.2380149118119,12754.847900553248,2
2021-11-15,11912.609885641436,851.0606753646969,12763.670561006133,2
2021-11-16,11912.609885641436,876.4942825772124,12789.104168218648,2
2021-11-17,11912.609885641436,857.3207760441256,12769.930661685561,2
2021-11-18,11912.609885641436,871.9756075710749,12784.585493212511,2
2021-11-19,11912.609885641436,865.8045239777749,12778.41440961921,2
2021-11-22,11912.609885641436,849.4114815085234,12762.021367149959,2
2021-11-23,11912.609885641436,861.6850449690475,12774.294930610484,2
2021-11-24,11964.644763799752,834.826008350845,12799.470772150597,2
2021-11-26,11964.644763799752,627.0328916288236,12591.677655428575,2
2021-11-29,11964.644763799752,754.7559761203047,12719.400739920056,2
2021-11-30,11964.644763799752,611.0924543475107,12575.737218147262,2
2021-12-01,11964.644763799752,528.7046598125386,12493.34942361229,2
2021-12-02,11964.644763799752,627.9546699303523,12592.599433730104,2
2021-12-03,11964.644763799752,566.6620897323924,12531.306853532144,2
2021-12-06,11964.644763799752,676.7632121350075,12641.407975934759,2
2021-12-07,12027.687390857893,800.8500443099379,12828.537435167831,2
2021-12-08,12027.687390857893,843.2694729091694,12870.956863767062,2
2021-12-09,12027.687390857893,792.8478003322084,12820.535191190102,2
2021-12-10,12027.687390857893,877.7875184842528,12905.474909342145,2
2021-12-13,12027.687390857893,829.1641661872411,12856.851557045135,2
2021-12-14,12027.687390857893,774.6376215937246,12802.325012451618,2
2021-12-15,12074.982511564513,843.7996587523812,12918.782170316894,2
2021-12-16,12074.982511564513,792.0066435916425,12866.989155156156,2
2021-12-17,12074.982511564513,731.7277893284186,12806.710300892932,2
2021-12-20,12074.982511564513,664.3329669350351,12739.315478499548,2
2021-12-21,12074.982511564513,785.4625624878458,12860.445074052359,2
2021-12-22,12121.605323446945,818.55606850838,12940.161391955326,2
2021-12-23,12121.605323446945,859.662447759208,12981.267771206154,2
2021-12-27,12637.584334447467,407.48939732300613,13045.073731770473,1
2021-12-28,12230.305228540292,813.5282412170881,13043.83346975738,2
2021-12-29,12230.305228540292,832.1290041013917,13062.434232641685,2
2021-12-30,12230.305228540292,814.7150842561018,13045.020312796394,2
2021-12-31,12230.305228540292,805.6469221145946,13035.952150654886,2
2022-01-03,12230.305228540292,858.148386416596,13088.453614956888,2
2022-01-04,12230.305228540292,854.3057449394055,13084.610973479697,2
2022-01-05,12230.305228540292,707.5422401542511,12937.847468694543,2
2022-01-06,12230.305228540292,705.5465373802022,12935.851765920494,2
2022-01-07,12230.305228540292,689.1491779795601,12919.454406519852,2
2022-01-10,12230.305228540292,681.5638806273199,12911.869109167612,2
2022-01-11,12230.305228540292,763.5871106824552,12993.892339222748,2
2022-01-12,12230.305228540292,798.7886565334932,13029.093885073786,2
2022-01-13,12230.305228540292,665.0804958120148,12895.385724352307,2
2022-01-14,12230.305228540292,685.7320313966468,12916.037259936938,2
2022-01-18,12230.305228540292,511.43234266770037,12741.737571207992,2
2022-01-19,12650.580648447169,0,12650.580648447169,0
2022-01-20,12650.580648447169,0,12650.580648447169,0
2022-01-21,12650.580648447169,0,12650.580648447169,0
2022-01-24,12650.580648447169,0,12650.580648447169,0
2022-01-25,12650.580648447169,0,12650.580648447169,0
2022-01-26,12650.580648447169,0,12650.580648447169,0
2022-01-27,12650.580648447169,0,12650.580648447169,0
2022-01-28,12650.580648447169,0,12650.580648447169,0
2022-01-31,12650.580648447169,0,12650.580648447169,0
2022-02-01,12650.580648447169,0,12650.580648447169,0
2022-02-02,12650.580648447169,0,12650.580648447169,0
2022-02-03,12650.580648447169,0,12650.580648447169,0
2022-02-04,12650.580648447169,0,12650.580648447169,0
2022-02-07,12650.580648447169,0,12650.580648447169,0
2022-02-08,12650.580648447169,0,12650.580648447169,0
2022-02-09,12650.580648447169,0,12650.580648447169,0
2022-02-10,12650.580648447169,0,12650.580648447169,0
2022-02-11,12650.580648447169,0,12650.580648447169,0
2022-02-14,12650.580648447169,0,12650.580648447169,0
2022-02-15,12650.580648447169,0,12650.580648447169,0
2022-02-16,12650.580648447169,0,12650.580648447169,0
2022-02-17,12650.580648447169,0,12650.580648447169,0
2022-02-18,12650.580648447169,0,12650.580648447169,0
2022-02-22,12650.580648447169,0,12650.580648447169,0
2022-02-23,12650.580648447169,0,12650.580648447169,0
2022-02-24,12650.580648447169,0,12650.580648447169,0
2022-02-25,12650.580648447169,0,12650.580648447169,0
2022-02-28,12650.580648447169,0,12650.580648447169,0
2022-03-01,12650.580648447169,0,12650.580648447169,0
2022-03-02,12650.580648447169,0,12650.580648447169,0
2022-03-03,12650.580648447169,0,12650.580648447169,0
2022-03-04,12650.580648447169,0,12650.580648447169,0
2022-03-07,12650.580648447169,0,12650.580648447169,0
2022-03-08,12650.580648447169,0,12650.580648447169,0
2022-03-09,12650.580648447169,0,12650.580648447169,0
2022-03-10,12650.580648447169,0,12650.580648447169,0
2022-03-11,12650.580648447169,0,12650.580648447169,0
2022-03-14,12650.580648447169,0,12650.580648447169,0
2022-03-15,12650.580648447169,0,12650.580648447169,0
2022-03-16,12650.580648447169,0,12650.580648447169,0
2022-03-17,12650.580648447169,0,12650.580648447169,0
2022-03-18,12246.699553481501,402.7993358992944,12649.498889380797,1
2022-03-21,11846.512045443094,808.1390276438824,12654.651073086978,2
2022-03-22,11846.512045443094,858.0215160900366,12704.533561533131,2
2022-03-23,11846.512045443094,810.3016851385532,12656.813730581647,2
2022-03-24,11846.512045443094,885.3550511706039,12731.867096613698,2
2022-03-25,12350.99381934142,404.1879513883387,12755.18177072976,1
2022-03-28,11942.98757142223,837.8688922185852,12780.856463640815,2
2022-03-29,11994.718924134253,840.8474712914099,12835.566395425663,2
2022-03-30,11994.718924134253,810.9778991157519,12805.696823250006,2
2022-03-31,11994.718924134253,720.3533733018517,12715.072297436105,2
2022-04-01,11994.718924134253,751.6897841563292,12746.408708290583,2
2022-04-04,11994.718924134253,817.1037433097638,12811.822667444017,2
2022-04-05,11994.718924134253,723.1741836411459,12717.893107775399,2
2022-04-06,11994.718924134253,658.7343780153376,12653.45330214959,2
2022-04-07,11994.718924134253,691.760386799514,12686.479310933766,2
2022-04-08,11994.718924134253,681.5143807574727,12676.233304891726,2
2022-04-11,11994.718924134253,557.2556122981212,12551.974536432373,2
2022-04-12,11994.718924134253,535.3472014328077,12530.06612556706,2
2022-04-13,11994.718924134253,626.254203257507,12620.97312739176,2
2022-04-14,11994.718924134253,531.7560605072572,12526.47498464151,2
2022-04-18,11994.718924134253,533.1534820767729,12527.872406211027,2
2022-04-19,11994.718924134253,679.9345473177837,12674.653471452037,2
2022-04-20,11994.718924134253,689.0094331947139,12683.728357328968,2
2022-04-21,11994.718924134253,538.6876265062085,12533.406550640462,2
2022-04-22,12298.69328601,0,12298.69328601,0
2022-04-25,12298.69328601,0,12298.69328601,0
2022-04-26,12298.69328601,0,12298.69328601,0
2022-04-27,12298.69328601,0,12298.69328601,0
2022-04-28,12298.69328601,0,12298.69328601,0
2022-04-29,12298.69328601,0,12298.69328601,0
2022-05-02,12298.69328601,0,12298.69328601,0
2022-05-03,12298.69328601,0,12298.69328601,0
2022-05-04,12298.69328601,0,12298.69328601,0
2022-05-05,12298.69328601,0,12298.69328601,0
2022-05-06,12298.69328601,0,12298.69328601,0
2022-05-09,12298.69328601,0,12298.69328601,0
2022-05-10,12298.69328601,0,12298.69328601,0
2022-05-11,12298.69328601,0,12298.69328601,0
2022-05-12,12298.69328601,0,12298.69328601,0
2022-05-13,12298.69328601,0,12298.69328601,0
2022-05-16,12298.69328601,0,12298.69328601,0
2022-05-17,12298.69328601,0,12298.69328601,0
2022-05-18,12298.69328601,0,12298.69328601,0
2022-05-19,12298.69328601,0,12298.69328601,0
2022-05-20,12298.69328601,0,12298.69328601,0
2022-05-23,12298.69328601,0,12298.69328601,0
2022-05-24,12298.69328601,0,12298.69328601,0
2022-05-25,12298.69328601,0,12298.69328601,0
2022-05-26,12298.69328601,0,12298.69328601,0
2022-05-27,12298.69328601,0,12298.69328601,0
2022-05-31,12298.69328601,0,12298.69328601,0
2022-06-01,12298.69328601,0,12298.69328601,0
2022-06-02,12298.69328601,0,12298.69328601,0
2022-06-03,12298.69328601,0,12298.69328601,0
2022-06-06,12298.69328601,0,12298.69328601,0
2022-06-07,12298.69328601,0,12298.69328601,0
2022-06-08,12298.69328601,0,12298.69328601,0
2022-06-09,12298.69328601,0,12298.69328601,0
2022-06-10,12298.69328601,0,12298.69328601,0
2022-06-13,12298.69328601,0,12298.69328601,0
2022-06-14,12298.69328601,0,12298.69328601,0
2022-06-15,12298.69328601,0,12298.69328601,0
2022-06-16,12298.69328601,0,12298.69328601,0
2022-06-17,12298.69328601,0,12298.69328601,0
2022-06-21,12298.69328601,0,12298.69328601,0
2022-06-22,12298.69328601,0,12298.69328601,0
2022-06-23,12298.69328601,0,12298.69328601,0
2022-06-24,12298.69328601,0,12298.69328601,0
2022-06-27,12298.69328601,0,12298.69328601,0
2022-06-28,12298.69328601,0,12298.69328601,0
2022-06-29,12298.69328601,0,12298.69328601,0
2022-06-30,12298.69328601,0,12298.69328601,0
2022-07-01,12298.69328601,0,12298.69328601,0
2022-07-05,12298.69328601,0,12298.69328601,0
2022-07-06,12298.69328601,0,12298.69328601,0
2022-07-07,12298.69328601,0,12298.69328601,0
2022-07-08,12298.69328601,0,12298.69328601,0
2022-07-11,12298.69328601,0,12298.69328601,0
2022-07-12,12298.69328601,0,12298.69328601,0
2022-07-13,12298.69328601,0,12298.69328601,0
2022-07-14,12298.69328601,0,12298.69328601,0
2022-07-15,12298.69328601,0,12298.69328601,0
2022-07-18,12298.69328601,0,12298.69328601,0
2022-07-19,11895.201571880716,402.0156469404533,12297.21721882117,1
2022-07-20,11492.917562634213,818.524888970468,12311.442451604682,2
2022-07-21,11492.917562634213,863.1376908915108,12356.055253525723,2
2022-07-22,11492.917562634213,836.1152090867009,12329.032771720915,2
2022-07-25,11492.917562634213,848.1428937037805,12341.060456337993,2
2022-07-26,11492.917562634213,793.5232854447271,12286.44084807894,2
2022-07-27,11542.57958867718,848.9825806320503,12391.562169309229,2
2022-07-28,11603.06359285378,835.0891854142403,12438.15277826802,2
2022-07-29,11653.64697561031,841.3229059697308,12494.969881580042,2
2022-08-01,11653.64697561031,823.5340940686143,12477.181069678925,2
2022-08-02,11653.64697561031,788.7615921974572,12442.408567807768,2
2022-08-03,11653.64697561031,872.3675277422249,12526.014503352535,2
2022-08-04,11698.72203811595,831.1964309214779,12529.918469037428,2
2022-08-05,11698.72203811595,831.7033877590213,12530.425425874972,2
2022-08-08,11698.72203811595,836.3837205880735,12535.105758704023,2
2022-08-09,11698.72203811595,816.5254168029555,12515.247454918905,2
2022-08-10,11757.309516394833,859.2788108000715,12616.588327194904,2
2022-08-11,11757.309516394833,854.4392609969034,12611.748777391736,2
2022-08-12,11822.903076806348,851.1965041937515,12674.099581000099,2
2022-08-15,11822.903076806348,870.509776139858,12693.412852946205,2
2022-08-16,11875.352097421022,828.2575118014585,12703.609609222482,2
2022-08-17,11875.352097421022,796.0680132051777,12671.4201106262,2
2022-08-18,11875.352097421022,814.4146952925964,12689.766792713619,2
2022-08-19,11875.352097421022,739.3553632508415,12614.707460671863,2
2022-08-22,11875.352097421022,595.7964587625071,12471.148556183529,2
2022-08-23,11875.352097421022,582.2605276614411,12457.612625082464,2
2022-08-24,11875.352097421022,608.1808522644551,12483.532949685477,2
2022-08-25,11875.352097421022,706.8001647224364,12582.15226214346,2
2022-08-26,11875.352097421022,473.28239936114187,12348.634496782164,2
2022-08-29,11675.479597260395,625.2820084334203,12300.761605693815,2
2022-08-30,11858.923584298398,383.4088389366599,12242.332423235059,1
2022-08-31,11858.923584298398,370.89629280441727,12229.819877102815,1
2022-09-01,11858.923584298398,380.04292241904096,12238.96650671744,1
2022-09-02,11858.923584298398,358.6860613792979,12217.609645677696,1
2022-09-06,11858.923584298398,349.43437328626175,12208.35795758466,1
2022-09-07,11858.923584298398,402.65445864973015,12261.578042948127,1
2022-09-08,11858.923584298398,423.5405816163066,12282.464165914706,1
2022-09-09,11908.955855625407,402.7356942112746,12311.691549836682,1
2022-09-12,11505.716748053914,823.0828347631459,12328.79958281706,2
2022-09-13,11505.716748053914,608.199870235238,12113.916618289151,2
2022-09-14,11505.716748053914,631.9972778739284,12137.714025927842,2
2022-09-15,11505.716748053914,575.8201522002025,12081.536900254116,2
2022-09-16,11505.716748053914,538.8848331437913,12044.601581197705,2
2022-09-19,11505.716748053914,580.3318088810073,12086.04855693492,2
2022-09-20,11505.716748053914,513.9220396640411,12019.638787717955,2
2022-09-21,11704.751090971984,218.49367433544273,11923.244765307427,1
2022-09-22,11896.335429279405,0,11896.335429279405,0
2022-09-23,11896.335429279405,0,11896.335429279405,0
2022-09-26,11896.335429279405,0,11896.335429279405,0
2022-09-27,11896.335429279405,0,11896.335429279405,0
2022-09-28,11896.335429279405,0,11896.335429279405,0
2022-09-29,11896.335429279405,0,11896.335429279405,0
2022-09-30,11896.335429279405,0,11896.335429279405,0
2022-10-03,11896.335429279405,0,11896.335429279405,0
2022-10-04,11896.335429279405,0,11896.335429279405,0
2022-10-05,11896.335429279405,0,11896.335429279405,0
2022-10-06,11896.335429279405,0,11896.335429279405,0
2022-10-07,11896.335429279405,0,11896.335429279405,0
2022-10-10,11896.335429279405,0,11896.335429279405,0
2022-10-11,11896.335429279405,0,11896.335429279405,0
2022-10-12,11896.335429279405,0,11896.335429279405,0
2022-10-13,11896.335429279405,0,11896.335429279405,0
2022-10-14,11896.335429279405,0,11896.335429279405,0
2022-10-17,11896.335429279405,0,11896.335429279405,0
2022-10-18,11896.335429279405,0,11896.335429279405,0
2022-10-19,11896.335429279405,0,11896.335429279405,0
2022-10-20,11896.335429279405,0,11896.335429279405,0
2022-10-21,11896.335429279405,0,11896.335429279405,0
2022-10-24,11896.335429279405,0,11896.335429279405,0
2022-10-25,11896.335429279405,0,11896.335429279405,0
2022-10-26,11896.335429279405,0,11896.335429279405,0
2022-10-27,11896.335429279405,0,11896.335429279405,0
2022-10-28,11495.74377897224,398.85928290847016,11894.60306188071,1
2022-10-31,11094.629816663764,788.890580518995,11883.52039718276,2
2022-11-01,11094.629816663764,777.3843669805856,11872.01418364435,2
2022-11-02,11094.629816663764,670.3184208088189,11764.948237472583,2
2022-11-03,11094.629816663764,623.1295626879714,11717.759379351735,2
2022-11-04,11094.629816663764,699.524537219115,11794.15435388288,2
2022-11-07,11094.629816663764,757.9543009908406,11852.584117654606,2
2022-11-08,11094.629816663764,776.0980764718773,11870.727893135641,2
2022-11-09,11094.629816663764,672.252990999543,11766.882807663307,2
2022-11-10,11610.639033322248,401.4165107337888,12012.055544056037,1
2022-11-11,11205.501754789168,829.3786054594775,12034.880360248644,2
2022-11-14,11205.501754789168,791.4492920359535,11996.951046825121,2
2022-11-15,11205.501754789168,820.1927642341602,12025.694519023327,2
2022-11-16,11205.501754789168,796.2128711905243,12001.714625979692,2
2022-11-17,11205.501754789168,788.8505934179392,11994.352348207107,2
2022-11-18,11205.501754789168,821.347470861624,12026.84922565079,2
2022-11-21,11205.501754789168,826.262163574097,12031.763918363264,2
2022-11-22,11254.975229442094,843.6720351438424,12098.647264585936,2
2022-11-23,11300.381519199005,832.6345134712404,12133.016032670246,2
2022-11-25,11300.381519199005,836.1965548962552,12136.57807409526,2
2022-11-28,11300.381519199005,756.714338860138,12057.095858059143,2
2022-11-29,11300.381519199005,755.5093540788931,12055.890873277898,2
2022-11-30,11349.2333351816,849.7265069580777,12198.959842139677,2
2022-12-01,11349.2333351816,858.9669894535411,12208.200324635141,2
2022-12-02,11349.2333351816,867.7143738063237,12216.947708987924,2
2022-12-05,11349.2333351816,776.0860408017422,12125.319375983341,2
2022-12-06,11349.2333351816,683.3017843202185,12032.535119501817,2
2022-12-07,11349.2333351816,670.9169943418374,12020.150329523436,2
2022-12-08,11349.2333351816,722.5415952200592,12071.774930401658,2
2022-12-09,11349.2333351816,676.8466706908284,12026.080005872427,2
2022-12-12,11349.2333351816,754.048840896234,12103.282176077833,2
2022-12-13,11349.2333351816,822.0129437785779,12171.246278960178,2
2022-12-14,11349.2333351816,811.5708945572428,12160.804229738842,2
2022-12-15,11349.2333351816,629.7593607553097,11978.99269593691,2
2022-12-16,11349.2333351816,541.993914816328,11891.227249997928,2
2022-12-19,11550.506573176452,256.99506431726036,11807.501637493711,1
2022-12-20,11550.506573176452,264.0594732366736,11814.566046413125,1
2022-12-21,11140.37408663257,772.6968293547316,11913.0709159873,2
2022-12-22,11140.37408663257,632.0333424453381,11772.407429077908,2
2022-12-23,11140.37408663257,701.8531320347563,11842.227218667325,2
2022-12-27,11140.37408663257,691.7541063347314,11832.1281929673,2
2022-12-28,11139.07408663257,345.91545458502964,11484.9895412176,1
2022-12-29,11139.07408663257,397.3963386360012,11536.470425268571,1
2022-12-30,11139.07408663257,391.78655921789556,11530.860645850466,1
2023-01-03,11139.07408663257,383.3662717694551,11522.440358402026,1
2023-01-04,11139.07408663257,410.3187829135308,11549.392869546102,1
2023-01-05,11139.07408663257,378.6152280282167,11517.689314660787,1
2023-01-06,11139.07408663257,445.1744602718506,11584.24854690442,1
2023-01-09,11139.07408663257,448.4705632595432,11587.544649892114,1
2023-01-10,11201.497008524386,404.9055996058456,11606.40260813023,1
2023-01-11,10793.9511292995,834.2292841867377,11628.180413486238,2
2023-01-12,10793.9511292995,878.300494620773,11672.251623920272,2
2023-01-13,10839.79149668262,852.3595429588141,11692.151039641434,2
2023-01-17,10839.79149668262,844.0340657150749,11683.825562397695,2
2023-01-18,10839.79149668262,759.8352821634521,11599.626778846072,2
2023-01-19,10839.79149668262,718.0065297196876,11557.798026402306,2
2023-01-20,10839.79149668262,828.7532174519299,11668.544714134548,2
2023-01-23,10889.925673690595,838.3984686181713,11728.324142308767,2
2023-01-24,10889.925673690595,846.9865167320627,11736.912190422658,2
2023-01-25,10889.925673690595,851.7063641477399,11741.632037838335,2
2023-01-26,10942.863763468484,846.8300419691218,11789.693805437606,2
2023-01-27,10942.863763468484,862.9755039858644,11805.839267454348,2
2023-01-30,10942.863763468484,797.1905129052715,11740.054276373756,2
2023-01-31,10942.863763468484,871.2969391120212,11814.160702580504,2
2023-02-01,11004.198258960141,863.5061950548061,11867.704454014947,2
2023-02-02,11061.977934458382,846.6166347822515,11908.594569240633,2
2023-02-03,11061.977934458382,808.7969956868029,11870.774930145186,2
2023-02-06,11061.977934458382,772.7767211503703,11834.754655608753,2
2023-02-07,11061.977934458382,848.4511340017107,11910.429068460093,2
2023-02-08,11061.977934458382,785.7972157405896,11847.775150198971,2
2023-02-09,11061.977934458382,727.848404160477,11789.82633861886,2
2023-02-10,11061.977934458382,745.7271743867267,11807.705108845108,2
2023-02-13,11061.977934458382,821.6280845836145,11883.606019041996,2
2023-02-14,11061.977934458382,842.9735582318244,11904.951492690207,2
2023-02-15,11061.977934458382,870.2955010904102,11932.273435548792,2
2023-02-16,11061.977934458382,774.6512624566435,11836.629196915026,2
2023-02-17,11061.977934458382,763.716124682783,11825.694059141166,2
2023-02-21,11061.977934458382,606.8660405720564,11668.843975030439,2
2023-02-22,11061.977934458382,599.5576872989631,11661.535621757344,2
2023-02-23,11061.977934458382,656.8826655772298,11718.860600035612,2
2023-02-24,11061.977934458382,558.7072681761881,11620.68520263457,2
2023-02-27,11061.977934458382,602.1983728055816,11664.176307263964,2
2023-02-28,11061.977934458382,571.9994466850977,11633.97738114348,2
2023-03-01,11275.852522851026,299.39327293274687,11575.245795783772,1
2023-03-02,11275.852522851026,359.37078243370877,11635.223305284735,1
2023-03-03,11324.331024187524,408.3516195237827,11732.682643711307,1
2023-03-06,10915.44491870266,820.9565233022779,11736.401442004939,2
2023-03-07,10915.44491870266,733.864420970599,11649.309339673258,2
2023-03-08,10915.44491870266,749.9018691897106,11665.346787892371,2
2023-03-09,10915.44491870266,614.7833848621317,11530.228303564792,2
2023-03-10,10915.44491870266,525.0726367657734,11440.517555468434,2
2023-03-13,10915.44491870266,513.9093217301365,11429.354240432796,2
2023-03-14,10915.44491870266,617.3773928167066,11532.822311519367,2
2023-03-15,10915.44491870266,567.3790695047416,11482.823988207401,2
2023-03-16,10915.44491870266,688.7487369985479,11604.193655701209,2
2023-03-17,10915.44491870266,609.3079131854822,11524.752831888143,2
2023-03-20,10915.44491870266,679.6169823421949,11595.061901044855,2
2023-03-21,10915.44491870266,788.6445514558332,11704.089470158493,2
2023-03-22,10915.44491870266,677.7544591246383,11593.199377827299,2
2023-03-23,10915.44491870266,699.7849937768806,11615.22991247954,2
2023-03-24,10915.44491870266,751.776528023214,11667.221446725875,2
2023-03-27,10915.44491870266,796.1043871230609,11711.549305825722,2
2023-03-28,10915.44491870266,800.455391535327,11715.900310237987,2
2023-03-29,10964.7881677311,854.555841829983,11819.344009561082,2
2023-03-30,11024.041092014855,825.2710270742696,11849.312119089125,2
2023-03-31,11024.041092014855,888.1387921244211,11912.179884139276,2
2023-04-03,11072.710054159761,860.3834124587034,11933.093466618464,2
2023-04-04,11072.710054159761,833.9279561136229,11906.638010273384,2
2023-04-05,11072.710054159761,825.2125618346462,11897.922615994406,2
2023-04-06,11072.710054159761,853.1517369109154,11925.861791070676,2
2023-04-10,11115.542907931147,819.2268100826595,11934.769718013806,2
2023-04-11,11115.542907931147,820.8253790527679,11936.368286983914,2
2023-04-12,11115.542907931147,804.1780178602828,11919.72092579143,2
2023-04-13,11115.542907931147,885.2307558305504,12000.773663761698,2
2023-04-14,11115.542907931147,890.876607942205,12006.419515873353,2
2023-04-17,11616.543713909241,412.1239525492165,12028.667666458457,1
2023-04-18,11206.780869222626,825.4972698286458,12032.278139051272,2
2023-04-19,11206.780869222626,833.7433512505888,12040.524220473215,2
2023-04-20,11206.780869222626,794.9244145805416,12001.705283803169,2
2023-04-21,11206.780869222626,808.8986944600734,12015.6795636827,2
2023-04-24,11206.780869222626,822.189192643576,12028.970061866203,2
2023-04-25,11206.780869222626,702.9053852742948,11909.68625449692,2
2023-04-26,11206.780869222626,678.3551547125385,11885.136023935165,2
2023-04-27,11206.780869222626,829.6604795484704,12036.441348771097,2
2023-04-28,11206.780869222626,894.1652458832234,12100.94611510585,2
2023-05-01,11206.780869222626,901.4907720954689,12108.271641318095,2
2023-05-02,11206.780869222626,819.9000030847358,12026.680872307363,2
2023-05-03,11206.780869222626,770.8364467008792,11977.617315923506,2
2023-05-04,11206.780869222626,702.1858181861887,11908.966687408814,2
2023-05-05,11206.780869222626,869.5323650802414,12076.313234302868,2
2023-05-08,11206.780869222626,895.178966137167,12101.959835359794,2
2023-05-09,11206.780869222626,866.3350102311633,12073.11587945379,2
2023-05-10,11254.16971461847,860.2659763704913,12114.435690988961,2
2023-05-11,11254.16971461847,857.0729437059449,12111.242658324416,2
2023-05-12,11254.16971461847,853.0121892361713,12107.181903854642,2
2023-05-15,11316.256432205682,822.9049447534386,12139.16137695912,2
2023-05-16,11316.256432205682,779.9005890891948,12096.157021294877,2
2023-05-17,11316.256432205682,859.2490449831331,12175.505477188815,2
2023-05-18,11365.526023223663,860.3994750147599,12225.925498238423,2
2023-05-19,11365.526023223663,845.7212928483614,12211.247316072026,2
2023-05-22,11365.526023223663,850.5379988400073,12216.06402206367,2
2023-05-23,11365.526023223663,778.5186859703906,12144.044709194053,2
2023-05-24,11365.526023223663,722.0188530368688,12087.544876260532,2
2023-05-25,11365.526023223663,785.5117837113283,12151.037806934992,2
2023-05-26,11412.592079626585,819.3897500590801,12231.981829685665,2
2023-05-30,11412.592079626585,841.550112421691,12254.142192048277,2
2023-05-31,11412.592079626585,805.6404427371135,12218.232522363698,2
2023-06-01,11412.592079626585,894.3240277050293,12306.916107331615,2
2023-06-02,11952.992281889727,415.0844445745697,12368.076726464296,1
2023-06-05,11536.3459098094,827.9109423323177,12364.256852141718,2
2023-06-06,11536.3459098094,857.4388350139095,12393.78474482331,2
2023-06-07,11536.3459098094,839.3628266515386,12375.70873646094,2
2023-06-08,11536.3459098094,881.6032281772018,12417.949137986603,2
2023-06-09,11536.3459098094,887.4895192971551,12423.835429106555,2
2023-06-12,12037.233241939042,414.4962917486325,12451.729533687674,1
2023-06-13,11625.329785730271,847.2483724870478,12472.578158217319,2
2023-06-14,11625.329785730271,866.947499063692,12492.277284793963,2
2023-06-15,11673.247313700384,861.2020303963561,12534.44934409674,2
2023-06-16,11673.247313700384,861.9134503936727,12535.160764094057,2
2023-06-20,11673.247313700384,841.7498981167248,12514.997211817108,2
2023-06-21,11673.247313700384,823.2293191138183,12496.476632814201,2
2023-06-22,11673.247313700384,856.5864615692597,12529.833775269643,2
2023-06-23,11673.247313700384,796.7911960038905,12470.038509704274,2
2023-06-26,11673.247313700384,757.9121168682591,12431.159430568643,2
2023-06-27,11673.247313700384,856.9922922417192,12530.239605942103,2
2023-06-28,11673.247313700384,864.6889597854021,12537.936273485786,2
2023-06-29,11726.18520689999,838.7889576875367,12564.974164587527,2
2023-06-30,11776.747589356151,855.5925748490025,12632.340164205154,2
2023-07-03,11776.747589356151,871.0638802945691,12647.81146965072,2
2023-07-05,11776.747589356151,856.4788409152534,12633.226430271405,2
2023-07-06,11776.747589356151,790.953196122063,12567.700785478215,2
2023-07-07,11776.747589356151,784.2920366359828,12561.039625992134,2
2023-07-10,11776.747589356151,808.3073685196553,12585.054957875807,2
2023-07-11,11776.747589356151,858.9685586104181,12635.71614796657,2
2023-07-12,11835.123737817128,859.8873289719925,12695.01106678912,2
2023-07-13,11890.913579715201,846.2931818667535,12737.206761581954,2
2023-07-14,11890.913579715201,848.299630450395,12739.213210165595,2
2023-07-17,11890.913579715201,876.0913873317609,12767.004967046962,2
2023-07-18,11940.966961039143,862.2116132828766,12803.178574322019,2
2023-07-19,11940.966961039143,869.595526384699,12810.562487423842,2
2023-07-20,11940.966961039143,830.6022545121017,12771.569215551244,2
2023-07-21,11940.966961039143,842.7821841338919,12783.749145173035,2
2023-07-24,11940.966961039143,871.4223762890018,12812.389337328144,2
2023-07-25,11988.559947096688,840.0858907812633,12828.645837877952,2
2023-07-26,11988.559947096688,854.6799724710311,12843.239919567719,2
2023-07-27,11988.559947096688,794.6573633902503,12783.217310486938,2
2023-07-28,11988.559947096688,878.163221829034,12866.723168925722,2
2023-07-31,11988.559947096688,891.8645589941782,12880.424506090867,2
2023-08-01,11988.559947096688,876.594033161816,12865.153980258505,2
2023-08-02,11988.559947096688,751.5809329165137,12740.140880013201,2
2023-08-03,11988.559947096688,737.4907686352387,12726.050715731926,2
2023-08-04,11988.559947096688,681.9906767390207,12670.550623835708,2
2023-08-07,11988.559947096688,788.759265340903,12777.319212437591,2
2023-08-08,11988.559947096688,755.1101995237516,12743.67014662044,2
2023-08-09,11988.559947096688,692.2459572295224,12680.805904326211,2
2023-08-10,11988.559947096688,701.139746428862,12689.69969352555,2
2023-08-11,11988.559947096688,707.3096970722063,12695.869644168895,2
2023-08-14,11988.559947096688,795.729975098817,12784.289922195505,2
2023-08-15,11988.559947096688,639.4945545279114,12628.0545016246,2
2023-08-16,11988.559947096688,530.6228908438385,12519.182837940527,2
2023-08-17,12395.831900981562,0,12395.831900981562,0
2023-08-18,12395.831900981562,0,12395.831900981562,0
2023-08-21,12395.831900981562,0,12395.831900981562,0
2023-08-22,12395.831900981562,0,12395.831900981562,0
2023-08-23,12395.831900981562,0,12395.831900981562,0
2023-08-24,12395.831900981562,0,12395.831900981562,0
2023-08-25,12395.831900981562,0,12395.831900981562,0
2023-08-28,12395.831900981562,0,12395.831900981562,0
2023-08-29,11979.9937361242,414.3626264842659,12394.356362608465,1
2023-08-30,11568.526721913437,841.5727966476261,12410.099518561063,2
2023-08-31,11568.526721913437,840.9305204136145,12409.457242327051,2
2023-09-01,11568.526721913437,863.0460201318698,12431.572742045306,2
2023-09-05,11568.526721913437,834.6068593691307,12403.133581282567,2
2023-09-06,11568.526721913437,782.8398088478224,12351.36653076126,2
2023-09-07,11568.526721913437,762.5166752671148,12331.04339718055,2
2023-09-08,11568.526721913437,786.4578702746378,12354.984592188075,2
2023-09-11,11568.526721913437,848.7933702068908,12417.320092120328,2
2023-09-12,11568.526721913437,804.0230082193432,12372.54973013278,2
2023-09-13,11568.526721913437,831.6593947040119,12400.18611661745,2
2023-09-14,11616.000768182479,855.0383441477713,12471.03911233025,2
2023-09-15,11616.000768182479,747.8817298812601,12363.88249806374,2
2023-09-18,11616.000768182479,762.4955158040834,12378.496283986562,2
2023-09-19,11616.000768182479,745.4772294419797,12361.477997624459,2
2023-09-20,11616.000768182479,641.1897942889112,12257.19056247139,2
2023-09-21,12072.449560310686,0,12072.449560310686,0
2023-09-22,12072.449560310686,0,12072.449560310686,0
2023-09-25,12072.449560310686,0,12072.449560310686,0
2023-09-26,12072.449560310686,0,12072.449560310686,0
2023-09-27,12072.449560310686,0,12072.449560310686,0
2023-09-28,12072.449560310686,0,12072.449560310686,0
2023-09-29,12072.449560310686,0,12072.449560310686,0
2023-10-02,12072.449560310686,0,12072.449560310686,0
2023-10-03,12072.449560310686,0,12072.449560310686,0
2023-10-04,12072.449560310686,0,12072.449560310686,0
2023-10-05,12072.449560310686,0,12072.449560310686,0
2023-10-06,12072.449560310686,0,12072.449560310686,0
2023-10-09,12072.449560310686,0,12072.449560310686,0
2023-10-10,12072.449560310686,0,12072.449560310686,0
2023-10-11,12072.449560310686,0,12072.449560310686,0
2023-10-12,12072.449560310686,0,12072.449560310686,0
2023-10-13,12072.449560310686,0,12072.449560310686,0
2023-10-16,12072.449560310686,0,12072.449560310686,0
2023-10-17,12072.449560310686,0,12072.449560310686,0
2023-10-18,12072.449560310686,0,12072.449560310686,0
2023-10-19,12072.449560310686,0,12072.449560310686,0
2023-10-20,12072.449560310686,0,12072.449560310686,0
2023-10-23,12072.449560310686,0,12072.449560310686,0
2023-10-24,12072.449560310686,0,12072.449560310686,0
2023-10-25,12072.449560310686,0,12072.449560310686,0
2023-10-26,12072.449560310686,0,12072.449560310686,0
2023-10-27,12072.449560310686,0,12072.449560310686,0
2023-10-30,12072.449560310686,0,12072.449560310686,0
2023-10-31,12072.449560310686,0,12072.449560310686,0
2023-11-01,12072.449560310686,0,12072.449560310686,0
2023-11-02,12072.449560310686,0,12072.449560310686,0
2023-11-03,11657.15783885445,414.44411191469044,12071.60195076914,1
2023-11-06,11243.388853307508,836.7861010816077,12080.174954389116,2
2023-11-07,11243.388853307508,856.1893364232808,12099.578189730788,2
2023-11-08,11243.388853307508,870.51193369143,12113.900786998938,2
2023-11-09,11243.388853307508,815.2899191910685,12058.678772498577,2
2023-11-10,11292.232319113462,862.8528464370042,12155.085165550467,2
2023-11-13,11292.232319113462,858.3242647655087,12150.55658387897,2
2023-11-14,11823.608883422847,408.91319090556874,12232.522074328415,1
2023-11-15,11408.641238180588,828.3365881600013,12236.97782634059,2
2023-11-16,11408.641238180588,835.6682980387596,12244.309536219347,2
2023-11-17,11408.641238180588,855.1342978074806,12263.775535988068,2
2023-11-20,11446.593706938844,867.3678077948998,12313.961514733743,2
2023-11-21,11446.593706938844,860.6862188569216,12307.279925795765,2
2023-11-22,11495.744144837261,841.3601374627988,12337.10428230006,2
2023-11-24,11495.744144837261,858.4083224359716,12354.152467273232,2
2023-11-27,11495.744144837261,851.3937530633953,12347.137897900657,2
2023-11-28,11495.744144837261,860.9821641197484,12356.72630895701,2
2023-11-29,11495.744144837261,853.0672569170079,12348.811401754268,2
2023-11-30,11495.744144837261,880.725797558894,12376.469942396156,2
2023-12-01,11546.280621144564,866.480345094697,12412.76096623926,2
2023-12-04,11546.280621144564,834.6586419030459,12380.93926304761,2
2023-12-05,11546.280621144564,838.7048891939137,12384.985510338478,2
2023-12-06,11546.280621144564,811.9647065937884,12358.245327738352,2
2023-12-07,11584.693432756141,827.7928256136796,12412.486258369821,2
2023-12-08,11584.693432756141,870.2981095085242,12454.991542264666,2
2023-12-11,11584.693432756141,896.6640771759061,12481.357509932048,2
2023-12-12,12095.099902300595,416.61244771598615,12511.712350016582,1
2023-12-13,11677.420322698707,870.5718456998688,12547.992168398576,2
2023-12-14,11718.571256028587,838.2516548436585,12556.822910872244,2
2023-12-15,11718.571256028587,844.6186761368679,12563.189932165455,2
2023-12-18,11718.571256028587,875.454787465562,12594.026043494148,2
2023-12-19,11718.571256028587,909.039045165969,12627.610301194556,2
2023-12-20,11718.571256028587,803.6911166844988,12522.262372713085,2
2023-12-21,11718.571256028587,873.0134309049056,12591.584686933493,2
2023-12-22,11718.571256028587,896.5713749963622,12615.142631024948,2
2023-12-26,12234.633520551995,412.3447898743322,12646.978310426328,1
2023-12-27,11818.06085925407,839.1794076615582,12657.240266915629,2
2023-12-28,11818.06085925407,843.576308640244,12661.637167894314,2
2023-12-29,11818.06085925407,828.3353736692675,12646.396232923338,2
2024-01-02,11818.06085925407,784.6436786377467,12602.704537891817,2
2024-01-03,11818.06085925407,706.1014462461187,12524.16230550019,2
2024-01-04,11818.06085925407,675.8115935061255,12493.872452760195,2
2024-01-05,11818.06085925407,706.1256352463217,12524.186494500393,2
2024-01-08,11818.06085925407,843.3362042864303,12661.3970635405,2
2024-01-09,11818.06085925407,842.9610676920895,12661.02192694616,2
2024-01-10,11818.06085925407,888.6527095706065,12706.713568824676,2
2024-01-11,11818.06085925407,894.053441371441,12712.114300625512,2
2024-01-12,11818.06085925407,899.2283386603589,12717.28919791443,2
2024-01-16,11818.06085925407,879.3510672922239,12697.411926546294,2
2024-01-17,11818.06085925407,825.2177846466878,12643.278643900758,2
2024-01-18,11863.316661132783,862.5597125918908,12725.876373724674,2
2024-01-19,11935.72290882813,863.5488656293867,12799.271774457517,2
2024-01-22,11982.234374345191,836.14911231467,12818.38348665986,2
2024-01-23,11982.234374345191,868.6852235291767,12850.919597874368,2
2024-01-24,11982.234374345191,865.1393997831469,12847.373774128338,2
2024-01-25,11982.234374345191,890.0019512778051,12872.236325622996,2
2024-01-26,11982.234374345191,893.4834700049649,12875.717844350156,2
2024-01-29,12496.304081344899,411.9424530726363,12908.246534417534,1
2024-01-30,12082.65064029337,826.9613347893795,12909.61197508275,2
2024-01-31,12082.65064029337,695.0299816088943,12777.680621902264,2
2024-02-01,12082.65064029337,797.4604535794242,12880.111093872794,2
2024-02-02,12082.65064029337,865.4516928198419,12948.102333113213,2
2024-02-05,12082.65064029337,861.256696754019,12943.907337047389,2
2024-02-06,12082.65064029337,888.6691110084406,12971.319751301811,2
2024-02-07,12602.155552666814,409.1650602191109,13011.320612885926,1
2024-02-08,12189.629873875327,824.2399826976083,13013.869856572936,2
2024-02-09,12189.629873875327,859.4079080250588,13049.037781900386,2
2024-02-12,12189.629873875327,844.870608984018,13034.500482859345,2
2024-02-13,12189.629873875327,724.3798189906258,12914.009692865953,2
2024-02-14,12189.629873875327,817.4435982575716,13007.073472132899,2
2024-02-15,12189.629873875327,863.185650188273,13052.8155240636,2
2024-02-16,12189.629873875327,833.7286850267368,13023.358558902064,2
2024-02-20,12189.629873875327,788.543971384405,12978.173845259731,2
2024-02-21,12189.629873875327,803.817545906169,12993.447419781496,2
2024-02-22,12710.694558208168,411.7791395959941,13122.473697804162,1
2024-02-23,12299.476376031524,831.0233955461242,13130.499771577648,2
2024-02-26,12299.476376031524,816.6263220906131,13116.102698122137,2
2024-02-27,12299.476376031524,836.0640451010397,13135.540421132564,2
2024-02-28,12299.476376031524,821.2739196691047,13120.750295700629,2
2024-02-29,12299.476376031524,864.1803804329996,13163.656756464523,2
2024-03-01,12346.888339485624,862.0668958625665,13208.95523534819,2
2024-03-04,12346.888339485624,857.9010275745702,13204.789367060193,2
2024-03-05,12346.888339485624,778.663272649618,13125.551612135241,2
2024-03-06,12346.888339485624,816.2353937477939,13163.123733233419,2
2024-03-07,12391.685612940404,832.126590580652,13223.812203521056,2
2024-03-08,12391.685612940404,789.020979077533,13180.706592017938,2
2024-03-11,12391.685612940404,783.4289841531074,13175.114597093512,2
2024-03-12,12391.685612940404,879.6478974195054,13271.33351035991,2
2024-03-13,12391.685612940404,874.6323788577882,13266.317991798192,2
2024-03-14,12391.685612940404,850.5416665666567,13242.22727950706,2
2024-03-15,12391.685612940404,810.9264180815501,13202.612031021954,2
2024-03-18,12391.685612940404,869.0706864677409,13260.756299408145,2
2024-03-19,12441.697141455123,860.5109302473338,13302.208071702456,2
2024-03-20,12506.419723294664,852.4357694037021,13358.855492698367,2
2024-03-21,12506.419723294664,874.9993464684508,13381.419069763115,2
2024-03-22,12506.419723294664,867.9657853152448,13374.38550860991,2
2024-03-25,12506.419723294664,857.8303077328286,13364.250031027494,2
2024-03-26,12506.419723294664,843.1352179414148,13349.55494123608,2
2024-03-27,12557.18339565673,849.4783919414836,13406.661787598214,2
2024-03-28,12557.18339565673,855.1170731207335,13412.300468777463,2
2024-04-01,12557.18339565673,845.2002453060601,13402.38364096279,2
2024-04-02,12557.18339565673,781.5472196393969,13338.730615296126,2
2024-04-03,12557.18339565673,798.3381380623086,13355.521533719038,2
2024-04-04,12557.18339565673,671.6442150458249,13228.827610702554,2
2024-04-05,12557.18339565673,769.8656938580698,13327.0490895148,2
2024-04-08,12557.18339565673,794.0717132914458,13351.255108948175,2
2024-04-09,12557.18339565673,814.4648703292155,13371.648265985945,2
2024-04-10,12557.18339565673,724.4398611128133,13281.623256769542,2
2024-04-11,12557.18339565673,810.99246417619,13368.17585983292,2
2024-04-12,12557.18339565673,643.9562131319377,13201.139608788668,2
2024-04-15,12557.18339565673,506.8648220086601,13064.04821766539,2
2024-04-16,12787.738704457144,249.58396016498057,13037.322664622125,1
2024-04-17,12990.290141041782,0,12990.290141041782,0
2024-04-18,12990.290141041782,0,12990.290141041782,0
2024-04-19,12990.290141041782,0,12990.290141041782,0
2024-04-22,12990.290141041782,0,12990.290141041782,0
2024-04-23,12990.290141041782,0,12990.290141041782,0
2024-04-24,12990.290141041782,0,12990.290141041782,0
2024-04-25,12990.290141041782,0,12990.290141041782,0
2024-04-26,12990.290141041782,0,12990.290141041782,0
2024-04-29,12990.290141041782,0,12990.290141041782,0
2024-04-30,12990.290141041782,0,12990.290141041782,0
2024-05-01,12990.290141041782,0,12990.290141041782,0
2024-05-02,12990.290141041782,0,12990.290141041782,0
2024-05-03,12990.290141041782,0,12990.290141041782,0
2024-05-06,12579.564051506086,409.2226699481131,12988.786721454198,1
2024-05-07,12169.014061577467,826.802282526934,12995.816344104402,2
2024-05-08,12169.014061577467,834.0002981461175,13003.014359723584,2
2024-05-09,12169.014061577467,872.902166827884,13041.916228405351,2
2024-05-10,12169.014061577467,887.4076406713491,13056.421702248816,2
2024-05-13,12169.014061577467,876.9089600256152,13045.923021603083,2
2024-05-14,12211.262838017961,862.6828540604442,13073.945692078405,2
2024-05-15,12275.658744945513,867.1842381404737,13142.842983085986,2
2024-05-16,12275.658744945513,858.8299705974016,13134.488715542915,2
2024-05-17,12321.31262443195,827.7472950864507,13149.0599195184,2
2024-05-20,12321.31262443195,839.4193406872816,13160.731965119232,2
2024-05-21,12321.31262443195,864.9127912965831,13186.225415728533,2
2024-05-22,12321.31262443195,841.5400900466011,13162.852714478551,2
2024-05-23,12321.31262443195,779.1643816804353,13100.477006112385,2
2024-05-24,12321.31262443195,852.8091655653966,13174.121789997347,2
2024-05-28,12321.31262443195,850.7486478472948,13172.061272279245,2
2024-05-29,12321.31262443195,772.9281246669516,13094.240749098903,2
2024-05-30,12321.31262443195,719.9133959109048,13041.226020342854,2
2024-05-31,12321.31262443195,823.0981022661155,13144.410726698066,2
2024-06-03,12321.31262443195,845.1251015265982,13166.437725958549,2
2024-06-04,12321.31262443195,862.4312483345776,13183.743872766529,2
2024-06-05,12854.58180138927,409.52812912311884,13264.109930512388,1
2024-06-06,12443.652139095568,820.0656225464186,13263.717761641987,2
2024-06-07,12443.652139095568,822.3642193891194,13266.016358484687,2
2024-06-10,12443.652139095568,838.6362834779533,13282.288422573522,2
2024-06-11,12443.652139095568,857.1172102035995,13300.769349299168,2
2024-06-12,12948.24950516377,412.1555051842961,13360.405010348066,1
2024-06-13,12532.51767224382,837.132166843817,13369.649839087637,2
2024-06-14,12532.51767224382,822.7548774083673,13355.272549652187,2
2024-06-17,12532.51767224382,877.1008443325322,13409.61851657635,2
2024-06-18,12532.51767224382,901.9363662661689,13434.454038509988,2
2024-06-20,12532.51767224382,877.6189095279562,13410.136581771776,2
2024-06-21,12532.51767224382,873.9851363725251,13406.502808616344,2
2024-06-24,12532.51767224382,865.2616809226188,13397.779353166437,2
2024-06-25,12532.51767224382,901.7139858639496,13434.231658107768,2
2024-06-26,12582.480263170019,866.4859129261174,13448.966176096135,2
2024-06-27,12632.537872026403,827.8976533599575,13460.435525386361,2
2024-06-28,12632.537872026403,797.5850261631947,13430.122898189598,2
2024-07-01,12632.537872026403,830.2440120641577,13462.78188409056,2
2024-07-02,12632.537872026403,877.648887693794,13510.186759720198,2
2024-07-03,12673.537283246675,863.6725953476081,13537.209878594284,2
2024-07-05,12724.596963792956,838.2453678351311,13562.842331628086,2
2024-07-08,12724.596963792956,855.8390307189619,13580.435994511918,2
2024-07-09,12724.596963792956,860.8972927408793,13585.494256533835,2
2024-07-10,12777.19873008275,855.8765029409883,13633.075233023737,2
2024-07-11,12777.19873008275,800.4265283871987,13577.625258469949,2
2024-07-12,12777.19873008275,849.4598859860446,13626.658616068795,2
2024-07-15,12777.19873008275,864.4386871851352,13641.637417267884,2
2024-07-16,12830.34630067751,844.5982336295806,13674.94453430709,2
2024-07-17,12830.34630067751,726.6586122990943,13557.004912976603,2
2024-07-18,12830.34630067751,648.1579178716828,13478.504218549191,2
2024-07-19,12830.34630067751,585.5437649892849,13415.890065666794,2
2024-07-22,12830.34630067751,698.1377221224179,13528.484022799927,2
2024-07-23,12830.34630067751,689.2734972610128,13519.619797938522,2
2024-07-24,13053.045563413605,234.76073382872755,13287.806297242332,1
2024-07-25,13262.450960217404,0,13262.450960217404,0
2024-07-26,12854.404277413434,406.2723688342331,13260.676646247668,1
2024-07-29,12447.42889854681,816.808687814293,13264.237586361103,2
2024-07-30,12447.42889854681,777.1585996947167,13224.587498241526,2
2024-07-31,12447.42889854681,877.327871077415,13324.756769624226,2
2024-08-01,12447.42889854681,781.6999115526855,13229.128810099495,2
2024-08-02,12447.42889854681,633.0625319623692,13080.491430509179,2
2024-08-05,12447.42889854681,458.0885358255131,12905.517434372323,2
2024-08-06,12447.42889854681,509.30115814709893,12956.730056693908,2
2024-08-07,12447.42889854681,466.74997597046115,12914.17887451727,2
2024-08-08,12447.42889854681,611.545985031438,13058.974883578248,2
2024-08-09,12447.42889854681,668.7946692941608,13116.22356784097,2
2024-08-12,12447.42889854681,675.9016593299606,13123.33055787677,2
2024-08-13,12447.42889854681,827.0733246629604,13274.50222320977,2
2024-08-14,12447.42889854681,883.1238065607586,13330.55270510757,2
2024-08-15,13000.718330081669,405.4723288388743,13406.190658920543,1
2024-08-16,12589.544036542016,825.4892250988178,13415.033261640834,2
2024-08-19,12589.544036542016,886.3449430445144,13475.88897958653,2
2024-08-20,12589.544036542016,860.7795259967844,13450.3235625388,2
2024-08-21,12589.544036542016,877.7414726930452,13467.285509235062,2
2024-08-22,12589.544036542016,818.7045191253176,13408.248555667335,2
2024-08-23,12635.762368253809,852.4120548533318,13488.17442310714,2
2024-08-26,12635.762368253809,842.5784991849206,13478.34086743873,2
2024-08-27,12679.552046083088,818.4447910894178,13497.996837172506,2
2024-08-28,12679.552046083088,760.7726795227279,13440.324725605817,2
2024-08-29,12679.552046083088,784.7402579972993,13464.292304080387,2
2024-08-30,12679.552046083088,857.3609121466511,13536.91295822974,2
2024-09-03,12679.552046083088,665.0446480414416,13344.59669412453,2
2024-09-04,12679.552046083088,652.1142463983267,13331.666292481415,2
2024-09-05,12679.552046083088,644.4732922869946,13324.025338370084,2
2024-09-06,12679.552046083088,507.96013157106756,13187.512177654156,2
2024-09-09,12679.552046083088,610.2025657026786,13289.754611785767,2
2024-09-10,12679.552046083088,653.2931161828259,13332.845162265914,2
2024-09-11,12679.552046083088,760.5286894498619,13440.08073553295,2
2024-09-12,12679.552046083088,830.6588023843631,13510.210848467452,2
2024-09-13,12679.552046083088,879.1064916863086,13558.658537769397,2
2024-09-16,12729.107350026203,848.6506685254006,13577.758018551604,2
2024-09-17,12729.107350026203,848.6780228178411,13577.785372844044,2
2024-09-18,12729.107350026203,830.0746019148776,13559.18195194108,2
2024-09-19,12807.940878618663,850.5564983230051,13658.497376941668,2
2024-09-20,12807.940878618663,847.2353994308455,13655.176278049508,2
2024-09-23,12858.634283196196,820.5253529617124,13679.159636157909,2
2024-09-24,12858.634283196196,845.1332023526646,13703.76748554886,2
2024-09-25,12858.634283196196,838.2163828567002,13696.850666052896,2
2024-09-26,12858.634283196196,863.2461219398565,13721.880405136053,2
2024-09-27,12858.634283196196,835.9137174311513,13694.548000627346,2
2024-09-30,12858.634283196196,871.9170698169257,13730.551353013121,2
2024-10-01,12858.634283196196,792.1596531703244,13650.793936366521,2
2024-10-02,12858.634283196196,801.9424511325639,13660.576734328759,2
2024-10-03,12858.634283196196,777.0160649379804,13635.650348134175,2
2024-10-04,12858.634283196196,846.4121088377766,13705.046392033972,2
2024-10-07,12858.634283196196,769.1770424942661,13627.811325690462,2
2024-10-08,12858.634283196196,842.0032461312893,13700.637529327485,2
2024-10-09,12906.84791371472,836.9631410347622,13743.811054749483,2
2024-10-10,12906.84791371472,831.5431053641333,13738.391019078854,2
2024-10-11,12906.84791371472,867.5547010132354,13774.402614727956,2
2024-10-14,12979.331272255331,842.6262763718669,13821.957548627197,2
2024-10-15,12979.331272255331,801.7553629994736,13781.086635254804,2
2024-10-16,12979.331272255331,838.7565740902226,13818.087846345554,2
2024-10-17,12979.331272255331,847.6256608668614,13826.956933122192,2
2024-10-18,13033.218681658205,825.0160081572261,13858.234689815432,2
2024-10-21,13033.218681658205,821.7093281482335,13854.92800980644,2
2024-10-22,13033.218681658205,825.3353518651238,13858.554033523329,2
2024-10-23,13033.218681658205,765.7420195268301,13798.960701185035,2
2024-10-24,13033.218681658205,783.5586235981496,13816.777305256355,2
2024-10-25,13033.218681658205,770.4931583240623,13803.711839982268,2
2024-10-28,13033.218681658205,804.5288703660262,13837.747552024231,2
2024-10-29,13033.218681658205,824.0637004229882,13857.282382081194,2
2024-10-30,13033.218681658205,798.1484145513391,13831.367096209544,2
2024-10-31,13033.218681658205,655.5788750654017,13688.797556723606,2
2024-11-01,13033.218681658205,697.7826849050672,13731.001366563272,2
2024-11-04,13033.218681658205,690.5042189531883,13723.722900611394,2
2024-11-05,13033.218681658205,800.5735083724176,13833.792190030623,2
2024-11-06,13590.608385271544,407.52031055981064,13998.128695831354,1
2024-11-07,13181.609298599007,843.3616844436415,14024.97098304265,2
2024-11-08,13181.609298599007,868.8640579914562,14050.473356590463,2
2024-11-11,13224.306015039347,836.6289828187703,14060.934997858118,2
2024-11-12,13224.306015039347,827.8433305089081,14052.149345548254,2
2024-11-13,13224.306015039347,844.3535330403549,14068.659548079702,2
2024-11-14,13224.306015039347,804.722389637007,14029.028404676354,2
2024-11-15,13224.306015039347,683.719934769519,13908.025949808865,2
2024-11-18,13224.306015039347,729.41520890287,13953.721223942217,2
2024-11-19,13224.306015039347,752.3605292319587,13976.666544271306,2
2024-11-20,13224.306015039347,745.3783631840878,13969.684378223434,2
2024-11-21,13224.306015039347,790.7885031288032,14015.094518168149,2
2024-11-22,13224.306015039347,843.1583354731515,14067.464350512499,2
2024-11-25,13268.654027192903,840.2046991495752,14108.858726342478,2
2024-11-26,13268.654027192903,884.477607136575,14153.131634329478,2
2024-11-27,13268.654027192903,868.1462349615487,14136.800262154451,2
2024-11-29,13324.957995380051,855.7914252810917,14180.749420661143,2
2024-12-02,13370.602149999197,833.1214297071853,14203.723579706382,2
2024-12-03,13370.602149999197,839.6383364887669,14210.240486487963,2
2024-12-04,13370.602149999197,874.1234135063521,14244.725563505548,2
2024-12-05,13370.602149999197,865.7555200968452,14236.357670096042,2
2024-12-06,13370.602149999197,896.0852621245281,14266.687412123725,2
2024-12-09,13370.602149999197,847.3180220380989,14217.920172037295,2
2024-12-10,13370.602149999197,832.5206746287065,14203.122824627902,2
2024-12-11,13370.602149999197,895.1676716162488,14265.769821615446,2
2024-12-12,13370.602149999197,862.9330715788435,14233.53522157804,2
2024-12-13,13370.602149999197,869.2329351033684,14239.835085102564,2
2024-12-16,13370.602149999197,891.3735729587074,14261.975722957905,2
2024-12-17,13370.602149999197,855.6454966025165,14226.247646601712,2
2024-12-18,13370.602149999197,545.4994863354074,13916.101636334604,2
2024-12-19,13370.602149999197,549.8028801782766,13920.405030177473,2
2024-12-20,13370.602149999197,679.3141097610743,14049.916259760272,2
2024-12-23,13370.602149999197,786.6489578670667,14157.251107866263,2
2024-12-24,13430.628084635015,855.7884002721046,14286.416484907119,2
2024-12-26,13430.628084635015,857.2066875407138,14287.834772175729,2
2024-12-27,13430.628084635015,759.9886908492635,14190.616775484279,2
2024-12-30,13430.628084635015,654.4175937577222,14085.045678392737,2
2024-12-31,13430.628084635015,609.1686289581702,14039.796713593185,2
2025-01-02,13430.628084635015,585.4520113217433,14016.080095956759,2
2025-01-03,13430.628084635015,786.1218437965015,14216.749928431516,2
2025-01-06,13522.857271569015,785.3047122617384,14308.161983830754,2
2025-01-07,13522.857271569015,686.5775898880855,14209.4348614571,2
2025-01-08,13522.857271569015,702.0682350289889,14224.925506598003,2
2025-01-10,13522.857271569015,571.1097487609919,14093.967020330007,2
2025-01-13,13522.857271569015,588.1136481237917,14110.970919692807,2
2025-01-14,13522.857271569015,602.1179249801236,14124.97519654914,2
2025-01-15,13522.857271569015,793.3644873080908,14316.221758877105,2
2025-01-16,13522.857271569015,774.8428788338174,14297.700150402832,2
2025-01-17,13522.857271569015,866.4203450044574,14389.277616573472,2
2025-01-21,14066.700135986202,405.4254730258819,14472.125609012084,1
2025-01-22,13657.398864378962,831.1722572810495,14488.57112166001,2
2025-01-23,13657.398864378962,862.580971145298,14519.97983552426,2
2025-01-24,13657.398864378962,854.336252355305,14511.735116734266,2
2025-01-27,13657.398864378962,732.1249955401441,14389.523859919105,2
2025-01-28,13657.398864378962,812.7206729704696,14470.119537349432,2
2025-01-29,13657.398864378962,785.4319422550632,14442.830806634025,2
2025-01-30,13657.398864378962,832.4614647094038,14489.860329088366,2
2025-01-31,13657.398864378962,796.1768676505799,14453.575732029542,2
2025-02-03,13657.398864378962,726.7787324457316,14384.177596824693,2
2025-02-04,13657.398864378962,799.471372046851,14456.870236425813,2
2025-02-05,13657.398864378962,851.3295626892116,14508.728427068174,2
2025-02-06,13657.398864378962,882.0671748197988,14539.46603919876,2
2025-02-07,13657.398864378962,811.3125070085048,14468.711371387466,2
2025-02-10,13657.398864378962,885.6941167076634,14543.092981086626,2
2025-02-11,13702.86111278798,843.170510767127,14546.031623555107,2
2025-02-12,13702.86111278798,833.7489586588539,14536.610071446834,2
2025-02-13,13763.5735214671,842.9865594152574,14606.560080882358,2
2025-02-14,13763.5735214671,851.1048182636919,14614.678339730792,2
2025-02-18,13763.5735214671,867.2146546868887,14630.788176153988,2
2025-02-19,13811.743864281852,832.480130201104,14644.223994482956,2
2025-02-20,13811.743864281852,804.474659474097,14616.21852375595,2
2025-02-21,13811.743864281852,660.7711068180151,14472.514971099867,2
2025-02-24,13811.743864281852,624.20655043598,14435.950414717832,2
2025-02-25,13811.743864281852,587.9417270156608,14399.685591297513,2
2025-02-26,13811.743864281852,591.9615408192982,14403.705405101151,2
2025-02-27,13811.743864281852,465.4935378447078,14277.23740212656,2
2025-02-28,13811.743864281852,589.5849407406075,14401.32880502246,2
2025-03-03,13811.743864281852,446.3502131693019,14258.094077451155,2
2025-03-04,14165.742086670387,0,14165.742086670387,0
2025-03-05,14165.742086670387,0,14165.742086670387,0
2025-03-06,14165.742086670387,0,14165.742086670387,0
2025-03-07,14165.742086670387,0,14165.742086670387,0
2025-03-10,14165.742086670387,0,14165.742086670387,0
2025-03-11,14165.742086670387,0,14165.742086670387,0
2025-03-12,14165.742086670387,0,14165.742086670387,0
2025-03-13,14165.742086670387,0,14165.742086670387,0
2025-03-14,14165.742086670387,0,14165.742086670387,0
2025-03-17,14165.742086670387,0,14165.742086670387,0
2025-03-18,14165.742086670387,0,14165.742086670387,0
2025-03-19,14165.742086670387,0,14165.742086670387,0
2025-03-20,14165.742086670387,0,14165.742086670387,0
2025-03-21,14165.742086670387,0,14165.742086670387,0
2025-03-24,14165.742086670387,0,14165.742086670387,0
2025-03-25,14165.742086670387,0,14165.742086670387,0
2025-03-26,14165.742086670387,0,14165.742086670387,0
2025-03-27,14165.742086670387,0,14165.742086670387,0
2025-03-28,14165.742086670387,0,14165.742086670387,0
2025-03-31,14165.742086670387,0,14165.742086670387,0
2025-04-01,14165.742086670387,0,14165.742086670387,0
2025-04-02,14165.742086670387,0,14165.742086670387,0
2025-04-03,14165.742086670387,0,14165.742086670387,0
2025-04-04,14165.742086670387,0,14165.742086670387,0
2025-04-07,14165.742086670387,0,14165.742086670387,0
2025-04-08,14165.742086670387,0,14165.742086670387,0
2025-04-09,14165.742086670387,0,14165.742086670387,0
2025-04-10,14165.742086670387,0,14165.742086670387,0
2025-04-11,14165.742086670387,0,14165.742086670387,0
2025-04-14,14165.742086670387,0,14165.742086670387,0
2025-04-15,14165.742086670387,0,14165.742086670387,0
2025-04-16,14165.742086670387,0,14165.742086670387,0
2025-04-17,14165.742086670387,0,14165.742086670387,0
2025-04-21,14165.742086670387,0,14165.742086670387,0
2025-04-22,14165.742086670387,0,14165.742086670387,0
2025-04-23,14165.742086670387,0,14165.742086670387,0
2025-04-24,14165.742086670387,0,14165.742086670387,0
2025-04-25,14165.742086670387,0,14165.742086670387,0
2025-04-28,14165.742086670387,0,14165.742086670387,0
2025-04-29,14165.742086670387,0,14165.742086670387,0
2025-04-30,14165.742086670387,0,14165.742086670387,0
2025-05-01,13764.383157906315,399.8589990273629,14164.242156933678,1
2025-05-02,13364.17303748874,835.0701421879294,14199.243179676669,2
2025-05-05,13364.17303748874,811.1697884544697,14175.34282594321,2
2025-05-06,13364.17303748874,772.3353579989507,14136.50839548769,2
2025-05-07,13364.17303748874,805.9465471189498,14170.11958460769,2
2025-05-08,13364.17303748874,843.8769412341856,14208.049978722926,2
2025-05-09,13364.17303748874,851.6012815236103,14215.77431901235,2
2025-05-12,13930.763826154825,404.9518115942547,14335.715637749081,1
2025-05-13,13527.612372552381,825.9145249930853,14353.526897545467,2
2025-05-14,13527.612372552381,828.1985880316682,14355.81096058405,2
2025-05-15,13527.612372552381,860.1869958958765,14387.799368448257,2
2025-05-16,13579.129032448995,844.5237392835324,14423.652771732526,2
2025-05-19,13579.129032448995,845.7634573878487,14424.892489836844,2
2025-05-20,13579.129032448995,832.015752596002,14411.144785044997,2
2025-05-21,13579.129032448995,714.9294797782545,14294.05851222725,2
2025-05-22,13579.129032448995,721.3175536816507,14300.446586130645,2
2025-05-23,13579.129032448995,665.6706564145992,14244.799688863593,2
2025-05-27,13579.129032448995,833.501230293313,14412.630262742308,2
2025-05-28,13579.129032448995,803.2613321405421,14382.390364589537,2
2025-05-29,13579.129032448995,832.3762577405305,14411.505290189525,2
2025-05-30,13579.129032448995,845.1658433607129,14424.294875809708,2
2025-06-02,13636.970326419245,825.6238855377248,14462.59421195697,2
2025-06-03,13636.970326419245,868.5143065659737,14505.484632985219,2
2025-06-04,13636.970326419245,874.8061950447279,14511.776521463973,2
2025-06-05,13636.970326419245,841.9536159321083,14478.923942351354,2
2025-06-06,13701.792967468946,848.4294124722687,14550.222379941215,2
2025-06-09,13701.792967468946,856.8691076300374,14558.662075098982,2
2025-06-10,13756.525979348695,828.8190449979923,14585.345024346687,2
2025-06-11,13756.525979348695,813.5235882850723,14570.049567633767,2
2025-06-12,13756.525979348695,825.3135232918496,14581.839502640545,2
2025-06-13,13756.525979348695,734.4474870313547,14490.97346638005,2
2025-06-16,13756.525979348695,815.4278743018182,14571.953853650513,2
2025-06-17,13756.525979348695,744.8598892616005,14501.385868610296,2
2025-06-18,13756.525979348695,763.1149542728722,14519.640933621567,2
2025-06-20,13756.525979348695,752.9303163953457,14509.456295744041,2
2025-06-23,13756.525979348695,832.4507389877311,14588.976718336426,2
2025-06-24,13817.507376793226,855.0739594086672,14672.581336201893,2
2025-06-25,13865.324575631048,819.2002533879177,14684.524829018967,2
2025-06-26,13865.324575631048,862.6650370349366,14727.989612665984,2
2025-06-27,13865.324575631048,891.1606275641645,14756.485203195212,2
2025-06-30,14369.38731922059,406.0384765100693,14775.42579573066,1
2025-07-01,13965.871417385006,806.1987106282544,14772.07012801326,2
2025-07-02,13965.871417385006,836.234737949394,14802.1061553344,2
2025-07-03,13965.871417385006,880.6151122971315,14846.486529682137,2
2025-07-07,13965.871417385006,838.6691835966872,14804.540600981692,2
2025-07-08,13965.871417385006,853.2614377561544,14819.13285514116,2
2025-07-09,13965.871417385006,897.7453711503763,14863.616788535383,2
2025-07-10,14470.911668567705,405.52433944207564,14876.436008009781,1
2025-07-11,14064.00769250637,798.0864267262149,14862.094119232584,2
2025-07-14,14064.00769250637,803.201638264477,14867.209330770846,2
2025-07-15,14064.00769250637,781.4405490551806,14845.44824156155,2
2025-07-16,14064.00769250637,806.219954265228,14870.227646771598,2
2025-07-17,14064.00769250637,848.1121948229757,14912.119887329345,2
2025-07-18,14064.00769250637,853.1486369434504,14917.15632944982,2
2025-07-21,14064.00769250637,868.9739066873386,14932.981599193708,2
2025-07-22,14064.00769250637,878.7526595260381,14942.760352032408,2
2025-07-23,14584.472643717569,406.71438568376743,14991.187029401335,1
2025-07-24,14179.58214224717,813.8621575872463,14993.444299834417,2
2025-07-25,14179.58214224717,846.0764277989256,15025.658570046096,2
2025-07-28,14179.58214224717,855.0777364671262,15034.659878714298,2
2025-07-29,14179.58214224717,827.1154664716335,15006.697608718805,2
2025-07-30,14179.58214224717,831.560515331229,15011.142657578399,2
2025-07-31,14179.58214224717,793.8373104157804,14973.41945266295,2
2025-08-01,14179.58214224717,649.0572872316335,14828.639429478804,2
2025-08-04,14179.58214224717,788.9442699054456,14968.526412152616,2
2025-08-05,14179.58214224717,755.830983898818,14935.413126145988,2
2025-08-06,14179.58214224717,824.4342178782504,15004.01636012542,2
2025-08-07,14179.58214224717,827.4537743721978,15007.035916619368,2
2025-08-08,14179.58214224717,899.6915782773193,15079.27372052449,2
2025-08-11,14179.58214224717,887.6870307518616,15067.269172999033,2
2025-08-12,14730.966105191057,404.3361063350005,15135.302211526057,1
2025-08-13,14323.628509366277,823.5879043593072,15147.216413725584,2
2025-08-14,14323.628509366277,822.4839333541795,15146.112442720456,2
2025-08-15,14323.628509366277,803.9293346042683,15127.557843970546,2
2025-08-18,14323.628509366277,814.5972005059648,15138.225709872242,2
2025-08-19,14323.628509366277,769.8898882546971,15093.518397620974,2
2025-08-20,14323.628509366277,754.0124401221944,15077.640949488472,2
2025-08-21,14323.628509366277,715.0120801845759,15038.640589550852,2
2025-08-22,14323.628509366277,859.5612182758814,15183.189727642159,2
2025-08-25,14323.628509366277,836.0263463794411,15159.654855745719,2
2025-08-26,14323.628509366277,869.8023288416962,15193.430838207973,2
2025-08-27,14323.628509366277,884.7124984846496,15208.341007850926,2
2025-08-28,14378.745835538646,855.2514862387142,15233.99732177736,2
2025-08-29,14378.745835538646,805.176736227412,15183.922571766057,2
2025-09-02,14378.745835538646,748.2042246383259,15126.950060176972,2
2025-09-03,14378.745835538646,801.384312363578,15180.130147902224,2
2025-09-04,14436.220038381089,814.2500646724784,15250.470103053567,2
2025-09-05,14436.220038381089,799.8866602959979,15236.106698677086,2
2025-09-08,14436.220038381089,824.9699687125315,15261.19000709362,2
2025-09-09,14436.220038381089,846.3169261723152,15282.536964553405,2
2025-09-10,14436.220038381089,862.2246264000552,15298.444664781144,2
2025-09-11,14941.674833803483,407.59475718576965,15349.269590989254,1
2025-09-12,14534.941254997597,812.9416992089176,15347.882954206514,2
2025-09-15,14534.941254997597,833.4199789114933,15368.36123390909,2
2025-09-16,14534.941254997597,819.2050014916873,15354.146256489284,2
2025-09-17,14534.941254997597,827.2266521006359,15362.167907098232,2
2025-09-18,14534.941254997597,857.0939128399203,15392.035167837517,2
2025-09-19,14534.941254997597,888.2166582347963,15423.157913232393,2
2025-09-22,15033.78842826007,406.0568459027934,15439.845274162863,1
2025-09-23,14629.109606482301,791.7308130431763,15420.840419525477,2
2025-09-24,14629.109606482301,785.0001711530424,15414.109777635344,2
2025-09-25,14629.109606482301,748.8910797016189,15378.000686183921,2
2025-09-26,14629.109606482301,810.0658704735281,15439.17547695583,2
2025-09-29,14629.109606482301,822.6049787175682,15451.71458519987,2
2025-09-30,14629.109606482301,846.4278419233864,15475.537448405688,2
2025-10-01,14629.109606482301,867.4657330307739,15496.575339513076,2
2025-10-02,14629.109606482301,869.4972275867322,15498.606834069033,2
2025-10-03,14629.109606482301,873.8095424012934,15502.919148883595,2
2025-10-06,14684.408260054906,850.3515424491184,15534.759802504024,2
2025-10-07,14684.408260054906,821.863251654321,15506.271511709227,2
2025-10-08,14736.98552195607,814.144236516151,15551.129758472222,2
2025-10-09,14736.98552195607,799.9882340906267,15536.973756046697,2
2025-10-10,14736.98552195607,582.1308148549605,15319.11633681103,2
2025-10-13,14736.98552195607,704.9934018134792,15441.97892376955,2
2025-10-14,14736.98552195607,680.3421044801269,15417.327626436198,2
2025-10-15,14736.98552195607,709.4156662850509,15446.401188241121,2
2025-10-16,14736.98552195607,638.210720731675,15375.196242687745,2
2025-10-17,14736.98552195607,707.8123245976826,15444.797846553753,2
2025-10-20,14736.98552195607,816.5611652373599,15553.54668719343,2
2025-10-21,14736.98552195607,826.8236877625014,15563.809209718573,2
2025-10-22,14736.98552195607,788.4569450962772,15525.442467052348,2
2025-10-23,14736.98552195607,848.6996261305492,15585.685148086619,2
2025-10-24,14787.639536361981,855.520549806198,15643.16008616818,2
2025-10-27,14861.464134822188,849.7852076932872,15711.249342515475,2
2025-10-28,14861.464134822188,854.0344755420364,15715.498610364224,2
2025-10-29,14861.464134822188,849.7282168603817,15711.19235168257,2
2025-10-30,14861.464134822188,802.4672648499546,15663.931399672143,2
2025-10-31,14861.464134822188,812.603651991202,15674.06778681339,2
2025-11-03,14861.464134822188,836.6740149782203,15698.138149800408,2
2025-11-04,14861.464134822188,748.1717520109598,15609.635886833148,2
2025-11-05,14861.464134822188,786.9398938875222,15648.40402870971,2
2025-11-06,14861.464134822188,699.634072519251,15561.09820734144,2
2025-11-07,14861.464134822188,716.2337192078382,15577.697854030026,2
2025-11-10,14861.464134822188,847.6988518766234,15709.162986698811,2
2025-11-11,14912.549113895242,815.693817186667,15728.24293108191,2
2025-11-12,14912.549113895242,820.2766303654556,15732.825744260697,2
2025-11-13,14912.549113895242,686.8373472349361,15599.386461130178,2
2025-11-14,14912.549113895242,688.1597234962868,15600.708837391529,2
2025-11-17,14912.549113895242,610.3427145452855,15522.891828440528,2
2025-11-18,14912.549113895242,542.0372049430057,15454.586318838248,2
2025-11-19,14912.549113895242,574.0274085636344,15486.576522458876,2
2025-11-20,15119.508280864558,245.84085191560234,15365.34913278016,1
2025-11-21,15119.508280864558,278.22656411105413,15397.734844975612,1
2025-11-24,15119.508280864558,342.21408383323535,15461.722364697795,1
2025-11-25,14715.045713954856,789.9617730996895,15505.007487054545,2
2025-11-26,14715.045713954856,850.89849861956,15565.944212574415,2
2025-11-28,14715.045713954856,897.3151934657004,15612.360907420556,2
2025-12-01,14715.045713954856,874.6398509046514,15589.685564859508,2
2025-12-02,14715.045713954856,901.1711605068733,15616.21687446173,2
2025-12-03,15234.880247142433,401.94211688054935,15636.822364022983,1
2025-12-04,14830.567076218429,811.7975184962902,15642.36459471472,2
2025-12-05,14830.567076218429,831.3230087173451,15661.890084935774,2
2025-12-08,14830.567076218429,801.9944610223803,15632.56153724081,2
2025-12-09,14830.567076218429,796.3037953703335,15626.870871588762,2
2025-12-10,14830.567076218429,854.9561255250878,15685.523201743517,2
2025-12-11,14830.567076218429,883.8184803483927,15714.385556566822,2
2025-12-12,14830.567076218429,813.6607342503595,15644.227810468788,2
2025-12-15,14830.567076218429,804.119559007583,15634.686635226011,2
2025-12-16,14830.567076218429,792.7195779674164,15623.286654185846,2
2025-12-17,14830.567076218429,692.9650576050989,15523.532133823528,2
2025-12-18,14830.567076218429,769.0815568897335,15599.648633108163,2
2025-12-19,14830.567076218429,866.2460121724166,15696.813088390845,2
2025-12-22,15353.099469019311,404.0947833718363,15757.194252391148,1
2025-12-23,14946.752425742869,824.7060312645772,15771.458457007446,2
2025-12-24,14946.752425742869,855.7949106455197,15802.547336388388,2
2025-12-26,14946.752425742869,857.9335178943168,15804.685943637185,2
2025-12-29,14946.752425742869,836.8149548662387,15783.567380609107,2
2025-12-30,14946.752425742869,829.5315896794222,15776.28401542229,2
2025-12-31,14946.752425742869,771.4591245923145,15718.211550335183,2
2026-01-02,14946.752425742869,800.219666547838,15746.972092290707,2
2026-01-05,14946.752425742869,850.9515893481392,15797.704015091007,2
2026-01-06,14993.194255424838,844.715485961045,15837.909741385884,2
2026-01-07,14993.194255424838,817.6136698235666,15810.807925248404,2
2026-01-08,14993.194255424838,821.1622768119042,15814.356532236743,2
2026-01-09,15041.01376184287,827.6303337762399,15868.64409561911,2
2026-01-12,15041.01376184287,835.5803648722571,15876.594126715128,2
2026-01-13,15041.01376184287,814.0143796037521,15855.028141446623,2
2026-01-14,15041.01376184287,773.0588547364064,15814.072616579277,2
2026-01-15,15041.01376184287,806.5601660932515,15847.573927936122,2
2026-01-16,15041.01376184287,805.9558809742341,15846.969642817105,2
2026-01-20,15041.01376184287,620.6779320795107,15661.691693922381,2
2026-01-21,15041.01376184287,745.1673033583404,15786.181065201212,2
2026-01-22,15041.01376184287,809.668041780769,15850.68180362364,2
2026-01-23,15041.01376184287,810.3398966768736,15851.353658519743,2
2026-01-26,15041.01376184287,861.7692779292177,15902.783039772088,2
2026-01-27,15087.62727016343,841.1190799841463,15928.746350147576,2
2026-01-28,15087.62727016343,845.4411458796201,15933.06841604305,2
2026-01-29,15087.62727016343,835.213217293753,15922.840487457182,2
2026-01-30,15087.62727016343,806.0076400045034,15893.634910167933,2
2026-02-02,15137.96548714867,819.2312780346967,15957.196765183366,2
2026-02-03,15137.96548714867,750.189961017108,15888.155448165777,2
2026-02-04,15137.96548714867,713.758270950035,15851.723758098704,2
2026-02-05,15137.96548714867,610.957638856334,15748.923126005004,2
2026-02-06,15137.96548714867,743.7516816576817,15881.71716880635,2
2026-02-09,15137.96548714867,821.061869154866,15959.027356303535,2
2026-02-10,15137.96548714867,799.6973412966965,15937.662828445365,2
2026-02-11,15137.96548714867,805.9081321471041,15943.873619295773,2
2026-02-12,15137.96548714867,666.6732477773195,15804.63873492599,2
2026-02-13,15137.96548714867,675.435228117658,15813.400715266327,2
2026-02-17,15137.96548714867,702.8542164709137,15840.819703619583,2
2026-02-18,15137.96548714867,759.236984831854,15897.202471980523,2
2026-02-19,15137.96548714867,736.8493541860204,15874.81484133469,2
2026-02-20,15137.96548714867,811.1299036287094,15949.095390777378,2
2026-02-23,15137.96548714867,729.8399190399607,15867.80540618863,2
2026-02-24,15137.96548714867,824.1060448317995,15962.07153198047,2
2026-02-25,15207.978719787769,839.7820105549001,16047.760730342668,2
2026-02-26,15207.978719787769,804.3611262192442,16012.339846007013,2
2026-02-27,15207.978719787769,766.6565614456531,15974.635281233423,2
2026-03-02,15207.978719787769,776.091588651542,15984.07030843931,2
2026-03-03,15207.978719787769,692.6918236410586,15900.670543428827,2
2026-03-04,15207.978719787769,789.1547559925541,15997.133475780323,2
2026-03-05,15207.978719787769,732.391820297785,15940.370540085554,2
2026-03-06,15207.978719787769,586.2473530039551,15794.226072791724,2
2026-03-09,15707.978719787769,321.3804238005224,16029.359143588292,1
2026-03-10,15707.978719787769,318.10536024434555,16026.084080032115,1
2026-03-11,15707.978719787769,319.01373175617493,16026.992451543943,1
2026-03-12,15707.978719787769,264.841418659222,15972.82013844699,1
2026-03-13,15707.978719787769,245.74617227326598,15953.724892061035,1
2026-03-16,15707.978719787769,286.31520458492616,15994.293924372694,1
2026-03-17,15707.978719787769,300.21410269727085,16008.19282248504,1
2026-03-18,15707.978719787769,240.16230724012075,15948.14102702789,1
2026-03-19,15707.978719787769,227.51206273367188,15935.49078252144,1
2026-03-20,15874.482110407505,0,15874.482110407505,0
2026-03-23,15874.482110407505,0,15874.482110407505,0
2026-03-24,15874.482110407505,0,15874.482110407505,0
2026-03-25,15874.482110407505,0,15874.482110407505,0
2026-03-26,15874.482110407505,0,15874.482110407505,0
2026-03-27,15874.482110407505,0,15874.482110407505,0
2026-03-30,15874.482110407505,0,15874.482110407505,0
2026-03-31,15874.482110407505,0,15874.482110407505,0
2026-04-01,15874.482110407505,0,15874.482110407505,0
2026-04-02,15874.482110407505,0,15874.482110407505,0
2026-04-06,15874.482110407505,0,15874.482110407505,0
2026-04-07,15874.482110407505,0,15874.482110407505,0
2026-04-08,15469.680192858923,403.20787745442175,15872.888070313345,1
2026-04-09,15061.750755026169,839.2263306693123,15900.977085695482,2
2026-04-10,15061.750755026169,842.4678801821542,15904.218635208323,2
2026-04-13,15118.681204246524,856.0707153575834,15974.751919604108,2
2026-04-14,15183.198720603305,863.1061307196632,16046.304851322968,2
2026-04-15,15241.09173687015,856.3801387396666,16097.471875609817,2
2026-04-16,15282.564135262115,841.9324964786682,16124.496631740783,2
2026-04-17,15800.551242195574,410.11200043933087,16210.663242634904,1
2026-04-20,15382.581833832322,826.0734701131327,16208.655303945456,2
2026-04-21,15382.581833832322,765.265981776048,16147.847815608371,2
2026-04-22,15382.581833832322,899.8391560917781,16282.420989924101,2
2026-04-23,15382.581833832322,883.6996677934508,16266.281501625774,2
2026-04-24,15927.872611230094,421.0066403882138,16348.879251618308,1
2026-04-27,16427.872611230094,0,16427.872611230094,0