date,cash,positionsValue,totalEquity,openPositionCount
2007-01-03,3300,0,3300,0
2007-01-04,3300,0,3300,0
2007-01-05,3300,0,3300,0
2007-01-08,3300,0,3300,0
2007-01-09,3300,0,3300,0
2007-01-10,3300,0,3300,0
2007-01-11,3300,0,3300,0
2007-01-12,3300,0,3300,0
2007-01-16,3300,0,3300,0
2007-01-17,3300,0,3300,0
2007-01-18,3300,0,3300,0
2007-01-19,3300,0,3300,0
2007-01-22,3300,0,3300,0
2007-01-23,3300,0,3300,0
2007-01-24,3300,0,3300,0
2007-01-25,3300,0,3300,0
2007-01-26,3300,0,3300,0
2007-01-29,3300,0,3300,0
2007-01-30,3300,0,3300,0
2007-01-31,3300,0,3300,0
2007-02-01,3300,0,3300,0
2007-02-02,3300,0,3300,0
2007-02-05,3300,0,3300,0
2007-02-06,3300,0,3300,0
2007-02-07,3300,0,3300,0
2007-02-08,3300,0,3300,0
2007-02-09,3300,0,3300,0
2007-02-12,3300,0,3300,0
2007-02-13,3300,0,3300,0
2007-02-14,3300,0,3300,0
2007-02-15,3300,0,3300,0
2007-02-16,3300,0,3300,0
2007-02-20,3300,0,3300,0
2007-02-21,3300,0,3300,0
2007-02-22,3300,0,3300,0
2007-02-23,3300,0,3300,0
2007-02-26,3300,0,3300,0
2007-02-27,3300,0,3300,0
2007-02-28,3300,0,3300,0
2007-03-01,3300,0,3300,0
2007-03-02,3300,0,3300,0
2007-03-05,3300,0,3300,0
2007-03-06,3300,0,3300,0
2007-03-07,3300,0,3300,0
2007-03-08,3300,0,3300,0
2007-03-09,3300,0,3300,0
2007-03-12,3300,0,3300,0
2007-03-13,3300,0,3300,0
2007-03-14,3300,0,3300,0
2007-03-15,3300,0,3300,0
2007-03-16,3300,0,3300,0
2007-03-19,3300,0,3300,0
2007-03-20,3300,0,3300,0
2007-03-21,2881.8281784304277,407.5718215695723,3289.4,1
2007-03-22,2462.7178766152565,808.8852868834203,3271.6031634986766,2
2007-03-23,2462.7178766152565,810.6699542299691,3273.387830845226,2
2007-03-26,2462.7178766152565,819.0213519294882,3281.739228544745,2
2007-03-27,2462.7178766152565,826.9612184705934,3289.67909508585,2
2007-03-28,2462.7178766152565,800.7406776176499,3263.4585542329064,2
2007-03-29,2462.7178766152565,804.3566580336035,3267.07453464886,2
2007-03-30,2462.7178766152565,817.3665437436184,3280.084420358875,2
2007-04-02,2462.7178766152565,836.0538222484146,3298.771698863671,2
2007-04-03,2462.7178766152565,861.2390868320181,3323.9569634472746,2
2007-04-04,2462.7178766152565,871.4185159920116,3334.136392607268,2
2007-04-05,2462.7178766152565,872.7873869068515,3335.505263522108,2
2007-04-09,2462.7178766152565,905.3361226776082,3368.053999292865,2
2007-04-10,2513.1367503469182,853.7208781530143,3366.8576284999326,2
2007-04-11,2513.1367503469182,851.7055363577431,3364.842286704661,2
2007-04-12,2569.4275821411106,798.4404460410756,3367.868028182186,2
2007-04-13,2569.4275821411106,807.7515063820945,3377.179088523205,2
2007-04-16,2569.4275821411106,778.9520224210203,3348.379604562131,2
2007-04-17,2569.4275821411106,765.67581715136,3335.1033992924704,2
2007-04-18,2569.4275821411106,759.0302233750996,3328.45780551621,2
2007-04-19,2569.4275821411106,772.0467367459423,3341.474318887053,2
2007-04-20,2569.4275821411106,715.2796743049909,3284.7072564461014,2
2007-04-23,2569.4275821411106,734.2553774166056,3303.6829595577165,2
2007-04-24,2569.4275821411106,744.4715007253799,3313.8990828664905,2
2007-04-25,2569.4275821411106,646.898453768135,3216.3260359092455,2
2007-04-26,2569.4275821411106,675.1753903576789,3244.6029724987893,2
2007-04-27,2569.4275821411106,694.3654814096112,3263.793063550722,2
2007-04-30,2569.4275821411106,766.8902216472168,3336.317803788327,2
2007-05-01,2569.4275821411106,770.422938249212,3339.850520390323,2
2007-05-02,2569.4275821411106,716.4864246764276,3285.9140068175384,2
2007-05-03,2569.4275821411106,668.5939006875602,3238.0214828286707,2
2007-05-04,2569.4275821411106,650.674483012169,3220.10206515328,2
2007-05-07,2569.4275821411106,638.8034146410982,3208.230996782209,2
2007-05-08,2569.4275821411106,670.5416580929684,3239.969240234079,2
2007-05-09,2464.1809440420475,720.195574014581,3184.3765180566284,2
2007-05-10,2464.1809440420475,839.6342513390114,3303.815195381059,2
2007-05-11,2464.1809440420475,789.6356237017324,3253.81656774378,2
2007-05-14,2464.1809440420475,842.3000923876909,3306.481036429738,2
2007-05-15,2525.054562594368,821.2788507265334,3346.333413320901,2
2007-05-16,2525.054562594368,819.5397571860194,3344.594319780387,2
2007-05-17,2525.054562594368,828.1931663678066,3353.2477289621743,2
2007-05-18,2525.054562594368,830.1199015759042,3355.174464170272,2
2007-05-21,2525.054562594368,828.7546703610585,3353.8092329554265,2
2007-05-22,2525.054562594368,845.9320241830401,3370.986586777408,2
2007-05-23,2525.054562594368,853.7949585735166,3378.8495211678846,2
2007-05-24,2525.054562594368,864.4553359146626,3389.5098985090303,2
2007-05-25,2525.054562594368,879.1564509741248,3404.2110135684925,2
2007-05-29,2563.1637767474467,850.2062285122446,3413.3700052596914,2
2007-05-30,2563.1637767474467,842.1853792396737,3405.3491559871204,2
2007-05-31,2563.1637767474467,842.1966332367238,3405.3604099841705,2
2007-06-01,2563.1637767474467,835.5039339259929,3398.6677106734396,2
2007-06-04,2563.1637767474467,834.8805292484267,3398.0443059958734,2
2007-06-05,2563.1637767474467,866.0000061312904,3429.163782878737,2
2007-06-06,2612.1536370765025,815.2773596789161,3427.4309967554186,2
2007-06-07,2612.1536370765025,787.3577161583692,3399.5113532348714,2
2007-06-08,2612.1536370765025,832.7007569864334,3444.854394062936,2
2007-06-11,2612.1536370765025,849.0371179230317,3461.190754999534,2
2007-06-12,2612.1536370765025,809.809213822329,3421.9628508988317,2
2007-06-13,2612.1536370765025,859.1798325448146,3471.333469621317,2
2007-06-14,2612.1536370765025,882.9306349106408,3495.0842719871434,2
2007-06-15,2612.1536370765025,868.4603967304679,3480.6140338069704,2
2007-06-18,2668.9295747733267,836.0822355588423,3505.0118103321693,2
2007-06-19,2668.9295747733267,851.6319670216986,3520.5615417950253,2
2007-06-20,2668.9295747733267,830.5992140605648,3499.5287888338917,2
2007-06-21,2668.9295747733267,844.5377933608954,3513.467368134222,2
2007-06-22,2668.9295747733267,812.0882567565043,3481.017831529831,2
2007-06-25,2668.9295747733267,803.4755347525197,3472.4051095258465,2
2007-06-26,2668.9295747733267,776.7452894595756,3445.674864232902,2
2007-06-27,2668.9295747733267,841.3439327880961,3510.273507561423,2
2007-06-28,2668.9295747733267,844.5861480942444,3513.515722867571,2
2007-06-29,2668.9295747733267,836.5215136835827,3505.4510884569095,2
2007-07-02,2735.9190131675355,809.6563942036021,3545.5754073711378,2
2007-07-03,2735.9190131675355,821.1202475559073,3557.0392607234426,2
2007-07-05,2735.9190131675355,821.4554219537931,3557.3744351213286,2
2007-07-06,2735.9190131675355,838.9672509798984,3574.886264147434,2
2007-07-09,2735.9190131675355,850.3241614325357,3586.243174600071,2
2007-07-10,2735.9190131675355,816.4931649681828,3552.412178135718,2
2007-07-11,2735.9190131675355,843.1309855384986,3579.049998706034,2
2007-07-12,2771.6012560224067,787.6154696477365,3559.216725670143,2
2007-07-13,2771.6012560224067,788.6917211474008,3560.2929771698073,2
2007-07-16,2771.6012560224067,810.139889837656,3581.7411458600627,2
2007-07-17,2771.6012560224067,817.5121080824123,3589.113364104819,2
2007-07-18,2771.6012560224067,825.8709283105013,3597.472184332908,2
2007-07-19,2771.6012560224067,832.1377205320503,3603.7389765544567,2
2007-07-20,2771.6012560224067,844.3339193117974,3615.9351753342044,2
2007-07-23,2771.6012560224067,861.1392152400938,3632.7404712625003,2
2007-07-24,2771.6012560224067,840.4546430584146,3612.0558990808213,2
2007-07-25,2771.6012560224067,860.5085489992537,3632.1098050216606,2
2007-07-26,2771.6012560224067,754.9228010359557,3526.5240570583624,2
2007-07-27,3076.0481416883295,340.672810743548,3416.7209524318773,1
2007-07-30,3076.0481416883295,389.4515308737573,3465.4996725620867,1
2007-07-31,3076.0481416883295,326.3422701795207,3402.39041186785,1
2007-08-01,3076.0481416883295,365.4643428126484,3441.5124845009777,1
2007-08-02,3076.0481416883295,398.7288728304438,3474.7770145187733,1
2007-08-03,3277.0747184623388,0,3277.0747184623388,0
2007-08-06,3277.0747184623388,0,3277.0747184623388,0
2007-08-07,3277.0747184623388,0,3277.0747184623388,0
2007-08-08,3277.0747184623388,0,3277.0747184623388,0
2007-08-09,3277.0747184623388,0,3277.0747184623388,0
2007-08-10,3277.0747184623388,0,3277.0747184623388,0
2007-08-13,3277.0747184623388,0,3277.0747184623388,0
2007-08-14,3277.0747184623388,0,3277.0747184623388,0
2007-08-15,3277.0747184623388,0,3277.0747184623388,0
2007-08-16,3277.0747184623388,0,3277.0747184623388,0
2007-08-17,3277.0747184623388,0,3277.0747184623388,0
2007-08-20,3277.0747184623388,0,3277.0747184623388,0
2007-08-21,3277.0747184623388,0,3277.0747184623388,0
2007-08-22,3277.0747184623388,0,3277.0747184623388,0
2007-08-23,3277.0747184623388,0,3277.0747184623388,0
2007-08-24,3277.0747184623388,0,3277.0747184623388,0
2007-08-27,3277.0747184623388,0,3277.0747184623388,0
2007-08-28,3277.0747184623388,0,3277.0747184623388,0
2007-08-29,3277.0747184623388,0,3277.0747184623388,0
2007-08-30,3277.0747184623388,0,3277.0747184623388,0
2007-08-31,3277.0747184623388,0,3277.0747184623388,0
2007-09-04,2864.4383987323013,402.0363197300377,3266.474718462339,1
2007-09-05,2864.4383987323013,409.02523560007745,3273.4636343323787,1
2007-09-06,2864.4383987323013,409.245576391359,3273.6839751236603,1
2007-09-07,2864.4383987323013,412.12879076362714,3276.5671894959282,1
2007-09-10,2864.4383987323013,412.0071787362107,3276.445577468512,1
2007-09-11,2864.4383987323013,416.3837102548311,3280.822108987132,1
2007-09-12,2864.4383987323013,419.2100364070037,3283.648435139305,1
2007-09-13,2453.738732701357,816.5315281253513,3270.270260826708,2
2007-09-14,2453.738732701357,818.9317900152888,3272.670522716646,2
2007-09-17,2453.738732701357,828.9136349021762,3282.652367603533,2
2007-09-18,2453.738732701357,824.7186223503561,3278.4573550517134,2
2007-09-19,2453.738732701357,806.7837618013302,3260.5224945026876,2
2007-09-20,2453.738732701357,841.9605487391678,3295.699281440525,2
2007-09-21,2453.738732701357,854.9376427439934,3308.6763754453505,2
2007-09-24,2498.7663961506328,836.161002737995,3334.927398888628,2
2007-09-25,2498.7663961506328,856.022900014463,3354.789296165096,2
2007-09-26,2498.7663961506328,861.1187834779613,3359.885179628594,2
2007-09-27,2498.7663961506328,864.3496350277203,3363.1160311783533,2
2007-09-28,2498.7663961506328,864.3276438434445,3363.0940399940773,2
2007-10-01,2498.7663961506328,826.390975859071,3325.157372009704,2
2007-10-02,2498.7663961506328,824.1534923482064,3322.919888498839,2
2007-10-03,2498.7663961506328,853.1767491899046,3351.9431453405373,2
2007-10-04,2498.7663961506328,858.2330011260526,3356.999397276685,2
2007-10-05,2498.7663961506328,838.6037051854296,3337.3701013360624,2
2007-10-08,2549.104221865882,817.6274839765604,3366.7317058424424,2
2007-10-09,2549.104221865882,814.2953800187531,3363.3996018846356,2
2007-10-10,2549.104221865882,819.1341201802463,3368.2383420461283,2
2007-10-11,2549.104221865882,806.8730719342028,3355.977293800085,2
2007-10-12,2549.104221865882,815.2371201590474,3364.34134202493,2
2007-10-15,2549.104221865882,848.0690301170548,3397.173251982937,2
2007-10-16,2597.8908352413728,798.0174744683009,3395.9083097096736,2
2007-10-17,2597.8908352413728,822.4020843509855,3420.2929195923584,2
2007-10-18,2597.8908352413728,829.2344991604347,3427.1253344018073,2
2007-10-19,2597.8908352413728,784.1172923762433,3382.008127617616,2
2007-10-22,2597.8908352413728,801.4999961414907,3399.3908313828633,2
2007-10-23,2597.8908352413728,827.8309159172386,3425.7217511586114,2
2007-10-24,2597.8908352413728,823.8771125964106,3421.767947837783,2
2007-10-25,2597.8908352413728,822.1917296729799,3420.0825649143526,2
2007-10-26,2597.8908352413728,857.2148191893302,3455.105654430703,2
2007-10-29,2597.8908352413728,871.6028875351074,3469.4937227764804,2
2007-10-30,2597.8908352413728,861.1078697015006,3458.9987049428732,2
2007-10-31,2643.3126498179345,842.8909840686723,3486.203633886607,2
2007-11-01,2643.3126498179345,805.0760307700867,3448.388680588021,2
2007-11-02,2643.3126498179345,809.284605455759,3452.5972552736935,2
2007-11-05,2643.3126498179345,799.7166880067841,3443.029337824719,2
2007-11-06,2643.3126498179345,841.4445517682498,3484.7572015861842,2
2007-11-07,2643.3126498179345,735.8683944655827,3379.181044283517,2
2007-11-08,2643.3126498179345,731.5259136467278,3374.838563464662,2
2007-11-09,2643.3126498179345,655.8204931069404,3299.133142924875,2
2007-11-12,3219.531048338462,0,3219.531048338462,0
2007-11-13,3219.531048338462,0,3219.531048338462,0
2007-11-14,3219.531048338462,0,3219.531048338462,0
2007-11-15,3219.531048338462,0,3219.531048338462,0
2007-11-16,3219.531048338462,0,3219.531048338462,0
2007-11-19,3219.531048338462,0,3219.531048338462,0
2007-11-20,3219.531048338462,0,3219.531048338462,0
2007-11-21,3219.531048338462,0,3219.531048338462,0
2007-11-23,3219.531048338462,0,3219.531048338462,0
2007-11-26,3219.531048338462,0,3219.531048338462,0
2007-11-27,3219.531048338462,0,3219.531048338462,0
2007-11-28,3219.531048338462,0,3219.531048338462,0
2007-11-29,3219.531048338462,0,3219.531048338462,0
2007-11-30,3219.531048338462,0,3219.531048338462,0
2007-12-03,3219.531048338462,0,3219.531048338462,0
2007-12-04,3219.531048338462,0,3219.531048338462,0
2007-12-05,3219.531048338462,0,3219.531048338462,0
2007-12-06,2814.578908663198,394.35213967526386,3208.931048338462,1
2007-12-07,2400.3054431145083,803.9040092010432,3204.2094523155515,2
2007-12-10,2400.3054431145083,795.4719567728755,3195.7773998873836,2
2007-12-11,2400.3054431145083,816.2144632415188,3216.519906356027,2
2007-12-12,2400.3054431145083,825.661483069236,3225.9669261837444,2
2007-12-13,2400.3054431145083,827.4251888556726,3227.730631970181,2
2007-12-14,2400.3054431145083,817.8689131115448,3218.174356226053,2
2007-12-17,2400.3054431145083,777.6327163319643,3177.9381594464726,2
2007-12-18,2400.3054431145083,800.0347304501367,3200.340173564645,2
2007-12-19,2400.3054431145083,797.4024608965387,3197.707904011047,2
2007-12-20,2400.3054431145083,819.1239237710554,3219.4293668855635,2
2007-12-21,2400.3054431145083,881.5972231148583,3281.9026662293663,2
2007-12-24,2442.1525035631403,851.7922679673234,3293.9447715304636,2
2007-12-26,2492.0508353789655,796.9894262700941,3289.0402616490596,2
2007-12-27,2492.0508353789655,805.1817298478231,3297.2325652267887,2
2007-12-28,2492.0508353789655,801.8968483624926,3293.947683741458,2
2007-12-31,2492.0508353789655,797.9612894831174,3290.012124862083,2
2008-01-02,2492.0508353789655,776.5463448171681,3268.5971801961336,2
2008-01-03,2492.0508353789655,777.9263419098854,3269.9771772888507,2
2008-01-04,2492.0508353789655,666.3976427918544,3158.4484781708197,2
2008-01-07,2492.0508353789655,675.4310453543806,3167.481880733346,2
2008-01-08,3039.160954996094,0,3039.160954996094,0
2008-01-09,3039.160954996094,0,3039.160954996094,0
2008-01-10,3039.160954996094,0,3039.160954996094,0
2008-01-11,3039.160954996094,0,3039.160954996094,0
2008-01-14,3039.160954996094,0,3039.160954996094,0
2008-01-15,3039.160954996094,0,3039.160954996094,0
2008-01-16,3039.160954996094,0,3039.160954996094,0
2008-01-17,3039.160954996094,0,3039.160954996094,0
2008-01-18,3039.160954996094,0,3039.160954996094,0
2008-01-22,3039.160954996094,0,3039.160954996094,0
2008-01-23,3039.160954996094,0,3039.160954996094,0
2008-01-24,3039.160954996094,0,3039.160954996094,0
2008-01-25,3039.160954996094,0,3039.160954996094,0
2008-01-28,3039.160954996094,0,3039.160954996094,0
2008-01-29,3039.160954996094,0,3039.160954996094,0
2008-01-30,3039.160954996094,0,3039.160954996094,0
2008-01-31,3039.160954996094,0,3039.160954996094,0
2008-02-01,3039.160954996094,0,3039.160954996094,0
2008-02-04,3039.160954996094,0,3039.160954996094,0
2008-02-05,3039.160954996094,0,3039.160954996094,0
2008-02-06,3039.160954996094,0,3039.160954996094,0
2008-02-07,3039.160954996094,0,3039.160954996094,0
2008-02-08,3039.160954996094,0,3039.160954996094,0
2008-02-11,3039.160954996094,0,3039.160954996094,0
2008-02-12,3039.160954996094,0,3039.160954996094,0
2008-02-13,3039.160954996094,0,3039.160954996094,0
2008-02-14,3039.160954996094,0,3039.160954996094,0
2008-02-15,3039.160954996094,0,3039.160954996094,0
2008-02-19,3039.160954996094,0,3039.160954996094,0
2008-02-20,3039.160954996094,0,3039.160954996094,0
2008-02-21,3039.160954996094,0,3039.160954996094,0
2008-02-22,3039.160954996094,0,3039.160954996094,0
2008-02-25,3039.160954996094,0,3039.160954996094,0
2008-02-26,3039.160954996094,0,3039.160954996094,0
2008-02-27,3039.160954996094,0,3039.160954996094,0
2008-02-28,3039.160954996094,0,3039.160954996094,0
2008-02-29,3039.160954996094,0,3039.160954996094,0
2008-03-03,3039.160954996094,0,3039.160954996094,0
2008-03-04,3039.160954996094,0,3039.160954996094,0
2008-03-05,3039.160954996094,0,3039.160954996094,0
2008-03-06,3039.160954996094,0,3039.160954996094,0
2008-03-07,3039.160954996094,0,3039.160954996094,0
2008-03-10,3039.160954996094,0,3039.160954996094,0
2008-03-11,3039.160954996094,0,3039.160954996094,0
2008-03-12,3039.160954996094,0,3039.160954996094,0
2008-03-13,3039.160954996094,0,3039.160954996094,0
2008-03-14,3039.160954996094,0,3039.160954996094,0
2008-03-17,3039.160954996094,0,3039.160954996094,0
2008-03-18,3039.160954996094,0,3039.160954996094,0
2008-03-19,3039.160954996094,0,3039.160954996094,0
2008-03-20,3039.160954996094,0,3039.160954996094,0
2008-03-24,3039.160954996094,0,3039.160954996094,0
2008-03-25,3039.160954996094,0,3039.160954996094,0
2008-03-26,3039.160954996094,0,3039.160954996094,0
2008-03-27,3039.160954996094,0,3039.160954996094,0
2008-03-28,3039.160954996094,0,3039.160954996094,0
2008-03-31,3039.160954996094,0,3039.160954996094,0
2008-04-01,3039.160954996094,0,3039.160954996094,0
2008-04-02,3039.160954996094,0,3039.160954996094,0
2008-04-03,3039.160954996094,0,3039.160954996094,0
2008-04-04,3039.160954996094,0,3039.160954996094,0
2008-04-07,3039.160954996094,0,3039.160954996094,0
2008-04-08,3039.160954996094,0,3039.160954996094,0
2008-04-09,3039.160954996094,0,3039.160954996094,0
2008-04-10,3039.160954996094,0,3039.160954996094,0
2008-04-11,3039.160954996094,0,3039.160954996094,0
2008-04-14,3039.160954996094,0,3039.160954996094,0
2008-04-15,3039.160954996094,0,3039.160954996094,0
2008-04-16,3039.160954996094,0,3039.160954996094,0
2008-04-17,3039.160954996094,0,3039.160954996094,0
2008-04-18,3039.160954996094,0,3039.160954996094,0
2008-04-21,3039.160954996094,0,3039.160954996094,0
2008-04-22,3039.160954996094,0,3039.160954996094,0
2008-04-23,3039.160954996094,0,3039.160954996094,0
2008-04-24,3039.160954996094,0,3039.160954996094,0
2008-04-25,3039.160954996094,0,3039.160954996094,0
2008-04-28,3039.160954996094,0,3039.160954996094,0
2008-04-29,3039.160954996094,0,3039.160954996094,0
2008-04-30,3039.160954996094,0,3039.160954996094,0
2008-05-01,3039.160954996094,0,3039.160954996094,0
2008-05-02,3039.160954996094,0,3039.160954996094,0
2008-05-05,3039.160954996094,0,3039.160954996094,0
2008-05-06,3039.160954996094,0,3039.160954996094,0
2008-05-07,3039.160954996094,0,3039.160954996094,0
2008-05-08,3039.160954996094,0,3039.160954996094,0
2008-05-09,3039.160954996094,0,3039.160954996094,0
2008-05-12,3039.160954996094,0,3039.160954996094,0
2008-05-13,3039.160954996094,0,3039.160954996094,0
2008-05-14,3039.160954996094,0,3039.160954996094,0
2008-05-15,3039.160954996094,0,3039.160954996094,0
2008-05-16,3039.160954996094,0,3039.160954996094,0
2008-05-19,3039.160954996094,0,3039.160954996094,0
2008-05-20,3039.160954996094,0,3039.160954996094,0
2008-05-21,3039.160954996094,0,3039.160954996094,0
2008-05-22,3039.160954996094,0,3039.160954996094,0
2008-05-23,3039.160954996094,0,3039.160954996094,0
2008-05-27,3039.160954996094,0,3039.160954996094,0
2008-05-28,3039.160954996094,0,3039.160954996094,0
2008-05-29,3039.160954996094,0,3039.160954996094,0
2008-05-30,3039.160954996094,0,3039.160954996094,0
2008-06-02,3039.160954996094,0,3039.160954996094,0
2008-06-03,3039.160954996094,0,3039.160954996094,0
2008-06-04,3039.160954996094,0,3039.160954996094,0
2008-06-05,3039.160954996094,0,3039.160954996094,0
2008-06-06,3039.160954996094,0,3039.160954996094,0
2008-06-09,3039.160954996094,0,3039.160954996094,0
2008-06-10,3039.160954996094,0,3039.160954996094,0
2008-06-11,3039.160954996094,0,3039.160954996094,0
2008-06-12,3039.160954996094,0,3039.160954996094,0
2008-06-13,3039.160954996094,0,3039.160954996094,0
2008-06-16,3039.160954996094,0,3039.160954996094,0
2008-06-17,3039.160954996094,0,3039.160954996094,0
2008-06-18,3039.160954996094,0,3039.160954996094,0
2008-06-19,3039.160954996094,0,3039.160954996094,0
2008-06-20,3039.160954996094,0,3039.160954996094,0
2008-06-23,3039.160954996094,0,3039.160954996094,0
2008-06-24,3039.160954996094,0,3039.160954996094,0
2008-06-25,3039.160954996094,0,3039.160954996094,0
2008-06-26,3039.160954996094,0,3039.160954996094,0
2008-06-27,3039.160954996094,0,3039.160954996094,0
2008-06-30,3039.160954996094,0,3039.160954996094,0
2008-07-01,3039.160954996094,0,3039.160954996094,0
2008-07-02,3039.160954996094,0,3039.160954996094,0
2008-07-03,3039.160954996094,0,3039.160954996094,0
2008-07-07,3039.160954996094,0,3039.160954996094,0
2008-07-08,3039.160954996094,0,3039.160954996094,0
2008-07-09,3039.160954996094,0,3039.160954996094,0
2008-07-10,3039.160954996094,0,3039.160954996094,0
2008-07-11,3039.160954996094,0,3039.160954996094,0
2008-07-14,3039.160954996094,0,3039.160954996094,0
2008-07-15,3039.160954996094,0,3039.160954996094,0
2008-07-16,3039.160954996094,0,3039.160954996094,0
2008-07-17,3039.160954996094,0,3039.160954996094,0
2008-07-18,3039.160954996094,0,3039.160954996094,0
2008-07-21,3039.160954996094,0,3039.160954996094,0
2008-07-22,3039.160954996094,0,3039.160954996094,0
2008-07-23,3039.160954996094,0,3039.160954996094,0
2008-07-24,3039.160954996094,0,3039.160954996094,0
2008-07-25,3039.160954996094,0,3039.160954996094,0
2008-07-28,3039.160954996094,0,3039.160954996094,0
2008-07-29,3039.160954996094,0,3039.160954996094,0
2008-07-30,3039.160954996094,0,3039.160954996094,0
2008-07-31,3039.160954996094,0,3039.160954996094,0
2008-08-01,3039.160954996094,0,3039.160954996094,0
2008-08-04,3039.160954996094,0,3039.160954996094,0
2008-08-05,3039.160954996094,0,3039.160954996094,0
2008-08-06,3039.160954996094,0,3039.160954996094,0
2008-08-07,3039.160954996094,0,3039.160954996094,0
2008-08-08,3039.160954996094,0,3039.160954996094,0
2008-08-11,3039.160954996094,0,3039.160954996094,0
2008-08-12,3039.160954996094,0,3039.160954996094,0
2008-08-13,3039.160954996094,0,3039.160954996094,0
2008-08-14,3039.160954996094,0,3039.160954996094,0
2008-08-15,3039.160954996094,0,3039.160954996094,0
2008-08-18,3039.160954996094,0,3039.160954996094,0
2008-08-19,3039.160954996094,0,3039.160954996094,0
2008-08-20,3039.160954996094,0,3039.160954996094,0
2008-08-21,3039.160954996094,0,3039.160954996094,0
2008-08-22,3039.160954996094,0,3039.160954996094,0
2008-08-25,3039.160954996094,0,3039.160954996094,0
2008-08-26,3039.160954996094,0,3039.160954996094,0
2008-08-27,3039.160954996094,0,3039.160954996094,0
2008-08-28,3039.160954996094,0,3039.160954996094,0
2008-08-29,3039.160954996094,0,3039.160954996094,0
2008-09-02,3039.160954996094,0,3039.160954996094,0
2008-09-03,3039.160954996094,0,3039.160954996094,0
2008-09-04,3039.160954996094,0,3039.160954996094,0
2008-09-05,3039.160954996094,0,3039.160954996094,0
2008-09-08,3039.160954996094,0,3039.160954996094,0
2008-09-09,3039.160954996094,0,3039.160954996094,0
2008-09-10,3039.160954996094,0,3039.160954996094,0
2008-09-11,3039.160954996094,0,3039.160954996094,0
2008-09-12,3039.160954996094,0,3039.160954996094,0
2008-09-15,3039.160954996094,0,3039.160954996094,0
2008-09-16,3039.160954996094,0,3039.160954996094,0
2008-09-17,3039.160954996094,0,3039.160954996094,0
2008-09-18,3039.160954996094,0,3039.160954996094,0
2008-09-19,3039.160954996094,0,3039.160954996094,0
2008-09-22,3039.160954996094,0,3039.160954996094,0
2008-09-23,3039.160954996094,0,3039.160954996094,0
2008-09-24,3039.160954996094,0,3039.160954996094,0
2008-09-25,3039.160954996094,0,3039.160954996094,0
2008-09-26,3039.160954996094,0,3039.160954996094,0
2008-09-29,3039.160954996094,0,3039.160954996094,0
2008-09-30,3039.160954996094,0,3039.160954996094,0
2008-10-01,3039.160954996094,0,3039.160954996094,0
2008-10-02,3039.160954996094,0,3039.160954996094,0
2008-10-03,3039.160954996094,0,3039.160954996094,0
2008-10-06,3039.160954996094,0,3039.160954996094,0
2008-10-07,3039.160954996094,0,3039.160954996094,0
2008-10-08,3039.160954996094,0,3039.160954996094,0
2008-10-09,3039.160954996094,0,3039.160954996094,0
2008-10-10,3039.160954996094,0,3039.160954996094,0
2008-10-13,3039.160954996094,0,3039.160954996094,0
2008-10-14,3039.160954996094,0,3039.160954996094,0
2008-10-15,3039.160954996094,0,3039.160954996094,0
2008-10-16,3039.160954996094,0,3039.160954996094,0
2008-10-17,3039.160954996094,0,3039.160954996094,0
2008-10-20,3039.160954996094,0,3039.160954996094,0
2008-10-21,3039.160954996094,0,3039.160954996094,0
2008-10-22,3039.160954996094,0,3039.160954996094,0
2008-10-23,3039.160954996094,0,3039.160954996094,0
2008-10-24,3039.160954996094,0,3039.160954996094,0
2008-10-27,3039.160954996094,0,3039.160954996094,0
2008-10-28,3039.160954996094,0,3039.160954996094,0
2008-10-29,3039.160954996094,0,3039.160954996094,0
2008-10-30,3039.160954996094,0,3039.160954996094,0
2008-10-31,3039.160954996094,0,3039.160954996094,0
2008-11-03,3039.160954996094,0,3039.160954996094,0
2008-11-04,3039.160954996094,0,3039.160954996094,0
2008-11-05,3039.160954996094,0,3039.160954996094,0
2008-11-06,3039.160954996094,0,3039.160954996094,0
2008-11-07,3039.160954996094,0,3039.160954996094,0
2008-11-10,3039.160954996094,0,3039.160954996094,0
2008-11-11,3039.160954996094,0,3039.160954996094,0
2008-11-12,3039.160954996094,0,3039.160954996094,0
2008-11-13,3039.160954996094,0,3039.160954996094,0
2008-11-14,3039.160954996094,0,3039.160954996094,0
2008-11-17,3039.160954996094,0,3039.160954996094,0
2008-11-18,3039.160954996094,0,3039.160954996094,0
2008-11-19,3039.160954996094,0,3039.160954996094,0
2008-11-20,3039.160954996094,0,3039.160954996094,0
2008-11-21,3039.160954996094,0,3039.160954996094,0
2008-11-24,3039.160954996094,0,3039.160954996094,0
2008-11-25,3039.160954996094,0,3039.160954996094,0
2008-11-26,3039.160954996094,0,3039.160954996094,0
2008-11-28,3039.160954996094,0,3039.160954996094,0
2008-12-01,3039.160954996094,0,3039.160954996094,0
2008-12-02,3039.160954996094,0,3039.160954996094,0
2008-12-03,3039.160954996094,0,3039.160954996094,0
2008-12-04,3039.160954996094,0,3039.160954996094,0
2008-12-05,3039.160954996094,0,3039.160954996094,0
2008-12-08,3039.160954996094,0,3039.160954996094,0
2008-12-09,3039.160954996094,0,3039.160954996094,0
2008-12-10,3039.160954996094,0,3039.160954996094,0
2008-12-11,3039.160954996094,0,3039.160954996094,0
2008-12-12,3039.160954996094,0,3039.160954996094,0
2008-12-15,3039.160954996094,0,3039.160954996094,0
2008-12-16,3039.160954996094,0,3039.160954996094,0
2008-12-17,3039.160954996094,0,3039.160954996094,0
2008-12-18,3039.160954996094,0,3039.160954996094,0
2008-12-19,3039.160954996094,0,3039.160954996094,0
2008-12-22,3039.160954996094,0,3039.160954996094,0
2008-12-23,3039.160954996094,0,3039.160954996094,0
2008-12-24,3039.160954996094,0,3039.160954996094,0
2008-12-26,3039.160954996094,0,3039.160954996094,0
2008-12-29,3039.160954996094,0,3039.160954996094,0
2008-12-30,3039.160954996094,0,3039.160954996094,0
2008-12-31,3039.160954996094,0,3039.160954996094,0
2009-01-02,3039.160954996094,0,3039.160954996094,0
2009-01-05,3039.160954996094,0,3039.160954996094,0
2009-01-06,3039.160954996094,0,3039.160954996094,0
2009-01-07,3039.160954996094,0,3039.160954996094,0
2009-01-08,3039.160954996094,0,3039.160954996094,0
2009-01-09,3039.160954996094,0,3039.160954996094,0
2009-01-12,3039.160954996094,0,3039.160954996094,0
2009-01-13,3039.160954996094,0,3039.160954996094,0
2009-01-14,3039.160954996094,0,3039.160954996094,0
2009-01-15,3039.160954996094,0,3039.160954996094,0
2009-01-16,3039.160954996094,0,3039.160954996094,0
2009-01-20,3039.160954996094,0,3039.160954996094,0
2009-01-21,3039.160954996094,0,3039.160954996094,0
2009-01-22,3039.160954996094,0,3039.160954996094,0
2009-01-23,3039.160954996094,0,3039.160954996094,0
2009-01-26,3039.160954996094,0,3039.160954996094,0
2009-01-27,3039.160954996094,0,3039.160954996094,0
2009-01-28,3039.160954996094,0,3039.160954996094,0
2009-01-29,3039.160954996094,0,3039.160954996094,0
2009-01-30,3039.160954996094,0,3039.160954996094,0
2009-02-02,3039.160954996094,0,3039.160954996094,0
2009-02-03,3039.160954996094,0,3039.160954996094,0
2009-02-04,3039.160954996094,0,3039.160954996094,0
2009-02-05,3039.160954996094,0,3039.160954996094,0
2009-02-06,3039.160954996094,0,3039.160954996094,0
2009-02-09,3039.160954996094,0,3039.160954996094,0
2009-02-10,3039.160954996094,0,3039.160954996094,0
2009-02-11,3039.160954996094,0,3039.160954996094,0
2009-02-12,3039.160954996094,0,3039.160954996094,0
2009-02-13,3039.160954996094,0,3039.160954996094,0
2009-02-17,3039.160954996094,0,3039.160954996094,0
2009-02-18,3039.160954996094,0,3039.160954996094,0
2009-02-19,3039.160954996094,0,3039.160954996094,0
2009-02-20,3039.160954996094,0,3039.160954996094,0
2009-02-23,3039.160954996094,0,3039.160954996094,0
2009-02-24,3039.160954996094,0,3039.160954996094,0
2009-02-25,3039.160954996094,0,3039.160954996094,0
2009-02-26,3039.160954996094,0,3039.160954996094,0
2009-02-27,3039.160954996094,0,3039.160954996094,0
2009-03-02,3039.160954996094,0,3039.160954996094,0
2009-03-03,3039.160954996094,0,3039.160954996094,0
2009-03-04,3039.160954996094,0,3039.160954996094,0
2009-03-05,3039.160954996094,0,3039.160954996094,0
2009-03-06,3039.160954996094,0,3039.160954996094,0
2009-03-09,3039.160954996094,0,3039.160954996094,0
2009-03-10,3039.160954996094,0,3039.160954996094,0
2009-03-11,3039.160954996094,0,3039.160954996094,0
2009-03-12,3039.160954996094,0,3039.160954996094,0
2009-03-13,3039.160954996094,0,3039.160954996094,0
2009-03-16,3039.160954996094,0,3039.160954996094,0
2009-03-17,3039.160954996094,0,3039.160954996094,0
2009-03-18,3039.160954996094,0,3039.160954996094,0
2009-03-19,3039.160954996094,0,3039.160954996094,0
2009-03-20,3039.160954996094,0,3039.160954996094,0
2009-03-23,3039.160954996094,0,3039.160954996094,0
2009-03-24,3039.160954996094,0,3039.160954996094,0
2009-03-25,3039.160954996094,0,3039.160954996094,0
2009-03-26,3039.160954996094,0,3039.160954996094,0
2009-03-27,3039.160954996094,0,3039.160954996094,0
2009-03-30,3039.160954996094,0,3039.160954996094,0
2009-03-31,3039.160954996094,0,3039.160954996094,0
2009-04-01,3039.160954996094,0,3039.160954996094,0
2009-04-02,3039.160954996094,0,3039.160954996094,0
2009-04-03,3039.160954996094,0,3039.160954996094,0
2009-04-06,3039.160954996094,0,3039.160954996094,0
2009-04-07,3039.160954996094,0,3039.160954996094,0
2009-04-08,3039.160954996094,0,3039.160954996094,0
2009-04-09,3039.160954996094,0,3039.160954996094,0
2009-04-13,3039.160954996094,0,3039.160954996094,0
2009-04-14,3039.160954996094,0,3039.160954996094,0
2009-04-15,3039.160954996094,0,3039.160954996094,0
2009-04-16,3039.160954996094,0,3039.160954996094,0
2009-04-17,3039.160954996094,0,3039.160954996094,0
2009-04-20,3039.160954996094,0,3039.160954996094,0
2009-04-21,3039.160954996094,0,3039.160954996094,0
2009-04-22,3039.160954996094,0,3039.160954996094,0
2009-04-23,3039.160954996094,0,3039.160954996094,0
2009-04-24,3039.160954996094,0,3039.160954996094,0
2009-04-27,3039.160954996094,0,3039.160954996094,0
2009-04-28,3039.160954996094,0,3039.160954996094,0
2009-04-29,3039.160954996094,0,3039.160954996094,0
2009-04-30,3039.160954996094,0,3039.160954996094,0
2009-05-01,3039.160954996094,0,3039.160954996094,0
2009-05-04,3039.160954996094,0,3039.160954996094,0
2009-05-05,3039.160954996094,0,3039.160954996094,0
2009-05-06,3039.160954996094,0,3039.160954996094,0
2009-05-07,3039.160954996094,0,3039.160954996094,0
2009-05-08,3039.160954996094,0,3039.160954996094,0
2009-05-11,3039.160954996094,0,3039.160954996094,0
2009-05-12,3039.160954996094,0,3039.160954996094,0
2009-05-13,3039.160954996094,0,3039.160954996094,0
2009-05-14,3039.160954996094,0,3039.160954996094,0
2009-05-15,3039.160954996094,0,3039.160954996094,0
2009-05-18,3039.160954996094,0,3039.160954996094,0
2009-05-19,2594.019741519224,434.5412134768699,3028.560954996094,1
2009-05-20,2153.6314248803233,868.1000113061605,3021.7314361864837,2
2009-05-21,2153.6314248803233,877.4996714326917,3031.131096313015,2
2009-05-22,2153.6314248803233,876.746947399015,3030.3783722793382,2
2009-05-26,2153.6314248803233,860.7475802569567,3014.37900513728,2
2009-05-27,2153.6314248803233,878.9292084823767,3032.5606333627,2
2009-05-28,2153.6314248803233,868.7789645369296,3022.410389417253,2
2009-05-29,2153.6314248803233,862.8042977061763,3016.4357225864997,2
2009-06-01,2518.3256748577887,398.7748189129492,2917.100493770738,1
2009-06-02,2074.584927676941,833.9427856906659,2908.527713367607,2
2009-06-03,2074.584927676941,866.563135237856,2941.148062914797,2
2009-06-04,2074.584927676941,848.7411451615233,2923.326072838464,2
2009-06-05,2074.584927676941,865.7201394434471,2940.3050671203882,2
2009-06-08,2074.584927676941,883.640661283278,2958.225588960219,2
2009-06-09,2074.584927676941,893.290937990246,2967.875865667187,2
2009-06-10,2074.584927676941,903.2665162898836,2977.8514439668243,2
2009-06-11,2074.584927676941,902.4968252764351,2977.081752953376,2
2009-06-12,2074.584927676941,906.6608682514968,2981.2457959284375,2
2009-06-15,2550.421629061775,442.3097529952271,2992.731382057002,1
2009-06-16,2550.421629061775,433.4991952031538,2983.920824264929,1
2009-06-17,2550.421629061775,432.74072170486505,2983.16235076664,1
2009-06-18,2550.421629061775,440.4080845483006,2990.8297136100755,1
2009-06-19,2107.7413808839206,877.7106362009984,2985.452017084919,2
2009-06-22,2107.7413808839206,849.6477157305917,2957.3890966145123,2
2009-06-23,2107.7413808839206,854.1704169520698,2961.9117978359905,2
2009-06-24,2107.7413808839206,867.8644091255162,2975.6057900094365,2
2009-06-25,2107.7413808839206,901.5164390649086,3009.257819948829,2
2009-06-26,2107.7413808839206,906.2335411069919,3013.9749219909127,2
2009-06-29,2139.966938621233,881.2662077557535,3021.2331463769865,2
2009-06-30,2139.966938621233,885.6556631671058,3025.622601788339,2
2009-07-01,2139.966938621233,886.0025541363669,3025.9694927576,2
2009-07-02,2139.966938621233,870.2816149738185,3010.248553595052,2
2009-07-06,2139.966938621233,874.5770062315672,3014.5439448528005,2
2009-07-07,2139.966938621233,839.8386577917963,2979.8055964130294,2
2009-07-08,2139.966938621233,836.0656587569063,2976.032597378139,2
2009-07-09,2139.966938621233,843.9834844946373,2983.9504231158703,2
2009-07-10,2139.966938621233,835.6195176605161,2975.586456281749,2
2009-07-13,2139.966938621233,897.8093487210167,3037.77628734225,2
2009-07-14,2607.700566655671,444.0150240930905,3051.7155907487618,1
2009-07-15,2166.381621487216,884.1865573444264,3050.5681788316424,2
2009-07-16,2166.381621487216,879.1530506728268,3045.5346721600426,2
2009-07-17,2166.381621487216,893.8407543737984,3060.2223758610144,2
2009-07-20,2166.381621487216,886.7219622101716,3053.1035836973874,2
2009-07-21,2166.381621487216,889.3021342790692,3055.683755766285,2
2009-07-22,2203.706353906464,851.3723727518848,3055.0787266583484,2
2009-07-23,2203.706353906464,757.8872607951729,2961.593614701637,2
2009-07-24,2144.078793582849,799.3732883364594,2943.4520819193085,2
2009-07-27,2144.078793582849,787.2280422659778,2931.3068358488267,2
2009-07-28,2144.078793582849,793.5705888095167,2937.6493823923656,2
2009-07-29,2144.078793582849,807.9195395688394,2951.9983331516883,2
2009-07-30,2067.413583181662,833.4789134595344,2900.8924966411964,2
2009-07-31,2067.413583181662,830.407822854648,2897.82140603631,2
2009-08-03,2067.413583181662,795.1080323207175,2862.5216155023795,2
2009-08-04,2067.413583181662,797.6208008352241,2865.034384016886,2
2009-08-05,2067.413583181662,817.3188147889555,2884.7323979706175,2
2009-08-06,2067.413583181662,835.2325114327916,2902.6460946144534,2
2009-08-07,2067.413583181662,799.287776837807,2866.701360019469,2
2009-08-10,2067.413583181662,836.2511854875914,2903.6647686692536,2
2009-08-11,2067.413583181662,871.7095224642314,2939.1231056458937,2
2009-08-12,2067.413583181662,852.5289457464341,2919.942528928096,2
2009-08-13,2067.413583181662,843.8944549614487,2911.308038143111,2
2009-08-14,2067.413583181662,889.2938367472652,2956.7074199289273,2
2009-08-17,2067.413583181662,903.0869072900707,2970.5004904717325,2
2009-08-18,2094.5100762704815,881.4787402256331,2975.988816496115,2
2009-08-19,2094.5100762704815,875.3525193449691,2969.8625956154506,2
2009-08-20,2094.5100762704815,866.5729028567362,2961.0829791272176,2
2009-08-21,2035.19840287376,842.840656763796,2878.039059637556,2
2009-08-24,2035.19840287376,869.5426633844121,2904.741066258172,2
2009-08-25,2035.19840287376,872.9691692428441,2908.167572116604,2
2009-08-26,2035.19840287376,881.8448761409973,2917.043279014757,2
2009-08-27,2035.19840287376,884.9928969609704,2920.19129983473,2
2009-08-28,2069.0012604101844,853.4008958144116,2922.402156224596,2
2009-08-31,2069.0012604101844,864.4460680239755,2933.4473284341598,2
2009-09-01,2069.0012604101844,849.6737192221824,2918.6749796323666,2
2009-09-02,2069.0012604101844,845.5171865100151,2914.5184469201995,2
2009-09-03,2069.0012604101844,859.9013068841409,2928.9025672943253,2
2009-09-04,2069.0012604101844,879.044393607307,2948.0456540174914,2
2009-09-08,2069.0012604101844,891.1823317229794,2960.183592133164,2
2009-09-09,2069.0012604101844,902.3015768425031,2971.3028372526874,2
2009-09-10,2069.0012604101844,903.1347323143301,2972.1359927245144,2
2009-09-11,2069.0012604101844,906.1664111768063,2975.1676715869908,2
2009-09-14,2112.3187646091424,864.2963695212376,2976.61513413038,2
2009-09-15,2112.3187646091424,866.8766045434688,2979.1953691526114,2
2009-09-16,2112.3187646091424,812.0455622103241,2924.3643268194664,2
2009-09-17,2112.3187646091424,835.2822686076017,2947.6010332167443,2
2009-09-18,2112.3187646091424,828.0138513448549,2940.3326159539974,2
2009-09-21,2112.3187646091424,866.7927482433286,2979.1115128524707,2
2009-09-22,2112.3187646091424,862.3783393768144,2974.697103985957,2
2009-09-23,2153.4005680982405,846.00714288227,2999.4077109805103,2
2009-09-24,2153.4005680982405,855.8857175649287,3009.286285663169,2
2009-09-25,2153.4005680982405,861.1448211482805,3014.545389246521,2
2009-09-28,2153.4005680982405,851.0232417538389,3004.423809852079,2
2009-09-29,2153.4005680982405,858.8938351225415,3012.294403220782,2
2009-09-30,2153.4005680982405,866.7714892148576,3020.172057313098,2
2009-10-01,2153.4005680982405,859.54960792168,3012.9501760199205,2
2009-10-02,2153.4005680982405,853.9576698239233,3007.358237922164,2
2009-10-05,2153.4005680982405,884.2685843436122,3037.669152441853,2
2009-10-06,2153.4005680982405,899.6599316497283,3053.0604997479686,2
2009-10-07,2181.340191311703,870.4557523631285,3051.7959436748315,2
2009-10-08,2181.340191311703,868.7111424556585,3050.051333767362,2
2009-10-09,2181.340191311703,873.5926844105006,3054.932875722204,2
2009-10-12,2181.340191311703,881.6907908459059,3063.0309821576093,2
2009-10-13,2181.340191311703,893.0353248247188,3074.375516136422,2
2009-10-14,2181.340191311703,850.8832417992879,3032.223433110991,2
2009-10-15,2181.340191311703,857.8910144934327,3039.2312058051357,2
2009-10-16,2229.3196946927997,838.4902057305035,3067.809900423303,2
2009-10-19,2229.3196946927997,820.8110180798077,3050.1307127726072,2
2009-10-20,2229.3196946927997,858.460377672651,3087.780072365451,2
2009-10-21,2229.3196946927997,867.7735621880737,3097.0932568808735,2
2009-10-22,2229.3196946927997,868.4602187111645,3097.779913403964,2
2009-10-23,2229.3196946927997,879.0623752518952,3108.382069944695,2
2009-10-26,2229.3196946927997,878.5448664447944,3107.864561137594,2
2009-10-27,2229.3196946927997,876.5709259337613,3105.890620626561,2
2009-10-28,2229.3196946927997,835.6141701934259,3064.933864886226,2
2009-10-29,2229.3196946927997,886.374596128785,3115.6942908215847,2
2009-10-30,2229.3196946927997,819.3762394642308,3048.6959341570305,2
2009-11-02,2229.3196946927997,841.9924988110179,3071.3121935038175,2
2009-11-03,2229.3196946927997,853.1903495826208,3082.5100442754206,2
2009-11-04,2693.8523555751804,395.30834983559976,3089.16070541078,1
2009-11-05,2263.4388873718485,847.451625720722,3110.8905130925705,2
2009-11-06,2263.4388873718485,859.4291475181385,3122.868034889987,2
2009-11-09,2299.8481477487894,816.1645849208469,3116.0127326696365,2
2009-11-10,2299.8481477487894,825.3006446532014,3125.1487924019907,2
2009-11-11,2299.8481477487894,809.7595002651223,3109.607648013912,2
2009-11-12,2299.8481477487894,833.3664779738566,3133.214625722646,2
2009-11-13,2299.8481477487894,832.439728722122,3132.287876470911,2
2009-11-16,2299.8481477487894,801.682000534643,3101.5301482834325,2
2009-11-17,2299.8481477487894,812.4103722178749,3112.258519966664,2
2009-11-18,2299.8481477487894,834.4169480096077,3134.2650957583974,2
2009-11-19,2299.8481477487894,871.1091976764876,3170.957345425277,2
2009-11-20,2299.8481477487894,886.9283095104282,3186.7764572592178,2
2009-11-23,2299.8481477487894,890.437852278602,3190.2860000273913,2
2009-11-24,2299.8481477487894,907.7560808015664,3207.604228550356,2
2009-11-25,2299.8481477487894,903.2470467340006,3203.0951944827902,2
2009-11-27,2299.8481477487894,905.2911071414806,3205.13925489027,2
2009-11-30,2339.3206756001573,874.084182082773,3213.4048576829305,2
2009-12-01,2380.243317860358,834.6628025506413,3214.9061204109994,2
2009-12-02,2380.243317860358,848.334734864192,3228.5780527245497,2
2009-12-03,2380.243317860358,853.3979583991916,3233.641276259549,2
2009-12-04,2380.243317860358,860.984986480593,3241.2283043409507,2
2009-12-07,2380.243317860358,867.0558541196922,3247.2991719800502,2
2009-12-08,2380.243317860358,863.7276601141564,3243.9709779745144,2
2009-12-09,2380.243317860358,873.4271813011324,3253.67049916149,2
2009-12-10,2380.243317860358,877.2413804326213,3257.4846982929794,2
2009-12-11,2380.243317860358,885.2966241088141,3265.539941969172,2
2009-12-14,2380.243317860358,896.6391129067065,3276.8824307670643,2
2009-12-15,2380.243317860358,903.435000660733,3283.6783185210907,2
2009-12-16,2380.243317860358,916.5611438930983,3296.804461753456,2
2009-12-17,2380.243317860358,900.9049562833359,3281.148274143694,2
2009-12-18,2380.243317860358,915.1059242684317,3295.3492421287897,2
2009-12-21,2896.3617703702025,410.24989735887743,3306.61166772908,1
2009-12-22,2480.631328178303,819.650043310834,3300.281371489137,2
2009-12-23,2480.631328178303,814.5165760932247,3295.1479042715278,2
2009-12-24,2480.631328178303,804.759610287698,3285.390938466001,2
2009-12-28,2480.631328178303,815.8328238309944,3296.4641520092973,2
2009-12-29,2480.631328178303,825.9576386430382,3306.5889668213413,2
2009-12-30,2480.631328178303,832.4367994152044,3313.0681275935076,2
2009-12-31,2480.631328178303,840.0644721810202,3320.6958003593236,2
2010-01-04,2480.631328178303,846.0234705749715,3326.654798753275,2
2010-01-05,2480.631328178303,853.7173354753716,3334.3486636536745,2
2010-01-06,2480.631328178303,863.311859605179,3343.9431877834822,2
2010-01-07,2480.631328178303,856.6513921831241,3337.2827203614274,2
2010-01-08,2480.631328178303,868.6471739633157,3349.278502141619,2
2010-01-11,2480.631328178303,899.170375572076,3379.801703750379,2
2010-01-12,2982.4797833289254,413.88775032257155,3396.367533651497,1
2010-01-13,2555.938587240846,823.7424539340749,3379.681041174921,2
2010-01-14,2555.938587240846,825.3762115054889,3381.314798746335,2
2010-01-15,2555.938587240846,846.4339927343788,3402.3725799752247,2
2010-01-19,2555.938587240846,847.9057765670996,3403.8443638079457,2
2010-01-20,2555.938587240846,854.3755074347999,3410.314094675646,2
2010-01-21,2555.938587240846,818.8076742167835,3374.7462614576298,2
2010-01-22,2555.938587240846,759.9845352413736,3315.9231224822197,2
2010-01-25,2555.938587240846,770.7107637790031,3326.6493510198493,2
2010-01-26,2555.938587240846,753.6254232531978,3309.564010494044,2
2010-01-27,2555.938587240846,773.4338525954477,3329.372439836294,2
2010-01-28,2899.4140970048197,370.30729213066695,3269.721389135487,1
2010-01-29,3239.8592433881067,0,3239.8592433881067,0
2010-02-01,3239.8592433881067,0,3239.8592433881067,0
2010-02-02,3239.8592433881067,0,3239.8592433881067,0
2010-02-03,3239.8592433881067,0,3239.8592433881067,0
2010-02-04,3239.8592433881067,0,3239.8592433881067,0
2010-02-05,3239.8592433881067,0,3239.8592433881067,0
2010-02-08,3239.8592433881067,0,3239.8592433881067,0
2010-02-09,3239.8592433881067,0,3239.8592433881067,0
2010-02-10,3239.8592433881067,0,3239.8592433881067,0
2010-02-11,3239.8592433881067,0,3239.8592433881067,0
2010-02-12,3239.8592433881067,0,3239.8592433881067,0
2010-02-16,3239.8592433881067,0,3239.8592433881067,0
2010-02-17,3239.8592433881067,0,3239.8592433881067,0
2010-02-18,3239.8592433881067,0,3239.8592433881067,0
2010-02-19,2810.554490446617,418.7047529414901,3229.259243388107,1
2010-02-22,2810.554490446617,425.5000048554609,3236.0544953020776,1
2010-02-23,2810.554490446617,422.9320361732705,3233.4865266198876,1
2010-02-24,2810.554490446617,428.39022241560747,3238.944712862224,1
2010-02-25,2810.554490446617,431.2972213930726,3241.8517118396894,1
2010-02-26,2810.554490446617,435.76255501516243,3246.3170454617793,1
2010-03-01,2389.95751941485,850.1425431390251,3240.1000625538754,2
2010-03-02,2389.95751941485,853.2279217121466,3243.185441126997,2
2010-03-03,2389.95751941485,860.5934234141573,3250.5509428290075,2
2010-03-04,2389.95751941485,859.537442708895,3249.494962123745,2
2010-03-05,2389.95751941485,840.2543129160065,3230.211832330857,2
2010-03-08,2389.95751941485,855.9257787376546,3245.8832981525047,2
2010-03-09,2389.95751941485,853.6937248700226,3243.6512442848725,2
2010-03-10,2389.95751941485,827.1457162615629,3217.103235676413,2
2010-03-11,2389.95751941485,822.4637634181684,3212.4212828330183,2
2010-03-12,2389.95751941485,842.3735538493213,3232.331073264171,2
2010-03-15,2389.95751941485,861.7705815587519,3251.728100973602,2
2010-03-16,2389.95751941485,827.2117973816778,3217.1693167965277,2
2010-03-17,2389.95751941485,805.4119781195482,3195.3694975343983,2
2010-03-18,2389.95751941485,824.9399031864209,3214.897422601271,2
2010-03-19,2433.333428436674,814.0627183534073,3247.396146790081,2
2010-03-22,2433.333428436674,812.554620531906,3245.88804896858,2
2010-03-23,2433.333428436674,784.2525117570137,3217.5859401936877,2
2010-03-24,2433.333428436674,808.2227284672458,3241.5561569039196,2
2010-03-25,2433.333428436674,813.3882393797385,3246.7216678164123,2
2010-03-26,2433.333428436674,829.8199029510115,3263.1533313876853,2
2010-03-29,2433.333428436674,829.7064004983579,3263.0398289350314,2
2010-03-30,2433.333428436674,848.7671100631122,3282.100538499786,2
2010-03-31,2433.333428436674,874.6065219297537,3307.9399503664276,2
2010-04-01,2433.333428436674,840.8986377436837,3274.2320661803574,2
2010-04-05,2430.7908332937704,839.1416167858301,3269.9324500796006,2
2010-04-06,2430.7908332937704,854.9415075199377,3285.732340813708,2
2010-04-07,2430.7908332937704,872.5954237205306,3303.386257014301,2
2010-04-08,2430.7908332937704,873.0774157548183,3303.868249048589,2
2010-04-09,2430.7908332937704,862.7130763608145,3293.503909654585,2
2010-04-12,2430.7908332937704,889.9545210370402,3320.7453543308106,2
2010-04-13,2430.7908332937704,885.2585860634254,3316.049419357196,2
2010-04-14,2430.7908332937704,840.5896341043126,3271.380467398083,2
2010-04-15,2430.7908332937704,839.606241963894,3270.3970752576643,2
2010-04-16,2472.7895251963755,842.7368927063637,3315.526417902739,2
2010-04-19,2472.7895251963755,865.976367258618,3338.7658924549933,2
2010-04-20,2472.7895251963755,878.8408908248693,3351.630416021245,2
2010-04-21,2472.7895251963755,877.4922892316526,3350.281814428028,2
2010-04-22,2472.7895251963755,873.8380009581681,3346.6275261545434,2
2010-04-23,2472.7895251963755,846.8905837311906,3319.680108927566,2
2010-04-26,2472.7895251963755,876.2948509061877,3349.084376102563,2
2010-04-27,2472.7895251963755,858.1934520663508,3330.9829772627263,2
2010-04-28,2472.7895251963755,880.0279667147237,3352.8174919110993,2
2010-04-29,2526.595644081217,834.1984817638916,3360.7941258451083,2
2010-04-30,2526.595644081217,821.5528763425874,3348.1485204238043,2
2010-05-03,2526.595644081217,840.7892678848341,3367.384911966051,2
2010-05-04,2526.595644081217,819.4124577310938,3346.008101812311,2
2010-05-05,2526.595644081217,806.2417570967423,3332.8374011779592,2
2010-05-06,2526.595644081217,705.0470819491507,3231.6427260303676,2
2010-05-07,2858.501958707622,338.31721470967216,3196.819173417294,1
2010-05-10,2858.501958707622,379.8469761019063,3238.3489348095286,1
2010-05-11,2858.501958707622,374.767507751771,3233.2694664593932,1
2010-05-12,2858.501958707622,393.6121483560652,3252.1141070636872,1
2010-05-13,2858.501958707622,375.3682547945165,3233.8702135021385,1
2010-05-14,2858.501958707622,339.20438890073706,3197.7063476083595,1
2010-05-17,2858.501958707622,334.2032348972997,3192.705193604922,1
2010-05-18,3150.3697488136545,0,3150.3697488136545,0
2010-05-19,3150.3697488136545,0,3150.3697488136545,0
2010-05-20,3150.3697488136545,0,3150.3697488136545,0
2010-05-21,3150.3697488136545,0,3150.3697488136545,0
2010-05-24,3150.3697488136545,0,3150.3697488136545,0
2010-05-25,3150.3697488136545,0,3150.3697488136545,0
2010-05-26,3150.3697488136545,0,3150.3697488136545,0
2010-05-27,3150.3697488136545,0,3150.3697488136545,0
2010-05-28,3150.3697488136545,0,3150.3697488136545,0
2010-06-01,3150.3697488136545,0,3150.3697488136545,0
2010-06-02,3150.3697488136545,0,3150.3697488136545,0
2010-06-03,3150.3697488136545,0,3150.3697488136545,0
2010-06-04,3150.3697488136545,0,3150.3697488136545,0
2010-06-07,3150.3697488136545,0,3150.3697488136545,0
2010-06-08,3150.3697488136545,0,3150.3697488136545,0
2010-06-09,3150.3697488136545,0,3150.3697488136545,0
2010-06-10,3150.3697488136545,0,3150.3697488136545,0
2010-06-11,3150.3697488136545,0,3150.3697488136545,0
2010-06-14,3150.3697488136545,0,3150.3697488136545,0
2010-06-15,3150.3697488136545,0,3150.3697488136545,0
2010-06-16,3150.3697488136545,0,3150.3697488136545,0
2010-06-17,3150.3697488136545,0,3150.3697488136545,0
2010-06-18,3150.3697488136545,0,3150.3697488136545,0
2010-06-21,3150.3697488136545,0,3150.3697488136545,0
2010-06-22,3150.3697488136545,0,3150.3697488136545,0
2010-06-23,3150.3697488136545,0,3150.3697488136545,0
2010-06-24,3150.3697488136545,0,3150.3697488136545,0
2010-06-25,3150.3697488136545,0,3150.3697488136545,0
2010-06-28,3150.3697488136545,0,3150.3697488136545,0
2010-06-29,3150.3697488136545,0,3150.3697488136545,0
2010-06-30,3150.3697488136545,0,3150.3697488136545,0
2010-07-01,3150.3697488136545,0,3150.3697488136545,0
2010-07-02,3150.3697488136545,0,3150.3697488136545,0
2010-07-06,3150.3697488136545,0,3150.3697488136545,0
2010-07-07,3150.3697488136545,0,3150.3697488136545,0
2010-07-08,3150.3697488136545,0,3150.3697488136545,0
2010-07-09,3150.3697488136545,0,3150.3697488136545,0
2010-07-12,3150.3697488136545,0,3150.3697488136545,0
2010-07-13,3150.3697488136545,0,3150.3697488136545,0
2010-07-14,2715.8340728644193,423.935675949235,3139.7697488136546,1
2010-07-15,2283.8936601632854,844.4233571935293,3128.3170173568146,2
2010-07-16,2283.8936601632854,856.8893917114898,3140.783051874775,2
2010-07-19,2283.8936601632854,864.2243000612889,3148.1179602245743,2
2010-07-20,2283.8936601632854,879.0208258086575,3162.9144859719427,2
2010-07-21,2283.8936601632854,865.0236009620904,3148.9172611253757,2
2010-07-22,2283.8936601632854,876.5549436116852,3160.4486037749707,2
2010-07-23,2283.8936601632854,880.027174741057,3163.9208349043424,2
2010-07-26,2283.8936601632854,879.9401322834235,3163.8337924467087,2
2010-07-27,2283.8936601632854,883.21000460496,3167.1036647682454,2
2010-07-28,2283.8936601632854,891.4640275971801,3175.3576877604655,2
2010-07-29,2283.8936601632854,901.9361158269147,3185.8297759902002,2
2010-07-30,2283.8936601632854,911.4133634670783,3195.307023630364,2
2010-08-02,2283.8936601632854,911.4521021893772,3195.345762352663,2
2010-08-03,2283.8936601632854,924.0054813860079,3207.8991415492933,2
2010-08-04,2283.8936601632854,922.5134506567149,3206.4071108200005,2
2010-08-05,2790.9089746388013,412.4299148189572,3203.3388894577583,1
2010-08-06,2361.641678844755,839.0402621119854,3200.6819409567406,2
2010-08-09,2361.641678844755,834.5372908577338,3196.1789697024888,2
2010-08-10,2361.641678844755,847.2483713041063,3208.8900501488615,2
2010-08-11,2361.641678844755,823.9065002234886,3185.5481790682434,2
2010-08-12,2361.641678844755,812.6861562717875,3174.3278351165427,2
2010-08-13,2361.641678844755,802.3762535748483,3164.0179324196033,2
2010-08-16,2361.641678844755,800.6334825001547,3162.27516134491,2
2010-08-17,2361.641678844755,833.9842953035788,3195.6259741483336,2
2010-08-18,2361.641678844755,837.5545911879328,3199.1962700326876,2
2010-08-19,2361.641678844755,787.8683783137776,3149.5100571585326,2
2010-08-20,2361.641678844755,773.5591652812902,3135.200844126045,2
2010-08-23,2361.641678844755,754.0358844360455,3115.6775632808003,2
2010-08-24,3035.8022423433067,0,3035.8022423433067,0
2010-08-25,3035.8022423433067,0,3035.8022423433067,0
2010-08-26,3035.8022423433067,0,3035.8022423433067,0
2010-08-27,3035.8022423433067,0,3035.8022423433067,0
2010-08-30,3035.8022423433067,0,3035.8022423433067,0
2010-08-31,3035.8022423433067,0,3035.8022423433067,0
2010-09-01,3035.8022423433067,0,3035.8022423433067,0
2010-09-02,2601.7052203865956,423.4970219567111,3025.202242343307,1
2010-09-03,2169.243216012922,841.0753410939218,3010.318557106844,2
2010-09-07,2169.243216012922,851.2231024757994,3020.4663184887213,2
2010-09-08,2169.243216012922,850.416836013276,3019.660052026198,2
2010-09-09,2169.243216012922,849.6757977212804,3018.9190137342025,2
2010-09-10,2169.243216012922,852.7171762772657,3021.960392290188,2
2010-09-13,2169.243216012922,845.9047118135575,3015.1479278264796,2
2010-09-14,2169.243216012922,850.3778030907138,3019.6210191036357,2
2010-09-15,2169.243216012922,835.1802524996892,3004.423468512611,2
2010-09-16,2169.243216012922,850.7150146465333,3019.9582306594552,2
2010-09-17,2169.243216012922,851.1263780799306,3020.369594092853,2
2010-09-20,2169.243216012922,809.4462946037329,2978.689510616655,2
2010-09-21,2169.243216012922,822.4101142444829,2991.653330257405,2
2010-09-22,2169.243216012922,857.6005537689846,3026.8437697819063,2
2010-09-23,2169.243216012922,884.3536767274824,3053.596892740404,2
2010-09-24,2169.243216012922,819.8723913844339,2989.1156073973557,2
2010-09-27,2169.243216012922,885.1096831603231,3054.352899173245,2
2010-09-28,2169.243216012922,871.1991915112114,3040.442407524133,2
2010-09-29,2169.243216012922,894.751645481148,3063.99486149407,2
2010-09-30,2210.3646375743024,867.2049744621054,3077.5696120364078,2
2010-10-01,2210.3646375743024,872.0466918022314,3082.411329376534,2
2010-10-04,2274.169371314678,839.9387982943517,3114.1081696090296,2
2010-10-05,2274.169371314678,801.2570865384765,3075.4264578531543,2
2010-10-06,2274.169371314678,814.6705026946618,3088.83987400934,2
2010-10-07,2274.169371314678,826.1989121353508,3100.3682834500287,2
2010-10-08,2274.169371314678,820.7341808843493,3094.903552199027,2
2010-10-11,2274.169371314678,869.5999650017778,3143.769336316456,2
2010-10-12,2274.169371314678,861.7217268678997,3135.8910981825775,2
2010-10-13,2274.169371314678,831.9655516479256,3106.1349229626035,2
2010-10-14,2274.169371314678,844.1424377952953,3118.311809109973,2
2010-10-15,2274.169371314678,857.4231894390008,3131.5925607536788,2
2010-10-18,2274.169371314678,843.3663644857323,3117.5357358004103,2
2010-10-19,2274.169371314678,899.3170401424468,3173.4864114571246,2
2010-10-20,2274.169371314678,880.6430973688725,3154.8124686835504,2
2010-10-21,2274.169371314678,889.9538421774814,3164.1232134921593,2
2010-10-22,2274.169371314678,895.5140206922642,3169.683392006942,2
2010-10-25,2306.0120462451227,856.4584274615218,3162.4704737066445,2
2010-10-26,2306.0120462451227,858.8950210883127,3164.9070673334354,2
2010-10-27,2306.0120462451227,869.86912447181,3175.8811707169325,2
2010-10-28,2306.0120462451227,872.0251495767359,3178.0371958218584,2
2010-10-29,2306.0120462451227,877.8844143247959,3183.8964605699184,2
2010-11-01,2361.2669142382656,825.8462490098791,3187.1131632481447,2
2010-11-02,2361.2669142382656,812.3944259060443,3173.66134014431,2
2010-11-03,2361.2669142382656,837.5806112595003,3198.8475254977657,2
2010-11-04,2361.2669142382656,772.8313406312568,3134.0982548695224,2
2010-11-05,2361.2669142382656,760.6032508520299,3121.8701650902954,2
2010-11-08,2361.2669142382656,798.4443946307181,3159.711308868984,2
2010-11-09,2361.2669142382656,835.8215901075873,3197.088504345853,2
2010-11-10,2361.2669142382656,833.5765567462672,3194.843470984533,2
2010-11-11,2361.2669142382656,859.5734659223974,3220.840380160663,2
2010-11-12,2361.2669142382656,875.6186695572858,3236.8855837955516,2
2010-11-15,2401.3833069316706,850.9485073965249,3252.3318143281954,2
2010-11-16,2401.3833069316706,849.9112518462284,3251.294558777899,2
2010-11-17,2401.3833069316706,859.9320732933336,3261.3153802250044,2
2010-11-18,2448.547462462438,827.6461983239252,3276.193660786363,2
2010-11-19,2448.547462462438,837.5665732740716,3286.11403573651,2
2010-11-22,2448.547462462438,849.4132524875181,3297.960714949956,2
2010-11-23,2448.547462462438,837.2722888787339,3285.819751341172,2
2010-11-24,2448.547462462438,840.8325333824187,3289.3799958448567,2
2010-11-26,2448.547462462438,828.9432036412479,3277.4906661036857,2
2010-11-29,2448.547462462438,850.8432106585722,3299.39067312101,2
2010-11-30,2448.547462462438,836.9974097185186,3285.5448721809566,2
2010-12-01,2448.547462462438,843.420261647332,3291.96772410977,2
2010-12-02,2448.547462462438,837.7339064024591,3286.281368864897,2
2010-12-03,2448.547462462438,859.8997015868104,3308.4471640492484,2
2010-12-06,2488.650142859899,840.0662793111476,3328.7164221710464,2
2010-12-07,2488.650142859899,846.1786826850432,3334.8288255449424,2
2010-12-08,2488.650142859899,843.6062803576233,3332.2564232175223,2
2010-12-09,2488.650142859899,843.206256269283,3331.856399129182,2
2010-12-10,2488.650142859899,810.8834155348547,3299.5335583947535,2
2010-12-13,2488.650142859899,842.5670852064379,3331.217228066337,2
2010-12-14,2488.650142859899,846.7666919712303,3335.4168348311296,2
2010-12-15,2532.080217114652,823.5466634143149,3355.626880528967,2
2010-12-16,2532.080217114652,818.3547352441415,3350.4349523587935,2
2010-12-17,2532.080217114652,847.6390988722226,3379.719315986875,2
2010-12-20,2532.080217114652,851.5247883937736,3383.6050055084256,2
2010-12-21,2532.080217114652,829.6317302097065,3361.7119473243583,2
2010-12-22,2532.080217114652,842.0149584691424,3374.095175583794,2
2010-12-23,2532.080217114652,837.1731632618776,3369.2533803765295,2
2010-12-27,2532.080217114652,846.2510535393573,3378.331270654009,2
2010-12-28,2532.080217114652,855.0903789214815,3387.1705960361332,2
2010-12-29,2532.080217114652,864.4707302351828,3396.550947349835,2
2010-12-30,2532.080217114652,878.3655483841073,3410.445765498759,2
2010-12-31,2566.611011369275,838.2969773991066,3404.9079887683815,2
2011-01-03,2566.611011369275,816.7953947521954,3383.4064061214704,2
2011-01-04,2566.611011369275,836.7829926837212,3403.394004052996,2
2011-01-05,2566.611011369275,826.3516605557143,3392.962671924989,2
2011-01-06,2566.611011369275,840.1910033721972,3406.802014741472,2
2011-01-07,2566.611011369275,863.5731527977275,3430.1841641670026,2
2011-01-10,2602.9927060357168,841.5595529018769,3444.5522589375937,2
2011-01-11,2602.9927060357168,849.3450839044959,3452.3377899402126,2
2011-01-12,2602.9927060357168,836.8948473445781,3439.887553380295,2
2011-01-13,2602.9927060357168,847.5992631047584,3450.591969140475,2
2011-01-14,2602.9927060357168,841.1419953699767,3444.1347014056937,2
2011-01-18,2602.9927060357168,856.2573848076963,3459.250090843413,2
2011-01-19,2602.9927060357168,877.7904775457062,3480.783183581423,2
2011-01-20,2602.9927060357168,877.6315419888165,3480.6242480245332,2
2011-01-21,2602.9927060357168,870.8669335583857,3473.859639594102,2
2011-01-24,2646.5364640844136,834.985873024234,3481.5223371086477,2
2011-01-25,2646.5364640844136,841.7233055000602,3488.259769584474,2
2011-01-26,2646.5364640844136,852.24000447305,3498.776468557464,2
2011-01-27,2646.5364640844136,860.5686629290806,3507.105127013494,2
2011-01-28,2646.5364640844136,846.1242262593489,3492.6606903437623,2
2011-01-31,2646.5364640844136,861.8129065878397,3508.3493706722534,2
2011-02-01,2646.5364640844136,845.6399114101687,3492.1763754945823,2
2011-02-02,2646.5364640844136,873.7729159551486,3520.3093800395623,2
2011-02-03,2646.5364640844136,883.7245487730846,3530.2610128574984,2
2011-02-04,2692.521142418675,833.9437947314952,3526.46493715017,2
2011-02-07,2692.521142418675,820.3994042326071,3512.920546651282,2
2011-02-08,2692.521142418675,816.9882581984299,3509.509400617105,2
2011-02-09,2692.521142418675,838.0868274350704,3530.6079698537455,2
2011-02-10,2692.521142418675,837.5543440971661,3530.075486515841,2
2011-02-11,2692.521142418675,824.5145080825066,3517.0356505011814,2
2011-02-14,2692.521142418675,831.5760409039358,3524.097183322611,2
2011-02-15,2692.521142418675,852.203117812445,3544.72426023112,2
2011-02-16,2692.521142418675,815.5921283443661,3508.1132707630413,2
2011-02-17,2692.521142418675,806.3578388396418,3498.878981258317,2
2011-02-18,2692.521142418675,805.7808716582399,3498.302014076915,2
2011-02-22,2748.847597069255,826.2006393705747,3575.0482364398295,2
2011-02-23,2748.847597069255,828.9272446740101,3577.774841743265,2
2011-02-24,2748.847597069255,846.5218009914855,3595.3693980607404,2
2011-02-25,2748.847597069255,863.9509277160003,3612.798524785255,2
2011-02-28,2748.847597069255,887.8088892843797,3636.6564863536346,2
2011-03-01,2748.847597069255,882.4687955420827,3631.3163926113375,2
2011-03-02,2791.5706520080807,836.929710675139,3628.5003626832195,2
2011-03-03,2791.5706520080807,827.9097622309463,3619.480414239027,2
2011-03-04,2791.5706520080807,849.2877330021529,3640.8583850102336,2
2011-03-07,2791.5706520080807,856.9498520576939,3648.5205040657747,2
2011-03-08,2791.5706520080807,858.5056337822507,3650.0762857903314,2
2011-03-09,2791.5706520080807,861.4970637745052,3653.0677157825858,2
2011-03-10,2791.5706520080807,857.8661839966453,3649.436836004726,2
2011-03-11,2791.5706520080807,881.1938214425616,3672.764473450642,2
2011-03-14,2791.5706520080807,878.3673338473361,3669.9379858554166,2
2011-03-15,2791.5706520080807,842.2216945739724,3633.792346582053,2
2011-03-16,2791.5706520080807,775.7374062022902,3567.308058210371,2
2011-03-17,2791.5706520080807,823.3406054262937,3614.9112574343744,2
2011-03-18,2791.5706520080807,845.2978720095989,3636.8685240176796,2
2011-03-21,3260.178942279796,447.4921067100109,3707.671048989807,1
2011-03-22,3260.178942279796,447.72677000203214,3707.905712281828,1
2011-03-23,3714.6114434623832,0,3714.6114434623832,0
2011-03-24,3302.406960769116,401.6044826932675,3704.0114434623833,1
2011-03-25,2894.1370327399495,797.8636524495719,3692.0006851895214,2
2011-03-28,2894.1370327399495,794.4458692098342,3688.5829019497837,2
2011-03-29,2894.1370327399495,800.1342470958973,3694.271279835847,2
2011-03-30,2894.1370327399495,787.3207427711843,3681.457775511134,2
2011-03-31,2894.1370327399495,801.9953790935533,3696.132411833503,2
2011-04-01,2894.1370327399495,792.8060417844788,3686.943074524428,2
2011-04-04,2894.1370327399495,812.1550160492541,3706.2920487892034,2
2011-04-05,2894.1370327399495,826.5528385495711,3720.689871289521,2
2011-04-06,2894.1370327399495,831.7762454587855,3725.913278198735,2
2011-04-07,2894.1370327399495,843.1965829826948,3737.3336157226445,2
2011-04-08,2894.1370327399495,853.0884006877509,3747.2254334277004,2
2011-04-11,2936.4188985756964,851.6420662326802,3788.0609648083764,2
2011-04-12,3388.8996497810285,404.3809802451251,3793.2806300261536,1
2011-04-13,3388.8996497810285,407.46635007015914,3796.3659998511876,1
2011-04-14,3388.8996497810285,414.21450031043526,3803.1141500914637,1
2011-04-15,2968.9604819461683,832.5174693027082,3801.4779512488767,2
2011-04-18,2968.9604819461683,823.510550199386,3792.471032145554,2
2011-04-19,2968.9604819461683,844.8734198982197,3813.833901844388,2
2011-04-20,2968.9604819461683,845.5671772814999,3814.527659227668,2
2011-04-21,2968.9604819461683,842.5767153268424,3811.537197273011,2
2011-04-25,2968.9604819461683,852.2939503215799,3821.254432267748,2
2011-04-26,2968.9604819461683,823.8458647077343,3792.8063466539024,2
2011-04-27,2968.9604819461683,799.8107044414152,3768.7711863875834,2
2011-04-28,2968.9604819461683,800.1107426356837,3769.071224581852,2
2011-04-29,2968.9604819461683,787.8948045056529,3756.8552864518215,2
2011-05-02,2968.9604819461683,806.7269622270037,3775.687444173172,2
2011-05-03,2968.9604819461683,828.7539848781396,3797.714466824308,2
2011-05-04,3006.423094321862,822.5846330029738,3829.007727324836,2
2011-05-05,3006.423094321862,839.6211240050941,3846.044218326956,2
2011-05-06,3006.423094321862,834.3296215208481,3840.75271584271,2
2011-05-09,3006.423094321862,866.5277890487695,3872.950883370632,2
2011-05-10,3006.423094321862,864.8714464573413,3871.2945407792035,2
2011-05-11,3059.2148084706955,828.2270060832609,3887.4418145539566,2
2011-05-12,3059.2148084706955,840.9085665727771,3900.1233750434726,2
2011-05-13,3059.2148084706955,838.0207340563337,3897.2355425270293,2
2011-05-16,3059.2148084706955,833.4007207948496,3892.615529265545,2
2011-05-17,3059.2148084706955,844.0872979759033,3903.302106446599,2
2011-05-18,3059.2148084706955,871.4544841800904,3930.669292650786,2
2011-05-19,3059.2148084706955,886.8599321200603,3946.074740590756,2
2011-05-20,3059.2148084706955,860.7042605281672,3919.9190689988627,2
2011-05-23,3059.2148084706955,835.0149602000754,3894.2297686707707,2
2011-05-24,3059.2148084706955,838.3070623866653,3897.5218708573607,2
2011-05-25,3059.2148084706955,859.6400480300938,3918.8548565007895,2
2011-05-26,3059.2148084706955,886.4564418425076,3945.671250313203,2
2011-05-27,3059.2148084706955,904.3923423449871,3963.607150815683,2
2011-05-31,3588.5760969020607,407.83205588364126,3996.408152785702,1
2011-06-01,3588.5760969020607,391.98140768369467,3980.5575045857554,1
2011-06-02,3588.5760969020607,392.35057027314974,3980.9266671752102,1
2011-06-03,3588.5760969020607,377.4615892365473,3966.037686138608,1
2011-06-06,3588.5760969020607,348.9149693034328,3937.4910662054936,1
2011-06-07,3588.5760969020607,344.72752942690664,3933.3036263289673,1
2011-06-08,3916.9312459726575,0,3916.9312459726575,0
2011-06-09,3916.9312459726575,0,3916.9312459726575,0
2011-06-10,3916.9312459726575,0,3916.9312459726575,0
2011-06-13,3916.9312459726575,0,3916.9312459726575,0
2011-06-14,3916.9312459726575,0,3916.9312459726575,0
2011-06-15,3916.9312459726575,0,3916.9312459726575,0
2011-06-16,3916.9312459726575,0,3916.9312459726575,0
2011-06-17,3916.9312459726575,0,3916.9312459726575,0
2011-06-20,3916.9312459726575,0,3916.9312459726575,0
2011-06-21,3916.9312459726575,0,3916.9312459726575,0
2011-06-22,3916.9312459726575,0,3916.9312459726575,0
2011-06-23,3916.9312459726575,0,3916.9312459726575,0
2011-06-24,3916.9312459726575,0,3916.9312459726575,0
2011-06-27,3916.9312459726575,0,3916.9312459726575,0
2011-06-28,3916.9312459726575,0,3916.9312459726575,0
2011-06-29,3916.9312459726575,0,3916.9312459726575,0
2011-06-30,3493.6788710896703,412.65237488298703,3906.3312459726576,1
2011-07-01,3082.8513819994205,796.3782925127496,3879.2296745121703,2
2011-07-05,3082.8513819994205,820.073058200003,3902.9244401994233,2
2011-07-06,3082.8513819994205,816.4937972017863,3899.3451792012065,2
2011-07-07,3082.8513819994205,783.0293245247817,3865.880706524202,2
2011-07-08,3082.8513819994205,824.8854252903534,3907.736807289774,2
2011-07-11,3082.8513819994205,836.5842105544414,3919.435592553862,2
2011-07-12,3082.8513819994205,822.8966577047995,3905.74803970422,2
2011-07-13,3082.8513819994205,827.5496745117812,3910.4010565112017,2
2011-07-14,3082.8513819994205,819.2040205391477,3902.055402538568,2
2011-07-15,3082.8513819994205,841.3998459547032,3924.251227954124,2
2011-07-18,3082.8513819994205,828.4120988239567,3911.263480823377,2
2011-07-19,3082.8513819994205,872.0687894739788,3954.920171473399,2
2011-07-20,3082.8513819994205,880.5018812159171,3963.3532632153374,2
2011-07-21,3082.8513819994205,898.5751478232546,3981.426529822675,2
2011-07-22,3082.8513819994205,906.8984299775179,3989.7498119769384,2
2011-07-25,3577.021865746039,410.8271555381524,3987.8490212841916,1
2011-07-26,3165.538758291329,811.7224971594032,3977.2612554507323,2
2011-07-27,3165.538758291329,809.6189044854974,3975.1576627768263,2
2011-07-28,3165.538758291329,805.851028432347,3971.389786723676,2
2011-07-29,3165.538758291329,795.744039305256,3961.282797596585,2
2011-08-01,3165.538758291329,789.8956769389829,3955.434435230312,2
2011-08-02,3495.8188352882744,355.1166330667145,3850.935468354989,1
2011-08-03,3495.8188352882744,363.22613019449886,3859.0449654827735,1
2011-08-04,3729.8310870840746,0,3729.8310870840746,0
2011-08-05,3729.8310870840746,0,3729.8310870840746,0
2011-08-08,3729.8310870840746,0,3729.8310870840746,0
2011-08-09,3729.8310870840746,0,3729.8310870840746,0
2011-08-10,3729.8310870840746,0,3729.8310870840746,0
2011-08-11,3729.8310870840746,0,3729.8310870840746,0
2011-08-12,3729.8310870840746,0,3729.8310870840746,0
2011-08-15,3729.8310870840746,0,3729.8310870840746,0
2011-08-16,3729.8310870840746,0,3729.8310870840746,0
2011-08-17,3729.8310870840746,0,3729.8310870840746,0
2011-08-18,3729.8310870840746,0,3729.8310870840746,0
2011-08-19,3729.8310870840746,0,3729.8310870840746,0
2011-08-22,3729.8310870840746,0,3729.8310870840746,0
2011-08-23,3729.8310870840746,0,3729.8310870840746,0
2011-08-24,3729.8310870840746,0,3729.8310870840746,0
2011-08-25,3729.8310870840746,0,3729.8310870840746,0
2011-08-26,3729.8310870840746,0,3729.8310870840746,0
2011-08-29,3729.8310870840746,0,3729.8310870840746,0
2011-08-30,3729.8310870840746,0,3729.8310870840746,0
2011-08-31,3729.8310870840746,0,3729.8310870840746,0
2011-09-01,3729.8310870840746,0,3729.8310870840746,0
2011-09-02,3729.8310870840746,0,3729.8310870840746,0
2011-09-06,3729.8310870840746,0,3729.8310870840746,0
2011-09-07,3729.8310870840746,0,3729.8310870840746,0
2011-09-08,3729.8310870840746,0,3729.8310870840746,0
2011-09-09,3729.8310870840746,0,3729.8310870840746,0
2011-09-12,3729.8310870840746,0,3729.8310870840746,0
2011-09-13,3729.8310870840746,0,3729.8310870840746,0
2011-09-14,3729.8310870840746,0,3729.8310870840746,0
2011-09-15,3729.8310870840746,0,3729.8310870840746,0
2011-09-16,3729.8310870840746,0,3729.8310870840746,0
2011-09-19,3729.8310870840746,0,3729.8310870840746,0
2011-09-20,3729.8310870840746,0,3729.8310870840746,0
2011-09-21,3729.8310870840746,0,3729.8310870840746,0
2011-09-22,3729.8310870840746,0,3729.8310870840746,0
2011-09-23,3729.8310870840746,0,3729.8310870840746,0
2011-09-26,3729.8310870840746,0,3729.8310870840746,0
2011-09-27,3729.8310870840746,0,3729.8310870840746,0
2011-09-28,3729.8310870840746,0,3729.8310870840746,0
2011-09-29,3729.8310870840746,0,3729.8310870840746,0
2011-09-30,3729.8310870840746,0,3729.8310870840746,0
2011-10-03,3729.8310870840746,0,3729.8310870840746,0
2011-10-04,3729.8310870840746,0,3729.8310870840746,0
2011-10-05,3729.8310870840746,0,3729.8310870840746,0
2011-10-06,3729.8310870840746,0,3729.8310870840746,0
2011-10-07,3729.8310870840746,0,3729.8310870840746,0
2011-10-10,3729.8310870840746,0,3729.8310870840746,0
2011-10-11,3729.8310870840746,0,3729.8310870840746,0
2011-10-12,3729.8310870840746,0,3729.8310870840746,0
2011-10-13,3729.8310870840746,0,3729.8310870840746,0
2011-10-14,3299.0185379036852,420.2125491803895,3719.2310870840747,1
2011-10-17,3299.0185379036852,428.00379215002215,3727.0223300537073,1
2011-10-18,3299.0185379036852,413.73716708040104,3712.755704984086,1
2011-10-19,3299.0185379036852,423.0316547478884,3722.0501926515735,1
2011-10-20,3299.0185379036852,418.667177230018,3717.685715133703,1
2011-10-21,3299.0185379036852,403.18647596646537,3702.2050138701507,1
2011-10-24,2860.165974133014,824.6141029676562,3684.7800771006705,2
2011-10-25,2860.165974133014,858.14559353594,3718.311567668954,2
2011-10-26,2860.165974133014,855.9540623117551,3716.120036444769,2
2011-10-27,2860.165974133014,783.4112102210548,3643.577184354069,2
2011-10-28,2860.165974133014,802.9694041836881,3663.1353783167024,2
2011-10-31,2860.165974133014,859.0353896023084,3719.2013637353225,2
2011-11-01,2860.165974133014,869.9192063183016,3730.085180451316,2
2011-11-02,2860.165974133014,873.2556086331138,3733.421582766128,2
2011-11-03,2860.165974133014,857.9317922746815,3718.0977664076954,2
2011-11-04,2860.165974133014,882.2560570781014,3742.4220312111156,2
2011-11-07,2860.165974133014,895.389901359393,3755.555875492407,2
2011-11-08,2860.165974133014,897.1933742936047,3757.359348426619,2
2011-11-09,2860.165974133014,891.4261324210311,3751.592106554045,2
2011-11-10,3325.0878291421204,443.12060312840816,3768.2084322705286,1
2011-11-11,3325.0878291421204,451.6264917670743,3776.7143209091946,1
2011-11-14,3325.0878291421204,454.5481708662144,3779.636000008335,1
2011-11-15,3325.0878291421204,457.92561793927376,3783.013447081394,1
2011-11-16,3325.0878291421204,448.1163651456684,3773.2041942877886,1
2011-11-17,3325.0878291421204,434.4309623075082,3759.5187914496287,1
2011-11-18,3325.0878291421204,438.92785622197687,3764.0156853640974,1
2011-11-21,3325.0878291421204,419.6432986083343,3744.7311277504546,1
2011-11-22,3325.0878291421204,416.8050435674889,3741.8928727096095,1
2011-11-23,3677.1012223738276,0,3677.1012223738276,0
2011-11-25,3677.1012223738276,0,3677.1012223738276,0
2011-11-28,3677.1012223738276,0,3677.1012223738276,0
2011-11-29,3677.1012223738276,0,3677.1012223738276,0
2011-11-30,3250.50618822089,415.9950341529377,3666.5012223738277,1
2011-12-01,2819.706017828009,841.973396686416,3661.679414514425,2
2011-12-02,2819.706017828009,844.8296284566238,3664.535646284633,2
2011-12-05,2819.706017828009,824.3795856475839,3644.085603475593,2
2011-12-06,2819.706017828009,822.44767327556,3642.153691103569,2
2011-12-07,2819.706017828009,814.5436054903539,3634.249623318363,2
2011-12-08,2819.706017828009,856.582351795448,3676.2883696234567,2
2011-12-09,2819.706017828009,861.704562476812,3681.410580304821,2
2011-12-12,2819.706017828009,886.9788426206771,3706.684860448686,2
2011-12-13,2819.706017828009,881.5060270735246,3701.212044901534,2
2011-12-14,2819.706017828009,862.164636570471,3681.87065439848,2
2011-12-15,2819.706017828009,872.0331786258193,3691.7391964538283,2
2011-12-16,2819.706017828009,882.5060691634642,3702.2120869914734,2
2011-12-19,2819.706017828009,860.9116987001712,3680.61771652818,2
2011-12-20,2858.648762931603,873.47105984632,3732.119822777923,2
2011-12-21,2910.6264921203456,826.2229351829426,3736.8494273032884,2
2011-12-22,2910.6264921203456,808.2851525248797,3718.9116446452254,2
2011-12-23,2910.6264921203456,781.6882769535885,3692.3147690739343,2
2011-12-27,2910.6264921203456,786.4691859870179,3697.0956781073637,2
2011-12-28,2910.6264921203456,818.9692155330126,3729.595707653358,2
2011-12-29,2910.6264921203456,797.2360963006598,3707.8625884210055,2
2011-12-30,2910.6264921203456,810.890282754124,3721.51677487447,2
2012-01-03,2910.6264921203456,776.9040473196479,3687.5305394399934,2
2012-01-04,2910.6264921203456,798.706347264548,3709.3328393848933,2
2012-01-05,2910.6264921203456,805.0748821807977,3715.701374301143,2
2012-01-06,2910.6264921203456,844.1464113175457,3754.7729034378913,2
2012-01-09,2910.6264921203456,857.1603767871427,3767.7868689074885,2
2012-01-10,2910.6264921203456,822.3986414940482,3733.025133614394,2
2012-01-11,2910.6264921203456,827.3905619530576,3738.0170540734034,2
2012-01-12,2910.6264921203456,834.2081050545751,3744.8345971749204,2
2012-01-13,2910.6264921203456,873.8810734793301,3784.5075655996757,2
2012-01-17,2955.5239734668344,839.8685587564219,3795.3925322232562,2
2012-01-18,2955.5239734668344,802.9123334846091,3758.4363069514434,2
2012-01-19,2955.5239734668344,793.4147967666762,3748.9387702335107,2
2012-01-20,2955.5239734668344,825.8672255534999,3781.391199020334,2
2012-01-23,2955.5239734668344,867.2135185140089,3822.7374919808435,2
2012-01-24,3007.976909576691,829.925851577831,3837.902761154522,2
2012-01-25,3007.976909576691,813.6692686506916,3821.6461782273827,2
2012-01-26,3007.976909576691,837.62494006581,3845.6018496425013,2
2012-01-27,3007.976909576691,848.9355679934416,3856.9124775701325,2
2012-01-30,3007.976909576691,858.6273279500083,3866.6042375266993,2
2012-01-31,3007.976909576691,864.7048115624037,3872.681721139095,2
2012-02-01,3007.976909576691,862.1271277020371,3870.1040372787284,2
2012-02-02,3007.976909576691,875.3351057287159,3883.312015305407,2
2012-02-03,3007.976909576691,832.670342815977,3840.647252392668,2
2012-02-06,3007.976909576691,850.2937326700005,3858.2706422466918,2
2012-02-07,3007.976909576691,850.3519887453118,3858.3288983220027,2
2012-02-08,3007.976909576691,837.5355060913168,3845.5124156680076,2
2012-02-09,3007.976909576691,830.2722930769806,3838.2492026536715,2
2012-02-10,3007.976909576691,848.275957991814,3856.2528675685053,2
2012-02-13,3007.976909576691,875.8282051482897,3883.8051147249807,2
2012-02-14,3050.60333528735,832.3009080792647,3882.9042433666145,2
2012-02-15,3050.60333528735,836.4405812860823,3887.0439165734324,2
2012-02-16,3050.60333528735,830.1783950262011,3880.781730313551,2
2012-02-17,3050.60333528735,853.2229947542037,3903.826330041554,2
2012-02-21,3093.6182084120737,827.5736961196287,3921.1919045317027,2
2012-02-22,3093.6182084120737,840.2061512639485,3933.824359676022,2
2012-02-23,3093.6182084120737,859.7003419791195,3953.318550391193,2
2012-02-24,3093.6182084120737,852.3228536754574,3945.941062087531,2
2012-02-27,3093.6182084120737,851.2518822625404,3944.8700906746144,2
2012-02-28,3093.6182084120737,852.167708816647,3945.785917228721,2
2012-02-29,3093.6182084120737,863.2532650179965,3956.87147343007,2
2012-03-01,3093.6182084120737,874.4374215796834,3968.055629991757,2
2012-03-02,3093.6182084120737,888.4235860644875,3982.0417944765613,2
2012-03-05,3140.0607978055177,842.1460275794702,3982.206825384988,2
2012-03-06,3140.0607978055177,819.3609293961551,3959.421727201673,2
2012-03-07,3140.0607978055177,843.267030559962,3983.32782836548,2
2012-03-08,3140.0607978055177,857.6009979705154,3997.661795776033,2
2012-03-09,3140.0607978055177,871.2807777926085,4011.3415755981264,2
2012-03-12,3185.2591167464047,851.710007057771,4036.969123804176,2
2012-03-13,3185.2591167464047,807.1288755528153,3992.38799229922,2
2012-03-14,3185.2591167464047,807.9048571341282,3993.163973880533,2
2012-03-15,3185.2591167464047,775.1471237894825,3960.4062405358873,2
2012-03-16,3185.2591167464047,799.6875554699609,3984.9466722163656,2
2012-03-19,3185.2591167464047,779.9134355048109,3965.1725522512156,2
2012-03-20,3185.2591167464047,797.5438910456925,3982.803007792097,2
2012-03-21,3185.2591167464047,829.7631744906113,4015.022291237016,2
2012-03-22,3185.2591167464047,867.4080195083843,4052.667136254789,2
2012-03-23,3185.2591167464047,877.0311932061804,4062.290309952585,2
2012-03-26,3185.2591167464047,824.2693164022705,4009.5284331486755,2
2012-03-27,3185.2591167464047,829.1562645526897,4014.4153812990944,2
2012-03-28,3231.6769287252196,817.1317367739989,4048.8086654992185,2
2012-03-29,3231.6769287252196,831.3851693856896,4063.062098110909,2
2012-03-30,3231.6769287252196,821.8208458037209,4053.4977745289407,2
2012-04-02,3231.6769287252196,800.775446955999,4032.4523756812187,2
2012-04-03,3231.6769287252196,834.7375403707198,4066.4144690959392,2
2012-04-04,3231.6769287252196,869.6184034188739,4101.295332144094,2
2012-04-05,3280.6975848079837,812.7297572754151,4093.427342083399,2
2012-04-09,3280.6975848079837,803.3858222279665,4084.08340703595,2
2012-04-10,3280.6975848079837,754.5184260935185,4035.216010901502,2
2012-04-11,3280.6975848079837,781.1703161872824,4061.867900995266,2
2012-04-12,3280.6975848079837,837.3387606655745,4118.036345473558,2
2012-04-13,3280.6975848079837,791.0813771037739,4071.7789619117575,2
2012-04-16,3280.6975848079837,795.7316984630202,4076.429283271004,2
2012-04-17,3280.6975848079837,848.6718229410873,4129.369407749071,2
2012-04-18,3280.6975848079837,844.5774480467567,4125.275032854741,2
2012-04-19,3280.6975848079837,833.2446646311173,4113.942249439101,2
2012-04-20,3280.6975848079837,849.5722728840399,4130.269857692024,2
2012-04-23,3280.6975848079837,810.5686306068151,4091.266215414799,2
2012-04-24,3280.6975848079837,842.0309653166164,4122.728550124601,2
2012-04-25,3334.3268290547735,849.4897475451394,4183.816576599913,2
2012-04-26,3378.743218580003,801.0313406280197,4179.774559208023,2
2012-04-27,3378.743218580003,796.1518297664236,4174.895048346427,2
2012-04-30,3378.743218580003,808.3766771654468,4187.11989574545,2
2012-05-01,3378.743218580003,807.2041806791032,4185.9473992591065,2
2012-05-02,3378.743218580003,816.188578482166,4194.931797062169,2
2012-05-03,3378.743218580003,826.7023554595246,4205.445574039528,2
2012-05-04,3378.743218580003,807.7387949140782,4186.482013494081,2
2012-05-07,3378.743218580003,818.2284183375052,4196.9716369175085,2
2012-05-08,3378.743218580003,808.2224936028874,4186.9657121828905,2
2012-05-09,3378.743218580003,780.3233086474568,4159.06652722746,2
2012-05-10,3378.743218580003,797.442068843668,4176.185287423671,2
2012-05-11,3378.743218580003,779.2842159556878,4158.027434535691,2
2012-05-14,3378.743218580003,715.9807500331827,4094.7239686131857,2
2012-05-15,3378.743218580003,675.8334375756933,4054.5766561556966,2
2012-05-16,3681.697133479431,334.4371268658278,4016.134260345259,1
2012-05-17,3950.845104945708,0,3950.845104945708,0
2012-05-18,3950.845104945708,0,3950.845104945708,0
2012-05-21,3950.845104945708,0,3950.845104945708,0
2012-05-22,3950.845104945708,0,3950.845104945708,0
2012-05-23,3950.845104945708,0,3950.845104945708,0
2012-05-24,3950.845104945708,0,3950.845104945708,0
2012-05-25,3950.845104945708,0,3950.845104945708,0
2012-05-29,3950.845104945708,0,3950.845104945708,0
2012-05-30,3950.845104945708,0,3950.845104945708,0
2012-05-31,3950.845104945708,0,3950.845104945708,0
2012-06-01,3950.845104945708,0,3950.845104945708,0
2012-06-04,3950.845104945708,0,3950.845104945708,0
2012-06-05,3950.845104945708,0,3950.845104945708,0
2012-06-06,3950.845104945708,0,3950.845104945708,0
2012-06-07,3950.845104945708,0,3950.845104945708,0
2012-06-08,3950.845104945708,0,3950.845104945708,0
2012-06-11,3950.845104945708,0,3950.845104945708,0
2012-06-12,3950.845104945708,0,3950.845104945708,0
2012-06-13,3950.845104945708,0,3950.845104945708,0
2012-06-14,3950.845104945708,0,3950.845104945708,0
2012-06-15,3950.845104945708,0,3950.845104945708,0
2012-06-18,3950.845104945708,0,3950.845104945708,0
2012-06-19,3540.6512819398854,399.5938230058226,3940.245104945708,1
2012-06-20,3117.715630020904,826.9032091254297,3944.618839146334,2
2012-06-21,3117.715630020904,808.530888967053,3926.2465189879567,2
2012-06-22,3117.715630020904,833.3582597154764,3951.0738897363804,2
2012-06-25,3117.715630020904,793.6955353282516,3911.4111653491555,2
2012-06-26,3117.715630020904,810.0351250083643,3927.7507550292685,2
2012-06-27,3117.715630020904,831.1930363837484,3948.9086664046526,2
2012-06-28,3117.715630020904,828.2538624560293,3945.9694924769333,2
2012-06-29,3117.715630020904,865.1999443043729,3982.915574325277,2
2012-07-02,3117.715630020904,883.3822059216562,4001.0978359425603,2
2012-07-03,3117.715630020904,877.117391908648,3994.833021929552,2
2012-07-05,3117.715630020904,889.2472367705655,4006.9628667914694,2
2012-07-06,3161.3063464513757,850.3621956966817,4011.6685421480574,2
2012-07-09,3161.3063464513757,854.7969097452467,4016.103256196622,2
2012-07-10,3161.3063464513757,852.2990273361183,4013.605373787494,2
2012-07-11,3161.3063464513757,865.8246356215478,4027.1309820729234,2
2012-07-12,3161.3063464513757,859.8766175469334,4021.182963998309,2
2012-07-13,3214.563286223215,826.5052369620562,4041.0685231852713,2
2012-07-16,3214.563286223215,839.4436966589965,4054.0069828822116,2
2012-07-17,3214.563286223215,841.0217562666054,4055.5850424898204,2
2012-07-18,3214.563286223215,831.1336871358708,4045.696973359086,2
2012-07-19,3214.563286223215,842.5655706768127,4057.128856900028,2
2012-07-20,3214.563286223215,865.2838661130804,4079.8471523362955,2
2012-07-23,3214.563286223215,856.2721060829529,4070.8353923061677,2
2012-07-24,3214.563286223215,836.2932685972165,4050.8565548204315,2
2012-07-25,3214.563286223215,850.2924973296222,4064.8557835528372,2
2012-07-26,3258.287340679133,829.9566482639337,4088.243988943067,2
2012-07-27,3258.287340679133,782.6762159912143,4040.9635566703473,2
2012-07-30,3258.287340679133,780.4264763357279,4038.713817014861,2
2012-07-31,3258.287340679133,792.7160783807562,4051.0034190598894,2
2012-08-01,3258.287340679133,813.320550399975,4071.6078910791084,2
2012-08-02,3258.287340679133,865.3650723006888,4123.652412979822,2
2012-08-03,3258.287340679133,845.9652005692842,4104.252541248417,2
2012-08-06,3301.5133716121322,798.6112332613409,4100.124604873473,2
2012-08-07,3301.5133716121322,776.8702373482033,4078.3836089603356,2
2012-08-08,3301.5133716121322,796.829362419558,4098.34273403169,2
2012-08-09,3301.5133716121322,802.9658013722566,4104.479172984389,2
2012-08-10,3301.5133716121322,810.3634877353143,4111.876859347447,2
2012-08-13,3301.5133716121322,865.8011764670293,4167.314548079162,2
2012-08-14,3301.5133716121322,849.0864438942842,4150.599815506416,2
2012-08-15,3301.5133716121322,856.0887379503803,4157.602109562513,2
2012-08-16,3301.5133716121322,824.8418522961895,4126.355223908322,2
2012-08-17,3301.5133716121322,838.0301922680633,4139.5435638801955,2
2012-08-20,3301.5133716121322,856.0929427857654,4157.606314397897,2
2012-08-21,3301.5133716121322,873.7219346089846,4175.235306221117,2
2012-08-22,3301.5133716121322,882.0456721633523,4183.5590437754845,2
2012-08-23,3353.8393272194767,855.3573018357696,4209.196629055246,2
2012-08-24,3353.8393272194767,859.396847222333,4213.236174441809,2
2012-08-27,3396.7630080504973,803.4205291519858,4200.183537202483,2
2012-08-28,3396.7630080504973,808.5073792575074,4205.2703873080045,2
2012-08-29,3396.7630080504973,799.6706888631522,4196.433696913649,2
2012-08-30,3396.7630080504973,810.3427211648722,4207.105729215369,2
2012-08-31,3396.7630080504973,811.3711556443911,4208.134163694888,2
2012-09-04,3396.7630080504973,828.4837830126457,4225.246791063143,2
2012-09-05,3396.7630080504973,840.0521142493778,4236.815122299875,2
2012-09-06,3396.7630080504973,823.4254360798325,4220.18844413033,2
2012-09-07,3396.7630080504973,837.5652881551948,4234.328296205692,2
2012-09-10,3396.7630080504973,855.2972222732998,4252.060230323797,2
2012-09-11,3396.7630080504973,846.6381455960536,4243.401153646551,2
2012-09-12,3396.7630080504973,858.4220367479834,4255.185044798481,2
2012-09-13,3396.7630080504973,775.4426681165844,4172.205676167082,2
2012-09-14,3396.7630080504973,732.3055904859559,4129.0685985364535,2
2012-09-17,3396.7630080504973,802.8580366283429,4199.62104467884,2
2012-09-18,3396.7630080504973,837.5640241513747,4234.3270322018725,2
2012-09-19,3396.7630080504973,843.685321798916,4240.448329849413,2
2012-09-20,3396.7630080504973,860.2203226987829,4256.98333074928,2
2012-09-21,3396.7630080504973,877.05352730819,4273.816535358687,2
2012-09-24,3922.001788039186,400.52061895664133,4322.522406995828,1
2012-09-25,3508.145903258035,801.6244223839813,4309.770325642016,2
2012-09-26,3508.145903258035,788.4404559213999,4296.586359179435,2
2012-09-27,3508.145903258035,815.4233029334466,4323.5692061914815,2
2012-09-28,3508.145903258035,809.6539673240793,4317.799870582115,2
2012-10-01,3508.145903258035,808.6195948524912,4316.765498110526,2
2012-10-02,3508.145903258035,824.1213243075856,4332.2672275656205,2
2012-10-03,3508.145903258035,828.5023573358792,4336.6482605939145,2
2012-10-04,3508.145903258035,833.6585336696362,4341.804436927671,2
2012-10-05,3508.145903258035,846.7995584293963,4354.945461687432,2
2012-10-08,3508.145903258035,859.3499532025978,4367.495856460633,2
2012-10-09,3508.145903258035,851.831758911947,4359.977662169982,2
2012-10-10,3508.145903258035,850.3380783713626,4358.483981629398,2
2012-10-11,3508.145903258035,863.4806485512524,4371.626551809288,2
2012-10-12,3508.145903258035,852.9830899209919,4361.128993179027,2
2012-10-15,3545.325524335498,848.3341977881414,4393.659722123639,2
2012-10-16,3545.325524335498,847.7659054853691,4393.091429820867,2
2012-10-17,3584.57330726509,795.6474737828511,4380.220781047941,2
2012-10-18,3584.57330726509,811.1614911340262,4395.734798399117,2
2012-10-19,3584.57330726509,805.1809657860596,4389.7542730511495,2
2012-10-22,3584.57330726509,821.8620895521101,4406.4353968172,2
2012-10-23,3584.57330726509,777.993646007201,4362.566953272291,2
2012-10-24,3584.57330726509,771.4647444897873,4356.038051754877,2
2012-10-25,3584.57330726509,784.5182169239051,4369.091524188995,2
2012-10-26,3584.57330726509,784.8615540938756,4369.4348613589655,2
2012-10-31,3584.57330726509,788.8328222145817,4373.406129479672,2
2012-11-01,3584.57330726509,847.7178163780745,4432.291123643165,2
2012-11-02,3584.57330726509,805.2465473240318,4389.819854589122,2
2012-11-05,3584.57330726509,818.8154961616665,4403.388803426757,2
2012-11-06,3584.57330726509,862.8000407031725,4447.373347968262,2
2012-11-07,3912.5629680532156,388.1816054265353,4300.744573479751,1
2012-11-08,3912.5629680532156,339.3368580735409,4251.899826126756,1
2012-11-09,3912.5629680532156,347.64685213105156,4260.209820184267,1
2012-11-12,3912.5629680532156,354.4145858157654,4266.977553868981,1
2012-11-13,4238.534155086558,0,4238.534155086558,0
2012-11-14,4238.534155086558,0,4238.534155086558,0
2012-11-15,4238.534155086558,0,4238.534155086558,0
2012-11-16,4238.534155086558,0,4238.534155086558,0
2012-11-19,4238.534155086558,0,4238.534155086558,0
2012-11-20,4238.534155086558,0,4238.534155086558,0
2012-11-21,4238.534155086558,0,4238.534155086558,0
2012-11-23,4238.534155086558,0,4238.534155086558,0
2012-11-26,4238.534155086558,0,4238.534155086558,0
2012-11-27,4238.534155086558,0,4238.534155086558,0
2012-11-28,4238.534155086558,0,4238.534155086558,0
2012-11-29,4238.534155086558,0,4238.534155086558,0
2012-11-30,4238.534155086558,0,4238.534155086558,0
2012-12-03,4238.534155086558,0,4238.534155086558,0
2012-12-04,4238.534155086558,0,4238.534155086558,0
2012-12-05,4238.534155086558,0,4238.534155086558,0
2012-12-06,4238.534155086558,0,4238.534155086558,0
2012-12-07,3821.370994800395,406.563160286163,4227.934155086557,1
2012-12-10,3406.0976783588153,816.4234504509377,4222.521128809753,2
2012-12-11,3406.0976783588153,813.8224725238133,4219.920150882628,2
2012-12-12,3406.0976783588153,809.3988336085247,4215.49651196734,2
2012-12-13,3406.0976783588153,820.014420613956,4226.1120989727715,2
2012-12-14,3406.0976783588153,823.6621141159426,4229.759792474758,2
2012-12-17,3406.0976783588153,827.762270171072,4233.859948529887,2
2012-12-18,3406.0976783588153,800.9026927515893,4207.000371110405,2
2012-12-19,3406.0976783588153,805.8755625240851,4211.9732408829,2
2012-12-20,3406.0976783588153,780.1466871095049,4186.24436546832,2
2012-12-21,3406.0976783588153,826.7409155836783,4232.838593942493,2
2012-12-24,3406.0976783588153,856.6059644920147,4262.70364285083,2
2012-12-26,3406.0976783588153,853.1094201368805,4259.207098495695,2
2012-12-27,3406.0976783588153,861.6436905135602,4267.7413688723755,2
2012-12-28,3406.0976783588153,826.4749883868219,4232.572666745637,2
2012-12-31,3462.1986673605975,844.0400416331797,4306.238708993777,2
2013-01-02,3462.1986673605975,817.4867504515989,4279.685417812197,2
2013-01-03,3508.0712112652304,784.9306939770664,4293.001905242297,2
2013-01-04,3508.0712112652304,783.9556578935883,4292.026869158819,2
2013-01-07,3508.0712112652304,821.6929504982224,4329.764161763453,2
2013-01-08,3508.0712112652304,846.521726979741,4354.592938244971,2
2013-01-09,3508.0712112652304,837.1590887628902,4345.230300028121,2
2013-01-10,3508.0712112652304,810.7371592533307,4318.808370518561,2
2013-01-11,3508.0712112652304,822.0250651549665,4330.096276420197,2
2013-01-14,3508.0712112652304,846.9131520606231,4354.984363325853,2
2013-01-15,3508.0712112652304,847.5608156783323,4355.632026943563,2
2013-01-16,3508.0712112652304,857.8312762178407,4365.902487483071,2
2013-01-17,3508.0712112652304,824.0784201811707,4332.149631446401,2
2013-01-18,3508.0712112652304,831.7871696295229,4339.858380894753,2
2013-01-22,3508.0712112652304,828.5878870821296,4336.65909834736,2
2013-01-23,3508.0712112652304,822.442803368485,4330.514014633715,2
2013-01-24,3508.0712112652304,828.6733334052351,4336.744544670466,2
2013-01-25,3508.0712112652304,771.2871563312771,4279.358367596507,2
2013-01-28,3508.0712112652304,822.2087135464444,4330.279924811675,2
2013-01-29,3508.0712112652304,771.225702760515,4279.2969140257455,2
2013-01-30,3508.0712112652304,827.6804248646447,4335.751636129875,2
2013-01-31,3558.6549455921463,813.9849428806494,4372.639888472796,2
2013-02-01,3558.6549455921463,737.5625569491109,4296.217502541257,2
2013-02-04,3653.4280737716217,799.8971796546866,4453.325253426308,2
2013-02-05,3653.4280737716217,791.0303015444977,4444.45837531612,2
2013-02-06,3653.4280737716217,803.7406466990583,4457.16872047068,2
2013-02-07,3653.4280737716217,816.2823883652443,4469.710462136866,2
2013-02-08,3653.4280737716217,808.0678905992511,4461.495964370873,2
2013-02-11,3653.4280737716217,835.7048728815105,4489.132946653132,2
2013-02-12,3653.4280737716217,843.0151001273508,4496.443173898972,2
2013-02-13,3653.4280737716217,837.9117172095605,4491.339790981182,2
2013-02-14,3653.4280737716217,850.8062043075148,4504.234278079137,2
2013-02-15,3653.4280737716217,869.9892002366948,4523.417274008317,2
2013-02-19,3653.4280737716217,861.9362944034498,4515.364368175072,2
2013-02-20,3653.4280737716217,882.2919233889165,4535.719997160539,2
2013-02-21,3696.8680605256886,837.2996039897656,4534.167664515454,2
2013-02-22,3696.8680605256886,839.8476163482737,4536.715676873962,2
2013-02-25,3696.8680605256886,810.4942366832665,4507.362297208955,2
2013-02-26,3696.8680605256886,846.6945526435993,4543.562613169288,2
2013-02-27,3754.3481265914097,796.444722171387,4550.792848762797,2
2013-02-28,3754.3481265914097,786.7049851288889,4541.053111720299,2
2013-03-01,3754.3481265914097,787.5051039478933,4541.853230539303,2
2013-03-04,3754.3481265914097,822.7135960834639,4577.061722674874,2
2013-03-05,3754.3481265914097,788.0922564524319,4542.440383043841,2
2013-03-06,3754.3481265914097,786.8834872123498,4541.2316138037595,2
2013-03-07,3754.3481265914097,794.5754673313984,4548.923593922808,2
2013-03-08,3754.3481265914097,777.5204681603791,4531.868594751789,2
2013-03-11,3754.3481265914097,799.9470688101387,4554.295195401548,2
2013-03-12,3754.3481265914097,814.7314471281056,4569.079573719515,2
2013-03-13,3754.3481265914097,822.6637326662544,4577.011859257664,2
2013-03-14,3754.3481265914097,782.5086886993724,4536.856815290782,2
2013-03-15,3754.3481265914097,811.845817011713,4566.1939436031225,2
2013-03-18,3754.3481265914097,855.471183743022,4609.819310334432,2
2013-03-19,3754.3481265914097,867.4726139869234,4621.820740578333,2
2013-03-20,3754.3481265914097,852.5649889648738,4606.913115556284,2
2013-03-21,3810.717704423416,842.9734387089138,4653.69114313233,2
2013-03-22,3810.717704423416,822.3522963661351,4633.070000789551,2
2013-03-25,3848.7330631031796,815.1466479871558,4663.879711090335,2
2013-03-26,3848.7330631031796,818.2613263920499,4666.994389495229,2
2013-03-27,3848.7330631031796,816.2771610569218,4665.010224160102,2
2013-03-28,3848.7330631031796,815.5117800382197,4664.2448431413995,2
2013-04-01,3848.7330631031796,840.2265485441484,4688.959611647328,2
2013-04-02,3848.7330631031796,845.6462300616187,4694.379293164799,2
2013-04-03,3848.7330631031796,855.1663530777569,4703.899416180937,2
2013-04-04,3848.7330631031796,859.3212493352719,4708.054312438451,2
2013-04-05,3848.7330631031796,875.4683974336976,4724.201460536877,2
2013-04-08,3848.7330631031796,900.2547770043883,4748.9878401075675,2
2013-04-09,3881.890636243513,858.3277764658709,4740.218412709384,2
2013-04-10,3881.890636243513,818.2525431779609,4700.143179421474,2
2013-04-11,3881.890636243513,802.9757538319041,4684.866390075417,2
2013-04-12,3881.890636243513,837.7399807524205,4719.630616995933,2
2013-04-15,3881.890636243513,826.8644227479579,4708.755058991471,2
2013-04-16,3939.345345537439,798.9807706838213,4738.32611622126,2
2013-04-17,3939.345345537439,774.5003376254549,4713.845683162894,2
2013-04-18,3939.345345537439,760.4269516983063,4699.772297235745,2
2013-04-19,3939.345345537439,809.3855884857887,4748.730934023228,2
2013-04-22,3939.345345537439,835.9769416727188,4775.322287210158,2
2013-04-23,3939.345345537439,848.9621791972422,4788.307524734681,2
2013-04-24,3939.345345537439,852.9092033394094,4792.254548876848,2
2013-04-25,3939.345345537439,847.1635135729175,4786.508859110356,2
2013-04-26,3939.345345537439,861.9098643800221,4801.255209917461,2
2013-04-29,3939.345345537439,856.3987411392452,4795.744086676684,2
2013-04-30,3939.345345537439,857.1399878375056,4796.485333374944,2
2013-05-01,3939.345345537439,884.5683270802895,4823.9136726177285,2
2013-05-02,3939.345345537439,876.6290471252507,4815.97439266269,2
2013-05-03,3939.345345537439,822.7415996840368,4762.086945221476,2
2013-05-06,3939.345345537439,844.7865139683898,4784.131859505828,2
2013-05-07,3939.345345537439,791.5696691623614,4730.9150146998,2
2013-05-08,3939.345345537439,748.6775953884194,4688.022940925858,2
2013-05-09,3939.345345537439,811.0577586143961,4750.403104151835,2
2013-05-10,3939.345345537439,771.890516083434,4711.235861620873,2
2013-05-13,3939.345345537439,837.6702635857957,4777.015609123235,2
2013-05-14,3810.981982143117,733.8092953211001,4544.791277464217,2
2013-05-15,3677.8078635001216,800.8847666697757,4478.692630169897,2
2013-05-16,3677.8078635001216,813.1236113261177,4490.9314748262395,2
2013-05-17,3677.8078635001216,801.4345938907213,4479.242457390843,2
2013-05-20,3677.8078635001216,807.1735967675525,4484.981460267674,2
2013-05-21,3677.8078635001216,795.4806325587216,4473.2884960588435,2
2013-05-22,3677.8078635001216,821.4085947479389,4499.21645824806,2
2013-05-23,3677.8078635001216,827.0300855185579,4504.83794901868,2
2013-05-24,3677.8078635001216,835.3979462597711,4513.205809759893,2
2013-05-28,3677.8078635001216,841.0424930136328,4518.850356513754,2
2013-05-29,3677.8078635001216,849.8912875797573,4527.699151079879,2
2013-05-30,3677.8078635001216,861.4507771784399,4539.258640678561,2
2013-05-31,3677.8078635001216,821.2647499225237,4499.072613422645,2
2013-06-03,3677.8078635001216,854.6696241250036,4532.477487625125,2
2013-06-04,3677.8078635001216,843.7126826973423,4521.520546197464,2
2013-06-05,3677.8078635001216,758.3191491636823,4436.127012663804,2
2013-06-06,3677.8078635001216,823.9745456261473,4501.782409126269,2
2013-06-07,3728.519747694485,840.1172556655706,4568.637003360056,2
2013-06-10,3775.9473213879296,794.4096492461906,4570.35697063412,2
2013-06-11,3775.9473213879296,784.6276495067818,4560.574970894711,2
2013-06-12,3775.9473213879296,767.6842246113874,4543.631545999317,2
2013-06-13,3775.9473213879296,798.0981115024199,4574.04543289035,2
2013-06-14,3775.9473213879296,795.4835901267517,4571.430911514682,2
2013-06-17,3775.9473213879296,809.9260561089577,4585.873377496888,2
2013-06-18,3775.9473213879296,801.3245950642867,4577.271916452216,2
2013-06-19,3775.9473213879296,825.4769613891078,4601.424282777038,2
2013-06-20,3775.9473213879296,725.5988679922029,4501.546189380133,2
2013-06-21,3775.9473213879296,741.8699375974509,4517.81725898538,2
2013-06-24,3775.9473213879296,662.5059256141188,4438.453247002049,2
2013-06-25,3775.9473213879296,727.1197472597651,4503.067068647695,2
2013-06-26,3775.9473213879296,791.6182607470575,4567.565582134987,2
2013-06-27,3775.9473213879296,828.5182121336704,4604.4655335216,2
2013-06-28,3775.9473213879296,810.0013532853662,4585.9486746732955,2
2013-07-01,3775.9473213879296,856.2448904036601,4632.192211791589,2
2013-07-02,3775.9473213879296,858.4990029301064,4634.446324318036,2
2013-07-03,3775.9473213879296,871.6778805179672,4647.625201905897,2
2013-07-05,4301.5995012299245,401.57483730698914,4703.174338536914,1
2013-07-08,3904.1850080917256,790.208597878136,4694.393605969862,2
2013-07-09,3904.1850080917256,777.5280072425414,4681.713015334267,2
2013-07-10,3904.1850080917256,787.1152708836297,4691.3002789753555,2
2013-07-11,3904.1850080917256,711.3777449698714,4615.562753061597,2
2013-07-12,3904.1850080917256,698.0261331542443,4602.21114124597,2
2013-07-15,3904.1850080917256,711.0832612162111,4615.268269307937,2
2013-07-16,3904.1850080917256,733.9350253710058,4638.120033462732,2
2013-07-17,3904.1850080917256,737.0628778961751,4641.247885987901,2
2013-07-18,3904.1850080917256,698.3573145296393,4602.542322621365,2
2013-07-19,3904.1850080917256,723.4994549177735,4627.684463009499,2
2013-07-22,3904.1850080917256,734.054975072532,4638.239983164258,2
2013-07-23,3904.1850080917256,755.866073516094,4660.0510816078195,2
2013-07-24,3904.1850080917256,793.7164370833,4697.901445175025,2
2013-07-25,3904.1850080917256,783.1577840245732,4687.342792116298,2
2013-07-26,3904.1850080917256,791.1609512390735,4695.345959330799,2
2013-07-29,3904.1850080917256,850.8799810922627,4755.0649891839885,2
2013-07-30,3904.1850080917256,860.196558744733,4764.381566836459,2
2013-07-31,3904.1850080917256,873.5656187982747,4777.750626890001,2
2013-08-01,3904.1850080917256,742.0619465376019,4646.246954629328,2
2013-08-02,3904.1850080917256,746.103599627611,4650.288607719336,2
2013-08-05,3904.1850080917256,823.4487025648164,4727.6337106565425,2
2013-08-06,3967.96066771069,832.5633905947245,4800.524058305415,2
2013-08-07,4017.618934395117,800.2440187498272,4817.862953144944,2
2013-08-08,4017.618934395117,801.5373550844065,4819.156289479523,2
2013-08-09,4017.618934395117,798.5803278451588,4816.199262240276,2
2013-08-12,4017.618934395117,832.2429362689336,4849.86187066405,2
2013-08-13,4017.618934395117,846.7713329170169,4864.390267312134,2
2013-08-14,4017.618934395117,838.4849072903321,4856.103841685449,2
2013-08-15,4017.618934395117,786.3702788067611,4803.989213201878,2
2013-08-16,4017.618934395117,778.048630110557,4795.667564505674,2
2013-08-19,4017.618934395117,742.2561670036471,4759.875101398764,2
2013-08-20,4017.618934395117,768.9494817649164,4786.568416160033,2
2013-08-21,4017.618934395117,726.0961077004466,4743.715042095563,2
2013-08-22,4017.618934395117,791.0053526529994,4808.6242870481165,2
2013-08-23,4017.618934395117,824.2735581576079,4841.892492552724,2
2013-08-26,4017.618934395117,799.755875377868,4817.374809772985,2
2013-08-27,4017.618934395117,658.3547986526387,4675.973733047756,2
2013-08-28,4017.618934395117,685.0576183440049,4702.676552739122,2
2013-08-29,4017.618934395117,703.5627619939168,4721.181696389033,2
2013-08-30,4017.618934395117,671.0238905057704,4688.642824900888,2
2013-09-03,4017.618934395117,725.0107539647395,4742.629688359856,2
2013-09-04,4017.618934395117,824.7866754221434,4842.4056098172605,2
2013-09-05,4017.618934395117,849.0408979297686,4866.659832324885,2
2013-09-06,4017.618934395117,863.6831779826392,4881.302112377756,2
2013-09-09,4595.167682886332,395.96286021010513,4991.130543096437,1
2013-09-10,4186.660195446143,796.0181324066734,4982.678327852816,2
2013-09-11,4186.660195446143,808.6135798158725,4995.273775262016,2
2013-09-12,4186.660195446143,814.5176094153657,5001.177804861509,2
2013-09-13,4186.660195446143,814.1533681520167,5000.81356359816,2
2013-09-16,4186.660195446143,802.6948933241899,4989.355088770333,2
2013-09-17,4186.660195446143,781.9542075195852,4968.614402965728,2
2013-09-18,4186.660195446143,723.0887787983817,4909.748974244525,2
2013-09-19,4186.660195446143,760.4830983418799,4947.143293788023,2
2013-09-20,4186.660195446143,826.5746264184531,5013.234821864597,2
2013-09-23,4186.660195446143,847.6308615993019,5034.291057045445,2
2013-09-24,4186.660195446143,873.1734857635877,5059.8336812097305,2
2013-09-25,4186.660195446143,891.4743303531563,5078.1345257993,2
2013-09-26,4186.660195446143,887.8000841590048,5074.460279605148,2
2013-09-27,4186.660195446143,879.7930775392288,5066.453272985372,2
2013-09-30,4227.736698778213,840.5901877685566,5068.32688654677,2
2013-10-01,4284.6320379188965,783.6515524724789,5068.283590391376,2
2013-10-02,4284.6320379188965,767.0185752975215,5051.650613216418,2
2013-10-03,4284.6320379188965,777.7540100439562,5062.386047962853,2
2013-10-04,4284.6320379188965,782.7621064053801,5067.394144324277,2
2013-10-07,4284.6320379188965,771.771675600041,5056.403713518937,2
2013-10-08,4284.6320379188965,770.6898717758634,5055.32190969476,2
2013-10-09,4284.6320379188965,780.8887727022206,5065.520810621118,2
2013-10-10,4284.6320379188965,822.1512586132066,5106.783296532103,2
2013-10-11,4284.6320379188965,826.7124838243778,5111.3445217432745,2
2013-10-14,4284.6320379188965,826.6296591626519,5111.261697081549,2
2013-10-15,4284.6320379188965,807.9422237685123,5092.574261687409,2
2013-10-16,4284.6320379188965,843.6026458701317,5128.234683789028,2
2013-10-17,4284.6320379188965,838.0436386135825,5122.675676532479,2
2013-10-18,4284.6320379188965,800.106518509009,5084.738556427906,2
2013-10-21,4284.6320379188965,829.3911603809368,5114.023198299833,2
2013-10-22,4284.6320379188965,772.5773376428458,5057.2093755617425,2
2013-10-23,4284.6320379188965,837.6324442125797,5122.264482131476,2
2013-10-24,4284.6320379188965,818.8408689394689,5103.472906858366,2
2013-10-25,4284.6320379188965,777.7723872734048,5062.4044251923015,2
2013-10-28,4284.6320379188965,799.9367633438014,5084.568801262698,2
2013-10-29,4284.6320379188965,723.397796949454,5008.02983486835,2
2013-10-30,4284.6320379188965,821.5350467555686,5106.1670846744655,2
2013-10-31,4284.6320379188965,893.9849145373221,5178.616952456218,2
2013-11-01,4284.6320379188965,886.8352354245189,5171.467273343415,2
2013-11-04,4835.460541398017,397.12503116602454,5232.585572564041,1
2013-11-05,4435.809490592398,787.13322501119,5222.942715603588,2
2013-11-06,4435.809490592398,796.5457237563189,5232.355214348717,2
2013-11-07,4435.809490592398,792.1432251723296,5227.952715764728,2
2013-11-08,4435.809490592398,801.4291033874263,5237.238593979824,2
2013-11-11,4435.809490592398,828.5077207521861,5264.317211344584,2
2013-11-12,4435.809490592398,832.9709612212207,5268.780451813619,2
2013-11-13,4435.809490592398,820.1429497561336,5255.952440348532,2
2013-11-14,4435.809490592398,805.0363016062829,5240.845792198681,2
2013-11-15,4435.809490592398,788.5301449332711,5224.339635525669,2
2013-11-18,4435.809490592398,814.7455363154263,5250.555026907825,2
2013-11-19,4435.809490592398,828.3556234211198,5264.165114013518,2
2013-11-20,4435.809490592398,854.9682171825074,5290.777707774905,2
2013-11-21,4435.809490592398,840.6921607251379,5276.501651317536,2
2013-11-22,4435.809490592398,822.7125216139282,5258.5220122063265,2
2013-11-25,4435.809490592398,853.3840172866669,5289.193507879065,2
2013-11-26,4435.809490592398,863.723558392508,5299.533048984906,2
2013-11-27,4435.809490592398,850.7941604408778,5286.603651033276,2
2013-11-29,4435.809490592398,869.5022229772629,5305.311713569661,2
2013-12-02,4947.574283643981,397.5984369774312,5345.172720621413,1
2013-12-03,4554.23214525537,783.344379758617,5337.576525013987,2
2013-12-04,4554.23214525537,788.481656216803,5342.713801472173,2
2013-12-05,4554.23214525537,793.0522067661925,5347.284352021562,2
2013-12-06,4554.23214525537,802.1173326167568,5356.349477872127,2
2013-12-09,4554.23214525537,822.8452973909303,5377.0774426463,2
2013-12-10,4554.23214525537,828.7365766366333,5382.968721892003,2
2013-12-11,4554.23214525537,815.9752711298413,5370.207416385211,2
2013-12-12,4554.23214525537,815.3191011873125,5369.551246442682,2
2013-12-13,4554.23214525537,816.1109238235923,5370.343069078962,2
2013-12-16,4554.23214525537,833.1596191555661,5387.391764410936,2
2013-12-17,4554.23214525537,833.5809492114961,5387.813094466866,2
2013-12-18,4554.23214525537,877.8392526102962,5432.071397865666,2
2013-12-19,4554.23214525537,879.8150442872699,5434.04718954264,2
2013-12-20,4554.23214525537,881.7743652758309,5436.006510531201,2
2013-12-23,4615.7314158439185,829.555233120392,5445.28664896431,2
2013-12-24,4615.7314158439185,838.1493379589609,5453.88075380288,2
2013-12-26,4615.7314158439185,830.3486328185315,5446.08004866245,2
2013-12-27,4615.7314158439185,838.8287898419787,5454.560205685897,2
2013-12-30,4663.732651952621,782.9580814730468,5446.690733425668,2
2013-12-31,4663.732651952621,768.259767915244,5431.9924198678655,2
2014-01-02,4663.732651952621,797.6127968249314,5461.3454487775525,2
2014-01-03,4663.732651952621,815.2732949348341,5479.005946887455,2
2014-01-06,4663.732651952621,837.9388274385036,5501.671479391125,2
2014-01-07,4663.732651952621,856.5209841566871,5520.253636109308,2
2014-01-08,4663.732651952621,864.5885160660907,5528.321168018712,2
2014-01-09,4663.732651952621,870.6687923549689,5534.40144430759,2
2014-01-10,4706.097168554444,837.2083475642287,5543.305516118672,2
2014-01-13,4706.097168554444,818.9617686285462,5525.05893718299,2
2014-01-14,4706.097168554444,857.4234892545724,5563.5206578090165,2
2014-01-15,4749.589756673838,801.0403732429759,5550.6301299168135,2
2014-01-16,4749.589756673838,803.548934363748,5553.138691037586,2
2014-01-17,4749.589756673838,818.963775459431,5568.553532133268,2
2014-01-21,4749.589756673838,827.2473566687438,5576.837113342582,2
2014-01-22,4749.589756673838,833.5787091753776,5583.168465849215,2
2014-01-23,4749.589756673838,818.68612167397,5568.2758783478075,2
2014-01-24,4749.589756673838,700.3803595056856,5449.970116179524,2
2014-01-27,4749.589756673838,669.5909711052172,5419.180727779055,2
2014-01-28,4749.589756673838,719.0360655249865,5468.625822198825,2
2014-01-29,5052.639061159709,325.65405850725165,5378.293119666961,1
2014-01-30,5052.639061159709,371.9363120436469,5424.575373203355,1
2014-01-31,5052.639061159709,345.43889158479976,5398.077952744508,1
2014-02-03,5272.079502226275,0,5272.079502226275,0
2014-02-04,5272.079502226275,0,5272.079502226275,0
2014-02-05,5272.079502226275,0,5272.079502226275,0
2014-02-06,5272.079502226275,0,5272.079502226275,0
2014-02-07,5272.079502226275,0,5272.079502226275,0
2014-02-10,5272.079502226275,0,5272.079502226275,0
2014-02-11,4868.852969515935,392.6265327103389,5261.479502226274,1
2014-02-12,4462.522012180927,794.1320576937378,5256.654069874665,2
2014-02-13,4462.522012180927,782.6368623281703,5245.158874509098,2
2014-02-14,4462.522012180927,781.7737788229852,5244.295791003912,2
2014-02-18,4462.522012180927,794.7765699821797,5257.298582163106,2
2014-02-19,4462.522012180927,789.2144741319837,5251.7364863129105,2
2014-02-20,4462.522012180927,787.1971264037048,5249.719138584632,2
2014-02-21,4462.522012180927,807.9312032592296,5270.453215440157,2
2014-02-24,4462.522012180927,812.7948417030974,5275.316853884025,2
2014-02-25,4462.522012180927,845.0678678443869,5307.589880025314,2
2014-02-26,4462.522012180927,836.1525306411879,5298.674542822115,2
2014-02-27,4462.522012180927,823.6910974607677,5286.213109641694,2
2014-02-28,4462.522012180927,814.6450642243724,5277.1670764053,2
2014-03-03,4462.522012180927,848.0795285672568,5310.601540748184,2
2014-03-04,4462.522012180927,788.2263810717454,5250.748393252672,2
2014-03-05,4462.522012180927,806.9290649882943,5269.451077169221,2
2014-03-06,4462.522012180927,794.3882185607309,5256.910230741658,2
2014-03-07,4462.522012180927,804.8083918455136,5267.330404026441,2
2014-03-10,4462.522012180927,855.3290473511189,5317.851059532046,2
2014-03-11,4523.695744244188,835.7862957607024,5359.48204000489,2
2014-03-12,4582.411761312532,779.7813765276217,5362.193137840153,2
2014-03-13,4582.411761312532,768.7274019857971,5351.139163298329,2
2014-03-14,4582.411761312532,748.6306545763401,5331.042415888872,2
2014-03-17,4582.411761312532,791.5376993087223,5373.949460621254,2
2014-03-18,4582.411761312532,807.5865879479204,5389.998349260452,2
2014-03-19,4582.411761312532,811.9819053980034,5394.393666710535,2
2014-03-20,4582.411761312532,821.056326247057,5403.468087559589,2
2014-03-21,4582.411761312532,822.4621202491719,5404.8738815617035,2
2014-03-24,4582.411761312532,840.9200067177745,5423.331768030306,2
2014-03-25,4582.411761312532,868.5575599299384,5450.96932124247,2
2014-03-26,4582.411761312532,850.6174897461694,5433.029251058701,2
2014-03-27,4582.411761312532,855.1853154718376,5437.597076784369,2
2014-03-28,4582.411761312532,875.0269127131224,5457.438674025654,2
2014-03-31,5094.991183852533,384.4963539422613,5479.487537794795,1
2014-04-01,4692.856210584239,776.363268963524,5469.2194795477635,2
2014-04-02,4692.856210584239,770.0460196874203,5462.902230271659,2
2014-04-03,4692.856210584239,773.1913998320291,5466.047610416268,2
2014-04-04,4692.856210584239,794.9204405454304,5487.7766511296695,2
2014-04-07,4692.856210584239,767.8264423498899,5460.682652934129,2
2014-04-08,4692.856210584239,788.8704942819984,5481.726704866238,2
2014-04-09,4692.856210584239,821.7177688375887,5514.573979421828,2
2014-04-10,4692.856210584239,747.7161623615821,5440.572372945821,2
2014-04-11,4692.856210584239,689.1414345420114,5381.997645126251,2
2014-04-14,4692.856210584239,744.5712274673816,5437.427438051621,2
2014-04-15,4692.856210584239,786.6132997385818,5479.469510322821,2
2014-04-16,4692.856210584239,848.2070800211093,5541.063290605349,2
2014-04-17,4692.856210584239,870.5724444245727,5563.428655008812,2
2014-04-21,4747.334853985069,838.8543085447848,5586.189162529853,2
2014-04-22,4796.659095619446,782.1937316460032,5578.852827265449,2
2014-04-23,4796.659095619446,791.403807013037,5588.062902632483,2
2014-04-24,4796.659095619446,791.0974896913659,5587.756585310812,2
2014-04-25,4796.659095619446,790.6005594350116,5587.259655054458,2
2014-04-28,4796.659095619446,805.3427341100873,5602.001829729534,2
2014-04-29,4796.659095619446,810.6076772286608,5607.2667728481065,2
2014-04-30,4796.659095619446,817.6881022727748,5614.347197892221,2
2014-05-01,4796.659095619446,829.1291145047692,5625.788210124215,2
2014-05-02,4796.659095619446,847.2632705528545,5643.922366172301,2
2014-05-05,4796.659095619446,855.4008061057586,5652.059901725204,2
2014-05-06,4796.659095619446,852.2092689968681,5648.868364616314,2
2014-05-07,4796.659095619446,870.5401463335872,5667.199241953033,2
2014-05-08,4796.659095619446,876.323274176483,5672.982369795929,2
2014-05-09,4796.659095619446,894.1344485064509,5690.793544125897,2
2014-05-12,5311.229915651629,393.28803563037474,5704.517951282004,1
2014-05-13,4906.36882204838,791.2054079024432,5697.574229950823,2
2014-05-14,4906.36882204838,802.4364967243823,5708.805318772762,2
2014-05-15,4906.36882204838,775.9679297754735,5682.336751823854,2
2014-05-16,4906.36882204838,800.8928890051432,5707.261711053523,2
2014-05-19,4906.36882204838,818.96683288058,5725.33565492896,2
2014-05-20,4906.36882204838,798.4841636693513,5704.852985717731,2
2014-05-21,4906.36882204838,841.8836482470033,5748.252470295383,2
2014-05-22,4906.36882204838,846.0688882349795,5752.43771028336,2
2014-05-23,4906.36882204838,868.396424753249,5774.7652468016295,2
2014-05-27,4906.36882204838,881.7609643135909,5788.129786361971,2
2014-05-28,4906.36882204838,887.7950710167478,5794.163893065128,2
2014-05-29,4906.36882204838,881.6537413143697,5788.02256336275,2
2014-05-30,4906.36882204838,886.7311756395707,5793.09999768795,2
2014-06-02,5413.266568667917,385.0538170301096,5798.320385698027,1
2014-06-03,5012.320265386272,774.072419007518,5786.39268439379,2
2014-06-04,5012.320265386272,765.7556758778658,5778.075941264137,2
2014-06-05,5012.320265386272,751.7431496258209,5764.063415012093,2
2014-06-06,5012.320265386272,761.1953210605873,5773.515586446859,2
2014-06-09,5012.320265386272,760.5742753044025,5772.894540690674,2
2014-06-10,5012.320265386272,776.4202320835009,5788.740497469773,2
2014-06-11,5012.320265386272,788.5535792539998,5800.873844640271,2
2014-06-12,5012.320265386272,801.3690551215366,5813.689320507809,2
2014-06-13,5012.320265386272,808.1676473439177,5820.487912730189,2
2014-06-16,5012.320265386272,815.85580768367,5828.176073069942,2
2014-06-17,5012.320265386272,832.5161074981036,5844.836372884375,2
2014-06-18,5012.320265386272,833.9861394688451,5846.306404855117,2
2014-06-19,5012.320265386272,831.7556069585482,5844.07587234482,2
2014-06-20,5012.320265386272,817.5829474194102,5829.903212805682,2
2014-06-23,5012.320265386272,848.7161151617838,5861.036380548056,2
2014-06-24,5012.320265386272,882.5887793280199,5894.909044714292,2
2014-06-25,5012.320265386272,871.8650340008985,5884.185299387171,2
2014-06-26,5052.035213367441,840.7511195877464,5892.786332955187,2
2014-06-27,5052.035213367441,849.0999418045997,5901.135155172041,2
2014-06-30,5109.319929122226,800.4262459574389,5909.746175079666,2
2014-07-01,5109.319929122226,794.6098994809713,5903.929828603197,2
2014-07-02,5109.319929122226,809.8586111509787,5919.178540273205,2
2014-07-03,5109.319929122226,801.2676891378475,5910.587618260074,2
2014-07-07,5109.319929122226,820.125601974992,5929.445531097218,2
2014-07-08,5109.319929122226,834.2591040082445,5943.579033130471,2
2014-07-09,5109.319929122226,837.1068316606181,5946.426760782844,2
2014-07-10,5109.319929122226,830.3595328498714,5939.679461972098,2
2014-07-11,5109.319929122226,849.1316270341515,5958.451556156378,2
2014-07-14,5109.319929122226,866.1261061462417,5975.446035268468,2
2014-07-15,5109.319929122226,878.5824488830192,5987.902378005246,2
2014-07-16,5153.3632162025115,840.5934423390312,5993.956658541542,2
2014-07-17,5153.3632162025115,779.2130183139514,5932.576234516463,2
2014-07-18,5153.3632162025115,829.5973815990083,5982.96059780152,2
2014-07-21,5153.3632162025115,840.0253404201492,5993.388556622661,2
2014-07-22,5196.711343007698,791.9918494909851,5988.703192498683,2
2014-07-23,5196.711343007698,815.5259361676412,6012.237279175339,2
2014-07-24,5196.711343007698,809.9357533650697,6006.647096372768,2
2014-07-25,5196.711343007698,803.574381085552,6000.28572409325,2
2014-07-28,5196.711343007698,825.5567785438789,6022.268121551577,2
2014-07-29,5196.711343007698,815.6948781277246,6012.406221135422,2
2014-07-30,5196.711343007698,820.492268660704,6017.203611668402,2
2014-07-31,5196.711343007698,712.0718955061639,5908.783238513862,2
2014-08-01,5196.711343007698,696.3376448534734,5893.048987861172,2
2014-08-04,5196.711343007698,757.7306355273506,5954.441978535048,2
2014-08-05,5196.711343007698,678.2397643710815,5874.95110737878,2
2014-08-06,5196.711343007698,678.6971615266377,5875.408504534335,2
2014-08-07,5501.833166519888,315.3564422642592,5817.189608784148,1
2014-08-08,5501.833166519888,364.51150600210974,5866.344672521998,1
2014-08-11,5501.833166519888,383.2849522032875,5885.118118723176,1
2014-08-12,5501.833166519888,377.68356187578905,5879.516728395677,1
2014-08-13,5501.833166519888,414.7587360678859,5916.591902587775,1
2014-08-14,5501.833166519888,436.60004306935014,5938.433209589239,1
2014-08-15,5501.833166519888,434.73250549584174,5936.56567201573,1
2014-08-18,5567.1865486530005,395.911240199035,5963.097788852036,1
2014-08-19,5159.997269341343,788.5925437451563,5948.589813086499,2
2014-08-20,5159.997269341343,799.2593955212635,5959.256664862606,2
2014-08-21,5159.997269341343,793.1625239344272,5953.15979327577,2
2014-08-22,5159.997269341343,818.0348973504717,5978.032166691814,2
2014-08-25,5159.997269341343,808.3977662557877,5968.39503559713,2
2014-08-26,5159.997269341343,812.3246820149548,5972.321951356298,2
2014-08-27,5159.997269341343,814.7266756630102,5974.723945004353,2
2014-08-28,5159.997269341343,822.8472926986298,5982.8445620399725,2
2014-08-29,5159.997269341343,811.1700128488746,5971.1672821902175,2
2014-09-02,5159.997269341343,845.2354172043658,6005.232686545709,2
2014-09-03,5159.997269341343,855.544326148492,6015.541595489834,2
2014-09-04,5159.997269341343,864.283928924395,6024.281198265738,2
2014-09-05,5159.997269341343,863.6718422657452,6023.669111607088,2
2014-09-08,5159.997269341343,896.5538327558847,6056.551102097228,2
2014-09-09,5213.412229021496,838.6470498858961,6052.059278907393,2
2014-09-10,5279.010034301311,775.0298800401835,6054.039914341494,2
2014-09-11,5279.010034301311,780.0207008204068,6059.030735121718,2
2014-09-12,5279.010034301311,789.1742480491992,6068.18428235051,2
2014-09-15,5279.010034301311,786.6296711175758,6065.6397054188865,2
2014-09-16,5279.010034301311,811.5162962401982,6090.526330541509,2
2014-09-17,5279.010034301311,816.1630075101441,6095.173041811455,2
2014-09-18,5279.010034301311,820.8689617944673,6099.878996095778,2
2014-09-19,5279.010034301311,828.5792066727658,6107.589240974077,2
2014-09-22,5279.010034301311,834.7652793775685,6113.77531367888,2
2014-09-23,5279.010034301311,819.7215811587496,6098.73161546006,2
2014-09-24,5279.010034301311,857.1210117725178,6136.131046073829,2
2014-09-25,5279.010034301311,807.4712601726864,6086.481294473997,2
2014-09-26,5279.010034301311,842.7142208822798,6121.724255183591,2
2014-09-29,5279.010034301311,842.2464562839777,6121.256490585289,2
2014-09-30,5279.010034301311,837.8150693785251,6116.825103679836,2
2014-10-01,5279.010034301311,769.2899164018997,6048.299950703211,2
2014-10-02,5279.010034301311,776.7634810015153,6055.773515302826,2
2014-10-03,5279.010034301311,871.6984584844823,6150.708492785793,2
2014-10-06,5724.891301102031,427.60901124812864,6152.50031235016,1
2014-10-07,5724.891301102031,353.44254984409656,6078.333850946128,1
2014-10-08,6168.574011339448,0,6168.574011339448,0
2014-10-09,6168.574011339448,0,6168.574011339448,0
2014-10-10,6168.574011339448,0,6168.574011339448,0
2014-10-13,6168.574011339448,0,6168.574011339448,0
2014-10-14,6168.574011339448,0,6168.574011339448,0
2014-10-15,6168.574011339448,0,6168.574011339448,0
2014-10-16,6168.574011339448,0,6168.574011339448,0
2014-10-17,6168.574011339448,0,6168.574011339448,0
2014-10-20,6168.574011339448,0,6168.574011339448,0
2014-10-21,6168.574011339448,0,6168.574011339448,0
2014-10-22,6168.574011339448,0,6168.574011339448,0
2014-10-23,6168.574011339448,0,6168.574011339448,0
2014-10-24,6168.574011339448,0,6168.574011339448,0
2014-10-27,6168.574011339448,0,6168.574011339448,0
2014-10-28,5771.953993480726,386.0200178587213,6157.974011339447,1
2014-10-29,5382.711145994051,760.1113663628214,6142.822512356872,2
2014-10-30,5382.711145994051,757.0403943353208,6139.751540329371,2
2014-10-31,5382.711145994051,705.947821328234,6088.658967322284,2
2014-11-03,5382.711145994051,708.6104477695073,6091.321593763558,2
2014-11-04,5382.711145994051,732.0273055892451,6114.7384515832955,2
2014-11-05,5382.711145994051,719.3645586125778,6102.075704606628,2
2014-11-06,5382.711145994051,710.630783650919,6093.34192964497,2
2014-11-07,5382.711145994051,732.6829943100595,6115.39414030411,2
2014-11-10,5382.711145994051,742.9787223823034,6125.689868376354,2
2014-11-11,5382.711145994051,737.9718130925197,6120.68295908657,2
2014-11-12,5382.711145994051,752.3524407606681,6135.063586754719,2
2014-11-13,5382.711145994051,735.7458922030467,6118.457038197097,2
2014-11-14,5382.711145994051,757.2552869988657,6139.966432992916,2
2014-11-17,5382.711145994051,766.64988598485,6149.3610319789,2
2014-11-18,5382.711145994051,722.2455962277206,6104.9567422217715,2
2014-11-19,5382.711145994051,751.5774941246364,6134.288640118687,2
2014-11-20,5382.711145994051,748.581905729453,6131.293051723504,2
2014-11-21,5382.711145994051,700.068803621184,6082.779949615235,2
2014-11-24,5382.711145994051,696.5805911007063,6079.291737094757,2
2014-11-25,5382.711145994051,739.4758724666976,6122.187018460749,2
2014-11-26,5382.711145994051,703.9363548611809,6086.647500855232,2
2014-11-28,5382.711145994051,777.1963574539977,6159.907503448048,2
2014-12-01,5947.5684683905265,382.69485347459045,6330.263321865117,1
2014-12-02,5547.219603109182,781.4600666018707,6328.679669711052,2
2014-12-03,5547.219603109182,782.1132198005259,6329.332822909708,2
2014-12-04,5547.219603109182,797.6612524578268,6344.880855567008,2
2014-12-05,5547.219603109182,812.5060343288635,6359.725637438045,2
2014-12-08,5547.219603109182,790.1514859262959,6337.371089035478,2
2014-12-09,5547.219603109182,768.8462716245651,6316.065874733747,2
2014-12-10,5547.219603109182,735.1699249145058,6282.3895280236875,2
2014-12-11,5547.219603109182,715.6535144184246,6262.873117527606,2
2014-12-12,5547.219603109182,699.5267402443737,6246.746343353556,2
2014-12-15,5547.219603109182,676.4445363428869,6223.664139452068,2
2014-12-16,5547.219603109182,629.5317041032138,6176.751307212396,2
2014-12-17,5547.219603109182,737.2518547191509,6284.471457828333,2
2014-12-18,5547.219603109182,806.5379386715515,6353.757541780733,2
2014-12-19,5547.219603109182,811.7131196544219,6358.932722763604,2
2014-12-22,5547.219603109182,861.8462576514937,6409.065860760676,2
2014-12-23,5547.219603109182,877.966354241307,6425.185957350489,2
2014-12-24,5608.418663665136,825.6218819240787,6434.040545589214,2
2014-12-26,5664.933440499453,760.5655964147786,6425.499036914232,2
2014-12-29,5664.933440499453,760.9744962778041,6425.907936777257,2
2014-12-30,5664.933440499453,763.1000228949457,6428.033463394399,2
2014-12-31,5664.933440499453,728.1442405512009,6393.077681050654,2
2015-01-02,5664.933440499453,760.1851814891911,6425.118621988644,2
2015-01-05,5664.933440499453,709.7626246213997,6374.696065120853,2
2015-01-06,5664.933440499453,662.5949452040835,6327.5283857035365,2
2015-01-07,5664.933440499453,725.1181465202428,6390.051587019696,2
2015-01-08,5664.933440499453,803.6553715251256,6468.588812024579,2
2015-01-09,5664.933440499453,779.9079279435437,6444.841368442997,2
2015-01-12,5664.933440499453,735.7800794024472,6400.7135199019,2
2015-01-13,5664.933440499453,718.7058764156126,6383.639316915066,2
2015-01-14,5664.933440499453,678.722509580809,6343.655950080262,2
2015-01-15,5664.933440499453,602.8589762968153,6267.792416796268,2
2015-01-16,5664.933440499453,707.4100065409257,6372.343447040379,2
2015-01-20,5664.933440499453,727.9899331748027,6392.923373674256,2
2015-01-21,5664.933440499453,779.508297698831,6444.441738198284,2
2015-01-22,6172.817813280919,389.0319034284066,6561.849716709326,1
2015-01-23,5773.912564361843,783.6720074504367,6557.584571812279,2
2015-01-26,5773.912564361843,816.3879490153838,6590.300513377227,2
2015-01-27,5773.912564361843,798.5176670597386,6572.430231421581,2
2015-01-28,5773.912564361843,750.9881283342925,6524.900692696136,2
2015-01-29,5773.912564361843,782.9426266341538,6556.855190995997,2
2015-01-30,5773.912564361843,740.2155668739825,6514.128131235825,2
2015-02-02,5773.912564361843,787.7258524089498,6561.638416770793,2
2015-02-03,5773.912564361843,829.9895915474949,6603.902155909338,2
2015-02-04,5773.912564361843,820.409173465051,6594.321737826894,2
2015-02-05,5773.912564361843,845.9000725678648,6619.812636929708,2
2015-02-06,5773.912564361843,848.0533346768626,6621.965899038705,2
2015-02-09,5773.912564361843,847.9565467461553,6621.869111107998,2
2015-02-10,5773.912564361843,874.9466489492622,6648.859213311105,2
2015-02-11,5773.912564361843,888.2304692928845,6662.143033654727,2
2015-02-12,6278.315900916221,388.4337035504866,6666.749604466708,1
2015-02-13,5884.790106874057,775.4268484307959,6660.2169553048525,2
2015-02-17,5884.790106874057,765.6603400624842,6650.450446936541,2
2015-02-18,5884.790106874057,782.198653708434,6666.988760582491,2
2015-02-19,5884.790106874057,796.2536508387302,6681.043757712787,2
2015-02-20,5884.790106874057,806.4155774992971,6691.2056843733535,2
2015-02-23,5884.790106874057,823.6568285419739,6708.44693541603,2
2015-02-24,5884.790106874057,843.6216520990699,6728.411758973127,2
2015-02-25,5884.790106874057,850.9427562609268,6735.732863134984,2
2015-02-26,5884.790106874057,862.5054443756085,6747.295551249665,2
2015-02-27,5941.956355577214,819.8180238309805,6761.774379408194,2
2015-03-02,5996.83364869381,759.9864671213429,6756.820115815152,2
2015-03-03,5996.83364869381,758.9554215104866,6755.789070204296,2
2015-03-04,5996.83364869381,765.696598151231,6762.530246845041,2
2015-03-05,5996.83364869381,773.4438508157232,6770.277499509533,2
2015-03-06,5996.83364869381,752.1937732406859,6749.027421934496,2
2015-03-09,5996.83364869381,771.7726425516321,6768.606291245442,2
2015-03-10,5996.83364869381,692.5519819708165,6689.385630664627,2
2015-03-11,5996.83364869381,680.1701166473422,6677.003765341152,2
2015-03-12,5996.83364869381,756.2937868587702,6753.12743555258,2
2015-03-13,5996.83364869381,722.4329124858234,6719.266561179633,2
2015-03-16,5996.83364869381,794.2044993769875,6791.038148070797,2
2015-03-17,5996.83364869381,785.5123718400648,6782.346020533874,2
2015-03-18,5996.83364869381,852.0873886275888,6848.921037321398,2
2015-03-19,5996.83364869381,843.9217441990438,6840.755392892854,2
2015-03-20,6052.571631136622,820.4265756052031,6872.998206741825,2
2015-03-23,6052.571631136622,830.3788070098349,6882.950438146458,2
2015-03-24,6052.571631136622,822.2753204379553,6874.846951574577,2
2015-03-25,6052.571631136622,732.3671137656078,6784.93874490223,2
2015-03-26,6052.571631136622,714.8022966087369,6767.373927745359,2
2015-03-27,6052.571631136622,740.099286304704,6792.670917441326,2
2015-03-30,6052.571631136622,837.4465519018773,6890.0181830385,2
2015-03-31,6052.571631136622,781.8553987397203,6834.427029876342,2
2015-04-01,6052.571631136622,755.0272028594236,6807.598833996046,2
2015-04-02,6052.571631136622,802.1083177408882,6854.6799488775105,2
2015-04-06,6160.728084433043,789.8726089019234,6950.600693334966,2
2015-04-07,6160.728084433043,793.2404316077669,6953.96851604081,2
2015-04-08,6160.728084433043,816.513888460984,6977.241972894027,2
2015-04-09,6160.728084433043,843.083322381821,7003.811406814863,2
2015-04-10,6217.08509983636,787.7628974308077,7004.8479972671685,2
2015-04-13,6217.08509983636,785.8548111618281,7002.939910998189,2
2015-04-14,6217.08509983636,794.1949418788147,7011.280041715175,2
2015-04-15,6217.08509983636,803.4631695635112,7020.548269399871,2
2015-04-16,6217.08509983636,821.9619951972841,7039.047095033644,2
2015-04-17,6217.08509983636,823.5913825273656,7040.676482363726,2
2015-04-20,6217.08509983636,841.1168365539922,7058.201936390353,2
2015-04-21,6217.08509983636,854.4323732838467,7071.517473120207,2
2015-04-22,6217.08509983636,860.5693840225271,7077.654483858887,2
2015-04-23,6217.08509983636,865.3119141065922,7082.397013942953,2
2015-04-24,6217.08509983636,868.2064999348204,7085.291599771181,2
2015-04-27,6282.949586435304,815.11260224307,7098.062188678374,2
2015-04-28,6282.949586435304,833.7979903814885,7116.747576816792,2
2015-04-29,6282.949586435304,825.6569793939667,7108.606565829271,2
2015-04-30,6282.949586435304,812.0440979549858,7094.99368439029,2
2015-05-01,6342.142191449727,784.6345470115149,7126.776738461242,2
2015-05-04,6342.142191449727,789.0516998548597,7131.193891304587,2
2015-05-05,6342.142191449727,779.0407281827943,7121.182919632522,2
2015-05-06,6342.142191449727,765.2038738930537,7107.346065342781,2
2015-05-07,6342.142191449727,772.5056480507492,7114.647839500476,2
2015-05-08,6342.142191449727,814.364104347921,7156.506295797648,2
2015-05-11,6342.142191449727,821.4096198264394,7163.5518112761665,2
2015-05-12,6342.142191449727,829.4997919210234,7171.6419833707505,2
2015-05-13,6342.142191449727,838.0921042947075,7180.234295744434,2
2015-05-14,6342.142191449727,858.9558558363339,7201.098047286061,2
2015-05-15,6397.207260152569,806.926300194883,7204.133560347452,2
2015-05-18,6397.207260152569,807.7113646230073,7204.918624775576,2
2015-05-19,6397.207260152569,815.299028490986,7212.506288643554,2
2015-05-20,6397.207260152569,826.360001475939,7223.567261628508,2
2015-05-21,6445.891476038195,786.3276023839152,7232.21907842211,2
2015-05-22,6445.891476038195,799.0996086080931,7244.991084646288,2
2015-05-26,6445.891476038195,781.0251345775962,7226.916610615791,2
2015-05-27,6445.891476038195,801.5639422927323,7247.455418330927,2
2015-05-28,6445.891476038195,809.3697482060605,7255.261224244256,2
2015-05-29,6445.891476038195,802.8847391101108,7248.776215148306,2
2015-06-01,6445.891476038195,820.8671555984831,7266.758631636678,2
2015-06-02,6445.891476038195,820.5434884755264,7266.434964513721,2
2015-06-03,6445.891476038195,842.1743368417294,7288.065812879924,2
2015-06-04,6445.891476038195,803.4819096476893,7249.373385685884,2
2015-06-05,6445.891476038195,807.2350485519619,7253.126524590157,2
2015-06-08,6445.891476038195,763.2024724379112,7209.093948476106,2
2015-06-09,6445.891476038195,777.3929668948781,7223.284442933073,2
2015-06-10,6495.345328943406,820.4709003583964,7315.816229301802,2
2015-06-11,6495.345328943406,835.6341652732551,7330.979494216661,2
2015-06-12,6495.345328943406,811.5329048635742,7306.87823380698,2
2015-06-15,6495.345328943406,785.897775087946,7281.243104031351,2
2015-06-16,6495.345328943406,820.1911105644922,7315.536439507898,2
2015-06-17,6495.345328943406,838.1450695825868,7333.4903985259925,2
2015-06-18,6569.873298763584,790.5515182154936,7360.424816979077,2
2015-06-19,6569.873298763584,792.8010110766477,7362.674309840231,2
2015-06-22,6569.873298763584,828.3792529528264,7398.25255171641,2
2015-06-23,6569.873298763584,851.4240210332287,7421.297319796813,2
2015-06-24,6569.873298763584,842.0006694169278,7411.873968180512,2
2015-06-25,6569.873298763584,832.3728852706595,7402.246184034244,2
2015-06-26,6569.873298763584,837.9914004897059,7407.86469925329,2
2015-06-29,6569.873298763584,731.239635533753,7301.112934297337,2
2015-06-30,6569.873298763584,749.9504711831391,7319.823769946723,2
2015-07-01,6569.873298763584,803.6314111060012,7373.504709869585,2
2015-07-02,6569.873298763584,799.6548286984856,7369.528127462069,2
2015-07-06,6569.873298763584,794.9156152121441,7364.788913975728,2
2015-07-07,7016.487826426011,395.99297788227204,7412.480804308283,1
2015-07-08,7016.487826426011,329.07409010309686,7345.561916529108,1
2015-07-09,7016.487826426011,337.7908254392301,7354.278651865242,1
2015-07-10,7016.487826426011,391.2052494320378,7407.693075858049,1
2015-07-13,7463.990502742787,0,7463.990502742787,0
2015-07-14,7062.847425639928,390.5430771028583,7453.390502742786,1
2015-07-15,6673.041073089681,775.200601021078,7448.241674110759,2
2015-07-16,6673.041073089681,785.1271281418465,7458.168201231528,2
2015-07-17,6673.041073089681,791.4400084216929,7464.481081511374,2
2015-07-20,6673.041073089681,798.0618841714245,7471.102957261106,2
2015-07-21,6673.041073089681,824.2455959944141,7497.286669084095,2
2015-07-22,6673.041073089681,840.1934754739082,7513.234548563589,2
2015-07-23,6673.041073089681,838.2689989370062,7511.3100720266875,2
2015-07-24,6673.041073089681,802.5835138613637,7475.624586951045,2
2015-07-27,6673.041073089681,765.8492213956114,7438.8902944852925,2
2015-07-28,6673.041073089681,843.2023041540832,7516.243377243764,2
2015-07-29,6673.041073089681,877.842668807585,7550.883741897266,2
2015-07-30,6715.698949231826,836.5167505326363,7552.215699764462,2
2015-07-31,6763.038561086463,784.3641652790479,7547.402726365512,2
2015-08-03,6763.038561086463,793.5414386712802,7556.579999757743,2
2015-08-04,6763.038561086463,789.5555912724674,7552.594152358931,2
2015-08-05,6763.038561086463,804.8539711171371,7567.8925322036,2
2015-08-06,6763.038561086463,781.0766003552046,7544.115161441668,2
2015-08-07,6763.038561086463,787.3687510036971,7550.40731209016,2
2015-08-10,6763.038561086463,840.7366895538088,7603.775250640272,2
2015-08-11,6763.038561086463,806.2336032220278,7569.2721643084915,2
2015-08-12,6763.038561086463,815.2555348964709,7578.294095982934,2
2015-08-13,6763.038561086463,819.1894407571087,7582.228001843572,2
2015-08-14,6763.038561086463,847.3037036403572,7610.342264726821,2
2015-08-17,6763.038561086463,871.2373539139445,7634.275915000408,2
2015-08-18,6763.038561086463,859.9995780343095,7623.038139120773,2
2015-08-19,6763.038561086463,817.5028709000248,7580.5414319864885,2
2015-08-20,6763.038561086463,651.404811064039,7414.443372150502,2
2015-08-21,7150.279044455885,0,7150.279044455885,0
2015-08-24,7150.279044455885,0,7150.279044455885,0
2015-08-25,7150.279044455885,0,7150.279044455885,0
2015-08-26,7150.279044455885,0,7150.279044455885,0
2015-08-27,7150.279044455885,0,7150.279044455885,0
2015-08-28,7150.279044455885,0,7150.279044455885,0
2015-08-31,7150.279044455885,0,7150.279044455885,0
2015-09-01,7150.279044455885,0,7150.279044455885,0
2015-09-02,7150.279044455885,0,7150.279044455885,0
2015-09-03,7150.279044455885,0,7150.279044455885,0
2015-09-04,7150.279044455885,0,7150.279044455885,0
2015-09-08,7150.279044455885,0,7150.279044455885,0
2015-09-09,7150.279044455885,0,7150.279044455885,0
2015-09-10,7150.279044455885,0,7150.279044455885,0
2015-09-11,7150.279044455885,0,7150.279044455885,0
2015-09-14,7150.279044455885,0,7150.279044455885,0
2015-09-15,7150.279044455885,0,7150.279044455885,0
2015-09-16,7150.279044455885,0,7150.279044455885,0
2015-09-17,7150.279044455885,0,7150.279044455885,0
2015-09-18,7150.279044455885,0,7150.279044455885,0
2015-09-21,7150.279044455885,0,7150.279044455885,0
2015-09-22,7150.279044455885,0,7150.279044455885,0
2015-09-23,7150.279044455885,0,7150.279044455885,0
2015-09-24,7150.279044455885,0,7150.279044455885,0
2015-09-25,7150.279044455885,0,7150.279044455885,0
2015-09-28,7150.279044455885,0,7150.279044455885,0
2015-09-29,7150.279044455885,0,7150.279044455885,0
2015-09-30,7150.279044455885,0,7150.279044455885,0
2015-10-01,7150.279044455885,0,7150.279044455885,0
2015-10-02,7150.279044455885,0,7150.279044455885,0
2015-10-05,7150.279044455885,0,7150.279044455885,0
2015-10-06,7150.279044455885,0,7150.279044455885,0
2015-10-07,7150.279044455885,0,7150.279044455885,0
2015-10-08,6756.150182640431,383.5288618154533,7139.679044455885,1
2015-10-09,6359.676125247651,774.420985708575,7134.097110956226,2
2015-10-12,6359.676125247651,806.4283557839328,7166.104481031583,2
2015-10-13,6359.676125247651,797.4518839990835,7157.128009246734,2
2015-10-14,6359.676125247651,800.9357804378244,7160.611905685475,2
2015-10-15,6359.676125247651,817.7516112200038,7177.4277364676545,2
2015-10-16,6359.676125247651,832.2927564358445,7191.968881683495,2
2015-10-19,6359.676125247651,854.2221883938093,7213.89831364146,2
2015-10-20,6359.676125247651,848.6387960280213,7208.3149212756725,2
2015-10-21,6359.676125247651,849.663784541609,7209.33990978926,2
2015-10-22,6359.676125247651,851.2719403332264,7210.9480655808775,2
2015-10-23,6359.676125247651,780.6718662187598,7140.34799146641,2
2015-10-26,6359.676125247651,808.6499590453527,7168.326084293003,2
2015-10-27,6359.676125247651,837.0178601775234,7196.693985425174,2
2015-10-28,6359.676125247651,766.6865166947046,7126.362641942355,2
2015-10-29,6359.676125247651,777.6203759174296,7137.29650116508,2
2015-10-30,6359.676125247651,829.6924938108416,7189.368619058492,2
2015-11-02,6359.676125247651,754.5240496948918,7114.200174942543,2
2015-11-03,6359.676125247651,722.2601556120471,7081.936280859698,2
2015-11-04,6359.676125247651,773.053043132059,7132.72916837971,2
2015-11-05,6359.676125247651,815.0530215662379,7174.729146813888,2
2015-11-06,6359.676125247651,851.4641103343881,7211.140235582039,2
2015-11-09,6932.827010373507,382.02774769877027,7314.854758072277,1
2015-11-10,6534.59727154362,784.321724196473,7318.918995740093,2
2015-11-11,6534.59727154362,781.9816659122191,7316.578937455839,2
2015-11-12,6534.59727154362,767.1134644483623,7301.710735991983,2
2015-11-13,6534.59727154362,744.7841878968532,7279.381459440473,2
2015-11-16,6534.59727154362,784.5156194937435,7319.112891037364,2
2015-11-17,6534.59727154362,779.6954016969,7314.29267324052,2
2015-11-18,6534.59727154362,795.15694340342,7329.75421494704,2
2015-11-19,6534.59727154362,802.5307292305274,7337.128000774148,2
2015-11-20,6534.59727154362,832.3963216813686,7366.993593224988,2
2015-11-23,6534.59727154362,854.5344934136976,7389.1317649573175,2
2015-11-24,6534.59727154362,853.3167205282889,7387.913992071909,2
2015-11-25,6534.59727154362,876.7497375010257,7411.347009044646,2
2015-11-27,6590.862686686051,823.6774947318365,7414.540181417888,2
2015-11-30,6590.862686686051,830.3091107439018,7421.171797429954,2
2015-12-01,6643.977098579694,779.8141559889043,7423.791254568599,2
2015-12-02,6643.977098579694,784.6213922752349,7428.598490854929,2
2015-12-03,6643.977098579694,754.645236641915,7398.622335221609,2
2015-12-04,6643.977098579694,808.1854700452218,7452.162568624915,2
2015-12-07,6643.977098579694,808.7117745946921,7452.688873174386,2
2015-12-08,6643.977098579694,783.0825522181628,7427.059650797857,2
2015-12-09,6643.977098579694,753.7744646051631,7397.751563184857,2
2015-12-10,6643.977098579694,763.0370950497701,7407.014193629464,2
2015-12-11,6643.977098579694,687.0207333134397,7330.9978318931335,2
2015-12-14,6643.977098579694,704.4155433817928,7348.392641961487,2
2015-12-15,6643.977098579694,752.6457124422499,7396.622811021944,2
2015-12-16,6643.977098579694,820.9654849802178,7464.942583559912,2
2015-12-17,6643.977098579694,762.6833899968008,7406.660488576495,2
2015-12-18,6643.977098579694,642.9178894682228,7286.894988047917,2
2015-12-21,6643.977098579694,698.2196325243804,7342.196731104074,2
2015-12-22,6643.977098579694,776.3105005586569,7420.287599138351,2
2015-12-23,6643.977098579694,866.8501946464164,7510.827293226111,2
2015-12-24,6643.977098579694,862.6181342144905,7506.595232794185,2
2015-12-28,7086.518912523757,424.2580718926815,7510.776984416438,1
2015-12-29,7149.007986736547,387.3342645738476,7536.342251310394,1
2015-12-30,7149.007986736547,387.72599261977587,7536.733979356322,1
2015-12-31,7149.007986736547,388.16590769592256,7537.173894432469,1
2016-01-04,7149.007986736547,371.85728042323524,7520.865267159782,1
2016-01-05,7149.007986736547,377.9820928495125,7526.990079586059,1
2016-01-06,7149.007986736547,348.23344358910884,7497.2414303256555,1
2016-01-07,7428.863192180552,0,7428.863192180552,0
2016-01-08,7428.863192180552,0,7428.863192180552,0
2016-01-11,7428.863192180552,0,7428.863192180552,0
2016-01-12,7428.863192180552,0,7428.863192180552,0
2016-01-13,7428.863192180552,0,7428.863192180552,0
2016-01-14,7428.863192180552,0,7428.863192180552,0
2016-01-15,7428.863192180552,0,7428.863192180552,0
2016-01-19,7428.863192180552,0,7428.863192180552,0
2016-01-20,7428.863192180552,0,7428.863192180552,0
2016-01-21,7428.863192180552,0,7428.863192180552,0
2016-01-22,7428.863192180552,0,7428.863192180552,0
2016-01-25,7428.863192180552,0,7428.863192180552,0
2016-01-26,7428.863192180552,0,7428.863192180552,0
2016-01-27,7428.863192180552,0,7428.863192180552,0
2016-01-28,7428.863192180552,0,7428.863192180552,0
2016-01-29,7428.863192180552,0,7428.863192180552,0
2016-02-01,7428.863192180552,0,7428.863192180552,0
2016-02-02,7428.863192180552,0,7428.863192180552,0
2016-02-03,7428.863192180552,0,7428.863192180552,0
2016-02-04,7428.863192180552,0,7428.863192180552,0
2016-02-05,7428.863192180552,0,7428.863192180552,0
2016-02-08,7428.863192180552,0,7428.863192180552,0
2016-02-09,7428.863192180552,0,7428.863192180552,0
2016-02-10,7428.863192180552,0,7428.863192180552,0
2016-02-11,7428.863192180552,0,7428.863192180552,0
2016-02-12,7428.863192180552,0,7428.863192180552,0
2016-02-16,7428.863192180552,0,7428.863192180552,0
2016-02-17,7428.863192180552,0,7428.863192180552,0
2016-02-18,7428.863192180552,0,7428.863192180552,0
2016-02-19,7428.863192180552,0,7428.863192180552,0
2016-02-22,7428.863192180552,0,7428.863192180552,0
2016-02-23,7428.863192180552,0,7428.863192180552,0
2016-02-24,7428.863192180552,0,7428.863192180552,0
2016-02-25,7037.148042090454,381.1151500900977,7418.263192180551,1
2016-02-26,6643.20464685422,764.1533292562381,7407.357976110458,2
2016-02-29,6643.20464685422,790.6563965393641,7433.861043393585,2
2016-03-01,6643.20464685422,761.1768287351445,7404.3814755893645,2
2016-03-02,6643.20464685422,758.8889402678406,7402.093587122061,2
2016-03-03,6643.20464685422,753.5363308480444,7396.740977702265,2
2016-03-04,6643.20464685422,734.0981509022934,7377.302797756513,2
2016-03-07,6643.20464685422,741.7722842195537,7384.976931073774,2
2016-03-08,6643.20464685422,793.0974124912632,7436.302059345484,2
2016-03-09,6643.20464685422,780.6949107102399,7423.89955756446,2
2016-03-10,6643.20464685422,796.2122012860201,7439.41684814024,2
2016-03-11,6643.20464685422,716.0983097546742,7359.302956608894,2
2016-03-14,6643.20464685422,751.5512395222449,7394.755886376465,2
2016-03-15,6643.20464685422,782.3317450504277,7425.536391904648,2
2016-03-16,6643.20464685422,782.1190326151996,7425.32367946942,2
2016-03-17,6643.20464685422,729.4658544161872,7372.670501270408,2
2016-03-18,6643.20464685422,690.3511713387987,7333.555818193019,2
2016-03-21,6643.20464685422,715.9168171321901,7359.12146398641,2
2016-03-22,6643.20464685422,736.655192707678,7379.859839561898,2
2016-03-23,6643.20464685422,827.9406927368167,7471.145339591037,2
2016-03-24,6643.20464685422,853.3643573808148,7496.569004235035,2
2016-03-28,7169.952807644955,382.5025369106026,7552.4553445555575,1
2016-03-29,6773.3249400901,771.918487944668,7545.243428034768,2
2016-03-30,6773.3249400901,764.4276732489836,7537.752613339084,2
2016-03-31,6773.3249400901,769.9935495292136,7543.318489619314,2
2016-04-01,6773.3249400901,767.0916236579858,7540.416563748086,2
2016-04-04,6773.3249400901,777.2689626340954,7550.593902724196,2
2016-04-05,6773.3249400901,791.6179121138771,7564.942852203978,2
2016-04-06,6773.3249400901,792.4021169051073,7565.727056995208,2
2016-04-07,6773.3249400901,792.3179865532118,7565.642926643312,2
2016-04-08,6773.3249400901,810.7970567054699,7584.12199679557,2
2016-04-11,6773.3249400901,818.7917466706608,7592.116686760761,2
2016-04-12,6773.3249400901,834.6714476833902,7607.996387773491,2
2016-04-13,6773.3249400901,817.4423224747709,7590.767262564871,2
2016-04-14,6773.3249400901,830.2495467560123,7603.574486846112,2
2016-04-15,6773.3249400901,850.4441460873072,7623.769086177408,2
2016-04-18,6773.3249400901,843.0467495465922,7616.371689636692,2
2016-04-19,6773.3249400901,829.3752717743012,7602.700211864401,2
2016-04-20,6773.3249400901,833.9882382547464,7607.313178344847,2
2016-04-21,6773.3249400901,880.1050406786135,7653.429980768714,2
2016-04-22,7273.0886651898645,392.93852518270273,7666.027190372567,1
2016-04-25,6873.797430954325,780.7402611432553,7654.5376920975805,2
2016-04-26,6873.797430954325,783.8933388397622,7657.690769794088,2
2016-04-27,6873.797430954325,789.5503656117157,7663.34779656604,2
2016-04-28,6873.797430954325,781.4691162396462,7655.266547193971,2
2016-04-29,6873.797430954325,779.4119015457165,7653.2093325000415,2
2016-05-02,6873.797430954325,811.7692919448369,7685.566722899162,2
2016-05-03,6873.797430954325,796.9212514044632,7670.718682358788,2
2016-05-04,6873.797430954325,780.2637616920772,7654.061192646403,2
2016-05-05,6873.797430954325,783.7612123364124,7657.558643290738,2
2016-05-06,6873.797430954325,812.190825518123,7685.9882564724485,2
2016-05-09,6873.797430954325,827.6974098488917,7701.494840803217,2
2016-05-10,6873.797430954325,881.750467690585,7755.54789864491,2
2016-05-11,6873.797430954325,846.086679969068,7719.884110923393,2
2016-05-12,6873.797430954325,853.8415744437016,7727.639005398027,2
2016-05-13,6873.797430954325,805.2625586145148,7679.05998956884,2
2016-05-16,6873.797430954325,878.077591699431,7751.875022653756,2
2016-05-17,6873.797430954325,819.2585093266632,7693.055940280989,2
2016-05-18,6873.797430954325,822.7715667042124,7696.568997658537,2
2016-05-19,6873.797430954325,796.5892802953986,7670.386711249724,2
2016-05-20,6873.797430954325,861.4131258732236,7735.210556827549,2
2016-05-23,6873.797430954325,873.1100183487326,7746.907449303058,2
2016-05-24,7438.3570135802265,389.32846320888217,7827.685476789109,1
2016-05-25,7043.5085273713,769.921825034967,7813.430352406267,2
2016-05-26,7043.5085273713,789.9787561327754,7833.487283504076,2
2016-05-27,7043.5085273713,787.7287462247114,7831.237273596012,2
2016-05-31,7043.5085273713,788.1976431055359,7831.706170476837,2
2016-06-01,7043.5085273713,790.3026149095507,7833.811142280851,2
2016-06-02,7043.5085273713,800.9035695038623,7844.412096875162,2
2016-06-03,7043.5085273713,826.2780989193514,7869.786626290652,2
2016-06-06,7043.5085273713,823.923481085469,7867.432008456769,2
2016-06-07,7043.5085273713,814.8670601360941,7858.375587507395,2
2016-06-08,7043.5085273713,803.3150520883418,7846.823579459642,2
2016-06-09,7043.5085273713,809.4376322988344,7852.946159670135,2
2016-06-10,7043.5085273713,804.9204149839362,7848.428942355236,2
2016-06-13,7043.5085273713,782.7413257771403,7826.249853148441,2
2016-06-14,7043.5085273713,802.6652403422272,7846.173767713528,2
2016-06-15,7043.5085273713,817.7255186572013,7861.234046028501,2
2016-06-16,7043.5085273713,840.632804594046,7884.141331965347,2
2016-06-17,7043.5085273713,846.766150654117,7890.274678025417,2
2016-06-20,7107.104288701541,827.5052903740182,7934.609579075559,2
2016-06-21,7153.572723380686,773.1581938228026,7926.730917203488,2
2016-06-22,7153.572723380686,735.3771315290976,7888.949854909783,2
2016-06-23,7153.572723380686,759.5784964408664,7913.151219821552,2
2016-06-24,7153.572723380686,750.3480070714437,7903.92073045213,2
2016-06-27,7153.572723380686,732.4572301044798,7886.029953485166,2
2016-06-28,7153.572723380686,800.8917305595774,7954.464453940263,2
2016-06-29,7153.572723380686,855.3206261757844,8008.89334955647,2
2016-06-30,7153.572723380686,868.9100691156251,8022.482792496311,2
2016-07-01,7153.572723380686,888.2102438267291,8041.782967207415,2
2016-07-05,7654.714349433461,385.5412307097487,8040.25558014321,1
2016-07-06,7253.061076346408,777.4392087097395,8030.500285056148,2
2016-07-07,7253.061076346408,791.0298320677119,8044.09090841412,2
2016-07-08,7253.061076346408,768.0600082237956,8021.121084570204,2
2016-07-11,7253.061076346408,755.189707747248,8008.250784093656,2
2016-07-12,7253.061076346408,704.4390402100832,7957.500116556492,2
2016-07-13,7253.061076346408,726.6781691683473,7979.739245514756,2
2016-07-14,7253.061076346408,689.2545908973011,7942.315667243709,2
2016-07-15,7253.061076346408,711.5900355659608,7964.651111912369,2
2016-07-18,7253.061076346408,718.0652276018315,7971.12630394824,2
2016-07-19,7253.061076346408,756.9394937036834,8010.0005700500915,2
2016-07-20,7253.061076346408,720.2926448044675,7973.353721150876,2
2016-07-21,7253.061076346408,747.3337569871821,8000.39483333359,2
2016-07-22,7253.061076346408,720.4936277257012,7973.554704072109,2
2016-07-25,7253.061076346408,769.2765397069129,8022.337616053321,2
2016-07-26,7253.061076346408,772.8288404732614,8025.889916819669,2
2016-07-27,7253.061076346408,805.2110683189401,8058.272144665349,2
2016-07-28,7253.061076346408,800.8508916819474,8053.911968028356,2
2016-07-29,7253.061076346408,811.6509278765036,8064.712004222912,2
2016-08-01,7253.061076346408,859.5103111241723,8112.571387470581,2
2016-08-02,7767.198531350479,394.44264910154664,8161.641180452026,1
2016-08-03,7367.280343418259,788.757179198353,8156.037522616612,2
2016-08-04,7367.280343418259,807.0735810116141,8174.353924429873,2
2016-08-05,7367.280343418259,809.1508847009343,8176.431228119193,2
2016-08-08,7367.280343418259,830.5641699748545,8197.844513393113,2
2016-08-09,7367.280343418259,830.2582572336553,8197.538600651915,2
2016-08-10,7367.280343418259,838.0241187909188,8205.304462209178,2
2016-08-11,7367.280343418259,834.3661313986628,8201.646474816922,2
2016-08-12,7367.280343418259,850.5189730105621,8217.79931642882,2
2016-08-15,7367.280343418259,851.1773605445462,8218.457703962806,2
2016-08-16,7367.280343418259,861.9291233190628,8229.209466737322,2
2016-08-17,7367.280343418259,875.5963503153278,8242.876693733586,2
2016-08-18,7421.88439136375,827.7330995474958,8249.617490911245,2
2016-08-19,7472.022482866717,779.6924705363467,8251.714953403063,2
2016-08-22,7472.022482866717,768.6908084726078,8240.713291339325,2
2016-08-23,7472.022482866717,764.9727771573279,8236.995260024045,2
2016-08-24,7472.022482866717,754.7988365965919,8226.821319463308,2
2016-08-25,7472.022482866717,758.6824687009594,8230.704951567677,2
2016-08-26,7472.022482866717,765.9691773873197,8237.991660254036,2
2016-08-29,7472.022482866717,798.5424219411291,8270.564904807847,2
2016-08-30,7472.022482866717,803.1589408800298,8275.181423746746,2
2016-08-31,7472.022482866717,802.8561303755905,8274.878613242308,2
2016-09-01,7472.022482866717,808.1894637473033,8280.211946614021,2
2016-09-02,7472.022482866717,853.8876851658779,8325.910168032595,2
2016-09-06,7472.022482866717,884.7147567065817,8356.737239573298,2
2016-09-07,7516.942178096368,837.1616243166848,8354.103802413052,2
2016-09-08,7516.942178096368,831.121155295996,8348.063333392363,2
2016-09-09,7516.942178096368,690.0478951104882,8206.990073206856,2
2016-09-12,7516.942178096368,790.0910952322947,8307.033273328663,2
2016-09-13,7516.942178096368,691.8896904297314,8208.831868526098,2
2016-09-14,7516.942178096368,688.0313894488645,8204.973567545232,2
2016-09-15,7516.942178096368,770.1283669747761,8287.070545071143,2
2016-09-16,7516.942178096368,761.1234584210442,8278.06563651741,2
2016-09-19,7516.942178096368,782.3403235389261,8299.282501635294,2
2016-09-20,7516.942178096368,793.6540513781003,8310.596229474468,2
2016-09-21,8006.821431062803,410.06414632238744,8416.88557738519,1
2016-09-22,7605.503190481243,825.220410163764,8430.723600645008,2
2016-09-23,7605.503190481243,819.6608956334962,8425.164086114739,2
2016-09-26,7605.503190481243,766.7544619058376,8372.257652387081,2
2016-09-27,7605.503190481243,817.2380951104008,8422.741285591645,2
2016-09-28,7605.503190481243,849.8383072172037,8455.341497698446,2
2016-09-29,7605.503190481243,796.1208101058928,8401.624000587137,2
2016-09-30,7605.503190481243,841.0834161177108,8446.586606598954,2
2016-10-03,7605.503190481243,846.6561182685894,8452.159308749833,2
2016-10-04,7605.503190481243,828.326414505233,8433.829604986477,2
2016-10-05,8056.085538511734,415.63316745323164,8471.718705964966,1
2016-10-06,8056.085538511734,420.3895981384235,8476.475136650157,1
2016-10-07,8056.085538511734,412.0809536719347,8468.16649218367,1
2016-10-10,8056.085538511734,429.0884496467999,8485.173988158534,1
2016-10-11,8056.085538511734,388.4757479875545,8444.561286499289,1
2016-10-12,8056.085538511734,391.3548814527727,8447.440419964507,1
2016-10-13,8056.085538511734,379.81289952127827,8435.898438033011,1
2016-10-14,8056.085538511734,384.57429403195925,8440.659832543693,1
2016-10-17,8056.085538511734,377.09676516148255,8433.182303673217,1
2016-10-18,8056.085538511734,411.847487238251,8467.933025749984,1
2016-10-19,8056.085538511734,429.9703745299921,8486.055913041726,1
2016-10-20,8056.085538511734,433.57296822342715,8489.65850673516,1
2016-10-21,8056.085538511734,441.94643990486975,8498.031978416604,1
2016-10-24,8537.346719586554,0,8537.346719586554,0
2016-10-25,8537.346719586554,0,8537.346719586554,0
2016-10-26,8537.346719586554,0,8537.346719586554,0
2016-10-27,8537.346719586554,0,8537.346719586554,0
2016-10-28,8537.346719586554,0,8537.346719586554,0
2016-10-31,8537.346719586554,0,8537.346719586554,0
2016-11-01,8537.346719586554,0,8537.346719586554,0
2016-11-02,8537.346719586554,0,8537.346719586554,0
2016-11-03,8537.346719586554,0,8537.346719586554,0
2016-11-04,8537.346719586554,0,8537.346719586554,0
2016-11-07,8537.346719586554,0,8537.346719586554,0
2016-11-08,8537.346719586554,0,8537.346719586554,0
2016-11-09,8137.266767477952,389.479952108602,8526.746719586554,1
2016-11-10,7752.412997448762,758.1619305503649,8510.574927999127,2
2016-11-11,7752.412997448762,784.1053729926084,8536.51837044137,2
2016-11-14,7752.412997448762,794.0109047019611,8546.423902150724,2
2016-11-15,7752.412997448762,804.1755781726591,8556.588575621421,2
2016-11-16,7752.412997448762,807.7834208145609,8560.196418263324,2
2016-11-17,7752.412997448762,804.3398103839417,8556.752807832703,2
2016-11-18,7752.412997448762,837.9518330800979,8590.36483052886,2
2016-11-21,7752.412997448762,836.258494972706,8588.671492421468,2
2016-11-22,7752.412997448762,830.8547920305837,8583.267789479345,2
2016-11-23,7752.412997448762,833.6618709089357,8586.074868357699,2
2016-11-25,7752.412997448762,824.5602259046143,8576.973223353376,2
2016-11-28,7752.412997448762,873.2149909870748,8625.627988435837,2
2016-11-29,7752.412997448762,882.1117781507025,8634.524775599464,2
2016-11-30,8245.146487933458,389.63150330264904,8634.777991236107,1
2016-12-01,7842.377969777518,779.6982577452859,8622.076227522804,2
2016-12-02,7842.377969777518,782.7454922995095,8625.123462077028,2
2016-12-05,7842.377969777518,838.6776273347728,8681.05559711229,2
2016-12-06,7842.377969777518,843.2059398819822,8685.583909659501,2
2016-12-07,7842.377969777518,749.235918792949,8591.613888570468,2
2016-12-08,7842.377969777518,723.9491334533943,8566.327103230913,2
2016-12-09,7842.377969777518,699.5656788302258,8541.943648607743,2
2016-12-12,7842.377969777518,710.6709082700362,8553.048878047553,2
2016-12-13,7842.377969777518,642.5933291989663,8484.971298976485,2
2016-12-14,7842.377969777518,730.7088472703172,8573.086817047835,2
2016-12-15,7842.377969777518,709.7817949121634,8552.15976468968,2
2016-12-16,7842.377969777518,756.9208831494519,8599.29885292697,2
2016-12-19,7842.377969777518,779.1038997552819,8621.4818695328,2
2016-12-20,7842.377969777518,748.2054530840367,8590.583422861555,2
2016-12-21,7842.377969777518,798.3116008214695,8640.689570598988,2
2016-12-22,7842.377969777518,830.030861258047,8672.408831035566,2
2016-12-23,7842.377969777518,826.3539832429675,8668.731953020486,2
2016-12-27,7842.377969777518,840.5097160334722,8682.88768581099,2
2016-12-28,8374.454373259077,381.7302351766206,8756.184608435698,1
2016-12-29,7980.252511162153,762.4625719941713,8742.715083156323,2
2016-12-30,7980.252511162153,762.6389588139198,8742.891469976072,2
2017-01-03,7980.252511162153,795.837232673834,8776.089743835986,2
2017-01-04,7980.252511162153,809.2074980342311,8789.460009196384,2
2017-01-05,7980.252511162153,826.6746006673077,8806.92711182946,2
2017-01-06,7980.252511162153,826.8624515095403,8807.114962671692,2
2017-01-09,7980.252511162153,860.9316373262538,8841.184148488406,2
2017-01-10,7980.252511162153,870.9276738114339,8851.180184973586,2
2017-01-11,7980.252511162153,873.6257083601786,8853.878219522332,2
2017-01-12,7980.252511162153,883.0557705471992,8863.308281709353,2
2017-01-13,8476.487588147254,380.7325319038581,8857.220120051112,1
2017-01-17,8082.195393179883,769.9961419149797,8852.191535094862,2
2017-01-18,8082.195393179883,750.5638533043827,8832.759246484266,2
2017-01-19,8082.195393179883,758.4602909430664,8840.655684122949,2
2017-01-20,8082.195393179883,795.2280428532547,8877.423436033137,2
2017-01-23,8082.195393179883,812.127215535192,8894.322608715074,2
2017-01-24,8082.195393179883,826.9713685938559,8909.166761773738,2
2017-01-25,8082.195393179883,801.1984004919996,8883.393793671883,2
2017-01-26,8082.195393179883,821.7887022472751,8903.984095427157,2
2017-01-27,8082.195393179883,837.9744174690796,8920.169810648962,2
2017-01-30,8082.195393179883,849.1137499599581,8931.30914313984,2
2017-01-31,8082.195393179883,857.2297103750545,8939.425103554937,2
2017-02-01,8082.195393179883,870.8510628536173,8953.0464560335,2
2017-02-02,8082.195393179883,875.8172425965272,8958.01263577641,2
2017-02-03,8123.538047812512,831.2366185372388,8954.774666349751,2
2017-02-06,8182.620916776564,778.5309788566724,8961.151895633237,2
2017-02-07,8182.620916776564,786.4228653558179,8969.043782132381,2
2017-02-08,8182.620916776564,785.2457646634971,8967.86668144006,2
2017-02-09,8182.620916776564,790.437790665185,8973.058707441749,2
2017-02-10,8182.620916776564,778.8764020051797,8961.497318781743,2
2017-02-13,8182.620916776564,756.0687811350799,8938.689697911643,2
2017-02-14,8182.620916776564,739.9597507311944,8922.580667507758,2
2017-02-15,8182.620916776564,653.9626514581748,8836.583568234739,2
2017-02-16,8182.620916776564,679.0884892712488,8861.709406047812,2
2017-02-17,8182.620916776564,677.6861053633344,8860.307022139898,2
2017-02-21,8182.620916776564,634.9396161262008,8817.560532902764,2
2017-02-22,8182.620916776564,655.6848984139453,8838.30581519051,2
2017-02-23,8182.620916776564,660.9078918702494,8843.528808646814,2
2017-02-24,8182.620916776564,655.0157923348345,8837.636709111399,2
2017-02-27,8182.620916776564,659.0584785152752,8841.67939529184,2
2017-02-28,8182.620916776564,694.926948408111,8877.547865184675,2
2017-03-01,8262.744331661042,384.10597267259857,8646.85030433364,1
2017-03-02,7866.356178503872,788.7518663358305,8655.108044839702,2
2017-03-03,7866.356178503872,819.1971648604838,8685.553343364356,2
2017-03-06,7866.356178503872,826.3524322730631,8692.708610776936,2
2017-03-07,7866.356178503872,821.7292746849769,8688.085453188849,2
2017-03-08,7866.356178503872,811.2863118215579,8677.64249032543,2
2017-03-09,7866.356178503872,807.9520391120673,8674.308217615939,2
2017-03-10,7866.356178503872,833.1900134588802,8699.546191962752,2
2017-03-13,7866.356178503872,855.6370603098937,8721.993238813766,2
2017-03-14,7866.356178503872,830.7269459539435,8697.083124457815,2
2017-03-15,7866.356178503872,867.6126350307759,8733.968813534648,2
2017-03-16,7866.356178503872,881.9306529693661,8748.286831473239,2
2017-03-17,7866.356178503872,883.3189069416705,8749.675085445542,2
2017-03-20,7916.3427997151275,829.4448705688967,8745.787670284024,2
2017-03-21,7916.3427997151275,767.688816077389,8684.031615792517,2
2017-03-22,7916.3427997151275,775.4572117500228,8691.80001146515,2
2017-03-23,7916.3427997151275,769.0477241198596,8685.390523834987,2
2017-03-24,7916.3427997151275,771.0022417522689,8687.345041467397,2
2017-03-27,7916.3427997151275,785.1965380755976,8701.539337790726,2
2017-03-28,7972.186763294045,785.3389932767263,8757.52575657077,2
2017-03-29,7972.186763294045,793.0907452515044,8765.277508545549,2
2017-03-30,7972.186763294045,790.2382494135243,8762.425012707568,2
2017-03-31,7972.186763294045,775.7070967358595,8747.893860029904,2
2017-04-03,7972.186763294045,796.2974043399514,8768.484167633997,2
2017-04-04,7972.186763294045,818.6837696553218,8790.870532949366,2
2017-04-05,7972.186763294045,795.1736461293797,8767.360409423425,2
2017-04-06,7972.186763294045,815.5488272507977,8787.735590544842,2
2017-04-07,7972.186763294045,809.8442878164565,8782.031051110502,2
2017-04-10,7972.186763294045,805.9668521493998,8778.153615443445,2
2017-04-11,7972.186763294045,791.3485310336509,8763.535294327696,2
2017-04-12,7972.186763294045,779.2361295065668,8751.422892800612,2
2017-04-13,7972.186763294045,754.2413435163271,8726.428106810372,2
2017-04-17,7972.186763294045,849.3668183544107,8821.553581648455,2
2017-04-18,7972.186763294045,848.8117552986862,8820.99851859273,2
2017-04-19,7972.186763294045,841.624041240518,8813.810804534563,2
2017-04-20,8439.412976400936,437.8876449414095,8877.300621342345,1
2017-04-21,8439.412976400936,436.1112677496859,8875.524244150622,1
2017-04-24,8523.923109350617,390.6805803094397,8914.603689660056,1
2017-04-25,8122.1170881259295,774.4392035841831,8896.556291710112,2
2017-04-26,8122.1170881259295,779.1364799365242,8901.253568062453,2
2017-04-27,8122.1170881259295,801.58494121296,8923.702029338889,2
2017-04-28,8122.1170881259295,797.1729031724158,8919.289991298345,2
2017-05-01,8122.1170881259295,836.5168814588534,8958.633969584784,2
2017-05-02,8122.1170881259295,822.131105427793,8944.248193553722,2
2017-05-03,8122.1170881259295,829.883847622327,8952.000935748256,2
2017-05-04,8122.1170881259295,842.8426011295676,8964.959689255496,2
2017-05-05,8122.1170881259295,831.194360195856,8953.311448321785,2
2017-05-08,8122.1170881259295,882.7921715095479,9004.909259635477,2
2017-05-09,8122.1170881259295,887.7298168554162,9009.846904981347,2
2017-05-10,8122.1170881259295,884.057452682091,9006.17454080802,2
2017-05-11,8122.1170881259295,886.817605499089,9008.934693625019,2
2017-05-12,8621.99972616882,387.3336268026261,9009.333352971447,1
2017-05-15,8226.2830922736,772.2105354697849,8998.493627743384,2
2017-05-16,8226.2830922736,772.3536742316554,8998.636766505255,2
2017-05-17,8226.2830922736,668.6013934712179,8894.884485744817,2
2017-05-18,8226.2830922736,691.3420348999571,8917.625127173556,2
2017-05-19,8226.2830922736,759.8247131588803,8986.107805432479,2
2017-05-22,8226.2830922736,808.7390811438815,9035.022173417481,2
2017-05-23,8226.2830922736,819.8839607991789,9046.167053072779,2
2017-05-24,8226.2830922736,846.1632347665957,9072.446327040196,2
2017-05-25,8226.2830922736,838.2815147604917,9064.564607034092,2
2017-05-26,8226.2830922736,851.930817486986,9078.213909760585,2
2017-05-30,8226.2830922736,873.0347904676504,9099.31788274125,2
2017-05-31,8226.2830922736,883.0356006255024,9109.318692899102,2
2017-06-01,8226.2830922736,868.9285451513747,9095.211637424974,2
2017-06-02,8226.2830922736,850.3894558143459,9076.672548087945,2
2017-06-05,8226.2830922736,888.5739276131012,9114.8570198867,2
2017-06-06,8739.323488465156,383.67940236885113,9123.002890834006,1
2017-06-07,8346.366491793993,767.7062936964988,9114.072785490493,2
2017-06-08,8346.366491793993,781.8302992314909,9128.196791025484,2
2017-06-09,8346.366491793993,769.9148742155519,9116.281366009545,2
2017-06-12,8346.366491793993,764.7808006541189,9111.147292448111,2
2017-06-13,8346.366491793993,795.1363527646723,9141.502844558665,2
2017-06-14,8346.366491793993,797.7879979995641,9144.154489793556,2
2017-06-15,8346.366491793993,801.8670002314909,9148.233492025483,2
2017-06-16,8346.366491793993,826.5255526600329,9172.892044454025,2
2017-06-19,8346.366491793993,819.6725401333392,9166.039031927332,2
2017-06-20,8346.366491793993,837.9845589171084,9184.351050711102,2
2017-06-21,8346.366491793993,850.7865145570638,9197.153006351056,2
2017-06-22,8346.366491793993,867.6993801003908,9214.065871894383,2
2017-06-23,8403.314442961022,818.6154043440554,9221.929847305077,2
2017-06-26,8468.11914511004,765.6138031049043,9233.732948214945,2
2017-06-27,8468.11914511004,742.9225773710116,9211.041722481052,2
2017-06-28,8468.11914511004,770.7640811804229,9238.883226290463,2
2017-06-29,8468.11914511004,741.6450888142135,9209.764233924254,2
2017-06-30,8468.11914511004,755.1066619588632,9223.225807068904,2
2017-07-03,8468.11914511004,771.334930586296,9239.454075696336,2
2017-07-05,8468.11914511004,789.1092934652363,9257.228438575277,2
2017-07-06,8468.11914511004,743.900722696188,9212.019867806228,2
2017-07-07,8468.11914511004,799.0002283288304,9267.11937343887,2
2017-07-10,8468.11914511004,824.2512910926594,9292.3704362027,2
2017-07-11,8468.11914511004,835.6929046345208,9303.812049744562,2
2017-07-12,8468.11914511004,868.4984732913927,9336.617618401433,2
2017-07-13,8527.773863227909,814.8775282378294,9342.651391465739,2
2017-07-14,8527.773863227909,818.1281460725301,9345.902009300438,2
2017-07-17,8571.540576315418,775.9647899993768,9347.505366314794,2
2017-07-18,8571.540576315418,777.1632804547194,9348.703856770137,2
2017-07-19,8571.540576315418,758.9806910334498,9330.521267348868,2
2017-07-20,8571.540576315418,776.5019173795878,9348.042493695006,2
2017-07-21,8571.540576315418,795.882753146874,9367.423329462292,2
2017-07-24,8571.540576315418,822.0984016758299,9393.638977991248,2
2017-07-25,8571.540576315418,812.6375670971529,9384.17814341257,2
2017-07-26,8571.540576315418,812.3212539053587,9383.861830220776,2
2017-07-27,8571.540576315418,807.4715267126351,9379.012103028053,2
2017-07-28,8571.540576315418,817.7929477616339,9389.333524077052,2
2017-07-31,8571.540576315418,851.3756989950887,9422.916275310507,2
2017-08-01,8571.540576315418,855.2246119570794,9426.765188272497,2
2017-08-02,8571.540576315418,856.4737179743466,9428.014294289764,2
2017-08-03,8571.540576315418,873.3203991460064,9444.860975461424,2
2017-08-04,8571.540576315418,888.5292361287816,9460.069812444199,2
2017-08-07,9084.142162946779,388.41617027024836,9472.558333217026,1
2017-08-08,8691.753917586342,756.7633594916762,9448.51727707802,2
2017-08-09,8691.753917586342,758.1577570144781,9449.91167460082,2
2017-08-10,8691.753917586342,654.0292677221471,9345.78318530849,2
2017-08-11,8691.753917586342,667.6126169217093,9359.366534508052,2
2017-08-14,8691.753917586342,754.3732116337435,9446.127129220085,2
2017-08-15,8691.753917586342,768.9588923487604,9460.712809935103,2
2017-08-16,8691.753917586342,783.5759592345139,9475.329876820855,2
2017-08-17,8691.753917586342,682.6271267327527,9374.381044319094,2
2017-08-18,8691.753917586342,691.2457339507828,9382.999651537124,2
2017-08-21,8691.753917586342,715.0529745437491,9406.806892130091,2
2017-08-22,8691.753917586342,810.6620243502737,9502.415941936615,2
2017-08-23,8691.753917586342,778.3503160139002,9470.104233600243,2
2017-08-24,8691.753917586342,767.5186519336362,9459.272569519979,2
2017-08-25,8691.753917586342,798.4222357050046,9490.176153291346,2
2017-08-28,8691.753917586342,814.8054124164789,9506.559330002821,2
2017-08-29,8691.753917586342,821.3939707784053,9513.147888364747,2
2017-08-30,8691.753917586342,871.2217425012383,9562.97566008758,2
2017-08-31,9221.843250509584,375.86398994489105,9597.707240454476,1
2017-09-01,8814.89920248371,780.643045271403,9595.542247755113,2
2017-09-05,8814.89920248371,747.3757186454573,9562.274921129167,2
2017-09-06,8814.89920248371,768.207227480781,9583.106429964491,2
2017-09-07,8814.89920248371,777.1251961146406,9592.02439859835,2
2017-09-08,8814.89920248371,767.2417565760303,9582.14095905974,2
2017-09-11,8814.89920248371,809.7009731908757,9624.600175674586,2
2017-09-12,8814.89920248371,805.8549697499857,9620.754172233695,2
2017-09-13,8814.89920248371,813.2881495200451,9628.187352003755,2
2017-09-14,8814.89920248371,831.7528590903132,9646.652061574023,2
2017-09-15,8814.89920248371,839.9230883227219,9654.82229080643,2
2017-09-18,8814.89920248371,861.2437066784313,9676.142909162141,2
2017-09-19,8814.89920248371,862.9116414461739,9677.810843929883,2
2017-09-20,8814.89920248371,882.1655679308661,9697.064770414576,2
2017-09-21,9322.539055017174,392.0955382132812,9714.634593230456,1
2017-09-22,8919.13160675094,788.5095098043108,9707.64111655525,2
2017-09-25,8919.13160675094,786.8925283840977,9706.024135135038,2
2017-09-26,8919.13160675094,794.188918737766,9713.320525488705,2
2017-09-27,8919.13160675094,802.5252679196572,9721.656874670596,2
2017-09-28,8919.13160675094,818.1547862409741,9737.286392991913,2
2017-09-29,8919.13160675094,809.8399349255668,9728.971541676507,2
2017-10-02,8919.13160675094,811.0427827127776,9730.174389463717,2
2017-10-03,8919.13160675094,799.3515507072248,9718.483157458164,2
2017-10-04,8919.13160675094,792.1141446850343,9711.245751435974,2
2017-10-05,8919.13160675094,754.1454884274525,9673.277095178391,2
2017-10-06,8919.13160675094,760.4349135592611,9679.5665203102,2
2017-10-09,8919.13160675094,789.6751791347992,9708.80678588574,2
2017-10-10,8919.13160675094,782.4922826385445,9701.623889389484,2
2017-10-11,8919.13160675094,777.9678122867763,9697.099419037717,2
2017-10-12,8919.13160675094,811.4321820400778,9730.563788791018,2
2017-10-13,8919.13160675094,822.1264110540835,9741.258017805023,2
2017-10-16,8919.13160675094,829.205826809299,9748.337433560238,2
2017-10-17,8919.13160675094,823.4638978507903,9742.59550460173,2
2017-10-18,8919.13160675094,834.1340399467858,9753.265646697726,2
2017-10-19,8919.13160675094,846.439682244287,9765.571288995226,2
2017-10-20,8919.13160675094,767.3240329816792,9686.45563973262,2
2017-10-23,8980.56212171187,820.7778738566749,9801.339995568545,2
2017-10-24,8980.56212171187,818.3556272852686,9798.917748997139,2
2017-10-25,9070.217725062854,770.6471765961261,9840.86490165898,2
2017-10-26,9070.217725062854,770.5086172347947,9840.726342297648,2
2017-10-27,9070.217725062854,799.2373832115233,9869.455108274376,2
2017-10-30,9070.217725062854,808.7581443528375,9878.975869415692,2
2017-10-31,9070.217725062854,824.0973972218796,9894.315122284734,2
2017-11-01,9070.217725062854,823.1945020586829,9893.412227121536,2
2017-11-02,9070.217725062854,840.3269830583664,9910.54470812122,2
2017-11-03,9070.217725062854,861.4554849945755,9931.67321005743,2
2017-11-06,9070.217725062854,867.6139503579518,9937.831675420806,2
2017-11-07,9070.217725062854,859.750329583664,9929.968054646517,2
2017-11-08,9070.217725062854,862.9195441756633,9933.137269238518,2
2017-11-09,9070.217725062854,870.7222984242803,9940.940023487134,2
2017-11-10,9070.217725062854,859.1990457322595,9929.416770795113,2
2017-11-13,9118.539865879644,819.6043572076017,9938.144223087245,2
2017-11-14,9118.539865879644,832.8307478222039,9951.370613701847,2
2017-11-15,9118.539865879644,807.1079055514812,9925.647771431126,2
2017-11-16,9173.688488296439,768.7060318651492,9942.394520161588,2
2017-11-17,9173.688488296439,791.9749810907065,9965.663469387146,2
2017-11-20,9173.688488296439,832.3210831531135,10006.009571449553,2
2017-11-21,9173.688488296439,856.0423258914059,10029.730814187844,2
2017-11-22,9173.688488296439,859.5707536736679,10033.259241970107,2
2017-11-24,9173.688488296439,873.7491033088899,10047.437591605329,2
2017-11-27,9234.794697424271,815.1971332085611,10049.991830632833,2
2017-11-28,9234.794697424271,756.7521771358804,9991.546874560152,2
2017-11-29,9234.794697424271,741.5790877450299,9976.3737851693,2
2017-11-30,9234.794697424271,649.3570151629135,9884.151712587185,2
2017-12-01,9234.794697424271,674.5692337925998,9909.36393121687,2
2017-12-04,9234.794697424271,705.3000644242405,9940.094761848512,2
2017-12-05,9234.794697424271,762.8277331046768,9997.622430528949,2
2017-12-06,9234.794697424271,785.00915007516,10019.803847499432,2
2017-12-07,9234.794697424271,798.717579725663,10033.512277149934,2
2017-12-08,9234.794697424271,764.8981403434173,9999.692837767689,2
2017-12-11,9234.794697424271,758.8681740031793,9993.66287142745,2
2017-12-12,9234.794697424271,728.6865276154825,9963.481225039754,2
2017-12-13,9234.794697424271,742.0023482827535,9976.797045707024,2
2017-12-14,9283.814038971545,744.4641542625584,10028.278193234102,2
2017-12-15,9283.814038971545,699.5580845465884,9983.372123518133,2
2017-12-18,9283.814038971545,645.1667967794813,9928.980835751026,2
2017-12-19,9283.814038971545,684.3136569164515,9968.127695887995,2
2017-12-20,9283.814038971545,714.4242038396027,9998.238242811147,2
2017-12-21,9283.814038971545,697.7438246945704,9981.557863666116,2
2017-12-22,9283.814038971545,705.4568653389985,9989.270904310542,2
2017-12-26,9283.814038971545,755.7208285385411,10039.534867510085,2
2017-12-27,9283.814038971545,750.1727539352854,10033.98679290683,2
2017-12-28,9283.814038971545,739.9070602528016,10023.721099224345,2
2017-12-29,9283.814038971545,819.8235274889273,10103.637566460471,2
2018-01-02,9227.108252040658,812.8370093609284,10039.945261401586,2
2018-01-03,9227.108252040658,790.3633658927173,10017.471617933375,2
2018-01-04,9227.108252040658,748.6534535974433,9975.761705638102,2
2018-01-05,9227.108252040658,651.7342283392006,9878.842480379859,2
2018-01-08,9227.108252040658,639.6029829140637,9866.711234954722,2
2018-01-09,9227.108252040658,610.4321609205685,9837.540412961227,2
2018-01-10,9227.108252040658,646.7261991003566,9873.834451141014,2
2018-01-11,9056.01235822475,671.8673794118688,9727.87973763662,2
2018-01-12,8921.046325001267,724.1717773548979,9645.218102356164,2
2018-01-16,8921.046325001267,709.727691371281,9630.774016372548,2
2018-01-17,8921.046325001267,652.8859667024701,9573.932291703737,2
2018-01-18,8921.046325001267,661.6600030269328,9582.7063280282,2
2018-01-19,8921.046325001267,670.3210147783332,9591.367339779601,2
2018-01-22,8921.046325001267,622.5638580729174,9543.610183074185,2
2018-01-23,8921.046325001267,602.9030361699297,9523.949361171197,2
2018-01-24,8921.046325001267,607.1522781642302,9528.198603165498,2
2018-01-25,8921.046325001267,605.6420022908416,9526.68832729211,2
2018-01-26,8741.344030474398,633.4743985762208,9374.81842905062,2
2018-01-29,8741.344030474398,633.5421523584367,9374.886182832835,2
2018-01-30,8741.344030474398,677.3106598592005,9418.654690333598,2
2018-01-31,8741.344030474398,714.6082913342732,9455.95232180867,2
2018-02-01,8741.344030474398,727.4093805266865,9468.753411001084,2
2018-02-02,8741.344030474398,653.8094272394444,9395.153457713843,2
2018-02-05,9199.115185052922,0,9199.115185052922,0
2018-02-06,9199.115185052922,0,9199.115185052922,0
2018-02-07,9199.115185052922,0,9199.115185052922,0
2018-02-08,9199.115185052922,0,9199.115185052922,0
2018-02-09,9199.115185052922,0,9199.115185052922,0
2018-02-12,9199.115185052922,0,9199.115185052922,0
2018-02-13,9199.115185052922,0,9199.115185052922,0
2018-02-14,9199.115185052922,0,9199.115185052922,0
2018-02-15,8810.330184619246,378.18500043367607,9188.515185052922,1
2018-02-16,8425.540587308871,751.2097412149631,9176.750328523834,2
2018-02-20,8425.540587308871,773.7540716813284,9199.2946589902,2
2018-02-21,8425.540587308871,797.8526397740045,9223.393227082875,2
2018-02-22,8425.540587308871,818.5106683239525,9244.051255632823,2
2018-02-23,8425.540587308871,835.3890294322109,9260.929616741083,2
2018-02-26,8425.540587308871,823.1633410070584,9248.70392831593,2
2018-02-27,8425.540587308871,824.5897864328861,9250.130373741757,2
2018-02-28,8425.540587308871,830.8933598960285,9256.4339472049,2
2018-03-01,8425.540587308871,801.9770759665432,9227.517663275414,2
2018-03-02,8425.540587308871,836.7135463426989,9262.25413365157,2
2018-03-05,8425.540587308871,875.33837674252,9300.878964051391,2
2018-03-06,9308.251114224415,0,9308.251114224415,0
2018-03-07,9308.251114224415,0,9308.251114224415,0
2018-03-08,9308.251114224415,0,9308.251114224415,0
2018-03-09,8928.107514249881,369.54359997453355,9297.651114224414,1
2018-03-12,8543.307953079015,740.3433754311114,9283.651328510126,2
2018-03-13,8543.307953079015,750.5353966837592,9293.843349762774,2
2018-03-14,8543.307953079015,746.119426285728,9289.427379364743,2
2018-03-15,8543.307953079015,760.4952206808532,9303.803173759869,2
2018-03-16,8543.307953079015,777.9355194970979,9321.243472576112,2
2018-03-19,8543.307953079015,723.1412923001906,9266.449245379205,2
2018-03-20,8543.307953079015,734.7877614869458,9278.09571456596,2
2018-03-21,8543.307953079015,730.2884648901158,9273.596417969131,2
2018-03-22,8543.307953079015,584.0563069835799,9127.364260062595,2
2018-03-23,8946.508231349224,0,8946.508231349224,0
2018-03-26,8946.508231349224,0,8946.508231349224,0
2018-03-27,8946.508231349224,0,8946.508231349224,0
2018-03-28,8946.508231349224,0,8946.508231349224,0
2018-03-29,8946.508231349224,0,8946.508231349224,0
2018-04-02,8946.508231349224,0,8946.508231349224,0
2018-04-03,8946.508231349224,0,8946.508231349224,0
2018-04-04,8946.508231349224,0,8946.508231349224,0
2018-04-05,8946.508231349224,0,8946.508231349224,0
2018-04-06,8946.508231349224,0,8946.508231349224,0
2018-04-09,8946.508231349224,0,8946.508231349224,0
2018-04-10,8946.508231349224,0,8946.508231349224,0
2018-04-11,8946.508231349224,0,8946.508231349224,0
2018-04-12,8946.508231349224,0,8946.508231349224,0
2018-04-13,8946.508231349224,0,8946.508231349224,0
2018-04-16,8946.508231349224,0,8946.508231349224,0
2018-04-17,8567.400679511604,368.5075518376202,8935.908231349224,1
2018-04-18,8177.269239351253,744.8285586977366,8922.09779804899,2
2018-04-19,8177.269239351253,760.1867021904486,8937.455941541702,2
2018-04-20,8177.269239351253,758.9028580841145,8936.172097435368,2
2018-04-23,8177.269239351253,778.9101836254817,8956.179422976735,2
2018-04-24,8177.269239351253,734.9803139776602,8912.249553328913,2
2018-04-25,8177.269239351253,743.8051180978373,8921.074357449092,2
2018-04-26,8177.269239351253,789.8710413877745,8967.140280739028,2
2018-04-27,8177.269239351253,806.9981457808385,8984.267385132092,2
2018-04-30,8177.269239351253,779.6567323667601,8956.925971718014,2
2018-05-01,8177.269239351253,798.0721578035341,8975.341397154787,2
2018-05-02,8177.269239351253,755.8673796083837,8933.136618959637,2
2018-05-03,8177.269239351253,741.8606157378413,8919.129855089095,2
2018-05-04,8177.269239351253,830.339255802806,9007.60849515406,2
2018-05-07,8177.269239351253,859.8102046639569,9037.07944401521,2
2018-05-08,8177.269239351253,864.1104649464412,9041.379704297695,2
2018-05-09,8709.53928926357,375.46430219797065,9085.00359146154,1
2018-05-10,8326.11422114147,731.2985863224849,9057.412807463956,2
2018-05-11,8326.11422114147,747.7492635111948,9073.863484652666,2
2018-05-14,8326.11422114147,754.6127709188322,9080.726992060303,2
2018-05-15,8326.11422114147,742.7441304257118,9068.858351567182,2
2018-05-16,8326.11422114147,768.2328384755508,9094.347059617021,2
2018-05-17,8326.11422114147,779.1678784420978,9105.282099583568,2
2018-05-18,8326.11422114147,796.1186001692218,9122.232821310692,2
2018-05-21,8326.11422114147,801.0811455952049,9127.195366736674,2
2018-05-22,8326.11422114147,819.8397113559414,9145.953932497412,2
2018-05-23,8326.11422114147,834.2536503270601,9160.36787146853,2
2018-05-24,8326.11422114147,853.1413006219439,9179.255521763414,2
2018-05-25,8326.11422114147,850.2024632428597,9176.31668438433,2
2018-05-29,8326.11422114147,811.0599911514807,9137.17421229295,2
2018-05-30,8326.11422114147,857.1811705472978,9183.295391688767,2
2018-05-31,8326.11422114147,864.0395876489806,9190.15380879045,2
2018-06-01,8834.942748694928,379.93067859469426,9214.873427289622,1
2018-06-04,8454.874127884523,760.8344177939576,9215.70854567848,2
2018-06-05,8454.874127884523,775.3763158799596,9230.250443764482,2
2018-06-06,8454.874127884523,760.7593419571657,9215.633469841689,2
2018-06-07,8454.874127884523,755.5222801368404,9210.396408021363,2
2018-06-08,8454.874127884523,738.6610202246072,9193.53514810913,2
2018-06-11,8454.874127884523,749.3417931166856,9204.215921001209,2
2018-06-12,8454.874127884523,744.0328232019045,9198.906951086426,2
2018-06-13,8454.874127884523,765.0334868628846,9219.907614747408,2
2018-06-14,8454.874127884523,783.3161551679025,9238.190283052425,2
2018-06-15,8454.874127884523,805.585906998571,9260.460034883094,2
2018-06-18,8454.874127884523,839.4345378366002,9294.308665721122,2
2018-06-19,8454.874127884523,840.0421397857808,9294.916267670304,2
2018-06-20,8454.874127884523,858.8268037379858,9313.700931622509,2
2018-06-21,8454.874127884523,843.0063916584343,9297.880519542958,2
2018-06-22,8517.458169385101,794.8076978884891,9312.26586727359,2
2018-06-25,8517.458169385101,755.2788968315706,9272.737066216672,2
2018-06-26,8517.458169385101,787.8525917214254,9305.310761106526,2
2018-06-27,8517.458169385101,745.7012449809138,9263.159414366015,2
2018-06-28,8517.458169385101,782.2763258062557,9299.734495191356,2
2018-06-29,8517.458169385101,802.4720589368583,9319.93022832196,2
2018-07-02,8577.684391767125,769.1383662516699,9346.822758018794,2
2018-07-03,8577.684391767125,768.0798486289223,9345.764240396047,2
2018-07-05,8577.684391767125,795.0990621116789,9372.783453878805,2
2018-07-06,8577.684391767125,820.5807478756831,9398.265139642808,2
2018-07-09,8577.684391767125,821.718989261158,9399.403381028284,2
2018-07-10,8577.684391767125,808.2675028400524,9385.951894607177,2
2018-07-11,8577.684391767125,833.9703413947661,9411.654733161891,2
2018-07-12,8577.684391767125,817.74790314813,9395.432294915256,2
2018-07-13,8633.167814032595,762.2620411850436,9395.429855217639,2
2018-07-16,8633.167814032595,771.8987560908545,9405.06657012345,2
2018-07-17,8633.167814032595,776.9666465196146,9410.13446055221,2
2018-07-18,8633.167814032595,767.2844964760752,9400.45231050867,2
2018-07-19,8633.167814032595,782.4569661955204,9415.624780228116,2
2018-07-20,8633.167814032595,798.1079707161603,9431.275784748756,2
2018-07-23,8633.167814032595,822.2183785527868,9455.386192585382,2
2018-07-24,8633.167814032595,802.3120098881363,9435.47982392073,2
2018-07-25,8633.167814032595,719.3074936000944,9352.475307632689,2
2018-07-26,8633.167814032595,771.9125348222314,9405.080348854826,2
2018-07-27,8633.167814032595,825.4145809209243,9458.582394953519,2
2018-07-30,8704.736682514407,788.2093792654459,9492.946061779854,2
2018-07-31,8704.736682514407,822.1365919438856,9526.873274458292,2
2018-08-01,8704.736682514407,824.3987088195772,9529.135391333984,2
2018-08-02,8763.188421807448,771.9307846732798,9535.119206480727,2
2018-08-03,8763.188421807448,772.9500428381091,9536.138464645557,2
2018-08-06,8763.188421807448,784.9145363643108,9548.10295817176,2
2018-08-07,8763.188421807448,783.816948143161,9547.00536995061,2
2018-08-08,8763.188421807448,796.839486031274,9560.027907838723,2
2018-08-09,8763.188421807448,800.4817263059781,9563.670148113426,2
2018-08-10,8763.188421807448,787.8096645641015,9550.99808637155,2
2018-08-13,8763.188421807448,783.0387649132019,9546.227186720651,2
2018-08-14,8763.188421807448,806.7935739860457,9569.981995793494,2
2018-08-15,8763.188421807448,807.9392097309787,9571.127631538428,2
2018-08-16,8763.188421807448,821.069493565938,9584.257915373386,2
2018-08-17,8763.188421807448,837.3534405532034,9600.541862360651,2
2018-08-20,8763.188421807448,859.8326330520847,9623.021054859533,2
2018-08-21,8763.188421807448,846.6759258793433,9609.864347686791,2
2018-08-22,8830.237838784522,798.9171479643697,9629.154986748892,2
2018-08-23,8830.237838784522,811.2909006552941,9641.528739439816,2
2018-08-24,8830.237838784522,799.8158588840847,9630.053697668607,2
2018-08-27,8830.237838784522,761.0199082620586,9591.25774704658,2
2018-08-28,8830.237838784522,760.6930094439373,9590.93084822846,2
2018-08-29,8830.237838784522,710.9980395438885,9541.23587832841,2
2018-08-30,8830.237838784522,746.4291125635568,9576.66695134808,2
2018-08-31,8830.237838784522,778.773475659749,9609.011314444271,2
2018-09-04,8932.325021052566,745.2264061210906,9677.551427173656,2
2018-09-05,8932.325021052566,744.8649598865927,9677.189980939158,2
2018-09-06,8932.325021052566,747.2366163878769,9679.561637440442,2
2018-09-07,8932.325021052566,756.1825586059124,9688.507579658479,2
2018-09-10,8932.325021052566,795.7065723581275,9728.031593410693,2
2018-09-11,8932.325021052566,820.3850748968441,9752.71009594941,2
2018-09-12,8932.325021052566,831.3073852996749,9763.63240635224,2
2018-09-13,8932.325021052566,842.321120011505,9774.646141064071,2
2018-09-14,8995.000098664403,784.7292667612926,9779.729365425696,2
2018-09-17,8995.000098664403,772.1870881065215,9767.187186770923,2
2018-09-18,8995.000098664403,791.9490449490754,9786.949143613478,2
2018-09-19,9049.047450886846,760.622385497865,9809.669836384712,2
2018-09-20,9049.047450886846,723.5969314363999,9772.644382323246,2
2018-09-21,9049.047450886846,738.1997705030337,9787.24722138988,2
2018-09-24,9049.047450886846,763.8223031484392,9812.869754035286,2
2018-09-25,9049.047450886846,770.5919146934434,9819.63936558029,2
2018-09-26,9049.047450886846,775.6571403347222,9824.704591221569,2
2018-09-27,9049.047450886846,789.7671899103616,9838.814640797209,2
2018-09-28,9049.047450886846,807.76085346646,9856.808304353306,2
2018-10-01,9049.047450886846,824.9708494024026,9874.018300289248,2
2018-10-02,9049.047450886846,835.1732076859753,9884.220658572822,2
2018-10-03,9102.034757575328,790.1545116359983,9892.189269211325,2
2018-10-04,9102.034757575328,743.8463555381925,9845.88111311352,2
2018-10-05,9102.034757575328,741.7224762642896,9843.757233839617,2
2018-10-08,9102.034757575328,743.6607835107468,9845.695541086074,2
2018-10-09,9102.034757575328,744.3947458783439,9846.429503453672,2
2018-10-10,9102.034757575328,553.297686095729,9655.332443671057,2
2018-10-11,9472.822076314736,0,9472.822076314736,0
2018-10-12,9472.822076314736,0,9472.822076314736,0
2018-10-15,9472.822076314736,0,9472.822076314736,0
2018-10-16,9472.822076314736,0,9472.822076314736,0
2018-10-17,9472.822076314736,0,9472.822076314736,0
2018-10-18,9472.822076314736,0,9472.822076314736,0
2018-10-19,9472.822076314736,0,9472.822076314736,0
2018-10-22,9472.822076314736,0,9472.822076314736,0
2018-10-23,9472.822076314736,0,9472.822076314736,0
2018-10-24,9472.822076314736,0,9472.822076314736,0
2018-10-25,9472.822076314736,0,9472.822076314736,0
2018-10-26,9472.822076314736,0,9472.822076314736,0
2018-10-29,9472.822076314736,0,9472.822076314736,0
2018-10-30,9472.822076314736,0,9472.822076314736,0
2018-10-31,9472.822076314736,0,9472.822076314736,0
2018-11-01,9472.822076314736,0,9472.822076314736,0
2018-11-02,9472.822076314736,0,9472.822076314736,0
2018-11-05,9472.822076314736,0,9472.822076314736,0
2018-11-06,9472.822076314736,0,9472.822076314736,0
2018-11-07,9472.822076314736,0,9472.822076314736,0
2018-11-08,9472.822076314736,0,9472.822076314736,0
2018-11-09,9472.822076314736,0,9472.822076314736,0
2018-11-12,9472.822076314736,0,9472.822076314736,0
2018-11-13,9472.822076314736,0,9472.822076314736,0
2018-11-14,9472.822076314736,0,9472.822076314736,0
2018-11-15,9472.822076314736,0,9472.822076314736,0
2018-11-16,9472.822076314736,0,9472.822076314736,0
2018-11-19,9472.822076314736,0,9472.822076314736,0
2018-11-20,9472.822076314736,0,9472.822076314736,0
2018-11-21,9472.822076314736,0,9472.822076314736,0
2018-11-23,9472.822076314736,0,9472.822076314736,0
2018-11-26,9472.822076314736,0,9472.822076314736,0
2018-11-27,9472.822076314736,0,9472.822076314736,0
2018-11-28,9472.822076314736,0,9472.822076314736,0
2018-11-29,9472.822076314736,0,9472.822076314736,0
2018-11-30,9472.822076314736,0,9472.822076314736,0
2018-12-03,9089.889283918546,372.33279239619054,9462.222076314736,1
2018-12-04,9089.889283918546,357.450220979027,9447.339504897573,1
2018-12-06,9089.889283918546,355.3753103731097,9445.264594291657,1
2018-12-07,9089.889283918546,301.7506427620728,9391.639926680618,1
2018-12-10,9089.889283918546,299.09759585799685,9388.986879776543,1
2018-12-11,9089.889283918546,291.93211281448987,9381.821396733036,1
2018-12-12,9089.889283918546,308.6107402122142,9398.50002413076,1
2018-12-13,9089.889283918546,303.3155516777275,9393.204835596274,1
2018-12-14,9306.968794235308,0,9306.968794235308,0
2018-12-17,9306.968794235308,0,9306.968794235308,0
2018-12-18,9306.968794235308,0,9306.968794235308,0
2018-12-19,9306.968794235308,0,9306.968794235308,0
2018-12-20,9306.968794235308,0,9306.968794235308,0
2018-12-21,9306.968794235308,0,9306.968794235308,0
2018-12-24,9306.968794235308,0,9306.968794235308,0
2018-12-26,9306.968794235308,0,9306.968794235308,0
2018-12-27,9306.968794235308,0,9306.968794235308,0
2018-12-28,9306.968794235308,0,9306.968794235308,0
2018-12-31,9306.968794235308,0,9306.968794235308,0
2019-01-02,9306.968794235308,0,9306.968794235308,0
2019-01-03,9306.968794235308,0,9306.968794235308,0
2019-01-04,9306.968794235308,0,9306.968794235308,0
2019-01-07,9306.968794235308,0,9306.968794235308,0
2019-01-08,9306.968794235308,0,9306.968794235308,0
2019-01-09,9306.968794235308,0,9306.968794235308,0
2019-01-10,9306.968794235308,0,9306.968794235308,0
2019-01-11,9306.968794235308,0,9306.968794235308,0
2019-01-14,9306.968794235308,0,9306.968794235308,0
2019-01-15,9306.968794235308,0,9306.968794235308,0
2019-01-16,9306.968794235308,0,9306.968794235308,0
2019-01-17,8920.83924271489,375.5295515204173,9296.368794235308,1
2019-01-18,8538.35547494483,720.0379516290698,9258.3934265739,2
2019-01-22,8538.35547494483,743.5404107160854,9281.895885660915,2
2019-01-23,8538.35547494483,764.0834525088917,9302.438927453722,2
2019-01-24,8538.35547494483,777.2754564591644,9315.630931403995,2
2019-01-25,8538.35547494483,785.9642478641709,9324.319722809001,2
2019-01-28,8538.35547494483,801.1484773423269,9339.503952287158,2
2019-01-29,8538.35547494483,805.7490159205101,9344.10449086534,2
2019-01-30,8538.35547494483,794.8251190251568,9333.180593969988,2
2019-01-31,8538.35547494483,781.7433625092544,9320.098837454085,2
2019-02-01,8538.35547494483,796.8331814141108,9335.188656358941,2
2019-02-04,8538.35547494483,789.4530294070244,9327.808504351855,2
2019-02-05,8538.35547494483,762.5863945666438,9300.941869511475,2
2019-02-06,8538.35547494483,800.8988963529912,9339.254371297822,2
2019-02-07,8596.28143622075,790.9709574428504,9387.2523936636,2
2019-02-08,8596.28143622075,812.1540338179607,9408.43547003871,2
2019-02-11,8656.765632642613,760.3095736327242,9417.075206275338,2
2019-02-12,8656.765632642613,714.4641686688797,9371.229801311492,2
2019-02-13,8656.765632642613,695.0486269134899,9351.814259556104,2
2019-02-14,8656.765632642613,705.4227091553454,9362.188341797959,2
2019-02-15,8656.765632642613,667.3096384272853,9324.075271069898,2
2019-02-19,8656.765632642613,689.1120142379318,9345.877646880544,2
2019-02-20,8656.765632642613,705.7662281669864,9362.531860809599,2
2019-02-21,8656.765632642613,735.9447280597294,9392.710360702342,2
2019-02-22,8656.765632642613,709.8720873456107,9366.637719988224,2
2019-02-25,8656.765632642613,692.1571476082136,9348.922780250827,2
2019-02-26,8656.765632642613,703.9956236473636,9360.761256289978,2
2019-02-27,8656.765632642613,733.7207260568428,9390.486358699456,2
2019-02-28,8656.765632642613,774.0055831385002,9430.771215781113,2
2019-03-01,8656.765632642613,739.2155055641724,9395.981138206786,2
2019-03-04,8656.765632642613,802.8482729531485,9459.613905595761,2
2019-03-05,8656.765632642613,828.7496749565304,9485.515307599144,2
2019-03-06,8731.502701072177,795.4202969043663,9526.922997976544,2
2019-03-07,8792.232211118893,752.0385864119771,9544.27079753087,2
2019-03-08,8792.232211118893,774.1913928881172,9566.42360400701,2
2019-03-11,8792.232211118893,785.3449225995419,9577.577133718434,2
2019-03-12,8792.232211118893,793.5567888482904,9585.788999967184,2
2019-03-13,8792.232211118893,767.3152596954953,9559.547470814388,2
2019-03-14,8792.232211118893,779.0350146526802,9571.267225771573,2
2019-03-15,8792.232211118893,767.9294907995844,9560.161701918478,2
2019-03-18,8792.232211118893,754.3435241995976,9546.57573531849,2
2019-03-19,8792.232211118893,751.4318499672861,9543.66406108618,2
2019-03-20,8792.232211118893,777.9411303569666,9570.17334147586,2
2019-03-21,8792.232211118893,686.6563486461192,9478.888559765013,2
2019-03-22,8792.232211118893,790.1242796506804,9582.356490769573,2
2019-03-25,8792.232211118893,833.7917997906086,9626.024010909501,2
2019-03-26,8792.232211118893,842.1118567492158,9634.344067868109,2
2019-03-27,8854.347001758579,797.8739617546877,9652.220963513266,2
2019-03-28,8854.347001758579,805.5636336620324,9659.91063542061,2
2019-03-29,8854.347001758579,786.605858449446,9640.952860208025,2
2019-04-01,8854.347001758579,708.5410257320959,9562.888027490675,2
2019-04-02,8854.347001758579,721.1733062509568,9575.520308009536,2
2019-04-03,8854.347001758579,696.3095534805711,9550.65655523915,2
2019-04-04,8854.347001758579,683.9319401102446,9538.278941868823,2
2019-04-05,8854.347001758579,640.4358967399501,9494.782898498528,2
2019-04-08,8854.347001758579,659.5125517023786,9513.859553460958,2
2019-04-09,8854.347001758579,772.8138424140634,9627.160844172642,2
2019-04-10,8854.347001758579,770.8473600159293,9625.194361774507,2
2019-04-11,8978.523220774317,717.6990729558756,9696.222293730192,2
2019-04-12,8978.523220774317,697.7983665842314,9676.321587358549,2
2019-04-15,8978.523220774317,720.2611580059324,9698.78437878025,2
2019-04-16,8978.523220774317,728.3767158412361,9706.899936615553,2
2019-04-17,8978.523220774317,748.2579877185726,9726.78120849289,2
2019-04-18,8978.523220774317,757.5970400694098,9736.120260843727,2
2019-04-22,8978.523220774317,782.8932188599542,9761.416439634271,2
2019-04-23,8978.523220774317,684.1380496910165,9662.661270465334,2
2019-04-24,8978.523220774317,707.791323247404,9686.314544021721,2
2019-04-25,8978.523220774317,724.5138293125224,9703.03705008684,2
2019-04-26,8978.523220774317,676.4472010913971,9654.970421865715,2
2019-04-29,8978.523220774317,698.8218728811775,9677.345093655495,2
2019-04-30,8978.523220774317,701.996126076134,9680.519346850451,2
2019-05-01,9093.31337437114,774.1647151684986,9867.47808953964,2
2019-05-02,9093.31337437114,803.880201062397,9897.193575433537,2
2019-05-03,9093.31337437114,805.2099507232156,9898.523325094357,2
2019-05-06,9093.31337437114,798.9079137562001,9892.22128812734,2
2019-05-07,9093.31337437114,779.0359228796109,9872.349297250752,2
2019-05-08,9093.31337437114,788.4213636148354,9881.734737985977,2
2019-05-09,9093.31337437114,797.8021552089576,9891.115529580098,2
2019-05-10,9175.893861872248,758.934156280322,9934.82801815257,2
2019-05-13,9175.893861872248,686.5530737102571,9862.446935582504,2
2019-05-14,9175.893861872248,727.1137593486494,9903.007621220897,2
2019-05-15,9175.893861872248,762.1886812525568,9938.082543124805,2
2019-05-16,9175.893861872248,800.5117450626669,9976.405606934915,2
2019-05-17,9175.893861872248,782.8828379756881,9958.776699847936,2
2019-05-20,9175.893861872248,761.0681990391162,9936.962060911364,2
2019-05-21,9175.893861872248,817.7961810722795,9993.690042944527,2
2019-05-22,9175.893861872248,812.1926027232616,9988.08646459551,2
2019-05-23,9175.893861872248,722.0884552786627,9897.98231715091,2
2019-05-24,9175.893861872248,738.9797836457651,9914.873645518013,2
2019-05-28,9175.893861872248,654.3893036006534,9830.283165472902,2
2019-05-29,9392.185729796105,349.47068696324914,9741.656416759353,1
2019-05-30,9392.185729796105,358.7793847542465,9750.965114550352,1
2019-05-31,9392.185729796105,295.09689851814477,9687.28262831425,1
2019-06-03,9392.185729796105,271.4430445801514,9663.628774376257,1
2019-06-04,9392.185729796105,387.3506084184464,9779.536338214552,1
2019-06-05,9392.185729796105,426.14409001087705,9818.329819806982,1
2019-06-06,9839.479499817768,0,9839.479499817768,0
2019-06-07,9463.855162193626,365.0243376241409,9828.879499817767,1
2019-06-10,9076.008673553195,745.6662731195792,9821.674946672774,2
2019-06-11,9076.008673553195,752.249447259689,9828.258120812883,2
2019-06-12,9076.008673553195,768.4198770254864,9844.428550578681,2
2019-06-13,9076.008673553195,760.9884368748238,9836.99711042802,2
2019-06-14,9076.008673553195,788.1425711945816,9864.151244747776,2
2019-06-17,9076.008673553195,804.216156234239,9880.224829787434,2
2019-06-18,9076.008673553195,771.0242803954859,9847.032953948681,2
2019-06-19,9076.008673553195,784.2541227080985,9860.262796261293,2
2019-06-20,9076.008673553195,704.992358887414,9781.001032440608,2
2019-06-21,9076.008673553195,708.3713265019867,9784.380000055182,2
2019-06-24,9076.008673553195,759.8190972711245,9835.827770824319,2
2019-06-25,9076.008673553195,812.1847874063665,9888.193460959561,2
2019-06-26,9076.008673553195,831.9025952587313,9907.911268811926,2
2019-06-27,9076.008673553195,832.6987165999128,9908.707390153108,2
2019-06-28,9076.008673553195,824.4444811263927,9900.453154679588,2
2019-07-01,9076.008673553195,820.8354233375867,9896.844096890782,2
2019-07-02,9076.008673553195,828.4944998722758,9904.50317342547,2
2019-07-03,9076.008673553195,740.886959362793,9816.895632915988,2
2019-07-05,9076.008673553195,787.6636863401299,9863.672359893324,2
2019-07-08,9595.5786702167,369.531600345945,9965.110270562645,1
2019-07-09,9213.90370830002,739.0717142227115,9952.975422522732,2
2019-07-10,9213.90370830002,757.4901164871108,9971.39382478713,2
2019-07-11,9213.90370830002,755.4384890789879,9969.342197379008,2
2019-07-12,9213.90370830002,752.210840090212,9966.114548390233,2
2019-07-15,9213.90370830002,764.3070902817997,9978.21079858182,2
2019-07-16,9213.90370830002,787.5158804073212,10001.419588707342,2
2019-07-17,9213.90370830002,790.7065820918397,10004.61029039186,2
2019-07-18,9213.90370830002,797.5315057654568,10011.435214065477,2
2019-07-19,9213.90370830002,800.301949844798,10014.205658144818,2
2019-07-22,9213.90370830002,841.5832234318659,10055.486931731886,2
2019-07-23,9213.90370830002,853.9255820373845,10067.829290337404,2
2019-07-24,9213.90370830002,854.8601407610234,10068.763849061044,2
2019-07-25,9213.90370830002,871.7568910776624,10085.660599377683,2
2019-07-26,9213.90370830002,859.2595324760327,10073.163240776053,2
2019-07-29,9718.1958181257,365.4151872312422,10083.611005356941,1
2019-07-30,9339.039713914537,724.843154328645,10063.882868243181,2
2019-07-31,9339.039713914537,704.9811270503053,10044.020840964842,2
2019-08-01,9339.039713914537,685.2065740667402,10024.246287981277,2
2019-08-02,9339.039713914537,677.953832168577,10016.993546083115,2
2019-08-05,9339.039713914537,536.3817228493235,9875.42143676386,2
2019-08-06,9339.039713914537,587.6931934822221,9926.73290739676,2
2019-08-07,9339.039713914537,586.1513961037224,9925.191110018259,2
2019-08-08,9339.039713914537,697.6448385544327,10036.68455246897,2
2019-08-09,9339.039713914537,658.8791295577639,9997.9188434723,2
2019-08-12,9339.039713914537,574.8076592602774,9913.847373174814,2
2019-08-13,9339.039713914537,674.7741601696329,10013.81387408417,2
2019-08-14,9770.52837835261,0,9770.52837835261,0
2019-08-15,9770.52837835261,0,9770.52837835261,0
2019-08-16,9770.52837835261,0,9770.52837835261,0
2019-08-19,9770.52837835261,0,9770.52837835261,0
2019-08-20,9770.52837835261,0,9770.52837835261,0
2019-08-21,9770.52837835261,0,9770.52837835261,0
2019-08-22,9770.52837835261,0,9770.52837835261,0
2019-08-23,9770.52837835261,0,9770.52837835261,0
2019-08-26,9770.52837835261,0,9770.52837835261,0
2019-08-27,9770.52837835261,0,9770.52837835261,0
2019-08-28,9770.52837835261,0,9770.52837835261,0
2019-08-29,9770.52837835261,0,9770.52837835261,0
2019-08-30,9770.52837835261,0,9770.52837835261,0
2019-09-03,9770.52837835261,0,9770.52837835261,0
2019-09-04,9770.52837835261,0,9770.52837835261,0
2019-09-05,9393.62620368884,366.3021746637696,9759.92837835261,1
2019-09-06,9018.473973733053,748.0842391853644,9766.558212918417,2
2019-09-09,9018.473973733053,759.8768548782896,9778.350828611343,2
2019-09-10,9018.473973733053,766.9797723249357,9785.453746057989,2
2019-09-11,9018.473973733053,758.0007366676361,9776.47471040069,2
2019-09-12,9018.473973733053,760.9486972120849,9779.422670945138,2
2019-09-13,9018.473973733053,787.7458976842445,9806.219871417297,2
2019-09-16,9018.473973733053,801.2284312726504,9819.702405005703,2
2019-09-17,9018.473973733053,804.1672355072977,9822.64120924035,2
2019-09-18,9018.473973733053,825.4156307336757,9843.889604466729,2
2019-09-19,9018.473973733053,831.7528138004054,9850.226787533458,2
2019-09-20,9018.473973733053,827.267445998617,9845.74141973167,2
2019-09-23,9072.652623630378,798.0456864684886,9870.698310098867,2
2019-09-24,9072.652623630378,777.0590685809524,9849.711692211331,2
2019-09-25,9072.652623630378,795.7283410891339,9868.380964719512,2
2019-09-26,9072.652623630378,806.3221178591106,9878.974741489488,2
2019-09-27,9072.652623630378,796.2284569084628,9868.88108053884,2
2019-09-30,9142.838080488786,752.6409109399729,9895.478991428758,2
2019-10-01,9142.838080488786,737.221720842793,9880.05980133158,2
2019-10-02,9142.838080488786,700.2790578175172,9843.117138306303,2
2019-10-03,9142.838080488786,730.1663606903087,9873.004441179095,2
2019-10-04,9142.838080488786,772.9038715085491,9915.741951997335,2
2019-10-07,9142.838080488786,772.2370756143869,9915.075156103172,2
2019-10-08,9142.838080488786,711.0946164472226,9853.932696936008,2
2019-10-09,9142.838080488786,755.9339024063863,9898.771982895172,2
2019-10-10,9142.838080488786,788.0088739964485,9930.846954485234,2
2019-10-11,9142.838080488786,839.2585581083075,9982.096638597093,2
2019-10-14,9198.56186752108,804.7385027310604,10003.300370252142,2
2019-10-15,9259.328471477078,735.4287633891762,9994.757234866254,2
2019-10-16,9259.328471477078,746.8493414576963,10006.177812934775,2
2019-10-17,9259.328471477078,737.0977404248956,9996.426211901973,2
2019-10-18,9259.328471477078,747.9842915798287,10007.312763056907,2
2019-10-21,9259.328471477078,744.3155796211602,10003.644051098237,2
2019-10-22,9259.328471477078,756.7619485074167,10016.090419984495,2
2019-10-23,9259.328471477078,764.1567028855503,10023.485174362628,2
2019-10-24,9259.328471477078,771.3345103451204,10030.662981822199,2
2019-10-25,9259.328471477078,788.7039148793148,10048.032386356394,2
2019-10-28,9259.328471477078,759.6954267506203,10019.023898227699,2
2019-10-29,9259.328471477078,774.646758717153,10033.975230194232,2
2019-10-30,9259.328471477078,783.4459913882956,10042.774462865375,2
2019-10-31,9259.328471477078,794.608715013454,10053.937186490532,2
2019-11-01,9259.328471477078,733.7415023107549,9993.069973787833,2
2019-11-04,9259.328471477078,706.6956666592785,9966.024138136356,2
2019-11-05,9259.328471477078,729.2617399688513,9988.59021144593,2
2019-11-06,9259.328471477078,745.0159550104551,10004.344426487532,2
2019-11-07,9259.328471477078,715.3701242775039,9974.698595754582,2
2019-11-08,9259.328471477078,700.5218134102583,9959.850284887336,2
2019-11-11,9259.328471477078,770.9298814748763,10030.258352951954,2
2019-11-12,9259.328471477078,762.2749547194514,10021.603426196529,2
2019-11-13,9259.328471477078,764.4502970980393,10023.778768575117,2
2019-11-14,9259.328471477078,771.5719574946024,10030.90042897168,2
2019-11-15,9259.328471477078,612.3117111195643,9871.640182596642,2
2019-11-18,9159.806990218005,772.3851407533681,9932.192130971373,2
2019-11-19,9277.936996049275,730.5852912736476,10008.522287322923,2
2019-11-20,9277.936996049275,751.1915453181457,10029.128541367421,2
2019-11-21,9277.936996049275,750.0482790742881,10027.985275123563,2
2019-11-22,9277.936996049275,774.7452516895914,10052.682247738867,2
2019-11-25,9277.936996049275,786.7929678602707,10064.729963909545,2
2019-11-26,9277.936996049275,795.8157073983156,10073.75270344759,2
2019-11-27,9277.936996049275,771.4363622205517,10049.373358269826,2
2019-11-29,9277.936996049275,782.803960143066,10060.740956192341,2
2019-12-02,9277.936996049275,772.5728119344067,10050.509807983683,2
2019-12-03,9277.936996049275,761.8535966578877,10039.790592707162,2
2019-12-04,9277.936996049275,793.5065920629578,10071.443588112234,2
2019-12-05,9277.936996049275,807.8845043547418,10085.821500404018,2
2019-12-06,9277.936996049275,815.3600626575657,10093.297058706841,2
2019-12-09,9277.936996049275,806.2765573830079,10084.213553432282,2
2019-12-10,9277.936996049275,828.1395612135905,10106.076557262866,2
2019-12-11,9277.936996049275,850.6658474152891,10128.602843464563,2
2019-12-12,9277.936996049275,846.6541582143359,10124.591154263611,2
2019-12-13,9790.722720863901,367.75953882707665,10158.482259690978,1
2019-12-16,9416.610298862055,731.5566951804251,10148.16699404248,2
2019-12-17,9416.610298862055,731.3140670521079,10147.924365914163,2
2019-12-18,9416.610298862055,730.4673026794909,10147.077601541547,2
2019-12-19,9416.610298862055,714.999962822084,10131.610261684138,2
2019-12-20,9416.610298862055,686.8152369088414,10103.425535770897,2
2019-12-23,9416.610298862055,701.4068745320462,10118.0171733941,2
2019-12-24,9416.610298862055,709.875098350756,10126.485397212811,2
2019-12-26,9416.610298862055,683.4736527255135,10100.083951587569,2
2019-12-27,9416.610298862055,668.1299550141287,10084.740253876183,2
2019-12-30,9416.610298862055,708.2928583039172,10124.903157165973,2
2019-12-31,9416.610298862055,727.5338725584238,10144.14417142048,2
2020-01-02,9416.610298862055,703.6049411578629,10120.215240019917,2
2020-01-03,9416.610298862055,747.951504422248,10164.561803284303,2
2020-01-06,9416.610298862055,762.1852255791969,10178.795524441251,2
2020-01-07,9416.610298862055,809.9185175309983,10226.528816393053,2
2020-01-08,9416.610298862055,782.3866222059656,10198.996921068021,2
2020-01-09,9416.610298862055,725.1350638768973,10141.745362738953,2
2020-01-10,9416.610298862055,788.9801804018787,10205.590479263934,2
2020-01-13,9416.610298862055,726.6896271295736,10143.299925991629,2
2020-01-14,9416.610298862055,785.5286153663826,10202.138914228437,2
2020-01-15,9416.610298862055,774.4237538897371,10191.034052751793,2
2020-01-16,9271.173589801552,669.0859856358229,9940.259575437376,2
2020-01-17,9271.173589801552,620.548204909572,9891.721794711124,2
2020-01-21,9286.64092070643,731.9336662980909,10018.574587004521,2
2020-01-22,9286.64092070643,735.556492424648,10022.197413131078,2
2020-01-23,9286.64092070643,735.4744411645044,10022.115361870934,2
2020-01-24,9286.64092070643,724.0846172565174,10010.725537962948,2
2020-01-27,9286.64092070643,671.1049852342726,9957.745905940703,2
2020-01-28,9286.64092070643,714.7226530343141,10001.363573740744,2
2020-01-29,9286.64092070643,717.7726539091605,10004.41357461559,2
2020-01-30,9286.64092070643,742.2449523762192,10028.885873082649,2
2020-01-31,9286.64092070643,656.4453234047178,9943.086244111148,2
2020-02-03,9286.64092070643,701.2908210371595,9987.931741743589,2
2020-02-04,9286.64092070643,769.2689563627264,10055.909877069156,2
2020-02-05,9286.64092070643,779.6327944613486,10066.27371516778,2
2020-02-06,9286.64092070643,782.0082623851919,10068.649183091622,2
2020-02-07,9286.64092070643,803.5803797891274,10090.221300495557,2
2020-02-10,9286.64092070643,829.6526218363513,10116.29354254278,2
2020-02-11,9286.64092070643,833.6131960718427,10120.254116778273,2
2020-02-12,9286.64092070643,839.44025418254,10126.08117488897,2
2020-02-13,9356.78055002923,779.4748446318295,10136.25539466106,2
2020-02-14,9356.78055002923,792.8276157938776,10149.608165823109,2
2020-02-18,9438.60636544677,736.4048108088393,10175.01117625561,2
2020-02-19,9438.60636544677,735.6033004785716,10174.209665925342,2
2020-02-20,9438.60636544677,726.7864552123435,10165.392820659114,2
2020-02-21,9438.60636544677,727.6185541977385,10166.22491964451,2
2020-02-24,9438.60636544677,627.3444904976232,10065.950855944393,2
2020-02-25,9870.93984195917,0,9870.93984195917,0
2020-02-26,9870.93984195917,0,9870.93984195917,0
2020-02-27,9870.93984195917,0,9870.93984195917,0
2020-02-28,9870.93984195917,0,9870.93984195917,0
2020-03-02,9870.93984195917,0,9870.93984195917,0
2020-03-03,9870.93984195917,0,9870.93984195917,0
2020-03-04,9870.93984195917,0,9870.93984195917,0
2020-03-05,9870.93984195917,0,9870.93984195917,0
2020-03-06,9870.93984195917,0,9870.93984195917,0
2020-03-09,9870.93984195917,0,9870.93984195917,0
2020-03-10,9870.93984195917,0,9870.93984195917,0
2020-03-11,9870.93984195917,0,9870.93984195917,0
2020-03-12,9870.93984195917,0,9870.93984195917,0
2020-03-13,9870.93984195917,0,9870.93984195917,0
2020-03-16,9870.93984195917,0,9870.93984195917,0
2020-03-17,9870.93984195917,0,9870.93984195917,0
2020-03-18,9870.93984195917,0,9870.93984195917,0
2020-03-19,9870.93984195917,0,9870.93984195917,0
2020-03-20,9870.93984195917,0,9870.93984195917,0
2020-03-23,9870.93984195917,0,9870.93984195917,0
2020-03-24,9870.93984195917,0,9870.93984195917,0
2020-03-25,9870.93984195917,0,9870.93984195917,0
2020-03-26,9870.93984195917,0,9870.93984195917,0
2020-03-27,9870.93984195917,0,9870.93984195917,0
2020-03-30,9870.93984195917,0,9870.93984195917,0
2020-03-31,9870.93984195917,0,9870.93984195917,0
2020-04-01,9870.93984195917,0,9870.93984195917,0
2020-04-02,9870.93984195917,0,9870.93984195917,0
2020-04-03,9870.93984195917,0,9870.93984195917,0
2020-04-06,9870.93984195917,0,9870.93984195917,0
2020-04-07,9870.93984195917,0,9870.93984195917,0
2020-04-08,9870.93984195917,0,9870.93984195917,0
2020-04-09,9870.93984195917,0,9870.93984195917,0
2020-04-13,9870.93984195917,0,9870.93984195917,0
2020-04-14,9870.93984195917,0,9870.93984195917,0
2020-04-15,9870.93984195917,0,9870.93984195917,0
2020-04-16,9870.93984195917,0,9870.93984195917,0
2020-04-17,9870.93984195917,0,9870.93984195917,0
2020-04-20,9870.93984195917,0,9870.93984195917,0
2020-04-21,9870.93984195917,0,9870.93984195917,0
2020-04-22,9870.93984195917,0,9870.93984195917,0
2020-04-23,9870.93984195917,0,9870.93984195917,0
2020-04-24,9870.93984195917,0,9870.93984195917,0
2020-04-27,9870.93984195917,0,9870.93984195917,0
2020-04-28,9870.93984195917,0,9870.93984195917,0
2020-04-29,9870.93984195917,0,9870.93984195917,0
2020-04-30,9870.93984195917,0,9870.93984195917,0
2020-05-01,9870.93984195917,0,9870.93984195917,0
2020-05-04,9870.93984195917,0,9870.93984195917,0
2020-05-05,9870.93984195917,0,9870.93984195917,0
2020-05-06,9870.93984195917,0,9870.93984195917,0
2020-05-07,9870.93984195917,0,9870.93984195917,0
2020-05-08,9465.898684357202,394.44115760196786,9860.33984195917,1
2020-05-11,9067.036283314095,791.3944279612775,9858.430711275372,2
2020-05-12,9067.036283314095,815.4154763208999,9882.451759634994,2
2020-05-13,9067.036283314095,827.7588418212847,9894.79512513538,2
2020-05-14,9067.036283314095,827.5895066619682,9894.625789976064,2
2020-05-15,9067.036283314095,827.8259593280304,9894.862242642126,2
2020-05-18,9067.036283314095,777.5326660119525,9844.568949326047,2
2020-05-19,9067.036283314095,810.3469119165097,9877.383195230605,2
2020-05-20,9067.036283314095,781.5297394632007,9848.566022777297,2
2020-05-21,9067.036283314095,803.1872634271072,9870.223546741203,2
2020-05-22,9067.036283314095,817.2138219709901,9884.250105285086,2
2020-05-26,9067.036283314095,804.5559273745151,9871.59221068861,2
2020-05-27,9067.036283314095,738.2538624104686,9805.290145724564,2
2020-05-28,9067.036283314095,750.2760707412225,9817.312354055317,2
2020-05-29,9067.036283314095,749.4900420636245,9816.52632537772,2
2020-06-01,9067.036283314095,760.6187684466911,9827.655051760787,2
2020-06-02,9067.036283314095,737.308760979419,9804.345044293514,2
2020-06-03,9067.036283314095,650.0462919243266,9717.082575238423,2
2020-06-04,9067.036283314095,700.0157787325438,9767.05206204664,2
2020-06-05,9122.949549175048,380.7534048140743,9503.702953989123,1
2020-06-08,8730.064876181557,732.3488716007527,9462.41374778231,2
2020-06-09,8730.064876181557,751.228571730921,9481.293447912478,2
2020-06-10,8730.064876181557,776.9200701618132,9506.984946343371,2
2020-06-11,8730.064876181557,780.7397078052431,9510.804583986801,2
2020-06-12,8730.064876181557,784.3383460906141,9514.40322227217,2
2020-06-15,8730.064876181557,788.3210713022335,9518.38594748379,2
2020-06-16,8730.064876181557,801.0380430920729,9531.10291927363,2
2020-06-17,8730.064876181557,803.3305520674354,9533.395428248992,2
2020-06-18,8730.064876181557,805.0250406542806,9535.089916835837,2
2020-06-19,8730.064876181557,799.3799139550897,9529.444790136647,2
2020-06-22,8730.064876181557,809.7927451215537,9539.857621303112,2
2020-06-23,8730.064876181557,817.8008270882797,9547.865703269837,2
2020-06-24,8730.064876181557,748.4643139342029,9478.52919011576,2
2020-06-25,8730.064876181557,781.492812756057,9511.557688937613,2
2020-06-26,8730.064876181557,682.9728234694624,9413.03769965102,2
2020-06-29,8730.064876181557,735.4450168443399,9465.509893025897,2
2020-06-30,8730.064876181557,800.1285611095519,9530.19343729111,2
2020-07-01,8730.064876181557,824.9110186367111,9554.975894818268,2
2020-07-02,8730.064876181557,848.472789431942,9578.5376656135,2
2020-07-06,9249.298650461697,392.721203437989,9642.019853899685,1
2020-07-07,8846.789687163013,798.384329813978,9645.174016976991,2
2020-07-08,8846.789687163013,786.5696537338306,9633.359340896843,2
2020-07-09,8846.789687163013,800.5757767284266,9647.36546389144,2
2020-07-10,8846.789687163013,786.2842828297794,9633.073969992793,2
2020-07-13,8846.789687163013,788.9256867127781,9635.715373875792,2
2020-07-14,8846.789687163013,765.4479860235034,9612.237673186517,2
2020-07-15,8846.789687163013,749.9745984143932,9596.764285577407,2
2020-07-16,8846.789687163013,772.2820163912472,9619.07170355426,2
2020-07-17,8846.789687163013,799.4687795140786,9646.25846667709,2
2020-07-20,8846.789687163013,802.9614484322192,9649.751135595232,2
2020-07-21,8846.789687163013,797.5622379251236,9644.351925088136,2
2020-07-22,8846.789687163013,783.266379184291,9630.056066347304,2
2020-07-23,8846.789687163013,832.4439494740969,9679.23363663711,2
2020-07-24,8846.789687163013,867.6804761227668,9714.47016328578,2
2020-07-27,8905.816689526786,816.1057535031027,9721.92244302989,2
2020-07-28,8905.816689526786,839.2432698858668,9745.059959412652,2
2020-07-29,8905.816689526786,817.1229313694918,9722.939620896277,2
2020-07-30,8961.218534076239,765.5995477323257,9726.818081808564,2
2020-07-31,8961.218534076239,740.5117290871058,9701.730263163345,2
2020-08-03,8961.218534076239,725.6355230008214,9686.85405707706,2
2020-08-04,8961.218534076239,721.4845883138576,9682.703122390096,2
2020-08-05,8961.218534076239,703.9799581016289,9665.198492177868,2
2020-08-06,8961.218534076239,675.7265464829402,9636.945080559179,2
2020-08-07,8961.218534076239,688.7040285401796,9649.922562616419,2
2020-08-10,8961.218534076239,699.4864558209777,9660.704989897216,2
2020-08-11,8961.218534076239,729.8829594242079,9691.101493500446,2
2020-08-12,8961.218534076239,672.5492125539909,9633.76774663023,2
2020-08-13,8961.218534076239,703.0089549551317,9664.227489031371,2
2020-08-14,8961.218534076239,717.9092412545338,9679.127775330773,2
2020-08-17,8961.218534076239,748.9730296868102,9710.191563763048,2
2020-08-18,8961.218534076239,740.5594753730559,9701.778009449295,2
2020-08-19,8961.218534076239,774.356192438886,9735.574726515126,2
2020-08-20,8961.218534076239,761.4267759006358,9722.645309976875,2
2020-08-21,8961.218534076239,751.386791952516,9712.605326028755,2
2020-08-24,8961.218534076239,708.0840396411156,9669.302573717354,2
2020-08-25,8961.218534076239,689.9246426345651,9651.143176710804,2
2020-08-26,8853.305640701912,655.3547568826943,9508.660397584606,2
2020-08-27,8736.051071087799,741.3138537393913,9477.36492482719,2
2020-08-28,8736.051071087799,739.054938046516,9475.106009134315,2
2020-08-31,8736.051071087799,714.7591506350046,9450.810221722804,2
2020-09-01,8736.051071087799,685.0677459864506,9421.11881707425,2
2020-09-02,8736.051071087799,590.8938126996816,9326.94488378748,2
2020-09-03,8736.051071087799,711.4153921915304,9447.466463279328,2
2020-09-04,8736.051071087799,772.5949664235691,9508.646037511367,2
2020-09-08,8736.051071087799,766.4271248490174,9502.478195936816,2
2020-09-09,8736.051071087799,806.3420221233633,9542.393093211162,2
2020-09-10,8736.051071087799,766.8793021999286,9502.930373287727,2
2020-09-11,8736.051071087799,764.6029885654779,9500.654059653276,2
2020-09-14,8736.051071087799,810.7843687418303,9546.835439829629,2
2020-09-15,8736.051071087799,829.2223570701742,9565.273428157972,2
2020-09-16,8736.051071087799,815.3177197333071,9551.368790821107,2
2020-09-17,8736.051071087799,783.032979679152,9519.08405076695,2
2020-09-18,8736.051071087799,726.6637492897084,9462.714820377507,2
2020-09-21,8736.051071087799,640.7879617204528,9376.839032808251,2
2020-09-22,8736.051071087799,717.6148627483459,9453.665933836144,2
2020-09-23,9226.898693547602,0,9226.898693547602,0
2020-09-24,9226.898693547602,0,9226.898693547602,0
2020-09-25,9226.898693547602,0,9226.898693547602,0
2020-09-28,9226.898693547602,0,9226.898693547602,0
2020-09-29,9226.898693547602,0,9226.898693547602,0
2020-09-30,8830.835481267237,385.46321228036436,9216.298693547602,1
2020-10-01,8437.0162559391,756.9094561913591,9193.925712130458,2
2020-10-02,8437.0162559391,789.6992937393422,9226.715549678442,2
2020-10-05,8437.0162559391,722.2701357403004,9159.2863916794,2
2020-10-06,8437.0162559391,776.1083647855555,9213.124620724655,2
2020-10-07,8437.0162559391,717.462294421357,9154.478550360456,2
2020-10-08,8437.0162559391,704.5639841694772,9141.580240108577,2
2020-10-09,8437.0162559391,679.9498927364034,9116.966148675503,2
2020-10-12,8437.0162559391,591.0580969736707,9028.07435291277,2
2020-10-13,8437.0162559391,630.3465943235487,9067.362850262649,2
2020-10-14,8437.0162559391,681.9011006431354,9118.917356582235,2
2020-10-15,8437.0162559391,693.9081705095355,9130.924426448635,2
2020-10-16,8437.0162559391,697.3724726662134,9134.388728605312,2
2020-10-19,8437.0162559391,802.7208839230022,9239.737139862102,2
2020-10-20,8437.0162559391,790.2075212810448,9227.223777220144,2
2020-10-21,8437.0162559391,823.5520740293753,9260.568329968475,2
2020-10-22,8437.0162559391,820.5579019429734,9257.574157882073,2
2020-10-23,8437.0162559391,826.3461667496365,9263.362422688735,2
2020-10-26,8437.0162559391,881.746774291975,9318.763030231074,2
2020-10-27,8883.038877530335,442.98106649626675,9326.0199440266,1
2020-10-28,8883.038877530335,405.13558406715083,9288.174461597486,1
2020-10-29,8883.038877530335,426.27677415930043,9309.315651689634,1
2020-10-30,8883.038877530335,409.63735908759645,9292.676236617932,1
2020-11-02,9333.128757852513,0,9333.128757852513,0
2020-11-03,9333.128757852513,0,9333.128757852513,0
2020-11-04,8929.39001016912,393.13874768339406,9322.528757852513,1
2020-11-05,8532.3449413039,745.8634385361386,9278.208379840038,2
2020-11-06,8532.3449413039,789.9003771329047,9322.245318436804,2
2020-11-09,8532.3449413039,736.9178622723723,9269.262803576272,2
2020-11-10,8532.3449413039,766.6894222545945,9299.034363558494,2
2020-11-11,8532.3449413039,754.4888775975082,9286.833818901408,2
2020-11-12,8532.3449413039,784.5331030621956,9316.878044366094,2
2020-11-13,8532.3449413039,756.0082952901901,9288.35323659409,2
2020-11-16,8532.3449413039,718.015014136671,9250.35995544057,2
2020-11-17,8532.3449413039,756.527535200183,9288.872476504082,2
2020-11-18,8532.3449413039,815.0720572545762,9347.416998558476,2
2020-11-19,8532.3449413039,816.4412116107861,9348.786152914687,2
2020-11-20,8532.3449413039,849.1703010234926,9381.515242327392,2
2020-11-23,8532.3449413039,871.3380124347302,9403.68295373863,2
2020-11-24,8532.3449413039,807.133973031257,9339.478914335157,2
2020-11-25,8532.3449413039,838.761669744172,9371.106611048071,2
2020-11-27,8592.267015925092,783.9642949852666,9376.231310910358,2
2020-11-30,8660.14984005202,765.3426456108634,9425.492485662882,2
2020-12-01,8660.14984005202,716.9728732512002,9377.122713303219,2
2020-12-02,8660.14984005202,705.7912176692089,9365.94105772123,2
2020-12-03,8660.14984005202,713.8108732949624,9373.960713346982,2
2020-12-04,8660.14984005202,678.4337957233106,9338.58363577533,2
2020-12-07,8660.14984005202,703.3775318418989,9363.527371893919,2
2020-12-08,8660.14984005202,706.9729746306201,9367.12281468264,2
2020-12-09,8660.14984005202,730.9794371536426,9391.129277205662,2
2020-12-10,8660.14984005202,741.5577135007684,9401.707553552787,2
2020-12-11,8660.14984005202,742.5145439983005,9402.66438405032,2
2020-12-14,8660.14984005202,766.1558920700602,9426.30573212208,2
2020-12-15,8660.14984005202,743.7273681400611,9403.87720819208,2
2020-12-16,8660.14984005202,751.9465117302282,9412.096351782247,2
2020-12-17,8660.14984005202,738.009450754877,9398.159290806896,2
2020-12-18,8660.14984005202,781.0363663952003,9441.186206447219,2
2020-12-21,8660.14984005202,781.100145765891,9441.24998581791,2
2020-12-22,8660.14984005202,822.1036405318239,9482.253480583844,2
2020-12-23,8660.14984005202,849.0176256241054,9509.167465676124,2
2020-12-24,8727.004233744929,798.1671908354404,9525.171424580369,2
2020-12-28,8783.393656460677,730.3570276679679,9513.750684128645,2
2020-12-29,8783.393656460677,723.4305560626954,9506.824212523374,2
2020-12-30,8783.393656460677,728.6593329324944,9512.052989393173,2
2020-12-31,8783.393656460677,702.5251242590776,9485.918780719756,2
2021-01-04,8783.393656460677,736.8560643763626,9520.24972083704,2
2021-01-05,8783.393656460677,737.0916903431923,9520.48534680387,2
2021-01-06,8783.393656460677,722.1391646851916,9505.53282114587,2
2021-01-07,8783.393656460677,692.1818798007778,9475.575536261455,2
2021-01-08,8783.393656460677,679.6630344198129,9463.05669088049,2
2021-01-11,8783.393656460677,711.4915160298274,9494.885172490505,2
2021-01-12,8783.393656460677,734.955752281698,9518.349408742375,2
2021-01-13,8783.393656460677,754.154976332125,9537.548632792803,2
2021-01-14,8783.393656460677,772.6833381826914,9556.076994643368,2
2021-01-15,8783.393656460677,806.6662648582742,9590.059921318953,2
2021-01-19,8783.393656460677,847.9714039351585,9631.365060395836,2
2021-01-20,8783.393656460677,797.4427214676323,9580.83637792831,2
2021-01-21,8783.393656460677,820.5958286857175,9603.989485146394,2
2021-01-22,8783.393656460677,859.2025264463626,9642.59618290704,2
2021-01-25,8857.164710116282,807.6434075356021,9664.808117651884,2
2021-01-26,8923.88061545424,753.7615646571676,9677.642180111408,2
2021-01-27,8923.88061545424,722.5575855697307,9646.438201023971,2
2021-01-28,8923.88061545424,740.5577295709296,9664.43834502517,2
2021-01-29,8923.88061545424,772.2003868705287,9696.081002324769,2
2021-02-01,8923.88061545424,766.5619755312018,9690.442590985442,2
2021-02-02,8923.88061545424,778.9588929183817,9702.839508372621,2
2021-02-03,8923.88061545424,813.2905145414622,9737.171129995702,2
2021-02-04,8923.88061545424,806.9736611369635,9730.854276591203,2
2021-02-05,8923.88061545424,815.476090016457,9739.356705470696,2
2021-02-08,8923.88061545424,802.2618281116468,9726.142443565886,2
2021-02-09,8923.88061545424,810.2335174568889,9734.114132911129,2
2021-02-10,8923.88061545424,815.4610617439901,9739.34167719823,2
2021-02-11,8923.88061545424,831.7412678146134,9755.621883268854,2
2021-02-12,8923.88061545424,844.2873506747574,9768.167966128996,2
2021-02-16,8923.88061545424,869.8959193650196,9793.776534819259,2
2021-02-17,8983.989073050709,811.0056300961623,9794.994703146871,2
2021-02-18,9045.521004422808,746.8041289701869,9792.325133392995,2
2021-02-19,9045.521004422808,765.5367777583533,9811.05778218116,2
2021-02-22,9045.521004422808,781.5605498457353,9827.081554268543,2
2021-02-23,9045.521004422808,787.2811258691247,9832.802130291933,2
2021-02-24,9045.521004422808,788.5518292471265,9834.072833669934,2
2021-02-25,9045.521004422808,765.6545440545353,9811.175548477344,2
2021-02-26,9045.521004422808,773.1819432521785,9818.702947674987,2
2021-03-01,9045.521004422808,805.5896666903163,9851.110671113125,2
2021-03-02,9045.521004422808,810.0800246961946,9855.601029119003,2
2021-03-03,9045.521004422808,786.6531397107508,9832.174144133558,2
2021-03-04,9045.521004422808,748.4799060817584,9794.000910504566,2
2021-03-05,9045.521004422808,809.0696139572353,9854.590618380043,2
2021-03-08,9045.521004422808,798.0110087877882,9843.532013210595,2
2021-03-09,9045.521004422808,842.8775755883977,9888.398580011206,2
2021-03-10,9045.521004422808,868.5008324628,9914.021836885608,2
2021-03-11,9547.306911268855,369.25269443573256,9916.559605704588,1
2021-03-12,9168.780159319029,748.3533542391808,9917.13351355821,2
2021-03-15,9168.780159319029,750.3449834162417,9919.12514273527,2
2021-03-16,9168.780159319029,768.8069322958829,9937.587091614912,2
2021-03-17,9168.780159319029,774.1687744108742,9942.948933729904,2
2021-03-18,9168.780159319029,789.0852730491836,9957.865432368213,2
2021-03-19,9168.780159319029,803.6315868732165,9972.411746192245,2
2021-03-22,9168.780159319029,839.6830220340532,10008.463181353081,2
2021-03-23,9168.780159319029,831.466926111889,10000.247085430918,2
2021-03-24,9168.780159319029,824.0158914765365,9992.796050795565,2
2021-03-25,9168.780159319029,846.186032878452,10014.96619219748,2
2021-03-26,9168.780159319029,850.3761962922015,10019.15635561123,2
2021-03-29,9168.780159319029,847.5330131948953,10016.313172513925,2
2021-03-30,9236.124564968126,798.7864768857783,10034.911041853904,2
2021-03-31,9236.124564968126,798.709766068021,10034.834331036147,2
2021-04-01,9303.581183196804,717.3407861786138,10020.921969375418,2
2021-04-05,9303.581183196804,638.8358280552865,9942.41701125209,2
2021-04-06,9303.581183196804,648.8006150449096,9952.381798241713,2
2021-04-07,9303.581183196804,669.0676026809299,9972.648785877735,2
2021-04-08,9303.581183196804,649.2914656358003,9952.872648832605,2
2021-04-09,9303.581183196804,597.5260778741902,9901.107261070994,2
2021-04-12,9303.581183196804,619.8736810890302,9923.454864285834,2
2021-04-13,9303.581183196804,603.2612187735665,9906.84240197037,2
2021-04-14,9303.581183196804,644.70977078908,9948.290953985885,2
2021-04-15,9303.581183196804,552.0240606593408,9855.605243856146,2
2021-04-16,9174.312348039406,642.840898973428,9817.153247012833,2
2021-04-19,9174.312348039406,682.7678000488679,9857.080148088275,2
2021-04-20,9174.312348039406,705.7249990286487,9880.037347068055,2
2021-04-21,9174.312348039406,679.4603976227854,9853.77274566219,2
2021-04-22,9174.312348039406,724.9067068747173,9899.219054914123,2
2021-04-23,9174.312348039406,690.6415868727374,9864.953934912144,2
2021-04-26,9174.312348039406,703.5112656934667,9877.823613732873,2
2021-04-27,9174.312348039406,719.5667044998225,9893.879052539229,2
2021-04-28,9174.312348039406,746.054984778981,9920.367332818387,2
2021-04-29,9174.312348039406,688.1270131379094,9862.439361177316,2
2021-04-30,9174.312348039406,756.8999297988729,9931.212277838278,2
2021-05-03,9174.312348039406,800.0285750123019,9974.340923051708,2
2021-05-04,9263.177392136107,764.9530773375141,10028.13046947362,2
2021-05-05,9263.177392136107,776.8289775393159,10040.006369675422,2
2021-05-06,9263.177392136107,774.1909872751474,10037.368379411255,2
2021-05-07,9263.177392136107,788.3375137252801,10051.514905861388,2
2021-05-10,9263.177392136107,799.9984057195929,10063.1757978557,2
2021-05-11,9263.177392136107,790.0912090495959,10053.268601185704,2
2021-05-12,9263.177392136107,725.4975262546164,9988.674918390723,2
2021-05-13,9263.177392136107,786.3662723247048,10049.543664460813,2
2021-05-14,9349.219855859117,761.3677091889091,10110.587565048027,2
2021-05-17,9349.219855859117,772.6766008717327,10121.89645673085,2
2021-05-18,9349.219855859117,772.5166655531486,10121.736521412266,2
2021-05-19,9349.219855859117,770.8027073423724,10120.02256320149,2
2021-05-20,9349.219855859117,780.2200683381118,10129.43992419723,2
2021-05-21,9349.219855859117,797.5505899620487,10146.770445821167,2
2021-05-24,9413.841935074815,751.163768834969,10165.005703909785,2
2021-05-25,9413.841935074815,757.5315758627262,10171.373510937541,2
2021-05-26,9413.841935074815,788.8680397424419,10202.709974817257,2
2021-05-27,9413.841935074815,805.7178489420533,10219.559784016868,2
2021-05-28,9413.841935074815,810.0766402946858,10223.918575369502,2
2021-06-01,9413.841935074815,819.7039644897201,10233.545899564535,2
2021-06-02,9474.781558325063,758.5986996670613,10233.380257992125,2
2021-06-03,9474.781558325063,765.9374416470578,10240.718999972121,2
2021-06-04,9474.781558325063,775.9328596439484,10250.714417969011,2
2021-06-07,9474.781558325063,802.4784229674633,10277.259981292525,2
2021-06-08,9474.781558325063,794.8323529970259,10269.613911322089,2
2021-06-09,9474.781558325063,792.0393319796647,10266.820890304727,2
2021-06-10,9474.781558325063,823.4985859076091,10298.280144232673,2
2021-06-11,9543.738970827184,753.0966324520457,10296.835603279229,2
2021-06-14,9543.738970827184,748.0122997393476,10291.751270566532,2
2021-06-15,9543.738970827184,750.2226653332386,10293.961636160422,2
2021-06-16,9543.738970827184,754.1452880516516,10297.884258878836,2
2021-06-17,9543.738970827184,771.5750379690253,10315.31400879621,2
2021-06-18,9543.738970827184,749.5177992880161,10293.2567701152,2
2021-06-21,9543.738970827184,800.2355601086574,10343.97453093584,2
2021-06-22,9608.918564731057,743.57516067681,10352.493725407867,2
2021-06-23,9608.918564731057,762.1006591271394,10371.019223858197,2
2021-06-24,9608.918564731057,756.711640084962,10365.63020481602,2
2021-06-25,9608.918564731057,758.4272943193455,10367.345859050401,2
2021-06-28,9608.918564731057,770.0357015399735,10378.95426627103,2
2021-06-29,9608.918564731057,771.6507905652107,10380.569355296268,2
2021-06-30,9608.918564731057,779.7855310013251,10388.704095732382,2
2021-07-01,9608.918564731057,766.6848814937489,10375.603446224806,2
2021-07-02,9608.918564731057,727.1602922147065,10336.078856945764,2
2021-07-06,9608.918564731057,765.1185066651102,10374.037071396167,2
2021-07-07,9608.918564731057,755.4929688102984,10364.411533541355,2
2021-07-08,9608.918564731057,780.2485848162967,10389.167149547353,2
2021-07-09,9608.918564731057,763.0399351797646,10371.958499910821,2
2021-07-12,9680.094106289867,700.2830500317522,10380.37715632162,2
2021-07-13,9680.094106289867,714.0610642483566,10394.155170538224,2
2021-07-14,9680.094106289867,734.9852293331061,10415.079335622973,2
2021-07-15,9680.094106289867,752.9002977108441,10432.994404000712,2
2021-07-16,9680.094106289867,774.7148610024078,10454.808967292276,2
2021-07-19,9729.936854020929,718.2843016302254,10448.221155651154,2
2021-07-20,9729.936854020929,726.6827344106161,10456.619588431546,2
2021-07-21,9729.936854020929,737.5094280313302,10467.446282052259,2
2021-07-22,9729.936854020929,740.3371685122502,10470.27402253318,2
2021-07-23,9729.936854020929,703.0692111625378,10433.006065183466,2
2021-07-26,9729.936854020929,704.3647206233437,10434.301574644272,2
2021-07-27,9729.936854020929,703.5869806071865,10433.523834628115,2
2021-07-28,9729.936854020929,737.6086881892462,10467.545542210175,2
2021-07-29,9729.936854020929,735.9560971703563,10465.892951191285,2
2021-07-30,9729.936854020929,766.0965342114966,10496.033388232425,2
2021-08-02,9729.936854020929,782.2996443176094,10512.236498338538,2
2021-08-03,9729.936854020929,780.666859811776,10510.603713832705,2
2021-08-04,9792.137971628068,745.3083040839167,10537.446275711985,2
2021-08-05,9792.137971628068,729.5362024018885,10521.674174029957,2
2021-08-06,9792.137971628068,753.7523140811098,10545.890285709178,2
2021-08-09,9792.137971628068,777.1504479162644,10569.288419544333,2
2021-08-10,9792.137971628068,779.0091110678669,10571.147082695936,2
2021-08-11,9792.137971628068,795.011696030554,10587.149667658621,2
2021-08-12,9792.137971628068,785.8594031036839,10577.997374731753,2
2021-08-13,9792.137971628068,786.7208763988057,10578.858848026874,2
2021-08-16,9792.137971628068,787.6196717551886,10579.757643383256,2
2021-08-17,9864.946621798897,744.0541918771196,10609.000813676017,2
2021-08-18,9864.946621798897,723.4221080050208,10588.368729803919,2
2021-08-19,9864.946621798897,724.6876750963274,10589.634296895225,2
2021-08-20,9864.946621798897,760.8744317683754,10625.821053567273,2
2021-08-23,9864.946621798897,780.4416779448534,10645.38829974375,2
2021-08-24,9864.946621798897,780.8662353901503,10645.812857189048,2
2021-08-25,9864.946621798897,789.1210540583231,10654.06767585722,2
2021-08-26,9864.946621798897,786.6225166534089,10651.569138452307,2
2021-08-27,9864.946621798897,803.8584636635541,10668.80508546245,2
2021-08-30,9930.049084621445,739.3246692470364,10669.373753868482,2
2021-08-31,9930.049084621445,747.5728400076257,10677.621924629071,2
2021-09-01,9930.049084621445,763.8121526690068,10693.861237290452,2
2021-09-02,9930.049084621445,749.476823933923,10679.525908555368,2
2021-09-03,9930.049084621445,760.8358139437755,10690.88489856522,2
2021-09-07,9930.049084621445,778.6335321000574,10708.682616721502,2
2021-09-08,9930.049084621445,799.0375341793502,10729.086618800795,2
2021-09-09,9990.671234650572,733.9633403662074,10724.634575016778,2
2021-09-10,9990.671234650572,722.8357756224719,10713.507010273044,2
2021-09-13,9990.671234650572,759.3293594723,10750.000594122872,2
2021-09-14,9990.671234650572,763.9443222631446,10754.615556913717,2
2021-09-15,9990.671234650572,787.7804794299573,10778.45171408053,2
2021-09-16,9990.671234650572,786.4144500712671,10777.085684721838,2
2021-09-17,9990.671234650572,759.3928061372573,10750.064040787829,2
2021-09-20,9990.671234650572,692.6225059470426,10683.293740597615,2
2021-09-21,9990.671234650572,688.3302734292348,10679.001508079808,2
2021-09-22,9990.671234650572,744.6123461542556,10735.283580804828,2
2021-09-23,9990.671234650572,816.9507651777375,10807.621999828309,2
2021-09-24,9990.671234650572,837.2752216484283,10827.946456299,2
2021-09-27,9990.671234650572,835.2859550142315,10825.957189664803,2
2021-09-28,9990.671234650572,672.7132066271167,10663.384441277689,2
2021-09-29,9990.671234650572,685.9847038615361,10676.655938512107,2
2021-09-30,10195.002617670427,339.7086681252607,10534.711285795687,1
2021-10-01,10195.002617670427,379.30314756834287,10574.305765238769,1
2021-10-04,10195.002617670427,328.7321493158007,10523.734766986228,1
2021-10-05,10195.002617670427,374.79891754581377,10569.80153521624,1
2021-10-06,10195.002617670427,393.6173525891001,10588.619970259528,1
2021-10-07,10195.002617670427,430.88603437071407,10625.888652041142,1
2021-10-08,10195.002617670427,434.45351139106685,10629.456129061493,1
2021-10-11,10195.002617670427,431.26422388479375,10626.26684155522,1
2021-10-12,10630.44260411369,0,10630.44260411369,0
2021-10-13,10630.44260411369,0,10630.44260411369,0
2021-10-14,10264.647370073051,355.19523404063943,10619.84260411369,1
2021-10-15,9898.451405440186,701.7113226850292,10600.162728125215,2
2021-10-18,9898.451405440186,703.6065719105422,10602.057977350729,2
2021-10-19,9898.451405440186,680.9388006692615,10579.390206109447,2
2021-10-20,9898.451405440186,667.7620512558591,10566.213456696045,2
2021-10-21,9898.451405440186,665.4986676615301,10563.950073101716,2
2021-10-22,9898.451405440186,670.8304045930454,10569.281810033232,2
2021-10-25,9898.451405440186,662.2589887457998,10560.710394185986,2
2021-10-26,9898.451405440186,635.7631321921624,10534.214537632348,2
2021-10-27,9898.451405440186,664.2556795953774,10562.707085035563,2
2021-10-28,9898.451405440186,597.4883558133356,10495.939761253521,2
2021-10-29,9898.451405440186,593.8336436525979,10492.285049092785,2
2021-11-01,9898.451405440186,602.3633768830084,10500.814782323194,2
2021-11-02,9898.451405440186,579.0649208773074,10477.516326317493,2
2021-11-03,9898.451405440186,524.4853374394245,10422.93674287961,2
2021-11-04,9748.295431773482,611.5144662369806,10359.809898010462,2
2021-11-05,9748.295431773482,566.9749968716001,10315.270428645083,2
2021-11-08,9748.295431773482,567.4196206359532,10315.715052409436,2
2021-11-09,9748.295431773482,598.5380277418385,10346.833459515321,2
2021-11-10,9748.295431773482,664.8180025447296,10413.113434318211,2
2021-11-11,9748.295431773482,691.7213168871058,10440.016748660588,2
2021-11-12,9748.295431773482,657.6151065881481,10405.91053836163,2
2021-11-15,9748.295431773482,692.1143070523476,10440.40973882583,2
2021-11-16,9748.295431773482,654.0642327507594,10402.359664524241,2
2021-11-17,9748.295431773482,703.4547927673814,10451.750224540863,2
2021-11-18,9748.295431773482,659.5571979575552,10407.852629731038,2
2021-11-19,9797.626966487893,734.2908710101827,10531.917837498075,2
2021-11-22,9797.626966487893,744.7634146472786,10542.390381135172,2
2021-11-23,9797.626966487893,743.3569127720173,10540.98387925991,2
2021-11-24,9797.626966487893,760.6713985155661,10558.298365003458,2
2021-11-26,9797.626966487893,691.2721769647507,10488.899143452643,2
2021-11-29,9797.626966487893,761.3712447708148,10558.998211258708,2
2021-11-30,9797.626966487893,719.1928836502364,10516.819850138128,2
2021-12-01,9797.626966487893,673.3795553276832,10471.006521815576,2
2021-12-02,9797.626966487893,729.1962909519902,10526.823257439883,2
2021-12-03,9797.626966487893,695.3944372934158,10493.02140378131,2
2021-12-06,9797.626966487893,777.2280873139589,10574.855053801852,2
2021-12-07,9914.653010369295,747.8926023202457,10662.54561268954,2
2021-12-08,9914.653010369295,779.6165987453014,10694.269609114595,2
2021-12-09,9914.653010369295,778.8404710672876,10693.493481436582,2
2021-12-10,9914.653010369295,810.82109882799,10725.474109197285,2
2021-12-13,9914.653010369295,823.570029864683,10738.223040233977,2
2021-12-14,9914.653010369295,810.3319498071902,10724.984960176485,2
2021-12-15,9987.897763056146,757.6752233730581,10745.572986429204,2
2021-12-16,9987.897763056146,769.6504487596414,10757.548211815787,2
2021-12-17,9987.897763056146,776.1587308920442,10764.05649394819,2
2021-12-20,9987.897763056146,764.1599998848636,10752.057762941009,2
2021-12-21,9987.897763056146,796.0510989544051,10783.948862010551,2
2021-12-22,9987.897763056146,824.1056682871617,10812.003431343308,2
2021-12-23,10057.77225686141,745.8218458621761,10803.594102723586,2
2021-12-27,10057.77225686141,710.0901012756985,10767.862358137108,2
2021-12-28,10057.77225686141,728.9469281897972,10786.719185051206,2
2021-12-29,10057.77225686141,744.1130832412356,10801.885340102646,2
2021-12-30,10057.77225686141,762.2543647409796,10820.02662160239,2
2021-12-31,10057.77225686141,788.2696005809319,10846.041857442342,2
2022-01-03,10057.77225686141,799.5428021744996,10857.31505903591,2
2022-01-04,10057.77225686141,806.9778687084419,10864.750125569852,2
2022-01-05,10115.306755076357,751.650288910728,10866.957043987086,2
2022-01-06,10115.306755076357,762.9800610895074,10878.286816165864,2
2022-01-07,10115.306755076357,790.0230088321074,10905.329763908465,2
2022-01-10,10115.306755076357,797.7723886864342,10913.079143762792,2
2022-01-11,10115.306755076357,811.6738746847832,10926.98062976114,2
2022-01-12,10176.764060580368,754.2560128838616,10931.02007346423,2
2022-01-13,10176.764060580368,753.068755631876,10929.832816212243,2
2022-01-14,10176.764060580368,772.9984489038618,10949.76250948423,2
2022-01-18,10176.764060580368,741.6750912127874,10918.439151793156,2
2022-01-19,10176.764060580368,708.6881718705762,10885.452232450943,2
2022-01-20,10176.764060580368,657.3092765511085,10834.073337131476,2
2022-01-21,10176.764060580368,549.400814094269,10726.164874674638,2
2022-01-24,10176.764060580368,557.9200671338936,10734.684127714261,2
2022-01-25,10630.596602643474,0,10630.596602643474,0
2022-01-26,10630.596602643474,0,10630.596602643474,0
2022-01-27,10630.596602643474,0,10630.596602643474,0
2022-01-28,10630.596602643474,0,10630.596602643474,0
2022-01-31,10630.596602643474,0,10630.596602643474,0
2022-02-01,10630.596602643474,0,10630.596602643474,0
2022-02-02,10630.596602643474,0,10630.596602643474,0
2022-02-03,10630.596602643474,0,10630.596602643474,0
2022-02-04,10630.596602643474,0,10630.596602643474,0
2022-02-07,10630.596602643474,0,10630.596602643474,0
2022-02-08,10630.596602643474,0,10630.596602643474,0
2022-02-09,10630.596602643474,0,10630.596602643474,0
2022-02-10,10630.596602643474,0,10630.596602643474,0
2022-02-11,10630.596602643474,0,10630.596602643474,0
2022-02-14,10630.596602643474,0,10630.596602643474,0
2022-02-15,10630.596602643474,0,10630.596602643474,0
2022-02-16,10630.596602643474,0,10630.596602643474,0
2022-02-17,10630.596602643474,0,10630.596602643474,0
2022-02-18,10630.596602643474,0,10630.596602643474,0
2022-02-22,10630.596602643474,0,10630.596602643474,0
2022-02-23,10630.596602643474,0,10630.596602643474,0
2022-02-24,10630.596602643474,0,10630.596602643474,0
2022-02-25,10630.596602643474,0,10630.596602643474,0
2022-02-28,10630.596602643474,0,10630.596602643474,0
2022-03-01,10630.596602643474,0,10630.596602643474,0
2022-03-02,10630.596602643474,0,10630.596602643474,0
2022-03-03,10630.596602643474,0,10630.596602643474,0
2022-03-04,10630.596602643474,0,10630.596602643474,0
2022-03-07,10630.596602643474,0,10630.596602643474,0
2022-03-08,10630.596602643474,0,10630.596602643474,0
2022-03-09,10630.596602643474,0,10630.596602643474,0
2022-03-10,10630.596602643474,0,10630.596602643474,0
2022-03-11,10630.596602643474,0,10630.596602643474,0
2022-03-14,10630.596602643474,0,10630.596602643474,0
2022-03-15,10630.596602643474,0,10630.596602643474,0
2022-03-16,10630.596602643474,0,10630.596602643474,0
2022-03-17,10630.596602643474,0,10630.596602643474,0
2022-03-18,10249.818418737355,370.178183906118,10619.996602643474,1
2022-03-21,9867.336495369726,753.9199308122181,10621.256426181944,2
2022-03-22,9867.336495369726,714.9848388322241,10582.32133420195,2
2022-03-23,9867.336495369726,768.7641942081837,10636.10068957791,2
2022-03-24,9867.336495369726,742.0206621716786,10609.357157541404,2
2022-03-25,9867.336495369726,737.9051851876532,10605.24168055738,2
2022-03-28,9867.336495369726,743.1988127491429,10610.535308118868,2
2022-03-29,9867.336495369726,677.6435699989868,10544.980065368713,2
2022-03-30,9867.336495369726,726.8148735755929,10594.151368945319,2
2022-03-31,9867.336495369726,807.4814764843879,10674.817971854114,2
2022-04-01,9867.336495369726,818.312671156113,10685.649166525838,2
2022-04-04,9867.336495369726,825.6156614654819,10692.952156835207,2
2022-04-05,9867.336495369726,850.3437888138059,10717.68028418353,2
2022-04-06,9927.390559636395,794.3273490426524,10721.717908679047,2
2022-04-07,9927.390559636395,795.9489454688483,10723.339505105243,2
2022-04-08,9927.390559636395,817.5103049279894,10744.900864564384,2
2022-04-11,9927.390559636395,818.0770371095755,10745.46759674597,2
2022-04-12,9927.390559636395,820.7846103340901,10748.175169970486,2
2022-04-13,9998.791477090852,767.6406018238752,10766.432078914728,2
2022-04-14,9998.791477090852,784.2464600793096,10783.037937170162,2
2022-04-18,9998.791477090852,801.4720649376192,10800.263542028471,2
2022-04-19,9998.791477090852,798.7801168712757,10797.571593962128,2
2022-04-20,9998.791477090852,821.7647507974739,10820.556227888326,2
2022-04-21,9998.791477090852,807.2607052877653,10806.052182378617,2
2022-04-22,9998.791477090852,729.7714225109171,10728.56289960177,2
2022-04-25,9998.791477090852,745.5398987327686,10744.33137582362,2
2022-04-26,9998.791477090852,623.4035101534089,10622.19498724426,2
2022-04-27,9998.791477090852,616.9533148771868,10615.744791968038,2
2022-04-28,9998.791477090852,735.711527547033,10734.503004637885,2
2022-04-29,10223.757125177417,293.4710010081849,10517.228126185602,1
2022-05-02,10223.757125177417,297.0740067412718,10520.831131918689,1
2022-05-03,10223.757125177417,300.62089650883973,10524.378021686256,1
2022-05-04,10223.757125177417,383.36617485481634,10607.123300032234,1
2022-05-05,10223.757125177417,272.02405447045567,10495.781179647873,1
2022-05-06,10457.745259763926,0,10457.745259763926,0
2022-05-09,10457.745259763926,0,10457.745259763926,0
2022-05-10,10457.745259763926,0,10457.745259763926,0
2022-05-11,10457.745259763926,0,10457.745259763926,0
2022-05-12,10457.745259763926,0,10457.745259763926,0
2022-05-13,10457.745259763926,0,10457.745259763926,0
2022-05-16,10457.745259763926,0,10457.745259763926,0
2022-05-17,10457.745259763926,0,10457.745259763926,0
2022-05-18,10457.745259763926,0,10457.745259763926,0
2022-05-19,10457.745259763926,0,10457.745259763926,0
2022-05-20,10457.745259763926,0,10457.745259763926,0
2022-05-23,10457.745259763926,0,10457.745259763926,0
2022-05-24,10457.745259763926,0,10457.745259763926,0
2022-05-25,10457.745259763926,0,10457.745259763926,0
2022-05-26,10457.745259763926,0,10457.745259763926,0
2022-05-27,10457.745259763926,0,10457.745259763926,0
2022-05-31,10457.745259763926,0,10457.745259763926,0
2022-06-01,10457.745259763926,0,10457.745259763926,0
2022-06-02,10457.745259763926,0,10457.745259763926,0
2022-06-03,10457.745259763926,0,10457.745259763926,0
2022-06-06,10457.745259763926,0,10457.745259763926,0
2022-06-07,10457.745259763926,0,10457.745259763926,0
2022-06-08,10457.745259763926,0,10457.745259763926,0
2022-06-09,10457.745259763926,0,10457.745259763926,0
2022-06-10,10457.745259763926,0,10457.745259763926,0
2022-06-13,10457.745259763926,0,10457.745259763926,0
2022-06-14,10457.745259763926,0,10457.745259763926,0
2022-06-15,10457.745259763926,0,10457.745259763926,0
2022-06-16,10457.745259763926,0,10457.745259763926,0
2022-06-17,10457.745259763926,0,10457.745259763926,0
2022-06-21,10457.745259763926,0,10457.745259763926,0
2022-06-22,10457.745259763926,0,10457.745259763926,0
2022-06-23,10457.745259763926,0,10457.745259763926,0
2022-06-24,10457.745259763926,0,10457.745259763926,0
2022-06-27,10457.745259763926,0,10457.745259763926,0
2022-06-28,10457.745259763926,0,10457.745259763926,0
2022-06-29,10457.745259763926,0,10457.745259763926,0
2022-06-30,10457.745259763926,0,10457.745259763926,0
2022-07-01,10457.745259763926,0,10457.745259763926,0
2022-07-05,10457.745259763926,0,10457.745259763926,0
2022-07-06,10457.745259763926,0,10457.745259763926,0
2022-07-07,10457.745259763926,0,10457.745259763926,0
2022-07-08,10457.745259763926,0,10457.745259763926,0
2022-07-11,10457.745259763926,0,10457.745259763926,0
2022-07-12,10457.745259763926,0,10457.745259763926,0
2022-07-13,10457.745259763926,0,10457.745259763926,0
2022-07-14,10457.745259763926,0,10457.745259763926,0
2022-07-15,10457.745259763926,0,10457.745259763926,0
2022-07-18,10457.745259763926,0,10457.745259763926,0
2022-07-19,10069.014367032587,378.13089273133755,10447.145259763925,1
2022-07-20,9687.767709540929,742.7767670195972,10430.544476560526,2
2022-07-21,9687.767709540929,710.9603277331779,10398.728037274106,2
2022-07-22,9687.767709540929,765.6168379438591,10453.384547484788,2
2022-07-25,9687.767709540929,773.1210143265539,10460.888723867483,2
2022-07-26,9687.767709540929,798.9752617364823,10486.742971277412,2
2022-07-27,9687.767709540929,716.6073782945546,10404.375087835484,2
2022-07-28,9687.767709540929,663.0608243749216,10350.82853391585,2
2022-07-29,9687.767709540929,584.5274796466107,10272.29518918754,2
2022-08-01,9687.767709540929,606.4227369063005,10294.19044644723,2
2022-08-02,9687.767709540929,647.9350330639952,10335.702742604924,2
2022-08-03,9687.767709540929,569.247471105609,10257.015180646538,2
2022-08-04,9687.767709540929,593.9062067516851,10281.673916292613,2
2022-08-05,9687.767709540929,623.7616816748819,10311.52939121581,2
2022-08-08,9687.767709540929,668.8571811413418,10356.624890682271,2
2022-08-09,9687.767709540929,713.3628564910626,10401.130566031992,2
2022-08-10,9578.19690360306,639.4617198521768,10217.658623455238,2
2022-08-11,9578.19690360306,645.6494327048147,10223.846336307875,2
2022-08-12,9396.985006246474,689.1716921529571,10086.15669839943,2
2022-08-15,9396.985006246474,677.9201298194998,10074.905136065974,2
2022-08-16,9396.985006246474,679.397094673741,10076.382100920215,2
2022-08-17,9396.985006246474,723.1746767721326,10120.159683018606,2
2022-08-18,9396.985006246474,726.0200506515165,10123.00505689799,2
2022-08-19,9396.985006246474,766.3319775811954,10163.31698382767,2
2022-08-22,9396.985006246474,760.123088777566,10157.10809502404,2
2022-08-23,9396.985006246474,756.9167744063889,10153.901780652863,2
2022-08-24,9396.985006246474,770.9067935011262,10167.8917997476,2
2022-08-25,9396.985006246474,797.3918769246559,10194.37688317113,2
2022-08-26,9396.985006246474,690.8702724960415,10087.855278742516,2
2022-08-29,9396.985006246474,643.5645783502953,10040.549584596769,2
2022-08-30,9396.985006246474,554.1771227623009,9951.162129008775,2
2022-08-31,9591.862927555478,273.4613343737907,9865.324261929269,1
2022-09-01,9591.862927555478,282.1441558594024,9874.00708341488,1
2022-09-02,9811.888043886918,0,9811.888043886918,0
2022-09-06,9811.888043886918,0,9811.888043886918,0
2022-09-07,9811.888043886918,0,9811.888043886918,0
2022-09-08,9811.888043886918,0,9811.888043886918,0
2022-09-09,9427.94360461702,373.34443926989815,9801.288043886918,1
2022-09-12,9040.99544104033,723.4926008044646,9764.488041844794,2
2022-09-13,9040.99544104033,774.9374324871624,9815.932873527492,2
2022-09-14,9040.99544104033,780.3973323398574,9821.392773380187,2
2022-09-15,9040.99544104033,749.9528120945159,9790.948253134846,2
2022-09-16,9040.99544104033,720.1942018604274,9761.189642900757,2
2022-09-19,9040.99544104033,739.6172511286461,9780.612692168976,2
2022-09-20,9040.99544104033,691.5123136046755,9732.507754645005,2
2022-09-21,9040.99544104033,590.6926751797134,9631.688116220043,2
2022-09-22,9284.461720460302,267.1386173596783,9551.60033781998,1
2022-09-23,9482.439965230864,0,9482.439965230864,0
2022-09-26,9482.439965230864,0,9482.439965230864,0
2022-09-27,9482.439965230864,0,9482.439965230864,0
2022-09-28,9482.439965230864,0,9482.439965230864,0
2022-09-29,9482.439965230864,0,9482.439965230864,0
2022-09-30,9482.439965230864,0,9482.439965230864,0
2022-10-03,9482.439965230864,0,9482.439965230864,0
2022-10-04,9482.439965230864,0,9482.439965230864,0
2022-10-05,9482.439965230864,0,9482.439965230864,0
2022-10-06,9482.439965230864,0,9482.439965230864,0
2022-10-07,9482.439965230864,0,9482.439965230864,0
2022-10-10,9482.439965230864,0,9482.439965230864,0
2022-10-11,9482.439965230864,0,9482.439965230864,0
2022-10-12,9482.439965230864,0,9482.439965230864,0
2022-10-13,9482.439965230864,0,9482.439965230864,0
2022-10-14,9482.439965230864,0,9482.439965230864,0
2022-10-17,9482.439965230864,0,9482.439965230864,0
2022-10-18,9482.439965230864,0,9482.439965230864,0
2022-10-19,9482.439965230864,0,9482.439965230864,0
2022-10-20,9482.439965230864,0,9482.439965230864,0
2022-10-21,9482.439965230864,0,9482.439965230864,0
2022-10-24,9482.439965230864,0,9482.439965230864,0
2022-10-25,9482.439965230864,0,9482.439965230864,0
2022-10-26,9482.439965230864,0,9482.439965230864,0
2022-10-27,9482.439965230864,0,9482.439965230864,0
2022-10-28,9095.303465828145,376.53649940271805,9471.839965230864,1
2022-10-31,8707.504227677238,773.8292023770346,9481.333430054274,2
2022-11-01,8707.504227677238,792.2076957071645,9499.711923384402,2
2022-11-02,8707.504227677238,804.3396848275344,9511.843912504773,2
2022-11-03,8707.504227677238,776.8545758387543,9484.358803515992,2
2022-11-04,8707.504227677238,810.9272497543031,9518.43147743154,2
2022-11-07,8707.504227677238,829.0415588192009,9536.54578649644,2
2022-11-08,8707.504227677238,828.5857764103422,9536.09000408758,2
2022-11-09,8707.504227677238,794.8218350454424,9502.326062722681,2
2022-11-10,8707.504227677238,781.7205670646338,9489.224794741873,2
2022-11-11,8707.504227677238,757.5117960492261,9465.016023726464,2
2022-11-14,8707.504227677238,815.1339545362031,9522.63818221344,2
2022-11-15,8707.504227677238,766.4191138697965,9473.923341547035,2
2022-11-16,8707.504227677238,828.3774402980881,9535.881667975327,2
2022-11-17,8707.504227677238,853.4974483859986,9561.001676063237,2
2022-11-18,8767.97360589712,785.5916957190409,9553.56530161616,2
2022-11-21,8829.626185960364,763.6333770636251,9593.259563023988,2
2022-11-22,8829.626185960364,726.2480865485411,9555.874272508905,2
2022-11-23,8829.626185960364,718.3396312878692,9547.965817248232,2
2022-11-25,8829.626185960364,731.5387491408053,9561.16493510117,2
2022-11-28,8829.626185960364,793.6842411053082,9623.310427065671,2
2022-11-29,8829.626185960364,809.3272692055519,9638.953455165916,2
2022-11-30,8829.626185960364,683.6807754775102,9513.306961437875,2
2022-12-01,8829.626185960364,715.4003261668415,9545.026512127206,2
2022-12-02,8829.626185960364,751.2716404514414,9580.897826411805,2
2022-12-05,8829.626185960364,841.7903983218096,9671.416584282173,2
2022-12-06,8829.626185960364,853.580515494539,9683.206701454903,2
2022-12-07,8829.626185960364,854.111260816323,9683.737446776686,2
2022-12-08,8885.549443565018,793.6469006377042,9679.196344202723,2
2022-12-09,8885.549443565018,810.4210890541412,9695.97053261916,2
2022-12-12,8885.549443565018,758.0658411365736,9643.615284701591,2
2022-12-13,8885.549443565018,773.8311560389087,9659.380599603926,2
2022-12-14,8955.792239789527,749.7123376233724,9705.5045774129,2
2022-12-15,8955.792239789527,789.1257755089036,9744.91801529843,2
2022-12-16,8955.792239789527,775.5248602141742,9731.317100003702,2
2022-12-19,8955.792239789527,742.3824049251259,9698.174644714652,2
2022-12-20,8955.792239789527,745.0916734687603,9700.883913258287,2
2022-12-21,8955.792239789527,805.3396432669655,9761.131883056492,2
2022-12-22,8955.792239789527,744.5875948511109,9700.379834640638,2
2022-12-23,8955.792239789527,771.2772355827278,9727.069475372255,2
2022-12-27,8955.792239789527,751.0197662375164,9706.812006027043,2
2022-12-28,8955.792239789527,677.5839540632517,9633.376193852779,2
2022-12-29,8955.792239789527,778.8830872023116,9734.675326991839,2
2022-12-30,8955.792239789527,766.4551270470022,9722.24736683653,2
2023-01-03,8955.792239789527,745.8854136634482,9701.677653452974,2
2023-01-04,8955.792239789527,796.9317677759374,9752.724007565464,2
2023-01-05,8955.792239789527,720.9822322481546,9676.774472037681,2
2023-01-06,9413.71749331166,407.9268741787366,9821.644367490397,1
2023-01-09,9413.71749331166,411.0534079160805,9824.770901227741,1
2023-01-10,9038.136228464416,802.3774377877767,9840.513666252193,2
2023-01-11,9121.729047931081,695.9893148603903,9817.718362791471,2
2023-01-12,9121.729047931081,730.2395988803603,9851.968646811441,2
2023-01-13,9121.729047931081,725.4937334338467,9847.222781364928,2
2023-01-17,9121.729047931081,743.3602569704854,9865.089304901567,2
2023-01-18,9121.729047931081,792.2166702864329,9913.945718217514,2
2023-01-19,9121.729047931081,804.7412795791033,9926.470327510186,2
2023-01-20,9121.729047931081,778.5567252480037,9900.285773179085,2
2023-01-23,9121.729047931081,744.2482380487863,9865.977285979869,2
2023-01-24,9121.729047931081,771.7914473952071,9893.52049532629,2
2023-01-25,9121.729047931081,785.7613479027364,9907.490395833818,2
2023-01-26,9121.729047931081,729.3718898769814,9851.100937808063,2
2023-01-27,9121.729047931081,725.6227309585818,9847.351778889662,2
2023-01-30,9121.729047931081,824.1996335382833,9945.928681469364,2
2023-01-31,9121.729047931081,746.4060119535169,9868.135059884598,2
2023-02-01,9121.729047931081,688.239175712002,9809.968223643084,2
2023-02-02,8961.620347329794,665.7725352740795,9627.392882603874,2
2023-02-03,8961.620347329794,758.3894615905688,9720.009808920362,2
2023-02-06,8961.620347329794,807.7709596099339,9769.391306939728,2
2023-02-07,8961.620347329794,751.0879985690115,9712.708345898805,2
2023-02-08,8961.620347329794,822.7635663466253,9784.383913676418,2
2023-02-09,9046.493837502043,754.0221967764386,9800.516034278482,2
2023-02-10,9046.493837502043,757.2210809904052,9803.714918492447,2
2023-02-13,9046.493837502043,748.6307603457254,9795.12459784777,2
2023-02-14,9046.493837502043,780.4605363155406,9826.954373817583,2
2023-02-15,9046.493837502043,791.7888243307003,9838.282661832744,2
2023-02-16,9046.493837502043,787.9602441979932,9834.454081700036,2
2023-02-17,9046.493837502043,793.4332565314696,9839.927094033512,2
2023-02-21,9046.493837502043,733.0804050675338,9779.574242569577,2
2023-02-22,9046.493837502043,726.3086989096942,9772.802536411737,2
2023-02-23,9046.493837502043,755.7357407747099,9802.229578276752,2
2023-02-24,9046.493837502043,692.9938547075724,9739.487692209615,2
2023-02-27,9046.493837502043,710.7516696644254,9757.245507166468,2
2023-02-28,9046.493837502043,685.3277794167886,9731.82161691883,2
2023-03-01,9046.493837502043,638.757666869559,9685.251504371601,2
2023-03-02,9046.493837502043,709.400715132379,9755.894552634421,2
2023-03-03,9118.179918289812,762.0383258910392,9880.21824418085,2
2023-03-06,9118.179918289812,798.4390219575218,9916.618940247334,2
2023-03-07,9118.179918289812,689.765629468556,9807.945547758369,2
2023-03-08,9118.179918289812,725.882735851684,9844.062654141497,2
2023-03-09,9115.579918289812,371.7660205724509,9487.345938862263,1
2023-03-10,9115.579918289812,351.47795366225705,9467.057871952069,1
2023-03-13,9115.579918289812,348.2974345427504,9463.877352832562,1
2023-03-14,9115.579918289812,372.25047802371444,9487.830396313526,1
2023-03-15,9115.579918289812,362.10636110079116,9477.686279390602,1
2023-03-16,9115.579918289812,383.27344963640326,9498.853367926215,1
2023-03-17,9115.579918289812,370.36492448404687,9485.944842773859,1
2023-03-20,9115.579918289812,384.17527231455733,9499.75519060437,1
2023-03-21,9115.579918289812,403.9735274451003,9519.553445734911,1
2023-03-22,9115.579918289812,385.28119082445863,9500.86110911427,1
2023-03-23,9115.579918289812,390.80198664429355,9506.381904934105,1
2023-03-24,9115.579918289812,403.3861241812094,9518.966042471022,1
2023-03-27,9115.579918289812,416.10055934680634,9531.680477636619,1
2023-03-28,9115.579918289812,417.436931017349,9533.016849307161,1
2023-03-29,9186.887384673531,362.4501453557844,9549.337530029316,1
2023-03-30,8815.69907013767,713.5786526236852,9529.277722761355,2
2023-03-31,8815.69907013767,643.7028723547264,9459.401942492397,2
2023-04-03,8815.69907013767,643.3650350011569,9459.064105138828,2
2023-04-04,8815.69907013767,680.119218159922,9495.818288297593,2
2023-04-05,8815.69907013767,701.7633892783188,9517.46245941599,2
2023-04-06,8815.69907013767,703.4079877983828,9519.107057936053,2
2023-04-10,8815.69907013767,719.9746810670234,9535.673751204695,2
2023-04-11,8815.69907013767,727.2940006057112,9542.993070743381,2
2023-04-12,8815.69907013767,762.9072869917685,9578.60635712944,2
2023-04-13,8815.69907013767,713.5503657948916,9529.249435932563,2
2023-04-14,8815.69907013767,759.7350541383005,9575.434124275971,2
2023-04-17,8815.69907013767,773.1370424047778,9588.836112542449,2
2023-04-18,8815.69907013767,782.2505736289429,9597.949643766613,2
2023-04-19,8815.69907013767,806.1050779895893,9621.80414812726,2
2023-04-20,8815.69907013767,850.4642089135241,9666.163279051194,2
2023-04-21,8883.254064305598,787.3025491933627,9670.55661349896,2
2023-04-24,8962.156106059443,722.0724554855692,9684.228561545013,2
2023-04-25,8962.156106059443,734.6054681548671,9696.76157421431,2
2023-04-26,8962.156106059443,739.1571059421982,9701.313212001642,2
2023-04-27,8962.156106059443,739.5720802680114,9701.728186327455,2
2023-04-28,8962.156106059443,739.6198031911233,9701.775909250566,2
2023-05-01,8962.156106059443,757.3287194329157,9719.484825492358,2
2023-05-02,8962.156106059443,769.165894463188,9731.32200052263,2
2023-05-03,8962.156106059443,774.9706662314492,9737.126772290892,2
2023-05-04,8962.156106059443,754.780437677372,9716.936543736814,2
2023-05-05,8962.156106059443,793.6443711650915,9755.800477224535,2
2023-05-08,8962.156106059443,822.2316824889662,9784.387788548409,2
2023-05-09,8962.156106059443,822.1820848223895,9784.338190881832,2
2023-05-10,8962.156106059443,841.0062430713901,9803.162349130833,2
2023-05-11,8962.156106059443,851.4076395225827,9813.563745582025,2
2023-05-12,9022.372617099267,784.6788736405642,9807.051490739832,2
2023-05-15,9086.973755623612,720.7678752475215,9807.741630871134,2
2023-05-16,9086.973755623612,732.1198565629317,9819.093612186543,2
2023-05-17,9086.973755623612,713.3597018143653,9800.333457437977,2
2023-05-18,9086.973755623612,683.8215818386523,9770.795337462265,2
2023-05-19,9086.973755623612,681.2983455394183,9768.272101163031,2
2023-05-22,9086.973755623612,694.7434750222634,9781.717230645876,2
2023-05-23,9086.973755623612,735.1419062706282,9822.11566189424,2
2023-05-24,9086.973755623612,740.2027744105955,9827.176530034209,2
2023-05-25,9086.973755623612,732.5774156779869,9819.551171301599,2
2023-05-26,9086.973755623612,692.6527288259841,9779.626484449596,2
2023-05-30,9086.973755623612,749.5555077673998,9836.529263391012,2
2023-05-31,9086.973755623612,788.4966687856186,9875.470424409232,2
2023-06-01,9086.973755623612,793.9897660339668,9880.963521657579,2
2023-06-02,9086.973755623612,684.8751272592508,9771.848882882863,2
2023-06-05,9086.973755623612,747.3805498741635,9834.354305497776,2
2023-06-06,9086.973755623612,749.106544868276,9836.080300491889,2
2023-06-07,9086.973755623612,815.9665665379696,9902.940322161581,2
2023-06-08,9086.973755623612,752.8830697567657,9839.856825380379,2
2023-06-09,9086.973755623612,748.1026805544108,9835.076436178024,2
2023-06-12,9086.973755623612,608.9604329448473,9695.934188568459,2
2023-06-13,8943.19327240289,594.5372215628663,9537.730493965757,2
2023-06-14,8943.19327240289,601.5252761928782,9544.718548595769,2
2023-06-15,8689.028134709355,680.6290294521368,9369.657164161492,2
2023-06-16,8689.028134709355,735.4980820411263,9424.52621675048,2
2023-06-20,8689.028134709355,768.8475298798024,9457.875664589157,2
2023-06-21,8689.028134709355,797.9767778364269,9487.004912545783,2
2023-06-22,8689.028134709355,809.6534666768619,9498.681601386217,2
2023-06-23,8689.028134709355,797.9510372224024,9486.979171931758,2
2023-06-26,8689.028134709355,783.3854852641609,9472.413619973517,2
2023-06-27,8689.028134709355,821.9785963339821,9511.006731043337,2
2023-06-28,8689.028134709355,835.4004631007228,9524.428597810078,2
2023-06-29,8689.028134709355,840.0696863661265,9529.097821075482,2
2023-06-30,8689.028134709355,804.3559509856326,9493.384085694988,2
2023-07-03,8689.028134709355,833.0038582684019,9522.031992977758,2
2023-07-05,8757.01340443925,772.837017007631,9529.850421446881,2
2023-07-06,8818.012947288453,714.1440869786986,9532.157034267151,2
2023-07-07,8818.012947288453,741.88952079171,9559.902468080163,2
2023-07-10,8818.012947288453,747.7617549324443,9565.774702220897,2
2023-07-11,8818.012947288453,738.6262099522482,9556.639157240701,2
2023-07-12,8818.012947288453,747.8535435391663,9565.866490827619,2
2023-07-13,8818.012947288453,692.6656200151072,9510.67856730356,2
2023-07-14,8818.012947288453,718.6692665070403,9536.682213795493,2
2023-07-17,8818.012947288453,708.8041589211787,9526.817106209632,2
2023-07-18,8818.012947288453,651.6106349778302,9469.623582266282,2
2023-07-19,8818.012947288453,622.4107325766067,9440.42367986506,2
2023-07-20,8818.012947288453,698.8632902700872,9516.87623755854,2
2023-07-21,8818.012947288453,718.2999356817817,9536.312882970235,2
2023-07-24,8818.012947288453,701.0344902871193,9519.047437575573,2
2023-07-25,8818.012947288453,680.4873565203224,9498.500303808774,2
2023-07-26,8818.012947288453,712.4298454204434,9530.442792708896,2
2023-07-27,8818.012947288453,772.484587419885,9590.497534708338,2
2023-07-28,8818.012947288453,687.8006293717453,9505.813576660199,2
2023-07-31,8818.012947288453,702.9543631070533,9520.967310395507,2
2023-08-01,8818.012947288453,757.9756211101642,9575.988568398618,2
2023-08-02,9340.355740421372,355.026177590836,9695.381918012208,1
2023-08-03,8971.264436221325,723.9168632826375,9695.181299503962,2
2023-08-04,8971.264436221325,720.9670142575031,9692.231450478828,2
2023-08-07,8971.264436221325,738.1138038656534,9709.378240086979,2
2023-08-08,8971.264436221325,755.6036439292666,9726.86808015059,2
2023-08-09,8971.264436221325,776.1301045884163,9747.39454080974,2
2023-08-10,8971.264436221325,783.4196696635997,9754.684105884924,2
2023-08-11,8971.264436221325,807.2987294671082,9778.563165688432,2
2023-08-14,8971.264436221325,825.9597445385859,9797.224180759911,2
2023-08-15,8971.264436221325,789.4763890790216,9760.740825300347,2
2023-08-16,8971.264436221325,759.842278825516,9731.10671504684,2
2023-08-17,8971.264436221325,711.023861368679,9682.288297590005,2
2023-08-18,8971.264436221325,711.4053393999444,9682.669775621269,2
2023-08-21,8971.264436221325,761.8023425008305,9733.066778722156,2
2023-08-22,8971.264436221325,745.288522312165,9716.55295853349,2
2023-08-23,8971.264436221325,826.9763676788284,9798.240803900153,2
2023-08-24,8971.264436221325,726.7628901334551,9698.02732635478,2
2023-08-25,8971.264436221325,793.967217893131,9765.231654114456,2
2023-08-28,9402.41522818778,430.18506185045555,9832.600290038235,1
2023-08-29,9501.916255703301,361.26923494805897,9863.18549065136,1
2023-08-30,9133.523439739633,721.8733092271947,9855.396748966827,2
2023-08-31,9133.523439739633,744.2111921824119,9877.734631922045,2
2023-09-01,9133.523439739633,758.3862103262231,9891.909650065856,2
2023-09-05,9133.523439739633,771.1013549732265,9904.62479471286,2
2023-09-06,9133.523439739633,773.2355167442088,9906.758956483842,2
2023-09-07,9133.523439739633,775.3437800378902,9908.867219777523,2
2023-09-08,9133.523439739633,792.8291059412072,9926.35254568084,2
2023-09-11,9133.523439739633,818.6308615196324,9952.154301259265,2
2023-09-12,9133.523439739633,807.6608033456685,9941.184243085301,2
2023-09-13,9133.523439739633,829.8305408986395,9963.353980638272,2
2023-09-14,9205.450591587478,778.7974143986329,9984.24800598611,2
2023-09-15,9205.450591587478,755.5474907158625,9960.99808230334,2
2023-09-18,9205.450591587478,767.1990624622053,9972.649654049683,2
2023-09-19,9205.450591587478,762.2937780131449,9967.744369600623,2
2023-09-20,9205.450591587478,701.1049607101197,9906.555552297597,2
2023-09-21,9205.450591587478,554.5150070436589,9759.965598631137,2
2023-09-22,9205.450591587478,522.4596283249607,9727.910219912439,2
2023-09-25,9205.450591587478,550.7984025710501,9756.248994158528,2
2023-09-26,9346.260982656064,227.57101816457703,9573.832000820641,1
2023-09-27,9564.127563373295,0,9564.127563373295,0
2023-09-28,9564.127563373295,0,9564.127563373295,0
2023-09-29,9564.127563373295,0,9564.127563373295,0
2023-10-02,9564.127563373295,0,9564.127563373295,0
2023-10-03,9564.127563373295,0,9564.127563373295,0
2023-10-04,9564.127563373295,0,9564.127563373295,0
2023-10-05,9564.127563373295,0,9564.127563373295,0
2023-10-06,9564.127563373295,0,9564.127563373295,0
2023-10-09,9564.127563373295,0,9564.127563373295,0
2023-10-10,9564.127563373295,0,9564.127563373295,0
2023-10-11,9564.127563373295,0,9564.127563373295,0
2023-10-12,9564.127563373295,0,9564.127563373295,0
2023-10-13,9564.127563373295,0,9564.127563373295,0
2023-10-16,9564.127563373295,0,9564.127563373295,0
2023-10-17,9564.127563373295,0,9564.127563373295,0
2023-10-18,9564.127563373295,0,9564.127563373295,0
2023-10-19,9564.127563373295,0,9564.127563373295,0
2023-10-20,9564.127563373295,0,9564.127563373295,0
2023-10-23,9564.127563373295,0,9564.127563373295,0
2023-10-24,9564.127563373295,0,9564.127563373295,0
2023-10-25,9564.127563373295,0,9564.127563373295,0
2023-10-26,9564.127563373295,0,9564.127563373295,0
2023-10-27,9564.127563373295,0,9564.127563373295,0
2023-10-30,9564.127563373295,0,9564.127563373295,0
2023-10-31,9564.127563373295,0,9564.127563373295,0
2023-11-01,9564.127563373295,0,9564.127563373295,0
2023-11-02,9564.127563373295,0,9564.127563373295,0
2023-11-03,9191.316227380552,362.2113359927432,9553.527563373294,1
2023-11-06,8825.80356015381,723.1865281959908,9548.990088349801,2
2023-11-07,8825.80356015381,718.6088094546534,9544.412369608464,2
2023-11-08,8825.80356015381,731.03259281744,9556.836152971251,2
2023-11-09,8825.80356015381,747.5453568315203,9573.348916985331,2
2023-11-10,8825.80356015381,709.948145566684,9535.751705720495,2
2023-11-13,8825.80356015381,723.0252635023021,9548.828823656113,2
2023-11-14,8825.80356015381,583.9132898349,9409.71684998871,2
2023-11-15,8825.80356015381,574.7919176512557,9400.595477805065,2
2023-11-16,8825.80356015381,566.9182512590439,9392.721811412854,2
2023-11-17,8825.80356015381,572.5055788202361,9398.309138974046,2
2023-11-20,8825.80356015381,513.2048358014657,9339.008395955276,2
2023-11-21,8825.80356015381,547.8124556900626,9373.616015843872,2
2023-11-22,8825.80356015381,506.8261656393937,9332.629725793204,2
2023-11-24,8825.80356015381,515.3806962461827,9341.184256399993,2
2023-11-27,8825.80356015381,567.3915364622342,9393.195096616044,2
2023-11-28,8825.80356015381,558.9949621104819,9384.798522264293,2
2023-11-29,8825.80356015381,582.1578160597556,9407.961376213567,2
2023-11-30,8825.80356015381,520.2934063605779,9346.096966514388,2
2023-12-01,9230.746019468603,0,9230.746019468603,0
2023-12-04,9230.746019468603,0,9230.746019468603,0
2023-12-05,9230.746019468603,0,9230.746019468603,0
2023-12-06,9230.746019468603,0,9230.746019468603,0
2023-12-07,9230.746019468603,0,9230.746019468603,0
2023-12-08,9230.746019468603,0,9230.746019468603,0
2023-12-11,9230.746019468603,0,9230.746019468603,0
2023-12-12,9230.746019468603,0,9230.746019468603,0
2023-12-13,9230.746019468603,0,9230.746019468603,0
2023-12-14,9230.746019468603,0,9230.746019468603,0
2023-12-15,9230.746019468603,0,9230.746019468603,0
2023-12-18,9230.746019468603,0,9230.746019468603,0
2023-12-19,9230.746019468603,0,9230.746019468603,0
2023-12-20,9230.746019468603,0,9230.746019468603,0
2023-12-21,9230.746019468603,0,9230.746019468603,0
2023-12-22,9230.746019468603,0,9230.746019468603,0
2023-12-26,9230.746019468603,0,9230.746019468603,0
2023-12-27,9230.746019468603,0,9230.746019468603,0
2023-12-28,9230.746019468603,0,9230.746019468603,0
2023-12-29,9230.746019468603,0,9230.746019468603,0
2024-01-02,9230.746019468603,0,9230.746019468603,0
2024-01-03,9230.746019468603,0,9230.746019468603,0
2024-01-04,9230.746019468603,0,9230.746019468603,0
2024-01-05,9230.746019468603,0,9230.746019468603,0
2024-01-08,9230.746019468603,0,9230.746019468603,0
2024-01-09,9230.746019468603,0,9230.746019468603,0
2024-01-10,9230.746019468603,0,9230.746019468603,0
2024-01-11,9230.746019468603,0,9230.746019468603,0
2024-01-12,9230.746019468603,0,9230.746019468603,0
2024-01-16,9230.746019468603,0,9230.746019468603,0
2024-01-17,9230.746019468603,0,9230.746019468603,0
2024-01-18,9230.746019468603,0,9230.746019468603,0
2024-01-19,9230.746019468603,0,9230.746019468603,0
2024-01-22,9230.746019468603,0,9230.746019468603,0
2024-01-23,9230.746019468603,0,9230.746019468603,0
2024-01-24,9230.746019468603,0,9230.746019468603,0
2024-01-25,9230.746019468603,0,9230.746019468603,0
2024-01-26,9230.746019468603,0,9230.746019468603,0
2024-01-29,9230.746019468603,0,9230.746019468603,0
2024-01-30,9230.746019468603,0,9230.746019468603,0
2024-01-31,9230.746019468603,0,9230.746019468603,0
2024-02-01,9230.746019468603,0,9230.746019468603,0
2024-02-02,9230.746019468603,0,9230.746019468603,0
2024-02-05,9230.746019468603,0,9230.746019468603,0
2024-02-06,9230.746019468603,0,9230.746019468603,0
2024-02-07,9230.746019468603,0,9230.746019468603,0
2024-02-08,9230.746019468603,0,9230.746019468603,0
2024-02-09,9230.746019468603,0,9230.746019468603,0
2024-02-12,9230.746019468603,0,9230.746019468603,0
2024-02-13,9230.746019468603,0,9230.746019468603,0
2024-02-14,9230.746019468603,0,9230.746019468603,0
2024-02-15,9230.746019468603,0,9230.746019468603,0
2024-02-16,9230.746019468603,0,9230.746019468603,0
2024-02-20,9230.746019468603,0,9230.746019468603,0
2024-02-21,9230.746019468603,0,9230.746019468603,0
2024-02-22,9230.746019468603,0,9230.746019468603,0
2024-02-23,9230.746019468603,0,9230.746019468603,0
2024-02-26,9230.746019468603,0,9230.746019468603,0
2024-02-27,9230.746019468603,0,9230.746019468603,0
2024-02-28,9230.746019468603,0,9230.746019468603,0
2024-02-29,9230.746019468603,0,9230.746019468603,0
2024-03-01,9230.746019468603,0,9230.746019468603,0
2024-03-04,9230.746019468603,0,9230.746019468603,0
2024-03-05,9230.746019468603,0,9230.746019468603,0
2024-03-06,9230.746019468603,0,9230.746019468603,0
2024-03-07,9230.746019468603,0,9230.746019468603,0
2024-03-08,9230.746019468603,0,9230.746019468603,0
2024-03-11,9230.746019468603,0,9230.746019468603,0
2024-03-12,9230.746019468603,0,9230.746019468603,0
2024-03-13,9230.746019468603,0,9230.746019468603,0
2024-03-14,9230.746019468603,0,9230.746019468603,0
2024-03-15,9230.746019468603,0,9230.746019468603,0
2024-03-18,9230.746019468603,0,9230.746019468603,0
2024-03-19,9230.746019468603,0,9230.746019468603,0
2024-03-20,9230.746019468603,0,9230.746019468603,0
2024-03-21,9230.746019468603,0,9230.746019468603,0
2024-03-22,9230.746019468603,0,9230.746019468603,0
2024-03-25,9230.746019468603,0,9230.746019468603,0
2024-03-26,9230.746019468603,0,9230.746019468603,0
2024-03-27,9230.746019468603,0,9230.746019468603,0
2024-03-28,9230.746019468603,0,9230.746019468603,0
2024-04-01,9230.746019468603,0,9230.746019468603,0
2024-04-02,9230.746019468603,0,9230.746019468603,0
2024-04-03,9230.746019468603,0,9230.746019468603,0
2024-04-04,9230.746019468603,0,9230.746019468603,0
2024-04-05,9230.746019468603,0,9230.746019468603,0
2024-04-08,9230.746019468603,0,9230.746019468603,0
2024-04-09,9230.746019468603,0,9230.746019468603,0
2024-04-10,9230.746019468603,0,9230.746019468603,0
2024-04-11,9230.746019468603,0,9230.746019468603,0
2024-04-12,9230.746019468603,0,9230.746019468603,0
2024-04-15,9230.746019468603,0,9230.746019468603,0
2024-04-16,9230.746019468603,0,9230.746019468603,0
2024-04-17,9230.746019468603,0,9230.746019468603,0
2024-04-18,9230.746019468603,0,9230.746019468603,0
2024-04-19,9230.746019468603,0,9230.746019468603,0
2024-04-22,9230.746019468603,0,9230.746019468603,0
2024-04-23,9230.746019468603,0,9230.746019468603,0
2024-04-24,9230.746019468603,0,9230.746019468603,0
2024-04-25,9230.746019468603,0,9230.746019468603,0
2024-04-26,9230.746019468603,0,9230.746019468603,0
2024-04-29,9230.746019468603,0,9230.746019468603,0
2024-04-30,9230.746019468603,0,9230.746019468603,0
2024-05-01,9230.746019468603,0,9230.746019468603,0
2024-05-02,9230.746019468603,0,9230.746019468603,0
2024-05-03,9230.746019468603,0,9230.746019468603,0
2024-05-06,9230.746019468603,0,9230.746019468603,0
2024-05-07,9230.746019468603,0,9230.746019468603,0
2024-05-08,9230.746019468603,0,9230.746019468603,0
2024-05-09,9230.746019468603,0,9230.746019468603,0
2024-05-10,9230.746019468603,0,9230.746019468603,0
2024-05-13,9230.746019468603,0,9230.746019468603,0
2024-05-14,9230.746019468603,0,9230.746019468603,0
2024-05-15,9230.746019468603,0,9230.746019468603,0
2024-05-16,9230.746019468603,0,9230.746019468603,0
2024-05-17,9230.746019468603,0,9230.746019468603,0
2024-05-20,9230.746019468603,0,9230.746019468603,0
2024-05-21,9230.746019468603,0,9230.746019468603,0
2024-05-22,9230.746019468603,0,9230.746019468603,0
2024-05-23,9230.746019468603,0,9230.746019468603,0
2024-05-24,9230.746019468603,0,9230.746019468603,0
2024-05-28,9230.746019468603,0,9230.746019468603,0
2024-05-29,9230.746019468603,0,9230.746019468603,0
2024-05-30,9230.746019468603,0,9230.746019468603,0
2024-05-31,9230.746019468603,0,9230.746019468603,0
2024-06-03,9230.746019468603,0,9230.746019468603,0
2024-06-04,9230.746019468603,0,9230.746019468603,0
2024-06-05,9230.746019468603,0,9230.746019468603,0
2024-06-06,9230.746019468603,0,9230.746019468603,0
2024-06-07,9230.746019468603,0,9230.746019468603,0
2024-06-10,9230.746019468603,0,9230.746019468603,0
2024-06-11,9230.746019468603,0,9230.746019468603,0
2024-06-12,9230.746019468603,0,9230.746019468603,0
2024-06-13,9230.746019468603,0,9230.746019468603,0
2024-06-14,9230.746019468603,0,9230.746019468603,0
2024-06-17,9230.746019468603,0,9230.746019468603,0
2024-06-18,9230.746019468603,0,9230.746019468603,0
2024-06-20,9230.746019468603,0,9230.746019468603,0
2024-06-21,9230.746019468603,0,9230.746019468603,0
2024-06-24,9230.746019468603,0,9230.746019468603,0
2024-06-25,9230.746019468603,0,9230.746019468603,0
2024-06-26,9230.746019468603,0,9230.746019468603,0
2024-06-27,9230.746019468603,0,9230.746019468603,0
2024-06-28,9230.746019468603,0,9230.746019468603,0
2024-07-01,9230.746019468603,0,9230.746019468603,0
2024-07-02,9230.746019468603,0,9230.746019468603,0
2024-07-03,9230.746019468603,0,9230.746019468603,0
2024-07-05,9230.746019468603,0,9230.746019468603,0
2024-07-08,9230.746019468603,0,9230.746019468603,0
2024-07-09,9230.746019468603,0,9230.746019468603,0
2024-07-10,9230.746019468603,0,9230.746019468603,0
2024-07-11,9230.746019468603,0,9230.746019468603,0
2024-07-12,9230.746019468603,0,9230.746019468603,0
2024-07-15,9230.746019468603,0,9230.746019468603,0
2024-07-16,9230.746019468603,0,9230.746019468603,0
2024-07-17,9230.746019468603,0,9230.746019468603,0
2024-07-18,9230.746019468603,0,9230.746019468603,0
2024-07-19,9230.746019468603,0,9230.746019468603,0
2024-07-22,9230.746019468603,0,9230.746019468603,0
2024-07-23,9230.746019468603,0,9230.746019468603,0
2024-07-24,9230.746019468603,0,9230.746019468603,0
2024-07-25,9230.746019468603,0,9230.746019468603,0
2024-07-26,9230.746019468603,0,9230.746019468603,0
2024-07-29,9230.746019468603,0,9230.746019468603,0
2024-07-30,9230.746019468603,0,9230.746019468603,0
2024-07-31,9230.746019468603,0,9230.746019468603,0
2024-08-01,9230.746019468603,0,9230.746019468603,0
2024-08-02,9230.746019468603,0,9230.746019468603,0
2024-08-05,9230.746019468603,0,9230.746019468603,0
2024-08-06,9230.746019468603,0,9230.746019468603,0
2024-08-07,9230.746019468603,0,9230.746019468603,0
2024-08-08,9230.746019468603,0,9230.746019468603,0
2024-08-09,9230.746019468603,0,9230.746019468603,0
2024-08-12,9230.746019468603,0,9230.746019468603,0
2024-08-13,9230.746019468603,0,9230.746019468603,0
2024-08-14,8869.729797330105,350.41622213849803,9220.146019468602,1
2024-08-15,8508.855559088443,668.6270679887208,9177.482627077163,2
2024-08-16,8508.855559088443,675.3062798473103,9184.161838935754,2
2024-08-19,8508.855559088443,631.9159625608065,9140.771521649249,2
2024-08-20,8508.855559088443,621.5900014681864,9130.445560556629,2
2024-08-21,8508.855559088443,587.055458208966,9095.911017297409,2
2024-08-22,8508.855559088443,628.9642655738432,9137.819824662285,2
2024-08-23,8508.855559088443,592.7348495721816,9101.590408660624,2
2024-08-26,8508.855559088443,637.9505367193445,9146.806095807788,2
2024-08-27,8508.855559088443,652.6221463374541,9161.477705425896,2
2024-08-28,8508.855559088443,668.0708261894694,9176.926385277911,2
2024-08-29,8508.855559088443,717.1246475724331,9225.980206660875,2
2024-08-30,8508.855559088443,657.0406917048749,9165.896250793317,2
2024-09-03,8508.855559088443,727.2318299289097,9236.087389017352,2
2024-09-04,8508.855559088443,736.1922052139769,9245.047764302419,2
2024-09-05,8508.855559088443,785.4698017390872,9294.32536082753,2
2024-09-06,8508.855559088443,752.0286420174114,9260.884201105853,2
2024-09-09,8945.768599015788,404.913868131667,9350.682467147455,1
2024-09-10,8945.768599015788,422.12408764563304,9367.89268666142,1
2024-09-11,9030.058137820992,354.802616078755,9384.860753899748,1
2024-09-12,8668.449760154026,697.1203047486604,9365.570064902686,2
2024-09-13,8668.449760154026,686.2639029463999,9354.713663100425,2
2024-09-16,8668.449760154026,685.2629095463129,9353.712669700339,2
2024-09-17,8668.449760154026,679.542108261161,9347.991868415187,2
2024-09-18,8668.449760154026,689.8538843297786,9358.303644483805,2
2024-09-19,8668.449760154026,626.1589786613861,9294.608738815412,2
2024-09-20,8668.449760154026,655.4354173987939,9323.88517755282,2
2024-09-23,8668.449760154026,665.7483709057849,9334.198131059811,2
2024-09-24,8668.449760154026,665.3563860053936,9333.806146159419,2
2024-09-25,8668.449760154026,692.8037494481266,9361.253509602153,2
2024-09-26,8668.449760154026,664.7546134973968,9333.204373651422,2
2024-09-27,8668.449760154026,649.1054986961899,9317.555258850216,2
2024-09-30,8668.449760154026,646.7712807669866,9315.221040921013,2
2024-10-01,8668.449760154026,693.9662385731807,9362.415998727207,2
2024-10-02,8668.449760154026,715.9774371809001,9384.427197334926,2
2024-10-03,8668.449760154026,711.576685808646,9380.026445962672,2
2024-10-04,8668.449760154026,672.1780614711779,9340.627821625203,2
2024-10-07,8668.449760154026,753.3129952577901,9421.762755411815,2
2024-10-08,8668.449760154026,708.9616534684112,9377.411413622438,2
2024-10-09,8668.449760154026,657.1698584392336,9325.61961859326,2
2024-10-10,8668.449760154026,708.0128643715661,9376.462624525593,2
2024-10-11,8668.449760154026,653.6970915858308,9322.146851739857,2
2024-10-14,8668.449760154026,591.4886700584259,9259.938430212453,2
2024-10-15,8668.449760154026,828.1537380212793,9496.603498175306,2
2024-10-16,8800.448583416766,778.7462724219822,9579.194855838748,2
2024-10-17,8932.723377637049,722.5087868162142,9655.232164453262,2
2024-10-18,8932.723377637049,733.9490166953872,9666.672394332436,2
2024-10-21,8932.723377637049,753.8073942752511,9686.5307719123,2
2024-10-22,8932.723377637049,765.8614684161546,9698.584846053203,2
2024-10-23,8932.723377637049,777.4684698750611,9710.19184751211,2
2024-10-24,8932.723377637049,781.7451422531892,9714.468519890237,2
2024-10-25,8932.723377637049,767.7325690328453,9700.455946669894,2
2024-10-28,8932.723377637049,790.3923473183158,9723.115724955365,2
2024-10-29,8932.723377637049,802.1242547676466,9734.847632404695,2
2024-10-30,8932.723377637049,798.5365837424843,9731.259961379532,2
2024-10-31,8932.723377637049,764.3988462945308,9697.12222393158,2
2024-11-01,8932.723377637049,784.5369194820865,9717.260297119135,2
2024-11-04,8932.723377637049,784.3305335725508,9717.0539112096,2
2024-11-05,8932.723377637049,835.0313799042872,9767.754757541335,2
2024-11-06,9459.086962607405,351.26332818173864,9810.350290789143,1
2024-11-07,9097.756930759699,700.2594923542076,9798.016423113906,2
2024-11-08,9097.756930759699,693.405181233905,9791.162111993604,2
2024-11-11,9097.756930759699,708.4855092024441,9806.242439962143,2
2024-11-12,9097.756930759699,739.945414470104,9837.702345229802,2
2024-11-13,9097.756930759699,766.8916579635351,9864.648588723234,2
2024-11-14,9097.756930759699,788.7713918606014,9886.5283226203,2
2024-11-15,9097.756930759699,765.4204510800662,9863.177381839765,2
2024-11-18,9097.756930759699,793.6890874276603,9891.446018187358,2
2024-11-19,9097.756930759699,785.883802985388,9883.640733745087,2
2024-11-20,9097.756930759699,777.2595904778598,9875.016521237558,2
2024-11-21,9097.756930759699,782.489080793529,9880.246011553227,2
2024-11-22,9097.756930759699,821.2621479021773,9919.019078661877,2
2024-11-25,9169.946505719206,774.2044979826214,9944.151003701827,2
2024-11-26,9238.006911755247,693.104105820445,9931.111017575691,2
2024-11-27,9238.006911755247,717.407384377043,9955.41429613229,2
2024-11-29,9238.006911755247,722.8231335280946,9960.830045283341,2
2024-12-02,9238.006911755247,737.6227995405515,9975.629711295798,2
2024-12-03,9238.006911755247,744.5401161442064,9982.547027899453,2
2024-12-04,9238.006911755247,706.5285718024704,9944.535483557716,2
2024-12-05,9238.006911755247,726.8710240463868,9964.877935801633,2
2024-12-06,9238.006911755247,743.1394229296827,9981.146334684929,2
2024-12-09,9238.006911755247,769.6189853042043,10007.625897059452,2
2024-12-10,9238.006911755247,795.0142190653569,10033.021130820604,2
2024-12-11,9238.006911755247,777.2230156764217,10015.229927431668,2
2024-12-12,9238.006911755247,812.0639075012424,10050.070819256489,2
2024-12-13,9238.006911755247,827.0177015718855,10065.024613327132,2
2024-12-16,9238.006911755247,820.8878931879112,10058.894804943158,2
2024-12-17,9238.006911755247,824.8742799570855,10062.881191712331,2
2024-12-18,9238.006911755247,680.0268146805289,9918.033726435775,2
2024-12-19,9238.006911755247,704.3870471825421,9942.393958937788,2
2024-12-20,9238.006911755247,809.227627685214,10047.23453944046,2
2024-12-23,9764.093998585231,353.0894906620524,10117.183489247283,1
2024-12-24,9406.749843608713,708.3721270003458,10115.12197060906,2
2024-12-26,9406.749843608713,710.4339114232495,10117.183755031963,2
2024-12-27,9406.749843608713,728.2022756282771,10134.95211923699,2
2024-12-30,9406.749843608713,725.8927680241397,10132.642611632853,2
2024-12-31,9406.749843608713,723.3053884978763,10130.05523210659,2
2025-01-02,9406.749843608713,716.7624280769137,10123.512271685628,2
2025-01-03,9406.749843608713,768.2152429495704,10174.965086558284,2
2025-01-06,9406.749843608713,789.5339060496294,10196.283749658343,2
2025-01-07,9406.749843608713,754.2470754846961,10160.99691909341,2
2025-01-08,9406.749843608713,764.417299555484,10171.167143164197,2
2025-01-10,9406.749843608713,683.1598016291999,10089.909645237913,2
2025-01-13,9406.749843608713,694.7734402566872,10101.523283865401,2
2025-01-14,9406.749843608713,705.1546344026594,10111.904478011373,2
2025-01-15,9850.588601449048,397.4624908288388,10248.051092277887,1
2025-01-16,9850.588601449048,390.8704250901403,10241.459026539189,1
2025-01-17,9486.923351090756,779.3557767522044,10266.279127842961,2
2025-01-21,9593.482098868366,707.1612895181906,10300.643388386557,2
2025-01-22,9593.482098868366,677.0059263993417,10270.488025267707,2
2025-01-23,9593.482098868366,649.3902000276407,10242.872298896007,2
2025-01-24,9593.482098868366,683.0258237097994,10276.507922578165,2
2025-01-27,9593.482098868366,706.4189052649915,10299.901004133357,2
2025-01-28,9593.482098868366,707.7136411844165,10301.195740052783,2
2025-01-29,9593.482098868366,735.9341128356909,10329.416211704058,2
2025-01-30,9593.482098868366,738.1167765500131,10331.598875418378,2
2025-01-31,9593.482098868366,756.0186581364604,10349.500757004826,2
2025-02-03,9593.482098868366,757.0038341202537,10350.48593298862,2
2025-02-04,9593.482098868366,778.3502277506511,10371.832326619016,2
2025-02-05,9593.482098868366,810.0728630233814,10403.554961891747,2
2025-02-06,9593.482098868366,812.7663268582772,10406.248425726642,2
2025-02-07,9593.482098868366,829.4458507823787,10422.927949650744,2
2025-02-10,9675.676430333673,773.1203634672263,10448.796793800899,2
2025-02-11,9675.676430333673,776.1628641368806,10451.839294470554,2
2025-02-12,9747.318103661808,709.7138051978056,10457.031908859613,2
2025-02-13,9747.318103661808,683.8424403599745,10431.160544021783,2
2025-02-14,9747.318103661808,701.2329576559409,10448.551061317748,2
2025-02-18,9747.318103661808,699.9178411388527,10447.235944800661,2
2025-02-19,9747.318103661808,694.4392803129106,10441.757383974718,2
2025-02-20,9747.318103661808,720.9744922048365,10468.292595866644,2
2025-02-21,9747.318103661808,736.0603415107508,10483.378445172559,2
2025-02-24,9747.318103661808,746.8401247716486,10494.158228433456,2
2025-02-25,9747.318103661808,742.2539556088263,10489.572059270635,2
2025-02-26,9747.318103661808,750.8522392628447,10498.170342924652,2
2025-02-27,9747.318103661808,675.9756099227837,10423.293713584591,2
2025-02-28,9747.318103661808,754.2086719546296,10501.526775616438,2
2025-03-03,9747.318103661808,659.1162919709917,10406.4343956328,2
2025-03-04,9747.318103661808,556.2596792692812,10303.57778293109,2
2025-03-05,9747.318103661808,644.614695218841,10391.932798880649,2
2025-03-06,9747.318103661808,479.90066578666654,10227.218769448475,2
2025-03-07,9747.318103661808,517.5904085479344,10264.908512209742,2
2025-03-10,9932.408093412825,0,9932.408093412825,0
2025-03-11,9932.408093412825,0,9932.408093412825,0
2025-03-12,9932.408093412825,0,9932.408093412825,0
2025-03-13,9932.408093412825,0,9932.408093412825,0
2025-03-14,9932.408093412825,0,9932.408093412825,0
2025-03-17,9932.408093412825,0,9932.408093412825,0
2025-03-18,9932.408093412825,0,9932.408093412825,0
2025-03-19,9932.408093412825,0,9932.408093412825,0
2025-03-20,9932.408093412825,0,9932.408093412825,0
2025-03-21,9932.408093412825,0,9932.408093412825,0
2025-03-24,9932.408093412825,0,9932.408093412825,0
2025-03-25,9932.408093412825,0,9932.408093412825,0
2025-03-26,9932.408093412825,0,9932.408093412825,0
2025-03-27,9932.408093412825,0,9932.408093412825,0
2025-03-28,9932.408093412825,0,9932.408093412825,0
2025-03-31,9932.408093412825,0,9932.408093412825,0
2025-04-01,9932.408093412825,0,9932.408093412825,0
2025-04-02,9932.408093412825,0,9932.408093412825,0
2025-04-03,9932.408093412825,0,9932.408093412825,0
2025-04-04,9932.408093412825,0,9932.408093412825,0
2025-04-07,9932.408093412825,0,9932.408093412825,0
2025-04-08,9932.408093412825,0,9932.408093412825,0
2025-04-09,9932.408093412825,0,9932.408093412825,0
2025-04-10,9932.408093412825,0,9932.408093412825,0
2025-04-11,9932.408093412825,0,9932.408093412825,0
2025-04-14,9932.408093412825,0,9932.408093412825,0
2025-04-15,9932.408093412825,0,9932.408093412825,0
2025-04-16,9932.408093412825,0,9932.408093412825,0
2025-04-17,9932.408093412825,0,9932.408093412825,0
2025-04-21,9932.408093412825,0,9932.408093412825,0
2025-04-22,9932.408093412825,0,9932.408093412825,0
2025-04-23,9932.408093412825,0,9932.408093412825,0
2025-04-24,9932.408093412825,0,9932.408093412825,0
2025-04-25,9932.408093412825,0,9932.408093412825,0
2025-04-28,9932.408093412825,0,9932.408093412825,0
2025-04-29,9932.408093412825,0,9932.408093412825,0
2025-04-30,9932.408093412825,0,9932.408093412825,0
2025-05-01,9550.830855009894,370.97723840293145,9921.808093412825,1
2025-05-02,9178.859427624668,713.1714201791076,9892.030847803775,2
2025-05-05,9178.859427624668,746.0637844068053,9924.923212031474,2
2025-05-06,9178.859427624668,764.8196243029147,9943.679051927582,2
2025-05-07,9178.859427624668,772.0197616550176,9950.879189279685,2
2025-05-08,9178.859427624668,773.2027433514261,9952.062170976094,2
2025-05-09,9178.859427624668,791.5688358507205,9970.428263475387,2
2025-05-12,9178.859427624668,703.305752556016,9882.165180180684,2
2025-05-13,9178.859427624668,654.9962864366294,9833.855714061297,2
2025-05-14,9178.859427624668,646.7367262575358,9825.596153882203,2
2025-05-15,9178.859427624668,634.216948571191,9813.076376195859,2
2025-05-16,9178.859427624668,584.7858333472996,9763.645260971967,2
2025-05-19,9178.859427624668,587.27161959509,9766.131047219758,2
2025-05-20,9178.859427624668,639.8010959830219,9818.66052360769,2
2025-05-21,9178.859427624668,752.6425920558343,9931.502019680502,2
2025-05-22,9178.859427624668,782.7731320619775,9961.632559686645,2
2025-05-23,9178.859427624668,808.3849385824187,9987.244366207087,2
2025-05-27,9178.859427624668,760.7047037305775,9939.564131355246,2
2025-05-28,9178.859427624668,835.3591226824595,10014.218550307127,2
2025-05-29,9178.859427624668,816.3789270810037,9995.23835470567,2
2025-05-30,9250.871264872701,765.1464384399846,10016.017703312686,2
2025-06-02,9250.871264872701,788.5482237888488,10039.41948866155,2
2025-06-03,9250.871264872701,763.7297927263946,10014.601057599097,2
2025-06-04,9337.78152666991,710.345072144763,10048.126598814673,2
2025-06-05,9337.78152666991,721.482557767164,10059.264084437074,2
2025-06-06,9337.78152666991,718.0409822234744,10055.822508893385,2
2025-06-09,9337.78152666991,725.2733492050615,10063.054875874972,2
2025-06-10,9337.78152666991,704.5497026303267,10042.331229300238,2
2025-06-11,9337.78152666991,722.8969301332206,10060.67845680313,2
2025-06-12,9337.78152666991,687.715319495868,10025.496846165779,2
2025-06-13,9337.78152666991,702.1467120565944,10039.928238726505,2
2025-06-16,9337.78152666991,714.1611383687831,10051.942665038694,2
2025-06-17,9337.78152666991,719.5845714068773,10057.366098076789,2
2025-06-18,9337.78152666991,760.395426100127,10098.176952770038,2
2025-06-20,9337.78152666991,781.1188316841044,10118.900358354014,2
2025-06-23,9337.78152666991,792.3285735569557,10130.110100226866,2
2025-06-24,9337.78152666991,784.5621513349058,10122.343678004816,2
2025-06-25,9337.78152666991,817.5837205984247,10155.365247268335,2
2025-06-26,9337.78152666991,759.8273780869199,10097.608904756831,2
2025-06-27,9337.78152666991,719.4248349489906,10057.2063616189,2
2025-06-30,9337.78152666991,691.8673036928,10029.64883036271,2
2025-07-01,9337.78152666991,728.4377633544341,10066.219290024344,2
2025-07-02,9337.78152666991,672.318228929897,10010.099755599807,2
2025-07-03,9337.78152666991,525.3106822254535,9863.092208895365,2
2025-07-07,9477.065061166768,771.5398594072151,10248.604920573984,2
2025-07-08,9587.107503354906,716.0884831897185,10303.195986544624,2
2025-07-09,9587.107503354906,715.2883648778761,10302.395868232783,2
2025-07-10,9587.107503354906,711.1232749141152,10298.23077826902,2
2025-07-11,9587.107503354906,719.891717858755,10306.99922121366,2
2025-07-14,9587.107503354906,714.436675618861,10301.544178973767,2
2025-07-15,9587.107503354906,737.3669292650021,10324.474432619909,2
2025-07-16,9587.107503354906,735.682468343537,10322.789971698443,2
2025-07-17,9587.107503354906,731.0046356576286,10318.112139012534,2
2025-07-18,9587.107503354906,743.7077383576536,10330.81524171256,2
2025-07-21,9587.107503354906,758.7697924922629,10345.877295847169,2
2025-07-22,9587.107503354906,769.6218139158582,10356.729317270765,2
2025-07-23,9587.107503354906,755.3879731394077,10342.495476494314,2
2025-07-24,9587.107503354906,760.9643241803831,10348.071827535288,2
2025-07-25,9587.107503354906,749.6636016837392,10336.771105038646,2
2025-07-28,9587.107503354906,786.0475585215258,10373.155061876432,2
2025-07-29,9587.107503354906,804.6496634222027,10391.757166777108,2
2025-07-30,9658.866758379387,758.6199823616166,10417.486740741004,2
2025-07-31,9658.866758379387,761.722104480198,10420.588862859584,2
2025-08-01,9658.866758379387,756.8660855065896,10415.732843885977,2
2025-08-04,9748.308512927531,699.232793587224,10447.541306514755,2
2025-08-05,9748.308512927531,715.040138458096,10463.348651385628,2
2025-08-06,9748.308512927531,720.1028860611025,10468.411398988634,2
2025-08-07,9748.308512927531,734.9097424727219,10483.218255400254,2
2025-08-08,9748.308512927531,745.0366271105836,10493.345140038115,2
2025-08-11,9748.308512927531,752.111760895881,10500.420273823413,2
2025-08-12,9748.308512927531,737.4539911132458,10485.762504040777,2
2025-08-13,9748.308512927531,729.365720663818,10477.67423359135,2
2025-08-14,9748.308512927531,727.075905944173,10475.384418871705,2
2025-08-15,9748.308512927531,753.1576960271572,10501.46620895469,2
2025-08-18,9748.308512927531,791.6786312897216,10539.987144217253,2
2025-08-19,9748.308512927531,823.4487496120639,10571.757262539595,2
2025-08-20,9815.336335716505,762.4165400983663,10577.752875814871,2
2025-08-21,9815.336335716505,764.9757052742725,10580.312040990779,2
2025-08-22,9815.336335716505,754.9904520234677,10570.326787739974,2
2025-08-25,9891.092461623186,709.6227218202393,10600.715183443426,2
2025-08-26,9891.092461623186,698.9190361721612,10590.011497795347,2
2025-08-27,9891.092461623186,684.5766177765199,10575.669079399706,2
2025-08-28,9891.092461623186,683.3525622098691,10574.445023833056,2
2025-08-29,9891.092461623186,705.7544431031005,10596.846904726286,2
2025-09-02,9891.092461623186,724.9971657405034,10616.08962736369,2
2025-09-03,9891.092461623186,732.4473597554913,10623.539821378678,2
2025-09-04,9891.092461623186,721.8467499229355,10612.939211546121,2
2025-09-05,9891.092461623186,756.9207964308064,10648.013258053992,2
2025-09-08,9891.092461623186,780.3277121223473,10671.420173745533,2
2025-09-09,9891.092461623186,776.5657878789689,10667.658249502154,2
2025-09-10,9891.092461623186,757.8157451573823,10648.908206780568,2
2025-09-11,9891.092461623186,705.3931297661488,10596.485591389335,2
2025-09-12,9891.092461623186,724.0001023277944,10615.09256395098,2
2025-09-15,9891.092461623186,691.0679314132068,10582.160393036393,2
2025-09-16,9891.092461623186,711.1160826319963,10602.208544255182,2
2025-09-17,9891.092461623186,758.1983918735211,10649.290853496706,2
2025-09-18,9891.092461623186,711.119438688553,10602.211900311739,2
2025-09-19,9891.092461623186,653.6343799872557,10544.726841610442,2
2025-09-22,9891.092461623186,621.6060300135641,10512.698491636751,2
2025-09-23,9965.773299444676,709.8651402983592,10675.638439743036,2
2025-09-24,9965.773299444676,766.7159324134686,10732.489231858144,2
2025-09-25,10053.788416367324,716.0138884385062,10769.802304805831,2
2025-09-26,10053.788416367324,735.1711533114255,10788.95956967875,2
2025-09-29,10053.788416367324,721.6324634129749,10775.420879780298,2
2025-09-30,10053.788416367324,703.1067711751269,10756.895187542452,2
2025-10-01,10053.788416367324,690.0566510312742,10743.845067398599,2
2025-10-02,10053.788416367324,685.4381851371755,10739.2266015045,2
2025-10-03,10053.788416367324,693.2512827998621,10747.039699167186,2
2025-10-06,10053.788416367324,704.1621712401125,10757.950587607436,2
2025-10-07,10053.788416367324,717.7673976086546,10771.55581397598,2
2025-10-08,10053.788416367324,712.3364241678473,10766.124840535173,2
2025-10-09,10053.788416367324,740.5152023707451,10794.30361873807,2
2025-10-10,10053.788416367324,741.4166568208179,10795.205073188143,2
2025-10-13,10053.788416367324,788.4565810502593,10842.244997417583,2
2025-10-14,10053.788416367324,771.2847482861704,10825.073164653495,2
2025-10-15,10053.788416367324,774.2242674027473,10828.012683770072,2
2025-10-16,10053.788416367324,730.8418598769645,10784.630276244288,2
2025-10-17,10053.788416367324,805.8712702268643,10859.659686594188,2
2025-10-20,10144.884972834474,762.2314546285984,10907.116427463072,2
2025-10-21,10144.884972834474,783.6431007263873,10928.528073560861,2
2025-10-22,10228.938478043003,711.5464988915455,10940.48497693455,2
2025-10-23,10228.938478043003,721.0104728038302,10949.948950846832,2
2025-10-24,10228.938478043003,708.5038916324322,10937.442369675435,2
2025-10-27,10228.938478043003,659.8529302963059,10888.791408339308,2
2025-10-28,10228.938478043003,632.7155262895176,10861.65400433252,2
2025-10-29,10228.938478043003,628.9517678055404,10857.890245848543,2
2025-10-30,10228.938478043003,713.7301010112282,10942.66857905423,2
2025-10-31,10228.938478043003,690.9586505103946,10919.897128553397,2
2025-11-03,10228.938478043003,715.1369817136967,10944.0754597567,2
2025-11-04,10228.938478043003,755.7760711043059,10984.71454914731,2
2025-11-05,10228.938478043003,770.1600780089784,10999.09855605198,2
2025-11-06,10228.938478043003,794.3203753080215,11023.258853351024,2
2025-11-07,10228.938478043003,808.8232543355837,11037.761732378587,2
2025-11-10,10228.938478043003,811.6839283341989,11040.622406377202,2
2025-11-11,10228.938478043003,820.3058360003787,11049.24431404338,2
2025-11-12,10228.938478043003,826.2233184329922,11055.161796475995,2
2025-11-13,10298.97788868304,775.847095735438,11074.82498441848,2
2025-11-14,10360.436401910465,715.7756042334142,11076.21200614388,2
2025-11-17,10360.436401910465,724.0865042394425,11084.522906149909,2
2025-11-18,10360.436401910465,722.1421771034709,11082.578579013936,2
2025-11-19,10360.436401910465,729.8104849127394,11090.246886823204,2
2025-11-20,10360.436401910465,728.839794799085,11089.27619670955,2
2025-11-21,10360.436401910465,749.8815268555568,11110.317928766022,2
2025-11-24,10360.436401910465,781.0973916522073,11141.533793562672,2
2025-11-25,10360.436401910465,798.9974810576228,11159.433882968087,2
2025-11-26,10360.436401910465,810.0332216837123,11170.469623594177,2
2025-11-28,10360.436401910465,822.5816668361667,11183.01806874663,2
2025-12-01,10427.453995551128,778.355334060619,11205.809329611748,2
2025-12-02,10502.42634604682,702.9637993415065,11205.390145388326,2
2025-12-03,10502.42634604682,707.8884325642207,11210.31477861104,2
2025-12-04,10502.42634604682,717.1057147833551,11219.532060830174,2
2025-12-05,10502.42634604682,724.0190857503706,11226.44543179719,2
2025-12-08,10502.42634604682,730.730751809628,11233.157097856447,2
2025-12-09,10502.42634604682,735.674249456961,11238.10059550378,2
2025-12-10,10502.42634604682,740.1533818888367,11242.579727935656,2
2025-12-11,10502.42634604682,762.9972898799871,11265.423635926807,2
2025-12-12,10502.42634604682,794.9317615471301,11297.35810759395,2
2025-12-15,10502.42634604682,805.1970806137525,11307.623426660572,2
2025-12-16,10502.42634604682,816.5746522911352,11319.000998337955,2
2025-12-17,10502.42634604682,791.8960644351944,11294.322410482013,2
2025-12-18,10502.42634604682,823.5747948605905,11326.00114090741,2
2025-12-19,11012.535491102417,343.77551179024977,11356.311002892668,1
2025-12-22,10659.947769614379,691.3446179695952,11351.292387583973,2
2025-12-23,10659.947769614379,674.3676805497998,11334.315450164178,2
2025-12-24,10659.947769614379,677.0426002128204,11336.9903698272,2
2025-12-26,10659.947769614379,690.6609149773516,11350.60868459173,2
2025-12-29,10659.947769614379,719.5510123627103,11379.498781977089,2
2025-12-30,10659.947769614379,732.1493376128294,11392.097107227208,2
2025-12-31,10659.947769614379,752.8645726761347,11412.812342290514,2
2026-01-02,10659.947769614379,776.3160011296847,11436.263770744063,2
2026-01-05,10659.947769614379,771.2281605334134,11431.175930147792,2
2026-01-06,10659.947769614379,749.680304504227,11409.628074118606,2
2026-01-07,10659.947769614379,766.9304346936372,11426.878204308015,2
2026-01-08,10659.947769614379,777.7913410539404,11437.739110668319,2
2026-01-09,10659.947769614379,774.0755927650482,11434.023362379427,2
2026-01-12,10659.947769614379,790.5774246585352,11450.525194272914,2
2026-01-13,10659.947769614379,802.3129023474095,11462.260671961789,2
2026-01-14,10728.874839760707,755.2454889475655,11484.120328708272,2
2026-01-15,10728.874839760707,778.3843736746746,11507.259213435382,2
2026-01-16,10802.2821571171,706.739886617978,11509.022043735078,2
2026-01-20,10802.2821571171,698.3950284597285,11500.67718557683,2
2026-01-21,10802.2821571171,742.2614532845905,11544.543610401692,2
2026-01-22,10802.2821571171,764.8885694488242,11567.170726565924,2
2026-01-23,10802.2821571171,760.2920505559489,11562.57420767305,2
2026-01-26,10802.2821571171,766.5392198186921,11568.821376935794,2
2026-01-27,10802.2821571171,753.1118733153171,11555.394030432417,2
2026-01-28,10802.2821571171,763.2324904631339,11565.514647580234,2
2026-01-29,10802.2821571171,765.6572803994294,11567.93943751653,2
2026-01-30,10802.2821571171,777.7830458662023,11580.065202983304,2
2026-02-02,10802.2821571171,818.2502627495612,11620.532419866662,2
2026-02-03,10802.2821571171,811.6678072073116,11613.949964324413,2
2026-02-04,10802.2821571171,809.2480019218034,11611.530159038904,2
2026-02-05,10802.2821571171,750.3036402797294,11552.58579739683,2
2026-02-06,10802.2821571171,802.1162981294754,11604.398455246575,2
2026-02-09,11330.523904360158,348.32516096136317,11678.849065321521,1
2026-02-10,10972.81262577077,700.4980592001189,11673.31068497089,2
2026-02-11,10972.81262577077,709.7832798260761,11682.595905596845,2
2026-02-12,10972.81262577077,703.4916875109676,11676.304313281738,2
2026-02-13,10972.81262577077,709.7941113490642,11682.606737119833,2
2026-02-17,10972.81262577077,730.2378492800806,11703.05047505085,2
2026-02-18,10972.81262577077,738.9065819470438,11711.719207717813,2
2026-02-19,10972.81262577077,738.8070475535881,11711.619673324358,2
2026-02-20,10972.81262577077,753.1741379670198,11725.98676373779,2
2026-02-23,10972.81262577077,749.7335467035788,11722.546172474349,2
2026-02-24,10972.81262577077,776.2547751322435,11749.067400903014,2
2026-02-25,10972.81262577077,803.9165901234604,11776.729215894231,2
2026-02-26,10972.81262577077,804.3030102636111,11777.115636034381,2
2026-02-27,10972.81262577077,791.6871638232949,11764.499789594065,2
2026-03-02,10972.81262577077,795.2580786224164,11768.070704393187,2
2026-03-03,10972.81262577077,760.6205524563966,11733.433178227166,2
2026-03-04,10972.81262577077,810.3840776113078,11783.196703382078,2
2026-03-05,10972.81262577077,777.6488384603024,11750.461464231072,2
2026-03-06,10972.81262577077,700.8629837258552,11673.675609496626,2
2026-03-09,10972.81262577077,766.2487224870058,11739.061348257776,2
2026-03-10,10972.81262577077,759.7435675336109,11732.556193304381,2
2026-03-11,10972.81262577077,763.5559175319138,11736.368543302684,2
2026-03-12,10972.81262577077,598.9721593878492,11571.78478515862,2
2026-03-13,10972.81262577077,499.7739025102998,11472.58652828107,2
2026-03-16,11464.01145389577,379.2241650264202,11843.23561892219,1
2026-03-17,11964.01145389577,0,11964.01145389577,0
2026-03-18,11964.01145389577,0,11964.01145389577,0
2026-03-19,11964.01145389577,0,11964.01145389577,0
2026-03-20,11964.01145389577,0,11964.01145389577,0
2026-03-23,11964.01145389577,0,11964.01145389577,0
2026-03-24,11964.01145389577,0,11964.01145389577,0
2026-03-25,11964.01145389577,0,11964.01145389577,0
2026-03-26,11964.01145389577,0,11964.01145389577,0
2026-03-27,11964.01145389577,0,11964.01145389577,0
2026-03-30,11964.01145389577,0,11964.01145389577,0
2026-03-31,11964.01145389577,0,11964.01145389577,0
2026-04-01,11964.01145389577,0,11964.01145389577,0
2026-04-02,11964.01145389577,0,11964.01145389577,0
2026-04-06,11964.01145389577,0,11964.01145389577,0
2026-04-07,11964.01145389577,0,11964.01145389577,0
2026-04-08,11606.195414112019,347.21603978374986,11953.41145389577,1
2026-04-09,11253.109029907358,696.2092818958795,11949.318311803238,2
2026-04-10,11253.109029907358,719.0989508655108,11972.20798077287,2
2026-04-13,11253.109029907358,704.6978333473731,11957.806863254731,2
2026-04-14,11253.109029907358,638.2493383160315,11891.35836822339,2
2026-04-15,11253.109029907358,572.8015688770455,11825.910598784403,2
2026-04-16,11253.109029907358,560.1775691200369,11813.286599027395,2
2026-04-17,11253.109029907358,428.5249384714694,11681.633968378828,2
2026-04-20,11253.109029907358,474.370412505622,11727.479442412981,2
2026-04-21,11253.109029907358,574.0504286389706,11827.15945854633,2
2026-04-22,11253.109029907358,430.5798684809076,11683.688898388265,2
2026-04-23,11253.109029907358,506.96659330760605,11760.075623214965,2
2026-04-24,11253.019568753729,351.5201082493775,11604.539677003106,1
2026-04-27,11336.57013112012,376.7295421008214,11713.299673220941,1
2026-04-28,11836.57013112012,0,11836.57013112012,0