date,cash,positionsValue,totalEquity,openPositionCount
2007-01-03,3300,0,3300,0
2007-01-04,3300,0,3300,0
2007-01-05,3300,0,3300,0
2007-01-08,3300,0,3300,0
2007-01-09,3300,0,3300,0
2007-01-10,3300,0,3300,0
2007-01-11,3300,0,3300,0
2007-01-12,3300,0,3300,0
2007-01-16,3300,0,3300,0
2007-01-17,3300,0,3300,0
2007-01-18,3300,0,3300,0
2007-01-19,3300,0,3300,0
2007-01-22,3300,0,3300,0
2007-01-23,3300,0,3300,0
2007-01-24,3300,0,3300,0
2007-01-25,3300,0,3300,0
2007-01-26,3300,0,3300,0
2007-01-29,3300,0,3300,0
2007-01-30,3300,0,3300,0
2007-01-31,3300,0,3300,0
2007-02-01,3300,0,3300,0
2007-02-02,3300,0,3300,0
2007-02-05,3300,0,3300,0
2007-02-06,3300,0,3300,0
2007-02-07,3300,0,3300,0
2007-02-08,3300,0,3300,0
2007-02-09,3300,0,3300,0
2007-02-12,3300,0,3300,0
2007-02-13,3300,0,3300,0
2007-02-14,3300,0,3300,0
2007-02-15,3300,0,3300,0
2007-02-16,3300,0,3300,0
2007-02-20,3300,0,3300,0
2007-02-21,3300,0,3300,0
2007-02-22,3300,0,3300,0
2007-02-23,3300,0,3300,0
2007-02-26,3300,0,3300,0
2007-02-27,3300,0,3300,0
2007-02-28,3300,0,3300,0
2007-03-01,3300,0,3300,0
2007-03-02,3300,0,3300,0
2007-03-05,3300,0,3300,0
2007-03-06,3300,0,3300,0
2007-03-07,3300,0,3300,0
2007-03-08,3300,0,3300,0
2007-03-09,3300,0,3300,0
2007-03-12,3300,0,3300,0
2007-03-13,3300,0,3300,0
2007-03-14,3300,0,3300,0
2007-03-15,3300,0,3300,0
2007-03-16,3300,0,3300,0
2007-03-19,3300,0,3300,0
2007-03-20,3300,0,3300,0
2007-03-21,2865.449761610804,423.95023838919604,3289.4,1
2007-03-22,2428.104535805992,844.8078872553456,3272.9124230613374,2
2007-03-23,2428.104535805992,845.9976022332005,3274.102138039192,2
2007-03-26,2428.104535805992,852.377432404911,3280.481968210903,2
2007-03-27,2428.104535805992,856.3042618991553,3284.408797705147,2
2007-03-28,2428.104535805992,827.1152394721178,3255.2197752781094,2
2007-03-29,2428.104535805992,835.1317000028939,3263.236235808886,2
2007-03-30,2428.104535805992,841.8931814946495,3269.9977173006414,2
2007-04-02,2428.104535805992,858.1569334979904,3286.2614693039823,2
2007-04-03,2428.104535805992,885.8210874201807,3313.9256232261723,2
2007-04-04,2428.104535805992,894.3953381167063,3322.499873922698,2
2007-04-05,2428.104535805992,896.0645191106125,3324.169054916604,2
2007-04-09,2428.104535805992,923.039034228181,3351.1435700341726,2
2007-04-10,2469.0070110840793,879.4694096950047,3348.476420779084,2
2007-04-11,2469.0070110840793,875.8900729399581,3344.897084024037,2
2007-04-12,2513.5330170779816,833.5779621861851,3347.110979264167,2
2007-04-13,2513.5330170779816,839.8445354135447,3353.3775524915263,2
2007-04-16,2513.5330170779816,799.7243530637076,3313.257370141689,2
2007-04-17,2513.5330170779816,782.662068208539,3296.1950852865207,2
2007-04-18,2513.5330170779816,774.5782236618493,3288.111240739831,2
2007-04-19,2513.5330170779816,790.1346698211,3303.6676868990817,2
2007-04-20,2513.5330170779816,714.6204727246832,3228.153489802665,2
2007-04-23,2513.5330170779816,738.9280086160368,3252.4610256940186,2
2007-04-24,2513.5330170779816,750.6532239926989,3264.186241070681,2
2007-04-25,2695.7597888141827,431.10482491434493,3126.8646137285277,1
2007-04-26,2264.1686602959053,857.8331128399144,3122.00177313582,2
2007-04-27,2264.1686602959053,868.604583106829,3132.7732434027344,2
2007-04-30,2264.1686602959053,847.3657009079775,3111.534361203883,2
2007-05-01,2264.1686602959053,863.3487670876372,3127.5174273835423,2
2007-05-02,2264.1686602959053,874.3137293185721,3138.482389614477,2
2007-05-03,2264.1686602959053,870.2683877315958,3134.437048027501,2
2007-05-04,2264.1686602959053,872.9375607863774,3137.106221082283,2
2007-05-07,2264.1686602959053,875.9166433411476,3140.0853036370527,2
2007-05-08,2264.1686602959053,885.7761918928003,3149.9448521887057,2
2007-05-09,2264.1686602959053,886.9576837245058,3151.126344020411,2
2007-05-10,2264.1686602959053,899.3457152277856,3163.514375523691,2
2007-05-11,2264.1686602959053,913.5706260222897,3177.739286318195,2
2007-05-14,2264.1686602959053,917.8513545161561,3182.020014812061,2
2007-05-15,2264.1686602959053,924.3385152652125,3188.507175561118,2
2007-05-16,2296.6001764321823,878.831591179863,3175.4317676120454,2
2007-05-17,2296.6001764321823,887.7005407473416,3184.300717179524,2
2007-05-18,2296.6001764321823,884.4419132955788,3181.042089727761,2
2007-05-21,2296.6001764321823,889.1076191818827,3185.7077956140647,2
2007-05-22,2321.591465130248,867.0898591473353,3188.6813242775834,2
2007-05-23,2321.591465130248,869.3856285654399,3190.9770936956875,2
2007-05-24,2321.591465130248,853.9768687841047,3175.5683339143525,2
2007-05-25,2321.591465130248,875.1587123691487,3196.7501774993966,2
2007-05-29,2321.591465130248,887.6156758833282,3209.207141013576,2
2007-05-30,2321.591465130248,901.7772899316174,3223.368755061865,2
2007-05-31,2321.591465130248,902.4394909521761,3224.030956082424,2
2007-06-01,2321.591465130248,904.7423952854288,3226.3338604156766,2
2007-06-04,2321.591465130248,908.3872031874871,3229.978668317735,2
2007-06-05,2367.4016510779516,861.613165032283,3229.0148161102343,2
2007-06-06,2367.4016510779516,846.7138229182997,3214.1154739962512,2
2007-06-07,2367.4016510779516,770.4522418048348,3137.8538928827866,2
2007-06-08,2367.4016510779516,836.1063211918772,3203.5079722698288,2
2007-06-11,2367.4016510779516,849.1626503955788,3216.5643014735306,2
2007-06-12,2367.4016510779516,785.6465700461517,3153.0482211241033,2
2007-06-13,2367.4016510779516,870.8292721007965,3238.230923178748,2
2007-06-14,2400.6408249259034,853.8245922614025,3254.465417187306,2
2007-06-15,2400.6408249259034,843.6331425593448,3244.2739674852482,2
2007-06-18,2400.6408249259034,871.6369182138586,3272.277743139762,2
2007-06-19,2400.6408249259034,885.679410802154,3286.3202357280575,2
2007-06-20,2400.6408249259034,846.9601901955164,3247.6010151214196,2
2007-06-21,2400.6408249259034,870.3160523862447,3270.956877312148,2
2007-06-22,2400.6408249259034,815.1374450478604,3215.7782699737636,2
2007-06-25,2400.6408249259034,798.557529276155,3199.1983542020585,2
2007-06-26,2400.6408249259034,771.5196964957705,3172.160521421674,2
2007-06-27,2400.6408249259034,842.3684161525921,3243.0092410784955,2
2007-06-28,2400.6408249259034,843.8983497269212,3244.539174652825,2
2007-06-29,2400.6408249259034,833.5474560912539,3234.1882810171574,2
2007-07-02,2426.8860072271773,866.3469568985527,3293.23296412573,2
2007-07-03,2426.8860072271773,877.0457422345373,3303.9317494617144,2
2007-07-05,2426.8860072271773,878.1855353250174,3305.071542552195,2
2007-07-06,2456.267895822804,849.7944137820276,3306.0623096048316,2
2007-07-09,2456.267895822804,852.3482160694444,3308.6161118922482,2
2007-07-10,2456.267895822804,834.2161015892218,3290.483997412026,2
2007-07-11,2456.267895822804,850.1067133559043,3306.374609178708,2
2007-07-12,2456.267895822804,809.1658553141812,3265.433751136985,2
2007-07-13,2456.267895822804,803.2706341059973,3259.538529928801,2
2007-07-16,2456.267895822804,832.5052386917848,3288.7731345145885,2
2007-07-17,2456.267895822804,840.9685660336339,3297.236461856438,2
2007-07-18,2456.267895822804,854.0311783555835,3310.2990741783874,2
2007-07-19,2456.267895822804,852.3494206417554,3308.6173164645593,2
2007-07-20,2456.267895822804,880.9204467304639,3337.188342553268,2
2007-07-23,2456.267895822804,894.7974708028833,3351.065366625687,2
2007-07-24,2456.267895822804,868.8713699473535,3325.139265770157,2
2007-07-25,2456.267895822804,890.9541371986388,3347.2220330214427,2
2007-07-26,2456.267895822804,774.9905216878983,3231.258417510702,2
2007-07-27,3111.2924756639704,0,3111.2924756639704,0
2007-07-30,3111.2924756639704,0,3111.2924756639704,0
2007-07-31,3111.2924756639704,0,3111.2924756639704,0
2007-08-01,3111.2924756639704,0,3111.2924756639704,0
2007-08-02,3111.2924756639704,0,3111.2924756639704,0
2007-08-03,3111.2924756639704,0,3111.2924756639704,0
2007-08-06,3111.2924756639704,0,3111.2924756639704,0
2007-08-07,3111.2924756639704,0,3111.2924756639704,0
2007-08-08,3111.2924756639704,0,3111.2924756639704,0
2007-08-09,3111.2924756639704,0,3111.2924756639704,0
2007-08-10,3111.2924756639704,0,3111.2924756639704,0
2007-08-13,3111.2924756639704,0,3111.2924756639704,0
2007-08-14,3111.2924756639704,0,3111.2924756639704,0
2007-08-15,3111.2924756639704,0,3111.2924756639704,0
2007-08-16,3111.2924756639704,0,3111.2924756639704,0
2007-08-17,3111.2924756639704,0,3111.2924756639704,0
2007-08-20,3111.2924756639704,0,3111.2924756639704,0
2007-08-21,3111.2924756639704,0,3111.2924756639704,0
2007-08-22,3111.2924756639704,0,3111.2924756639704,0
2007-08-23,3111.2924756639704,0,3111.2924756639704,0
2007-08-24,3111.2924756639704,0,3111.2924756639704,0
2007-08-27,3111.2924756639704,0,3111.2924756639704,0
2007-08-28,3111.2924756639704,0,3111.2924756639704,0
2007-08-29,3111.2924756639704,0,3111.2924756639704,0
2007-08-30,3111.2924756639704,0,3111.2924756639704,0
2007-08-31,3111.2924756639704,0,3111.2924756639704,0
2007-09-04,2662.5562646985527,438.1362109654176,3100.69247566397,1
2007-09-05,2662.5562646985527,433.90954070815815,3096.465805406711,1
2007-09-06,2662.5562646985527,436.7715397022771,3099.32780440083,1
2007-09-07,2662.5562646985527,422.89704975003644,3085.453314448589,1
2007-09-10,2662.5562646985527,421.0819740741832,3083.638238772736,1
2007-09-11,2662.5562646985527,433.7632480019778,3096.3195127005306,1
2007-09-12,2662.5562646985527,434.2986816876684,3096.854946386221,1
2007-09-13,2212.064104960635,880.1401048854141,3092.2042098460493,2
2007-09-14,2212.064104960635,880.8298509428263,3092.8939559034616,2
2007-09-17,2212.064104960635,876.78852293333,3088.8526278939653,2
2007-09-18,2212.064104960635,880.7428202419248,3092.80692520256,2
2007-09-19,2212.064104960635,856.65636108603,3068.720466046665,2
2007-09-20,2212.064104960635,894.3300092140021,3106.3941141746373,2
2007-09-21,2212.064104960635,900.4183187301963,3112.4824236908316,2
2007-09-24,2240.3417554570237,889.9955603418239,3130.3373157988476,2
2007-09-25,2240.3417554570237,901.7598559906244,3142.101611447648,2
2007-09-26,2240.3417554570237,905.9520591714365,3146.2938146284605,2
2007-09-27,2240.3417554570237,907.4091809333399,3147.7509363903637,2
2007-09-28,2240.3417554570237,908.0323729856475,3148.3741284426715,2
2007-10-01,2240.3417554570237,866.3649450294398,3106.7067004864634,2
2007-10-02,2240.3417554570237,864.824576087688,3105.1663315447117,2
2007-10-03,2240.3417554570237,895.6163342060452,3135.9580896630687,2
2007-10-04,2240.3417554570237,897.8166566434924,3138.158412100516,2
2007-10-05,2240.3417554570237,867.9130171565754,3108.254772613599,2
2007-10-08,2240.3417554570237,911.1895585655712,3151.531314022595,2
2007-10-09,2240.3417554570237,883.4489179523667,3123.7906734093904,2
2007-10-10,2240.3417554570237,899.9112587038603,3140.253014160884,2
2007-10-11,2240.3417554570237,914.8734297820724,3155.215185239096,2
2007-10-12,2240.3417554570237,911.0839685108285,3151.4257239678523,2
2007-10-15,2292.872700939369,896.9052569021958,3189.777957841565,2
2007-10-16,2292.872700939369,900.7328865944095,3193.605587533779,2
2007-10-17,2329.740553494701,865.4369213285706,3195.177474823272,2
2007-10-18,2329.740553494701,867.5655177589585,3197.30607125366,2
2007-10-19,2329.740553494701,803.1900459727007,3132.930599467402,2
2007-10-22,2329.740553494701,813.9280000686296,3143.6685535633305,2
2007-10-23,2329.740553494701,841.8508442181397,3171.5913977128407,2
2007-10-24,2329.740553494701,834.7262586457468,3164.466812140448,2
2007-10-25,2329.740553494701,831.5268718538266,3161.2674253485275,2
2007-10-26,2329.740553494701,872.185449471587,3201.9260029662883,2
2007-10-29,2329.740553494701,882.770012091486,3212.510565586187,2
2007-10-30,2329.740553494701,866.5912291791076,3196.3317826738084,2
2007-10-31,2329.740553494701,905.5300657940697,3235.270619288771,2
2007-11-01,2329.740553494701,819.2910685953514,3149.031622090052,2
2007-11-02,2329.740553494701,823.8158030923894,3153.5563565870907,2
2007-11-05,2329.740553494701,806.1135230307567,3135.854076525458,2
2007-11-06,2329.740553494701,864.7217330570732,3194.462286551774,2
2007-11-07,3041.969908661614,0,3041.969908661614,0
2007-11-08,3041.969908661614,0,3041.969908661614,0
2007-11-09,3041.969908661614,0,3041.969908661614,0
2007-11-12,3041.969908661614,0,3041.969908661614,0
2007-11-13,3041.969908661614,0,3041.969908661614,0
2007-11-14,3041.969908661614,0,3041.969908661614,0
2007-11-15,3041.969908661614,0,3041.969908661614,0
2007-11-16,3041.969908661614,0,3041.969908661614,0
2007-11-19,3041.969908661614,0,3041.969908661614,0
2007-11-20,3041.969908661614,0,3041.969908661614,0
2007-11-21,3041.969908661614,0,3041.969908661614,0
2007-11-23,3041.969908661614,0,3041.969908661614,0
2007-11-26,3041.969908661614,0,3041.969908661614,0
2007-11-27,3041.969908661614,0,3041.969908661614,0
2007-11-28,3041.969908661614,0,3041.969908661614,0
2007-11-29,3041.969908661614,0,3041.969908661614,0
2007-11-30,3041.969908661614,0,3041.969908661614,0
2007-12-03,3041.969908661614,0,3041.969908661614,0
2007-12-04,3041.969908661614,0,3041.969908661614,0
2007-12-05,3041.969908661614,0,3041.969908661614,0
2007-12-06,2602.1077342825147,429.26217437909963,3031.3699086616143,1
2007-12-07,2155.164914250355,867.8706772801148,3023.03559153047,2
2007-12-10,2155.164914250355,863.2128035190435,3018.3777177693987,2
2007-12-11,2155.164914250355,842.8539454166564,2998.0188596670114,2
2007-12-12,2155.164914250355,857.2294618317505,3012.3943760821057,2
2007-12-13,2155.164914250355,859.8579474180094,3015.0228616683644,2
2007-12-14,2155.164914250355,827.3566732997708,2982.5215875501262,2
2007-12-17,2155.164914250355,778.7208647345533,2933.8857789849085,2
2007-12-18,2155.164914250355,801.1860321720419,2956.350946422397,2
2007-12-19,2155.164914250355,797.8518594296015,2953.0167736799567,2
2007-12-20,2155.164914250355,819.6217965380562,2974.7867107884113,2
2007-12-21,2155.164914250355,883.9930783498554,3039.1579926002105,2
2007-12-24,2155.164914250355,911.1398892990941,3066.3048035494494,2
2007-12-26,2155.164914250355,919.6865211656091,3074.8514354159643,2
2007-12-27,2155.164914250355,875.1175952049709,3030.2825094553264,2
2007-12-28,2155.164914250355,880.8692822703827,3036.034196520738,2
2007-12-31,2155.164914250355,861.5089328877498,3016.673847138105,2
2008-01-02,2155.164914250355,799.5292144014318,2954.6941286517867,2
2008-01-03,2155.164914250355,809.0471021699244,2964.2120164202797,2
2008-01-04,2734.124883713636,0,2734.124883713636,0
2008-01-07,2734.124883713636,0,2734.124883713636,0
2008-01-08,2734.124883713636,0,2734.124883713636,0
2008-01-09,2734.124883713636,0,2734.124883713636,0
2008-01-10,2734.124883713636,0,2734.124883713636,0
2008-01-11,2734.124883713636,0,2734.124883713636,0
2008-01-14,2734.124883713636,0,2734.124883713636,0
2008-01-15,2734.124883713636,0,2734.124883713636,0
2008-01-16,2734.124883713636,0,2734.124883713636,0
2008-01-17,2734.124883713636,0,2734.124883713636,0
2008-01-18,2734.124883713636,0,2734.124883713636,0
2008-01-22,2734.124883713636,0,2734.124883713636,0
2008-01-23,2734.124883713636,0,2734.124883713636,0
2008-01-24,2734.124883713636,0,2734.124883713636,0
2008-01-25,2734.124883713636,0,2734.124883713636,0
2008-01-28,2734.124883713636,0,2734.124883713636,0
2008-01-29,2734.124883713636,0,2734.124883713636,0
2008-01-30,2734.124883713636,0,2734.124883713636,0
2008-01-31,2734.124883713636,0,2734.124883713636,0
2008-02-01,2734.124883713636,0,2734.124883713636,0
2008-02-04,2734.124883713636,0,2734.124883713636,0
2008-02-05,2734.124883713636,0,2734.124883713636,0
2008-02-06,2734.124883713636,0,2734.124883713636,0
2008-02-07,2734.124883713636,0,2734.124883713636,0
2008-02-08,2734.124883713636,0,2734.124883713636,0
2008-02-11,2734.124883713636,0,2734.124883713636,0
2008-02-12,2734.124883713636,0,2734.124883713636,0
2008-02-13,2734.124883713636,0,2734.124883713636,0
2008-02-14,2734.124883713636,0,2734.124883713636,0
2008-02-15,2734.124883713636,0,2734.124883713636,0
2008-02-19,2734.124883713636,0,2734.124883713636,0
2008-02-20,2734.124883713636,0,2734.124883713636,0
2008-02-21,2734.124883713636,0,2734.124883713636,0
2008-02-22,2734.124883713636,0,2734.124883713636,0
2008-02-25,2734.124883713636,0,2734.124883713636,0
2008-02-26,2734.124883713636,0,2734.124883713636,0
2008-02-27,2734.124883713636,0,2734.124883713636,0
2008-02-28,2734.124883713636,0,2734.124883713636,0
2008-02-29,2734.124883713636,0,2734.124883713636,0
2008-03-03,2734.124883713636,0,2734.124883713636,0
2008-03-04,2734.124883713636,0,2734.124883713636,0
2008-03-05,2734.124883713636,0,2734.124883713636,0
2008-03-06,2734.124883713636,0,2734.124883713636,0
2008-03-07,2734.124883713636,0,2734.124883713636,0
2008-03-10,2734.124883713636,0,2734.124883713636,0
2008-03-11,2734.124883713636,0,2734.124883713636,0
2008-03-12,2734.124883713636,0,2734.124883713636,0
2008-03-13,2734.124883713636,0,2734.124883713636,0
2008-03-14,2734.124883713636,0,2734.124883713636,0
2008-03-17,2734.124883713636,0,2734.124883713636,0
2008-03-18,2734.124883713636,0,2734.124883713636,0
2008-03-19,2734.124883713636,0,2734.124883713636,0
2008-03-20,2734.124883713636,0,2734.124883713636,0
2008-03-24,2734.124883713636,0,2734.124883713636,0
2008-03-25,2734.124883713636,0,2734.124883713636,0
2008-03-26,2734.124883713636,0,2734.124883713636,0
2008-03-27,2734.124883713636,0,2734.124883713636,0
2008-03-28,2734.124883713636,0,2734.124883713636,0
2008-03-31,2734.124883713636,0,2734.124883713636,0
2008-04-01,2734.124883713636,0,2734.124883713636,0
2008-04-02,2734.124883713636,0,2734.124883713636,0
2008-04-03,2734.124883713636,0,2734.124883713636,0
2008-04-04,2734.124883713636,0,2734.124883713636,0
2008-04-07,2734.124883713636,0,2734.124883713636,0
2008-04-08,2734.124883713636,0,2734.124883713636,0
2008-04-09,2734.124883713636,0,2734.124883713636,0
2008-04-10,2734.124883713636,0,2734.124883713636,0
2008-04-11,2734.124883713636,0,2734.124883713636,0
2008-04-14,2734.124883713636,0,2734.124883713636,0
2008-04-15,2734.124883713636,0,2734.124883713636,0
2008-04-16,2734.124883713636,0,2734.124883713636,0
2008-04-17,2734.124883713636,0,2734.124883713636,0
2008-04-18,2734.124883713636,0,2734.124883713636,0
2008-04-21,2734.124883713636,0,2734.124883713636,0
2008-04-22,2734.124883713636,0,2734.124883713636,0
2008-04-23,2734.124883713636,0,2734.124883713636,0
2008-04-24,2734.124883713636,0,2734.124883713636,0
2008-04-25,2734.124883713636,0,2734.124883713636,0
2008-04-28,2734.124883713636,0,2734.124883713636,0
2008-04-29,2734.124883713636,0,2734.124883713636,0
2008-04-30,2734.124883713636,0,2734.124883713636,0
2008-05-01,2734.124883713636,0,2734.124883713636,0
2008-05-02,2734.124883713636,0,2734.124883713636,0
2008-05-05,2734.124883713636,0,2734.124883713636,0
2008-05-06,2734.124883713636,0,2734.124883713636,0
2008-05-07,2734.124883713636,0,2734.124883713636,0
2008-05-08,2734.124883713636,0,2734.124883713636,0
2008-05-09,2734.124883713636,0,2734.124883713636,0
2008-05-12,2734.124883713636,0,2734.124883713636,0
2008-05-13,2734.124883713636,0,2734.124883713636,0
2008-05-14,2734.124883713636,0,2734.124883713636,0
2008-05-15,2734.124883713636,0,2734.124883713636,0
2008-05-16,2734.124883713636,0,2734.124883713636,0
2008-05-19,2734.124883713636,0,2734.124883713636,0
2008-05-20,2734.124883713636,0,2734.124883713636,0
2008-05-21,2734.124883713636,0,2734.124883713636,0
2008-05-22,2734.124883713636,0,2734.124883713636,0
2008-05-23,2734.124883713636,0,2734.124883713636,0
2008-05-27,2734.124883713636,0,2734.124883713636,0
2008-05-28,2734.124883713636,0,2734.124883713636,0
2008-05-29,2734.124883713636,0,2734.124883713636,0
2008-05-30,2734.124883713636,0,2734.124883713636,0
2008-06-02,2734.124883713636,0,2734.124883713636,0
2008-06-03,2734.124883713636,0,2734.124883713636,0
2008-06-04,2734.124883713636,0,2734.124883713636,0
2008-06-05,2734.124883713636,0,2734.124883713636,0
2008-06-06,2734.124883713636,0,2734.124883713636,0
2008-06-09,2734.124883713636,0,2734.124883713636,0
2008-06-10,2734.124883713636,0,2734.124883713636,0
2008-06-11,2734.124883713636,0,2734.124883713636,0
2008-06-12,2734.124883713636,0,2734.124883713636,0
2008-06-13,2734.124883713636,0,2734.124883713636,0
2008-06-16,2734.124883713636,0,2734.124883713636,0
2008-06-17,2734.124883713636,0,2734.124883713636,0
2008-06-18,2734.124883713636,0,2734.124883713636,0
2008-06-19,2734.124883713636,0,2734.124883713636,0
2008-06-20,2734.124883713636,0,2734.124883713636,0
2008-06-23,2734.124883713636,0,2734.124883713636,0
2008-06-24,2734.124883713636,0,2734.124883713636,0
2008-06-25,2734.124883713636,0,2734.124883713636,0
2008-06-26,2734.124883713636,0,2734.124883713636,0
2008-06-27,2734.124883713636,0,2734.124883713636,0
2008-06-30,2734.124883713636,0,2734.124883713636,0
2008-07-01,2734.124883713636,0,2734.124883713636,0
2008-07-02,2734.124883713636,0,2734.124883713636,0
2008-07-03,2734.124883713636,0,2734.124883713636,0
2008-07-07,2734.124883713636,0,2734.124883713636,0
2008-07-08,2734.124883713636,0,2734.124883713636,0
2008-07-09,2734.124883713636,0,2734.124883713636,0
2008-07-10,2734.124883713636,0,2734.124883713636,0
2008-07-11,2734.124883713636,0,2734.124883713636,0
2008-07-14,2734.124883713636,0,2734.124883713636,0
2008-07-15,2734.124883713636,0,2734.124883713636,0
2008-07-16,2734.124883713636,0,2734.124883713636,0
2008-07-17,2734.124883713636,0,2734.124883713636,0
2008-07-18,2734.124883713636,0,2734.124883713636,0
2008-07-21,2734.124883713636,0,2734.124883713636,0
2008-07-22,2734.124883713636,0,2734.124883713636,0
2008-07-23,2734.124883713636,0,2734.124883713636,0
2008-07-24,2734.124883713636,0,2734.124883713636,0
2008-07-25,2734.124883713636,0,2734.124883713636,0
2008-07-28,2734.124883713636,0,2734.124883713636,0
2008-07-29,2734.124883713636,0,2734.124883713636,0
2008-07-30,2734.124883713636,0,2734.124883713636,0
2008-07-31,2734.124883713636,0,2734.124883713636,0
2008-08-01,2734.124883713636,0,2734.124883713636,0
2008-08-04,2734.124883713636,0,2734.124883713636,0
2008-08-05,2734.124883713636,0,2734.124883713636,0
2008-08-06,2734.124883713636,0,2734.124883713636,0
2008-08-07,2734.124883713636,0,2734.124883713636,0
2008-08-08,2734.124883713636,0,2734.124883713636,0
2008-08-11,2734.124883713636,0,2734.124883713636,0
2008-08-12,2734.124883713636,0,2734.124883713636,0
2008-08-13,2734.124883713636,0,2734.124883713636,0
2008-08-14,2734.124883713636,0,2734.124883713636,0
2008-08-15,2734.124883713636,0,2734.124883713636,0
2008-08-18,2734.124883713636,0,2734.124883713636,0
2008-08-19,2734.124883713636,0,2734.124883713636,0
2008-08-20,2734.124883713636,0,2734.124883713636,0
2008-08-21,2734.124883713636,0,2734.124883713636,0
2008-08-22,2734.124883713636,0,2734.124883713636,0
2008-08-25,2734.124883713636,0,2734.124883713636,0
2008-08-26,2734.124883713636,0,2734.124883713636,0
2008-08-27,2734.124883713636,0,2734.124883713636,0
2008-08-28,2734.124883713636,0,2734.124883713636,0
2008-08-29,2734.124883713636,0,2734.124883713636,0
2008-09-02,2734.124883713636,0,2734.124883713636,0
2008-09-03,2734.124883713636,0,2734.124883713636,0
2008-09-04,2734.124883713636,0,2734.124883713636,0
2008-09-05,2734.124883713636,0,2734.124883713636,0
2008-09-08,2734.124883713636,0,2734.124883713636,0
2008-09-09,2734.124883713636,0,2734.124883713636,0
2008-09-10,2734.124883713636,0,2734.124883713636,0
2008-09-11,2734.124883713636,0,2734.124883713636,0
2008-09-12,2734.124883713636,0,2734.124883713636,0
2008-09-15,2734.124883713636,0,2734.124883713636,0
2008-09-16,2734.124883713636,0,2734.124883713636,0
2008-09-17,2734.124883713636,0,2734.124883713636,0
2008-09-18,2734.124883713636,0,2734.124883713636,0
2008-09-19,2734.124883713636,0,2734.124883713636,0
2008-09-22,2734.124883713636,0,2734.124883713636,0
2008-09-23,2734.124883713636,0,2734.124883713636,0
2008-09-24,2734.124883713636,0,2734.124883713636,0
2008-09-25,2734.124883713636,0,2734.124883713636,0
2008-09-26,2734.124883713636,0,2734.124883713636,0
2008-09-29,2734.124883713636,0,2734.124883713636,0
2008-09-30,2734.124883713636,0,2734.124883713636,0
2008-10-01,2734.124883713636,0,2734.124883713636,0
2008-10-02,2734.124883713636,0,2734.124883713636,0
2008-10-03,2734.124883713636,0,2734.124883713636,0
2008-10-06,2734.124883713636,0,2734.124883713636,0
2008-10-07,2734.124883713636,0,2734.124883713636,0
2008-10-08,2734.124883713636,0,2734.124883713636,0
2008-10-09,2734.124883713636,0,2734.124883713636,0
2008-10-10,2734.124883713636,0,2734.124883713636,0
2008-10-13,2734.124883713636,0,2734.124883713636,0
2008-10-14,2734.124883713636,0,2734.124883713636,0
2008-10-15,2734.124883713636,0,2734.124883713636,0
2008-10-16,2734.124883713636,0,2734.124883713636,0
2008-10-17,2734.124883713636,0,2734.124883713636,0
2008-10-20,2734.124883713636,0,2734.124883713636,0
2008-10-21,2734.124883713636,0,2734.124883713636,0
2008-10-22,2734.124883713636,0,2734.124883713636,0
2008-10-23,2734.124883713636,0,2734.124883713636,0
2008-10-24,2734.124883713636,0,2734.124883713636,0
2008-10-27,2734.124883713636,0,2734.124883713636,0
2008-10-28,2734.124883713636,0,2734.124883713636,0
2008-10-29,2734.124883713636,0,2734.124883713636,0
2008-10-30,2734.124883713636,0,2734.124883713636,0
2008-10-31,2734.124883713636,0,2734.124883713636,0
2008-11-03,2734.124883713636,0,2734.124883713636,0
2008-11-04,2734.124883713636,0,2734.124883713636,0
2008-11-05,2734.124883713636,0,2734.124883713636,0
2008-11-06,2734.124883713636,0,2734.124883713636,0
2008-11-07,2734.124883713636,0,2734.124883713636,0
2008-11-10,2734.124883713636,0,2734.124883713636,0
2008-11-11,2734.124883713636,0,2734.124883713636,0
2008-11-12,2734.124883713636,0,2734.124883713636,0
2008-11-13,2734.124883713636,0,2734.124883713636,0
2008-11-14,2734.124883713636,0,2734.124883713636,0
2008-11-17,2734.124883713636,0,2734.124883713636,0
2008-11-18,2734.124883713636,0,2734.124883713636,0
2008-11-19,2734.124883713636,0,2734.124883713636,0
2008-11-20,2734.124883713636,0,2734.124883713636,0
2008-11-21,2734.124883713636,0,2734.124883713636,0
2008-11-24,2734.124883713636,0,2734.124883713636,0
2008-11-25,2734.124883713636,0,2734.124883713636,0
2008-11-26,2734.124883713636,0,2734.124883713636,0
2008-11-28,2734.124883713636,0,2734.124883713636,0
2008-12-01,2734.124883713636,0,2734.124883713636,0
2008-12-02,2734.124883713636,0,2734.124883713636,0
2008-12-03,2734.124883713636,0,2734.124883713636,0
2008-12-04,2734.124883713636,0,2734.124883713636,0
2008-12-05,2734.124883713636,0,2734.124883713636,0
2008-12-08,2734.124883713636,0,2734.124883713636,0
2008-12-09,2734.124883713636,0,2734.124883713636,0
2008-12-10,2734.124883713636,0,2734.124883713636,0
2008-12-11,2734.124883713636,0,2734.124883713636,0
2008-12-12,2734.124883713636,0,2734.124883713636,0
2008-12-15,2734.124883713636,0,2734.124883713636,0
2008-12-16,2734.124883713636,0,2734.124883713636,0
2008-12-17,2734.124883713636,0,2734.124883713636,0
2008-12-18,2734.124883713636,0,2734.124883713636,0
2008-12-19,2734.124883713636,0,2734.124883713636,0
2008-12-22,2734.124883713636,0,2734.124883713636,0
2008-12-23,2734.124883713636,0,2734.124883713636,0
2008-12-24,2734.124883713636,0,2734.124883713636,0
2008-12-26,2734.124883713636,0,2734.124883713636,0
2008-12-29,2734.124883713636,0,2734.124883713636,0
2008-12-30,2734.124883713636,0,2734.124883713636,0
2008-12-31,2734.124883713636,0,2734.124883713636,0
2009-01-02,2734.124883713636,0,2734.124883713636,0
2009-01-05,2734.124883713636,0,2734.124883713636,0
2009-01-06,2734.124883713636,0,2734.124883713636,0
2009-01-07,2734.124883713636,0,2734.124883713636,0
2009-01-08,2734.124883713636,0,2734.124883713636,0
2009-01-09,2734.124883713636,0,2734.124883713636,0
2009-01-12,2734.124883713636,0,2734.124883713636,0
2009-01-13,2734.124883713636,0,2734.124883713636,0
2009-01-14,2734.124883713636,0,2734.124883713636,0
2009-01-15,2734.124883713636,0,2734.124883713636,0
2009-01-16,2734.124883713636,0,2734.124883713636,0
2009-01-20,2734.124883713636,0,2734.124883713636,0
2009-01-21,2734.124883713636,0,2734.124883713636,0
2009-01-22,2734.124883713636,0,2734.124883713636,0
2009-01-23,2734.124883713636,0,2734.124883713636,0
2009-01-26,2734.124883713636,0,2734.124883713636,0
2009-01-27,2734.124883713636,0,2734.124883713636,0
2009-01-28,2734.124883713636,0,2734.124883713636,0
2009-01-29,2734.124883713636,0,2734.124883713636,0
2009-01-30,2734.124883713636,0,2734.124883713636,0
2009-02-02,2734.124883713636,0,2734.124883713636,0
2009-02-03,2734.124883713636,0,2734.124883713636,0
2009-02-04,2734.124883713636,0,2734.124883713636,0
2009-02-05,2734.124883713636,0,2734.124883713636,0
2009-02-06,2734.124883713636,0,2734.124883713636,0
2009-02-09,2734.124883713636,0,2734.124883713636,0
2009-02-10,2734.124883713636,0,2734.124883713636,0
2009-02-11,2734.124883713636,0,2734.124883713636,0
2009-02-12,2734.124883713636,0,2734.124883713636,0
2009-02-13,2734.124883713636,0,2734.124883713636,0
2009-02-17,2734.124883713636,0,2734.124883713636,0
2009-02-18,2734.124883713636,0,2734.124883713636,0
2009-02-19,2734.124883713636,0,2734.124883713636,0
2009-02-20,2734.124883713636,0,2734.124883713636,0
2009-02-23,2734.124883713636,0,2734.124883713636,0
2009-02-24,2734.124883713636,0,2734.124883713636,0
2009-02-25,2734.124883713636,0,2734.124883713636,0
2009-02-26,2734.124883713636,0,2734.124883713636,0
2009-02-27,2734.124883713636,0,2734.124883713636,0
2009-03-02,2734.124883713636,0,2734.124883713636,0
2009-03-03,2734.124883713636,0,2734.124883713636,0
2009-03-04,2734.124883713636,0,2734.124883713636,0
2009-03-05,2734.124883713636,0,2734.124883713636,0
2009-03-06,2734.124883713636,0,2734.124883713636,0
2009-03-09,2734.124883713636,0,2734.124883713636,0
2009-03-10,2734.124883713636,0,2734.124883713636,0
2009-03-11,2734.124883713636,0,2734.124883713636,0
2009-03-12,2734.124883713636,0,2734.124883713636,0
2009-03-13,2734.124883713636,0,2734.124883713636,0
2009-03-16,2734.124883713636,0,2734.124883713636,0
2009-03-17,2734.124883713636,0,2734.124883713636,0
2009-03-18,2734.124883713636,0,2734.124883713636,0
2009-03-19,2734.124883713636,0,2734.124883713636,0
2009-03-20,2734.124883713636,0,2734.124883713636,0
2009-03-23,2734.124883713636,0,2734.124883713636,0
2009-03-24,2734.124883713636,0,2734.124883713636,0
2009-03-25,2734.124883713636,0,2734.124883713636,0
2009-03-26,2734.124883713636,0,2734.124883713636,0
2009-03-27,2734.124883713636,0,2734.124883713636,0
2009-03-30,2734.124883713636,0,2734.124883713636,0
2009-03-31,2734.124883713636,0,2734.124883713636,0
2009-04-01,2734.124883713636,0,2734.124883713636,0
2009-04-02,2734.124883713636,0,2734.124883713636,0
2009-04-03,2734.124883713636,0,2734.124883713636,0
2009-04-06,2734.124883713636,0,2734.124883713636,0
2009-04-07,2734.124883713636,0,2734.124883713636,0
2009-04-08,2734.124883713636,0,2734.124883713636,0
2009-04-09,2734.124883713636,0,2734.124883713636,0
2009-04-13,2734.124883713636,0,2734.124883713636,0
2009-04-14,2734.124883713636,0,2734.124883713636,0
2009-04-15,2734.124883713636,0,2734.124883713636,0
2009-04-16,2734.124883713636,0,2734.124883713636,0
2009-04-17,2734.124883713636,0,2734.124883713636,0
2009-04-20,2734.124883713636,0,2734.124883713636,0
2009-04-21,2734.124883713636,0,2734.124883713636,0
2009-04-22,2734.124883713636,0,2734.124883713636,0
2009-04-23,2734.124883713636,0,2734.124883713636,0
2009-04-24,2734.124883713636,0,2734.124883713636,0
2009-04-27,2734.124883713636,0,2734.124883713636,0
2009-04-28,2734.124883713636,0,2734.124883713636,0
2009-04-29,2734.124883713636,0,2734.124883713636,0
2009-04-30,2734.124883713636,0,2734.124883713636,0
2009-05-01,2734.124883713636,0,2734.124883713636,0
2009-05-04,2734.124883713636,0,2734.124883713636,0
2009-05-05,2734.124883713636,0,2734.124883713636,0
2009-05-06,2734.124883713636,0,2734.124883713636,0
2009-05-07,2734.124883713636,0,2734.124883713636,0
2009-05-08,2734.124883713636,0,2734.124883713636,0
2009-05-11,2734.124883713636,0,2734.124883713636,0
2009-05-12,2734.124883713636,0,2734.124883713636,0
2009-05-13,2734.124883713636,0,2734.124883713636,0
2009-05-14,2734.124883713636,0,2734.124883713636,0
2009-05-15,2734.124883713636,0,2734.124883713636,0
2009-05-18,2734.124883713636,0,2734.124883713636,0
2009-05-19,2271.388037763874,452.136845949762,2723.524883713636,1
2009-05-20,1806.351750108297,904.383646988238,2710.735397096535,2
2009-05-21,1806.351750108297,890.6513136853896,2697.0030637936866,2
2009-05-22,1806.351750108297,889.8513066140383,2696.2030567223355,2
2009-05-26,1806.351750108297,907.6831734185273,2714.034923526824,2
2009-05-27,1806.351750108297,893.1543541320966,2699.5061042403936,2
2009-05-28,1806.351750108297,905.7856699463848,2712.1374200546816,2
2009-05-29,1806.351750108297,913.0544161873487,2719.4061662956456,2
2009-06-01,2201.565145197633,434.16242035258085,2635.7275655502135,1
2009-06-02,1737.3618772670334,887.6698275239985,2625.031704791032,2
2009-06-03,1737.3618772670334,904.0359680536048,2641.397845320638,2
2009-06-04,1737.3618772670334,896.5773589814657,2633.939236248499,2
2009-06-05,1737.3618772670334,905.2413447642257,2642.603222031259,2
2009-06-08,1737.3618772670334,914.2458889441023,2651.6077662111356,2
2009-06-09,1737.3618772670334,920.672747760881,2658.0346250279144,2
2009-06-10,1737.3618772670334,924.604593692296,2661.9664709593294,2
2009-06-11,1737.3618772670334,927.1398384113695,2664.501715678403,2
2009-06-12,1737.3618772670334,930.2802904263053,2667.6421676933387,2
2009-06-15,2215.1284130681097,442.8346667632285,2657.9630798313383,1
2009-06-16,2215.1284130681097,433.56762511859097,2648.6960381867007,1
2009-06-17,2215.1284130681097,432.76193230609294,2647.8903453742028,1
2009-06-18,2215.1284130681097,440.46393672075703,2655.5923497888666,1
2009-06-19,1751.5038938013465,898.6852964484342,2650.189190249781,2
2009-06-22,2162.188015722918,438.0171669720693,2600.2051826949873,1
2009-06-23,2162.188015722918,438.7614443524691,2600.949460075387,1
2009-06-24,1697.9397130870725,895.8229947507383,2593.762707837811,2
2009-06-25,1697.9397130870725,906.4458945024528,2604.3856075895255,2
2009-06-26,1697.9397130870725,909.9862946715648,2607.9260077586373,2
2009-06-29,1697.9397130870725,910.8942741670746,2608.8339872541474,2
2009-06-30,1697.9397130870725,914.1523894778948,2612.0921025649673,2
2009-07-01,1697.9397130870725,914.9292686272402,2612.8689817143127,2
2009-07-02,1697.9397130870725,893.3002459148156,2591.239959001888,2
2009-07-06,1697.9397130870725,898.2492625571793,2596.188975644252,2
2009-07-07,1697.9397130870725,867.852276066272,2565.7919891533447,2
2009-07-08,1697.9397130870725,865.071746628856,2563.0114597159286,2
2009-07-09,1697.9397130870725,874.4194772780866,2572.359190365159,2
2009-07-10,1697.9397130870725,870.0285808633303,2567.9682939504028,2
2009-07-13,1697.9397130870725,927.172048062006,2625.1117611490786,2
2009-07-14,1697.9397130870725,943.0993669932077,2641.03908008028,2
2009-07-15,1721.0000220880293,924.2090038802469,2645.2090259682764,2
2009-07-16,1721.0000220880293,921.8046560769712,2642.8046781650005,2
2009-07-17,1721.0000220880293,931.7300688530281,2652.7300909410574,2
2009-07-20,1721.0000220880293,924.0384138702278,2645.038435958257,2
2009-07-21,1721.0000220880293,922.7032926723678,2643.703314760397,2
2009-07-22,1721.0000220880293,934.0024636297452,2655.0024857177746,2
2009-07-23,2058.50601606543,450.1606991397487,2508.6667152051787,1
2009-07-24,1602.7469654553204,896.952848464008,2499.6998139193283,2
2009-07-27,1602.7469654553204,896.3632246705163,2499.1101901258367,2
2009-07-28,1602.7469654553204,894.866578287533,2497.6135437428534,2
2009-07-29,1602.7469654553204,891.5307553371081,2494.277720792428,2
2009-07-30,1602.7469654553204,893.7139132585355,2496.460878713856,2
2009-07-31,1602.7469654553204,892.4303816538156,2495.177347109136,2
2009-08-03,1602.7469654553204,860.8717110334105,2463.6186764887307,2
2009-08-04,1602.7469654553204,859.1678085530951,2461.9147740084154,2
2009-08-05,1602.7469654553204,878.7837006788982,2481.5306661342183,2
2009-08-06,1602.7469654553204,895.8215605963521,2498.5685260516725,2
2009-08-07,1602.7469654553204,855.5883049581391,2458.3352704134595,2
2009-08-10,1602.7469654553204,892.9404329672424,2495.6873984225626,2
2009-08-11,1602.7469654553204,921.0527410521984,2523.7997065075187,2
2009-08-12,1602.7469654553204,908.3769369718631,2511.1239024271836,2
2009-08-13,1602.7469654553204,896.8430196476997,2499.58998510302,2
2009-08-14,1602.7469654553204,937.0761741837271,2539.8231396390474,2
2009-08-17,1602.7469654553204,930.2823391192262,2533.0293045745466,2
2009-08-18,1620.6526735114255,922.3878293669591,2543.0405028783844,2
2009-08-19,1637.2919324408695,898.6735005929572,2535.9654330338267,2
2009-08-20,1637.2919324408695,898.3330997674926,2535.625032208362,2
2009-08-21,1581.7695816173944,873.1928298478622,2454.9624114652565,2
2009-08-24,1581.7695816173944,881.1553769079205,2462.9249585253147,2
2009-08-25,1581.7695816173944,879.7906721762371,2461.5602537936315,2
2009-08-26,1581.7695816173944,882.2651854660429,2464.034767083437,2
2009-08-27,1581.7695816173944,880.2887421701623,2462.0583237875567,2
2009-08-28,1581.7695816173944,888.037653156136,2469.8072347735306,2
2009-08-31,1581.7695816173944,899.16829150473,2480.937873122124,2
2009-09-01,1581.7695816173944,876.0731038382839,2457.8426854556783,2
2009-09-02,1581.7695816173944,871.7869769126803,2453.5565585300747,2
2009-09-03,1581.7695816173944,888.5905609473297,2470.360142564724,2
2009-09-04,1581.7695816173944,910.5432552273477,2492.312836844742,2
2009-09-08,1581.7695816173944,924.8339539387384,2506.6035355561326,2
2009-09-09,1581.7695816173944,934.0473186062823,2515.8169002236764,2
2009-09-10,1581.7695816173944,928.5577328511725,2510.327314468567,2
2009-09-11,1581.7695816173944,934.3434872438677,2516.113068861262,2
2009-09-14,1603.690444975285,910.2404179370772,2513.930862912362,2
2009-09-15,1603.690444975285,910.4118437508183,2514.1022887261033,2
2009-09-16,1603.690444975285,831.0861604353408,2434.776605410626,2
2009-09-17,1603.690444975285,866.4817503893222,2470.172195364607,2
2009-09-18,1603.690444975285,857.7013562152274,2461.3918011905125,2
2009-09-21,1631.016615411851,877.7065340128324,2508.7231494246835,2
2009-09-22,1631.016615411851,871.3161461351895,2502.3327615470407,2
2009-09-23,1631.016615411851,890.3135012472437,2521.3301166590945,2
2009-09-24,1631.016615411851,885.2771118213564,2516.2937272332074,2
2009-09-25,1631.016615411851,878.4167836366978,2509.433399048549,2
2009-09-28,1631.016615411851,893.7544286793324,2524.7710440911833,2
2009-09-29,1631.016615411851,895.8419849206907,2526.8586003325418,2
2009-09-30,1631.016615411851,895.9739859407255,2526.9906013525765,2
2009-10-01,1631.016615411851,854.5807890790591,2485.59740449091,2
2009-10-02,1631.016615411851,845.262738438483,2476.279353850334,2
2009-10-05,1631.016615411851,881.6435405183814,2512.6601559302326,2
2009-10-06,1631.016615411851,908.946075806314,2539.9626912181648,2
2009-10-07,1631.016615411851,919.6314598086026,2550.6480752204534,2
2009-10-08,1652.9482200042005,897.2313138988898,2550.1795339030905,2
2009-10-09,1652.9482200042005,905.3291031848681,2558.2773231890687,2
2009-10-12,1652.9482200042005,913.2959268332272,2566.2441468374277,2
2009-10-13,1652.9482200042005,917.4759787785135,2570.424198782714,2
2009-10-14,1652.9482200042005,893.2511688495351,2546.1993888537354,2
2009-10-15,1673.941612309777,861.5865214078348,2535.5281337176116,2
2009-10-16,1673.941612309777,885.4295575822139,2559.3711698919906,2
2009-10-19,1673.941612309777,876.3929272514744,2550.3345395612514,2
2009-10-20,1673.941612309777,897.8126729668821,2571.754285276659,2
2009-10-21,1673.941612309777,895.3551723788505,2569.2967846886277,2
2009-10-22,1673.941612309777,904.5778687560819,2578.5194810658586,2
2009-10-23,1673.941612309777,898.950431693725,2572.8920440035017,2
2009-10-26,1673.941612309777,881.5726752811137,2555.5142875908905,2
2009-10-27,1673.941612309777,875.5466965192484,2549.4883088290253,2
2009-10-28,2062.6088440616513,433.2336487308889,2495.8424927925403,1
2009-10-29,1606.8749883079602,905.8442114155093,2512.7191997234695,2
2009-10-30,1606.8749883079602,852.6941510172223,2459.5691393251827,2
2009-11-02,1606.8749883079602,869.2741709769712,2476.1491592849316,2
2009-11-03,1606.8749883079602,877.7794103787535,2484.6543986867136,2
2009-11-04,1606.8749883079602,885.2886316093827,2492.1636199173427,2
2009-11-05,1627.673554028763,891.360411672004,2519.033965700767,2
2009-11-06,1627.673554028763,896.9809381420704,2524.6544921708332,2
2009-11-09,1627.673554028763,886.8080246696259,2514.481578698389,2
2009-11-10,1627.673554028763,894.2554599051177,2521.929013933881,2
2009-11-11,1627.673554028763,877.6224081620218,2505.295962190785,2
2009-11-12,1627.673554028763,903.2121890697788,2530.8857430985418,2
2009-11-13,1627.673554028763,901.3050880247731,2528.978642053536,2
2009-11-16,1627.673554028763,860.2772851887299,2487.950839217493,2
2009-11-17,1627.673554028763,869.7922973721165,2497.4658514008797,2
2009-11-18,1627.673554028763,891.5136192224697,2519.1871732512327,2
2009-11-19,1627.673554028763,933.5738542921597,2561.2474083209227,2
2009-11-20,1646.8116568514797,912.211315110878,2559.0229719623576,2
2009-11-23,1646.8116568514797,907.7982053511568,2554.6098622026366,2
2009-11-24,1646.8116568514797,920.5160066212035,2567.327663472683,2
2009-11-25,1646.8116568514797,911.9722988851099,2558.7839557365896,2
2009-11-27,1646.8116568514797,919.1155075295744,2565.9271643810544,2
2009-11-30,1671.4905999037821,892.479691048215,2563.9702909519974,2
2009-12-01,1671.4905999037821,901.1064034547917,2572.5970033585736,2
2009-12-02,1671.4905999037821,909.0761869410696,2580.566786844852,2
2009-12-03,1671.4905999037821,905.6618604914133,2577.1524603951957,2
2009-12-04,1671.4905999037821,914.7938771192445,2586.2844770230267,2
2009-12-07,1671.4905999037821,916.4498147684836,2587.940414672266,2
2009-12-08,1671.4905999037821,902.0734696187408,2573.564069522523,2
2009-12-09,1671.4905999037821,912.4719482794455,2583.9625481832277,2
2009-12-10,1671.4905999037821,921.9582299931988,2593.448829896981,2
2009-12-11,1671.4905999037821,930.8201730412849,2602.310772945067,2
2009-12-14,1694.2871340476822,908.8452373449784,2603.1323713926604,2
2009-12-15,1694.2871340476822,905.6110285543941,2599.8981626020764,2
2009-12-16,1694.2871340476822,912.8992055582371,2607.1863396059193,2
2009-12-17,1694.2871340476822,890.0390549715169,2584.326189019199,2
2009-12-18,1694.2871340476822,903.8600241083848,2598.1471581560672,2
2009-12-21,1722.3187740545113,887.4427194121624,2609.7614934666735,2
2009-12-22,1722.3187740545113,895.1786665457676,2617.497440600279,2
2009-12-23,1722.3187740545113,894.6759205991891,2616.9946946537,2
2009-12-24,1722.3187740545113,892.3002957419283,2614.6190697964394,2
2009-12-28,1722.3187740545113,900.0822575854629,2622.4010316399745,2
2009-12-29,1722.3187740545113,905.4185010583034,2627.7372751128146,2
2009-12-30,1722.3187740545113,909.4950359249244,2631.813809979436,2
2009-12-31,1722.3187740545113,902.5096899386535,2624.828463993165,2
2010-01-04,1722.3187740545113,923.1479530924498,2645.466727146961,2
2010-01-05,1757.0645491390521,881.6523001411953,2638.7168492802475,2
2010-01-06,1757.0645491390521,887.0088116828748,2644.073360821927,2
2010-01-07,1757.0645491390521,881.1851472833634,2638.2496964224156,2
2010-01-08,1757.0645491390521,888.6537525480851,2645.7183016871372,2
2010-01-11,1757.0645491390521,908.0580358196167,2665.122584958669,2
2010-01-12,1786.47783338512,881.7867334544032,2668.2645668395235,2
2010-01-13,1786.47783338512,879.1586846209127,2665.636518006033,2
2010-01-14,1786.47783338512,879.8951994211809,2666.373032806301,2
2010-01-15,1786.47783338512,891.8754034983103,2678.3532368834303,2
2010-01-19,1786.47783338512,898.9894594716777,2685.467292856798,2
2010-01-20,1786.47783338512,900.0061921207472,2686.484025505867,2
2010-01-21,1786.47783338512,849.7898078653114,2636.2676412504316,2
2010-01-22,1786.47783338512,775.2186788002269,2561.696512185347,2
2010-01-25,1786.47783338512,789.9964490659754,2576.4742824510954,2
2010-01-26,2170.833760972416,386.55751770333495,2557.391278675751,1
2010-01-27,2170.833760972416,400.55711623356177,2571.3908772059776,1
2010-01-28,2536.623710088863,0,2536.623710088863,0
2010-01-29,2536.623710088863,0,2536.623710088863,0
2010-02-01,2536.623710088863,0,2536.623710088863,0
2010-02-02,2536.623710088863,0,2536.623710088863,0
2010-02-03,2536.623710088863,0,2536.623710088863,0
2010-02-04,2536.623710088863,0,2536.623710088863,0
2010-02-05,2536.623710088863,0,2536.623710088863,0
2010-02-08,2536.623710088863,0,2536.623710088863,0
2010-02-09,2536.623710088863,0,2536.623710088863,0
2010-02-10,2536.623710088863,0,2536.623710088863,0
2010-02-11,2536.623710088863,0,2536.623710088863,0
2010-02-12,2536.623710088863,0,2536.623710088863,0
2010-02-16,2536.623710088863,0,2536.623710088863,0
2010-02-17,2536.623710088863,0,2536.623710088863,0
2010-02-18,2536.623710088863,0,2536.623710088863,0
2010-02-19,2085.031629872929,440.992080215934,2526.023710088863,1
2010-02-22,2085.031629872929,443.2109510471264,2528.2425809200554,1
2010-02-23,2085.031629872929,432.24933213468813,2517.2809620076173,1
2010-02-24,2085.031629872929,442.58036262581203,2527.611992498741,1
2010-02-25,2085.031629872929,442.2189205100489,2527.250550382978,1
2010-02-26,2085.031629872929,445.51149830855763,2530.5431281814867,1
2010-03-01,1639.5209787560927,889.295299890084,2528.8162786461767,2
2010-03-02,1639.5209787560927,892.5467208813043,2532.067699637397,2
2010-03-03,1639.5209787560927,897.1409972053449,2536.6619759614377,2
2010-03-04,1639.5209787560927,898.1444418063709,2537.6654205624636,2
2010-03-05,1639.5209787560927,878.2830933999035,2517.8040721559964,2
2010-03-08,1639.5209787560927,891.2988087262027,2530.8197874822954,2
2010-03-09,1639.5209787560927,887.9061484322417,2527.4271271883345,2
2010-03-10,1639.5209787560927,859.2723885020273,2498.7933672581203,2
2010-03-11,1639.5209787560927,849.2483086037546,2488.769287359847,2
2010-03-12,1639.5209787560927,868.3358011515681,2507.856779907661,2
2010-03-15,1639.5209787560927,885.4691126703335,2524.9900914264263,2
2010-03-16,1639.5209787560927,842.3053986232819,2481.8263773793747,2
2010-03-17,1561.161619108167,877.7211644093587,2438.8827835175257,2
2010-03-18,1561.161619108167,890.2399538154218,2451.401572923589,2
2010-03-19,1561.161619108167,911.5496075588901,2472.7112266670574,2
2010-03-22,1582.2172689463332,886.1941219660464,2468.41139091238,2
2010-03-23,1582.2172689463332,889.8079422075236,2472.0252111538566,2
2010-03-24,1582.2172689463332,884.2487884114314,2466.466057357765,2
2010-03-25,1582.2172689463332,879.2374904059877,2461.454759352321,2
2010-03-26,1582.2172689463332,887.5997898120924,2469.8170587584254,2
2010-03-29,1582.2172689463332,896.9163113789732,2479.1335803253064,2
2010-03-30,1582.2172689463332,905.7687056370646,2487.985974583398,2
2010-03-31,1582.2172689463332,904.8438900735172,2487.0611590198505,2
2010-04-01,1582.2172689463332,906.0675014754647,2488.284770421798,2
2010-04-05,1582.2172689463332,916.6108124431944,2498.8280813895276,2
2010-04-06,1582.2172689463332,928.9479052178635,2511.1651741641967,2
2010-04-07,1617.5858879255297,893.3325645663588,2510.9184524918883,2
2010-04-08,1617.5858879255297,892.8717068031686,2510.4575947286985,2
2010-04-09,1617.5858879255297,880.4711961267969,2498.057084052327,2
2010-04-12,1617.5858879255297,901.0235826791627,2518.6094706046924,2
2010-04-13,1617.5858879255297,894.6531156764805,2512.23900360201,2
2010-04-14,1617.5858879255297,842.2936659955571,2459.879553921087,2
2010-04-15,1617.5858879255297,838.5980070858827,2456.1838950114125,2
2010-04-16,1642.9145964297743,863.0523061941119,2505.966902623886,2
2010-04-19,1642.9145964297743,878.5649164643665,2521.479512894141,2
2010-04-20,1642.9145964297743,881.5198733625487,2524.434469792323,2
2010-04-21,1642.9145964297743,881.4915923556472,2524.4061887854214,2
2010-04-22,1642.9145964297743,874.9190972946735,2517.8336937244476,2
2010-04-23,1642.9145964297743,835.663326165266,2478.57792259504,2
2010-04-26,1642.9145964297743,872.3703892097167,2515.284985639491,2
2010-04-27,1642.9145964297743,872.940478435906,2515.8550748656803,2
2010-04-28,1642.9145964297743,890.4854083414119,2533.400004771186,2
2010-04-29,1642.9145964297743,901.6563788972229,2544.570975326997,2
2010-04-30,1642.9145964297743,893.360618629299,2536.275215059073,2
2010-05-03,1642.9145964297743,923.9110120725129,2566.825608502287,2
2010-05-04,1642.9145964297743,883.2949583773673,2526.2095548071416,2
2010-05-05,1642.9145964297743,864.4082696933538,2507.322866123128,2
2010-05-06,2340.997109247961,0,2340.997109247961,0
2010-05-07,2340.997109247961,0,2340.997109247961,0
2010-05-10,2340.997109247961,0,2340.997109247961,0
2010-05-11,2340.997109247961,0,2340.997109247961,0
2010-05-12,2340.997109247961,0,2340.997109247961,0
2010-05-13,2340.997109247961,0,2340.997109247961,0
2010-05-14,2340.997109247961,0,2340.997109247961,0
2010-05-17,2340.997109247961,0,2340.997109247961,0
2010-05-18,2340.997109247961,0,2340.997109247961,0
2010-05-19,2340.997109247961,0,2340.997109247961,0
2010-05-20,2340.997109247961,0,2340.997109247961,0
2010-05-21,2340.997109247961,0,2340.997109247961,0
2010-05-24,2340.997109247961,0,2340.997109247961,0
2010-05-25,2340.997109247961,0,2340.997109247961,0
2010-05-26,2340.997109247961,0,2340.997109247961,0
2010-05-27,2340.997109247961,0,2340.997109247961,0
2010-05-28,2340.997109247961,0,2340.997109247961,0
2010-06-01,2340.997109247961,0,2340.997109247961,0
2010-06-02,2340.997109247961,0,2340.997109247961,0
2010-06-03,2340.997109247961,0,2340.997109247961,0
2010-06-04,2340.997109247961,0,2340.997109247961,0
2010-06-07,2340.997109247961,0,2340.997109247961,0
2010-06-08,2340.997109247961,0,2340.997109247961,0
2010-06-09,2340.997109247961,0,2340.997109247961,0
2010-06-10,2340.997109247961,0,2340.997109247961,0
2010-06-11,2340.997109247961,0,2340.997109247961,0
2010-06-14,2340.997109247961,0,2340.997109247961,0
2010-06-15,2340.997109247961,0,2340.997109247961,0
2010-06-16,2340.997109247961,0,2340.997109247961,0
2010-06-17,2340.997109247961,0,2340.997109247961,0
2010-06-18,2340.997109247961,0,2340.997109247961,0
2010-06-21,2340.997109247961,0,2340.997109247961,0
2010-06-22,2340.997109247961,0,2340.997109247961,0
2010-06-23,2340.997109247961,0,2340.997109247961,0
2010-06-24,2340.997109247961,0,2340.997109247961,0
2010-06-25,2340.997109247961,0,2340.997109247961,0
2010-06-28,2340.997109247961,0,2340.997109247961,0
2010-06-29,2340.997109247961,0,2340.997109247961,0
2010-06-30,2340.997109247961,0,2340.997109247961,0
2010-07-01,2340.997109247961,0,2340.997109247961,0
2010-07-02,2340.997109247961,0,2340.997109247961,0
2010-07-06,2340.997109247961,0,2340.997109247961,0
2010-07-07,2340.997109247961,0,2340.997109247961,0
2010-07-08,2340.997109247961,0,2340.997109247961,0
2010-07-09,2340.997109247961,0,2340.997109247961,0
2010-07-12,2340.997109247961,0,2340.997109247961,0
2010-07-13,2340.997109247961,0,2340.997109247961,0
2010-07-14,1881.9410053330155,448.4561039149455,2330.397109247961,1
2010-07-15,1422.9138742396926,897.1546289232414,2320.068503162934,2
2010-07-16,1422.9138742396926,861.7291146299174,2284.6429888696102,2
2010-07-19,1422.9138742396926,870.6084232513086,2293.522297491001,2
2010-07-20,1422.9138742396926,890.4854473624242,2313.3993216021167,2
2010-07-21,1422.9138742396926,868.7441763685134,2291.658050608206,2
2010-07-22,1422.9138742396926,901.7227165697389,2324.6365908094313,2
2010-07-23,1422.9138742396926,913.4692809501416,2336.3831551898343,2
2010-07-26,1422.9138742396926,922.2301738834005,2345.144048123093,2
2010-07-27,1422.9138742396926,923.3322967059769,2346.2461709456693,2
2010-07-28,1422.9138742396926,921.3660996184424,2344.2799738581352,2
2010-07-29,1422.9138742396926,921.406985109164,2344.3208593488566,2
2010-07-30,1422.9138742396926,926.5337732362613,2349.447647475954,2
2010-08-02,1422.9138742396926,943.6740853846243,2366.5879596243167,2
2010-08-03,1422.9138742396926,949.8174067292668,2372.7312809689593,2
2010-08-04,1422.9138742396926,951.0568926060946,2373.9707668457872,2
2010-08-05,1901.1606483984033,478.19561538177544,2379.356263780179,1
2010-08-06,2381.5063043940813,0,2381.5063043940813,0
2010-08-09,2381.5063043940813,0,2381.5063043940813,0
2010-08-10,2381.5063043940813,0,2381.5063043940813,0
2010-08-11,2381.5063043940813,0,2381.5063043940813,0
2010-08-12,2381.5063043940813,0,2381.5063043940813,0
2010-08-13,2381.5063043940813,0,2381.5063043940813,0
2010-08-16,2381.5063043940813,0,2381.5063043940813,0
2010-08-17,2381.5063043940813,0,2381.5063043940813,0
2010-08-18,2381.5063043940813,0,2381.5063043940813,0
2010-08-19,2381.5063043940813,0,2381.5063043940813,0
2010-08-20,2381.5063043940813,0,2381.5063043940813,0
2010-08-23,2381.5063043940813,0,2381.5063043940813,0
2010-08-24,2381.5063043940813,0,2381.5063043940813,0
2010-08-25,2381.5063043940813,0,2381.5063043940813,0
2010-08-26,2381.5063043940813,0,2381.5063043940813,0
2010-08-27,2381.5063043940813,0,2381.5063043940813,0
2010-08-30,2381.5063043940813,0,2381.5063043940813,0
2010-08-31,2381.5063043940813,0,2381.5063043940813,0
2010-09-01,2381.5063043940813,0,2381.5063043940813,0
2010-09-02,2381.5063043940813,0,2381.5063043940813,0
2010-09-03,2381.5063043940813,0,2381.5063043940813,0
2010-09-07,2381.5063043940813,0,2381.5063043940813,0
2010-09-08,2381.5063043940813,0,2381.5063043940813,0
2010-09-09,2381.5063043940813,0,2381.5063043940813,0
2010-09-10,2381.5063043940813,0,2381.5063043940813,0
2010-09-13,2381.5063043940813,0,2381.5063043940813,0
2010-09-14,2381.5063043940813,0,2381.5063043940813,0
2010-09-15,2381.5063043940813,0,2381.5063043940813,0
2010-09-16,2381.5063043940813,0,2381.5063043940813,0
2010-09-17,2381.5063043940813,0,2381.5063043940813,0
2010-09-20,2381.5063043940813,0,2381.5063043940813,0
2010-09-21,2381.5063043940813,0,2381.5063043940813,0
2010-09-22,2381.5063043940813,0,2381.5063043940813,0
2010-09-23,2381.5063043940813,0,2381.5063043940813,0
2010-09-24,2381.5063043940813,0,2381.5063043940813,0
2010-09-27,2381.5063043940813,0,2381.5063043940813,0
2010-09-28,2381.5063043940813,0,2381.5063043940813,0
2010-09-29,2381.5063043940813,0,2381.5063043940813,0
2010-09-30,2381.5063043940813,0,2381.5063043940813,0
2010-10-01,2381.5063043940813,0,2381.5063043940813,0
2010-10-04,2381.5063043940813,0,2381.5063043940813,0
2010-10-05,2381.5063043940813,0,2381.5063043940813,0
2010-10-06,2381.5063043940813,0,2381.5063043940813,0
2010-10-07,2381.5063043940813,0,2381.5063043940813,0
2010-10-08,2381.5063043940813,0,2381.5063043940813,0
2010-10-11,2381.5063043940813,0,2381.5063043940813,0
2010-10-12,2381.5063043940813,0,2381.5063043940813,0
2010-10-13,2381.5063043940813,0,2381.5063043940813,0
2010-10-14,2381.5063043940813,0,2381.5063043940813,0
2010-10-15,2381.5063043940813,0,2381.5063043940813,0
2010-10-18,2381.5063043940813,0,2381.5063043940813,0
2010-10-19,2381.5063043940813,0,2381.5063043940813,0
2010-10-20,2381.5063043940813,0,2381.5063043940813,0
2010-10-21,2381.5063043940813,0,2381.5063043940813,0
2010-10-22,2381.5063043940813,0,2381.5063043940813,0
2010-10-25,2381.5063043940813,0,2381.5063043940813,0
2010-10-26,2381.5063043940813,0,2381.5063043940813,0
2010-10-27,2381.5063043940813,0,2381.5063043940813,0
2010-10-28,2381.5063043940813,0,2381.5063043940813,0
2010-10-29,2381.5063043940813,0,2381.5063043940813,0
2010-11-01,2381.5063043940813,0,2381.5063043940813,0
2010-11-02,2381.5063043940813,0,2381.5063043940813,0
2010-11-03,2381.5063043940813,0,2381.5063043940813,0
2010-11-04,2381.5063043940813,0,2381.5063043940813,0
2010-11-05,2381.5063043940813,0,2381.5063043940813,0
2010-11-08,2381.5063043940813,0,2381.5063043940813,0
2010-11-09,2381.5063043940813,0,2381.5063043940813,0
2010-11-10,2381.5063043940813,0,2381.5063043940813,0
2010-11-11,2381.5063043940813,0,2381.5063043940813,0
2010-11-12,2381.5063043940813,0,2381.5063043940813,0
2010-11-15,2381.5063043940813,0,2381.5063043940813,0
2010-11-16,2381.5063043940813,0,2381.5063043940813,0
2010-11-17,2381.5063043940813,0,2381.5063043940813,0
2010-11-18,2381.5063043940813,0,2381.5063043940813,0
2010-11-19,2381.5063043940813,0,2381.5063043940813,0
2010-11-22,2381.5063043940813,0,2381.5063043940813,0
2010-11-23,2381.5063043940813,0,2381.5063043940813,0
2010-11-24,2381.5063043940813,0,2381.5063043940813,0
2010-11-26,2381.5063043940813,0,2381.5063043940813,0
2010-11-29,2381.5063043940813,0,2381.5063043940813,0
2010-11-30,2381.5063043940813,0,2381.5063043940813,0
2010-12-01,2381.5063043940813,0,2381.5063043940813,0
2010-12-02,2381.5063043940813,0,2381.5063043940813,0
2010-12-03,2381.5063043940813,0,2381.5063043940813,0
2010-12-06,2381.5063043940813,0,2381.5063043940813,0
2010-12-07,2381.5063043940813,0,2381.5063043940813,0
2010-12-08,2381.5063043940813,0,2381.5063043940813,0
2010-12-09,2381.5063043940813,0,2381.5063043940813,0
2010-12-10,2381.5063043940813,0,2381.5063043940813,0
2010-12-13,2381.5063043940813,0,2381.5063043940813,0
2010-12-14,2381.5063043940813,0,2381.5063043940813,0
2010-12-15,2381.5063043940813,0,2381.5063043940813,0
2010-12-16,2381.5063043940813,0,2381.5063043940813,0
2010-12-17,2381.5063043940813,0,2381.5063043940813,0
2010-12-20,2381.5063043940813,0,2381.5063043940813,0
2010-12-21,2381.5063043940813,0,2381.5063043940813,0
2010-12-22,2381.5063043940813,0,2381.5063043940813,0
2010-12-23,2381.5063043940813,0,2381.5063043940813,0
2010-12-27,2381.5063043940813,0,2381.5063043940813,0
2010-12-28,2381.5063043940813,0,2381.5063043940813,0
2010-12-29,2381.5063043940813,0,2381.5063043940813,0
2010-12-30,2381.5063043940813,0,2381.5063043940813,0
2010-12-31,2381.5063043940813,0,2381.5063043940813,0
2011-01-03,2381.5063043940813,0,2381.5063043940813,0
2011-01-04,2381.5063043940813,0,2381.5063043940813,0
2011-01-05,2381.5063043940813,0,2381.5063043940813,0
2011-01-06,2381.5063043940813,0,2381.5063043940813,0
2011-01-07,2381.5063043940813,0,2381.5063043940813,0
2011-01-10,2381.5063043940813,0,2381.5063043940813,0
2011-01-11,2381.5063043940813,0,2381.5063043940813,0
2011-01-12,2381.5063043940813,0,2381.5063043940813,0
2011-01-13,2381.5063043940813,0,2381.5063043940813,0
2011-01-14,2381.5063043940813,0,2381.5063043940813,0
2011-01-18,2381.5063043940813,0,2381.5063043940813,0
2011-01-19,2381.5063043940813,0,2381.5063043940813,0
2011-01-20,2381.5063043940813,0,2381.5063043940813,0
2011-01-21,2381.5063043940813,0,2381.5063043940813,0
2011-01-24,2381.5063043940813,0,2381.5063043940813,0
2011-01-25,2381.5063043940813,0,2381.5063043940813,0
2011-01-26,2381.5063043940813,0,2381.5063043940813,0
2011-01-27,2381.5063043940813,0,2381.5063043940813,0
2011-01-28,2381.5063043940813,0,2381.5063043940813,0
2011-01-31,2381.5063043940813,0,2381.5063043940813,0
2011-02-01,2381.5063043940813,0,2381.5063043940813,0
2011-02-02,2381.5063043940813,0,2381.5063043940813,0
2011-02-03,2381.5063043940813,0,2381.5063043940813,0
2011-02-04,2381.5063043940813,0,2381.5063043940813,0
2011-02-07,2381.5063043940813,0,2381.5063043940813,0
2011-02-08,2381.5063043940813,0,2381.5063043940813,0
2011-02-09,2381.5063043940813,0,2381.5063043940813,0
2011-02-10,2381.5063043940813,0,2381.5063043940813,0
2011-02-11,2381.5063043940813,0,2381.5063043940813,0
2011-02-14,2381.5063043940813,0,2381.5063043940813,0
2011-02-15,2381.5063043940813,0,2381.5063043940813,0
2011-02-16,2381.5063043940813,0,2381.5063043940813,0
2011-02-17,2381.5063043940813,0,2381.5063043940813,0
2011-02-18,2381.5063043940813,0,2381.5063043940813,0
2011-02-22,2381.5063043940813,0,2381.5063043940813,0
2011-02-23,2381.5063043940813,0,2381.5063043940813,0
2011-02-24,2381.5063043940813,0,2381.5063043940813,0
2011-02-25,2381.5063043940813,0,2381.5063043940813,0
2011-02-28,2381.5063043940813,0,2381.5063043940813,0
2011-03-01,2381.5063043940813,0,2381.5063043940813,0
2011-03-02,2381.5063043940813,0,2381.5063043940813,0
2011-03-03,2381.5063043940813,0,2381.5063043940813,0
2011-03-04,2381.5063043940813,0,2381.5063043940813,0
2011-03-07,2381.5063043940813,0,2381.5063043940813,0
2011-03-08,2381.5063043940813,0,2381.5063043940813,0
2011-03-09,2381.5063043940813,0,2381.5063043940813,0
2011-03-10,2381.5063043940813,0,2381.5063043940813,0
2011-03-11,2381.5063043940813,0,2381.5063043940813,0
2011-03-14,2381.5063043940813,0,2381.5063043940813,0
2011-03-15,2381.5063043940813,0,2381.5063043940813,0
2011-03-16,2381.5063043940813,0,2381.5063043940813,0
2011-03-17,2381.5063043940813,0,2381.5063043940813,0
2011-03-18,2381.5063043940813,0,2381.5063043940813,0
2011-03-21,2381.5063043940813,0,2381.5063043940813,0
2011-03-22,2381.5063043940813,0,2381.5063043940813,0
2011-03-23,2381.5063043940813,0,2381.5063043940813,0
2011-03-24,2381.5063043940813,0,2381.5063043940813,0
2011-03-25,1945.3186724155432,425.5876319785382,2370.9063043940814,1
2011-03-28,1496.2557827979463,862.8569368363455,2359.112719634292,2
2011-03-29,1496.2557827979463,866.3816011945108,2362.637383992457,2
2011-03-30,1496.2557827979463,852.6303723911599,2348.886155189106,2
2011-03-31,1496.2557827979463,864.9180834756182,2361.1738662735643,2
2011-04-01,1496.2557827979463,853.1263842913397,2349.3821670892858,2
2011-04-04,1496.2557827979463,867.275610417779,2363.531393215725,2
2011-04-05,1496.2557827979463,878.4466383797076,2374.702421177654,2
2011-04-06,1496.2557827979463,880.7094281368077,2376.965210934754,2
2011-04-07,1496.2557827979463,890.1529381724934,2386.4087209704394,2
2011-04-08,1496.2557827979463,898.0812925794303,2394.3370753773766,2
2011-04-11,1496.2557827979463,933.1540465173059,2429.409829315252,2
2011-04-12,1496.2557827979463,928.9862374458447,2425.242020243791,2
2011-04-13,1496.2557827979463,934.4132304881703,2430.6690132861168,2
2011-04-14,1964.4459006301774,472.9448370567841,2437.3907376869615,1
2011-04-15,2000.5902576639562,431.186651606302,2431.7769092702583,1
2011-04-18,2000.5902576639562,427.31381186114845,2427.9040695251047,1
2011-04-19,2000.5902576639562,436.1176742900462,2436.7079319540026,1
2011-04-20,1567.7105058881448,853.913323536795,2421.6238294249397,2
2011-04-21,1567.7105058881448,846.1180086533516,2413.8285145414966,2
2011-04-25,1567.7105058881448,852.8905775495887,2420.6010834377335,2
2011-04-26,1567.7105058881448,812.1893589151423,2379.899864803287,2
2011-04-27,1567.7105058881448,774.6462994292413,2342.356805317386,2
2011-04-28,1567.7105058881448,768.6998242881748,2336.41033017632,2
2011-04-29,1506.234854340391,798.2753381661437,2304.5101925065346,2
2011-05-02,1506.234854340391,801.1028399738797,2307.3376943142707,2
2011-05-03,1506.234854340391,811.6957360740922,2317.930590414483,2
2011-05-04,1506.234854340391,834.7698964095368,2341.0047507499276,2
2011-05-05,1506.234854340391,831.2747915365676,2337.5096458769585,2
2011-05-06,1506.234854340391,834.1896840992831,2340.424538439674,2
2011-05-09,1506.234854340391,861.8992737024677,2368.1341280428587,2
2011-05-10,1506.234854340391,873.3383058719019,2379.573160212293,2
2011-05-11,1506.234854340391,873.9563600380601,2380.191214378451,2
2011-05-12,1506.234854340391,892.7951470035908,2399.030001343982,2
2011-05-13,1506.234854340391,876.9124998122186,2383.1473541526093,2
2011-05-16,1506.234854340391,862.7471551386184,2368.9820094790093,2
2011-05-17,1535.7284344353493,828.1126514048565,2363.841085840206,2
2011-05-18,1535.7284344353493,857.2071799811363,2392.935614416486,2
2011-05-19,1535.7284344353493,871.7053146989228,2407.433749134272,2
2011-05-20,1535.7284344353493,844.2772502833666,2380.005684718716,2
2011-05-23,1535.7284344353493,804.5744486515893,2340.3028830869384,2
2011-05-24,1535.7284344353493,804.8129206498284,2340.5413550851777,2
2011-05-25,1535.7284344353493,829.7561032377342,2365.4845376730837,2
2011-05-26,1535.7284344353493,862.1259625698228,2397.8543970051724,2
2011-05-27,1535.7284344353493,886.7245577652975,2422.452992200647,2
2011-05-31,1582.2808969139687,890.4558444692714,2472.73674138324,2
2011-06-01,1582.2808969139687,837.7905335942658,2420.0714305082347,2
2011-06-02,1582.2808969139687,836.058247338977,2418.3391442529455,2
2011-06-03,1582.2808969139687,799.4675137573466,2381.7484106713155,2
2011-06-06,1928.9452773962191,394.9359374698421,2323.8812148660613,1
2011-06-07,1928.9452773962191,394.28137998898546,2323.226657385205,1
2011-06-08,1928.9452773962191,379.79854512293514,2308.7438225191545,1
2011-06-09,1928.9452773962191,408.2807771792337,2337.226054575453,1
2011-06-10,2280.773368715919,0,2280.773368715919,0
2011-06-13,2280.773368715919,0,2280.773368715919,0
2011-06-14,2280.773368715919,0,2280.773368715919,0
2011-06-15,2280.773368715919,0,2280.773368715919,0
2011-06-16,2280.773368715919,0,2280.773368715919,0
2011-06-17,2280.773368715919,0,2280.773368715919,0
2011-06-20,2280.773368715919,0,2280.773368715919,0
2011-06-21,2280.773368715919,0,2280.773368715919,0
2011-06-22,2280.773368715919,0,2280.773368715919,0
2011-06-23,2280.773368715919,0,2280.773368715919,0
2011-06-24,2280.773368715919,0,2280.773368715919,0
2011-06-27,2280.773368715919,0,2280.773368715919,0
2011-06-28,2280.773368715919,0,2280.773368715919,0
2011-06-29,2280.773368715919,0,2280.773368715919,0
2011-06-30,1835.2057846875812,434.9675840283378,2270.173368715919,1
2011-07-01,1400.5152867378763,843.0685956988499,2243.583882436726,2
2011-07-05,1400.5152867378763,862.4475407634259,2262.962827501302,2
2011-07-06,1400.5152867378763,859.1133528294956,2259.628639567372,2
2011-07-07,1400.5152867378763,817.9508104744457,2218.466097212322,2
2011-07-08,1400.5152867378763,863.7543736223122,2264.2696603601885,2
2011-07-11,1400.5152867378763,864.2078288896889,2264.723115627565,2
2011-07-12,1400.5152867378763,848.7147152693267,2249.230002007203,2
2011-07-13,1400.5152867378763,856.3918956532852,2256.9071823911618,2
2011-07-14,1400.5152867378763,838.8418032383823,2239.3570899762585,2
2011-07-15,1400.5152867378763,861.7113182587607,2262.226604996637,2
2011-07-18,1400.5152867378763,837.4585727779559,2237.9738595158324,2
2011-07-19,1400.5152867378763,892.7326389511297,2293.247925689006,2
2011-07-20,1400.5152867378763,897.429798933534,2297.94508567141,2
2011-07-21,1400.5152867378763,921.7647105013218,2322.279997239198,2
2011-07-22,1400.5152867378763,928.4163070975724,2328.9315938354484,2
2011-07-25,1425.3734825804956,897.3543959130162,2322.727878493512,2
2011-07-26,1425.3734825804956,890.911662532203,2316.2851451126985,2
2011-07-27,1425.3734825804956,824.8908599794067,2250.2643425599026,2
2011-07-28,1425.3734825804956,812.862794716387,2238.2362772968827,2
2011-07-29,1425.3734825804956,783.7685271440714,2209.1420097245673,2
2011-08-01,1425.3734825804956,772.6105906558871,2197.9840732363828,2
2011-08-02,1952.5555274373548,0,1952.5555274373548,0
2011-08-03,1952.5555274373548,0,1952.5555274373548,0
2011-08-04,1952.5555274373548,0,1952.5555274373548,0
2011-08-05,1952.5555274373548,0,1952.5555274373548,0
2011-08-08,1952.5555274373548,0,1952.5555274373548,0
2011-08-09,1952.5555274373548,0,1952.5555274373548,0
2011-08-10,1952.5555274373548,0,1952.5555274373548,0
2011-08-11,1952.5555274373548,0,1952.5555274373548,0
2011-08-12,1952.5555274373548,0,1952.5555274373548,0
2011-08-15,1952.5555274373548,0,1952.5555274373548,0
2011-08-16,1952.5555274373548,0,1952.5555274373548,0
2011-08-17,1952.5555274373548,0,1952.5555274373548,0
2011-08-18,1952.5555274373548,0,1952.5555274373548,0
2011-08-19,1952.5555274373548,0,1952.5555274373548,0
2011-08-22,1952.5555274373548,0,1952.5555274373548,0
2011-08-23,1952.5555274373548,0,1952.5555274373548,0
2011-08-24,1952.5555274373548,0,1952.5555274373548,0
2011-08-25,1952.5555274373548,0,1952.5555274373548,0
2011-08-26,1952.5555274373548,0,1952.5555274373548,0
2011-08-29,1952.5555274373548,0,1952.5555274373548,0
2011-08-30,1952.5555274373548,0,1952.5555274373548,0
2011-08-31,1952.5555274373548,0,1952.5555274373548,0
2011-09-01,1952.5555274373548,0,1952.5555274373548,0
2011-09-02,1952.5555274373548,0,1952.5555274373548,0
2011-09-06,1952.5555274373548,0,1952.5555274373548,0
2011-09-07,1952.5555274373548,0,1952.5555274373548,0
2011-09-08,1952.5555274373548,0,1952.5555274373548,0
2011-09-09,1952.5555274373548,0,1952.5555274373548,0
2011-09-12,1952.5555274373548,0,1952.5555274373548,0
2011-09-13,1952.5555274373548,0,1952.5555274373548,0
2011-09-14,1952.5555274373548,0,1952.5555274373548,0
2011-09-15,1952.5555274373548,0,1952.5555274373548,0
2011-09-16,1952.5555274373548,0,1952.5555274373548,0
2011-09-19,1952.5555274373548,0,1952.5555274373548,0
2011-09-20,1952.5555274373548,0,1952.5555274373548,0
2011-09-21,1952.5555274373548,0,1952.5555274373548,0
2011-09-22,1952.5555274373548,0,1952.5555274373548,0
2011-09-23,1952.5555274373548,0,1952.5555274373548,0
2011-09-26,1952.5555274373548,0,1952.5555274373548,0
2011-09-27,1952.5555274373548,0,1952.5555274373548,0
2011-09-28,1952.5555274373548,0,1952.5555274373548,0
2011-09-29,1952.5555274373548,0,1952.5555274373548,0
2011-09-30,1952.5555274373548,0,1952.5555274373548,0
2011-10-03,1952.5555274373548,0,1952.5555274373548,0
2011-10-04,1952.5555274373548,0,1952.5555274373548,0
2011-10-05,1952.5555274373548,0,1952.5555274373548,0
2011-10-06,1952.5555274373548,0,1952.5555274373548,0
2011-10-07,1952.5555274373548,0,1952.5555274373548,0
2011-10-10,1952.5555274373548,0,1952.5555274373548,0
2011-10-11,1952.5555274373548,0,1952.5555274373548,0
2011-10-12,1952.5555274373548,0,1952.5555274373548,0
2011-10-13,1952.5555274373548,0,1952.5555274373548,0
2011-10-14,1952.5555274373548,0,1952.5555274373548,0
2011-10-17,1952.5555274373548,0,1952.5555274373548,0
2011-10-18,1952.5555274373548,0,1952.5555274373548,0
2011-10-19,1952.5555274373548,0,1952.5555274373548,0
2011-10-20,1952.5555274373548,0,1952.5555274373548,0
2011-10-21,1952.5555274373548,0,1952.5555274373548,0
2011-10-24,1952.5555274373548,0,1952.5555274373548,0
2011-10-25,1952.5555274373548,0,1952.5555274373548,0
2011-10-26,1952.5555274373548,0,1952.5555274373548,0
2011-10-27,1952.5555274373548,0,1952.5555274373548,0
2011-10-28,1952.5555274373548,0,1952.5555274373548,0
2011-10-31,1952.5555274373548,0,1952.5555274373548,0
2011-11-01,1952.5555274373548,0,1952.5555274373548,0
2011-11-02,1952.5555274373548,0,1952.5555274373548,0
2011-11-03,1952.5555274373548,0,1952.5555274373548,0
2011-11-04,1952.5555274373548,0,1952.5555274373548,0
2011-11-07,1952.5555274373548,0,1952.5555274373548,0
2011-11-08,1952.5555274373548,0,1952.5555274373548,0
2011-11-09,1952.5555274373548,0,1952.5555274373548,0
2011-11-10,1952.5555274373548,0,1952.5555274373548,0
2011-11-11,1952.5555274373548,0,1952.5555274373548,0
2011-11-14,1952.5555274373548,0,1952.5555274373548,0
2011-11-15,1952.5555274373548,0,1952.5555274373548,0
2011-11-16,1952.5555274373548,0,1952.5555274373548,0
2011-11-17,1952.5555274373548,0,1952.5555274373548,0
2011-11-18,1952.5555274373548,0,1952.5555274373548,0
2011-11-21,1952.5555274373548,0,1952.5555274373548,0
2011-11-22,1952.5555274373548,0,1952.5555274373548,0
2011-11-23,1952.5555274373548,0,1952.5555274373548,0
2011-11-25,1952.5555274373548,0,1952.5555274373548,0
2011-11-28,1952.5555274373548,0,1952.5555274373548,0
2011-11-29,1952.5555274373548,0,1952.5555274373548,0
2011-11-30,1952.5555274373548,0,1952.5555274373548,0
2011-12-01,1952.5555274373548,0,1952.5555274373548,0
2011-12-02,1952.5555274373548,0,1952.5555274373548,0
2011-12-05,1952.5555274373548,0,1952.5555274373548,0
2011-12-06,1952.5555274373548,0,1952.5555274373548,0
2011-12-07,1952.5555274373548,0,1952.5555274373548,0
2011-12-08,1952.5555274373548,0,1952.5555274373548,0
2011-12-09,1952.5555274373548,0,1952.5555274373548,0
2011-12-12,1952.5555274373548,0,1952.5555274373548,0
2011-12-13,1952.5555274373548,0,1952.5555274373548,0
2011-12-14,1952.5555274373548,0,1952.5555274373548,0
2011-12-15,1952.5555274373548,0,1952.5555274373548,0
2011-12-16,1952.5555274373548,0,1952.5555274373548,0
2011-12-19,1952.5555274373548,0,1952.5555274373548,0
2011-12-20,1952.5555274373548,0,1952.5555274373548,0
2011-12-21,1952.5555274373548,0,1952.5555274373548,0
2011-12-22,1952.5555274373548,0,1952.5555274373548,0
2011-12-23,1952.5555274373548,0,1952.5555274373548,0
2011-12-27,1952.5555274373548,0,1952.5555274373548,0
2011-12-28,1952.5555274373548,0,1952.5555274373548,0
2011-12-29,1952.5555274373548,0,1952.5555274373548,0
2011-12-30,1952.5555274373548,0,1952.5555274373548,0
2012-01-03,1952.5555274373548,0,1952.5555274373548,0
2012-01-04,1952.5555274373548,0,1952.5555274373548,0
2012-01-05,1952.5555274373548,0,1952.5555274373548,0
2012-01-06,1952.5555274373548,0,1952.5555274373548,0
2012-01-09,1952.5555274373548,0,1952.5555274373548,0
2012-01-10,1952.5555274373548,0,1952.5555274373548,0
2012-01-11,1952.5555274373548,0,1952.5555274373548,0
2012-01-12,1952.5555274373548,0,1952.5555274373548,0
2012-01-13,1952.5555274373548,0,1952.5555274373548,0
2012-01-17,1952.5555274373548,0,1952.5555274373548,0
2012-01-18,1952.5555274373548,0,1952.5555274373548,0
2012-01-19,1952.5555274373548,0,1952.5555274373548,0
2012-01-20,1952.5555274373548,0,1952.5555274373548,0
2012-01-23,1952.5555274373548,0,1952.5555274373548,0
2012-01-24,1952.5555274373548,0,1952.5555274373548,0
2012-01-25,1952.5555274373548,0,1952.5555274373548,0
2012-01-26,1952.5555274373548,0,1952.5555274373548,0
2012-01-27,1952.5555274373548,0,1952.5555274373548,0
2012-01-30,1952.5555274373548,0,1952.5555274373548,0
2012-01-31,1952.5555274373548,0,1952.5555274373548,0
2012-02-01,1952.5555274373548,0,1952.5555274373548,0
2012-02-02,1952.5555274373548,0,1952.5555274373548,0
2012-02-03,1952.5555274373548,0,1952.5555274373548,0
2012-02-06,1952.5555274373548,0,1952.5555274373548,0
2012-02-07,1952.5555274373548,0,1952.5555274373548,0
2012-02-08,1952.5555274373548,0,1952.5555274373548,0
2012-02-09,1952.5555274373548,0,1952.5555274373548,0
2012-02-10,1952.5555274373548,0,1952.5555274373548,0
2012-02-13,1952.5555274373548,0,1952.5555274373548,0
2012-02-14,1952.5555274373548,0,1952.5555274373548,0
2012-02-15,1952.5555274373548,0,1952.5555274373548,0
2012-02-16,1952.5555274373548,0,1952.5555274373548,0
2012-02-17,1952.5555274373548,0,1952.5555274373548,0
2012-02-21,1952.5555274373548,0,1952.5555274373548,0
2012-02-22,1952.5555274373548,0,1952.5555274373548,0
2012-02-23,1952.5555274373548,0,1952.5555274373548,0
2012-02-24,1952.5555274373548,0,1952.5555274373548,0
2012-02-27,1952.5555274373548,0,1952.5555274373548,0
2012-02-28,1952.5555274373548,0,1952.5555274373548,0
2012-02-29,1952.5555274373548,0,1952.5555274373548,0
2012-03-01,1952.5555274373548,0,1952.5555274373548,0
2012-03-02,1952.5555274373548,0,1952.5555274373548,0
2012-03-05,1952.5555274373548,0,1952.5555274373548,0
2012-03-06,1952.5555274373548,0,1952.5555274373548,0
2012-03-07,1952.5555274373548,0,1952.5555274373548,0
2012-03-08,1952.5555274373548,0,1952.5555274373548,0
2012-03-09,1952.5555274373548,0,1952.5555274373548,0
2012-03-12,1952.5555274373548,0,1952.5555274373548,0
2012-03-13,1952.5555274373548,0,1952.5555274373548,0
2012-03-14,1952.5555274373548,0,1952.5555274373548,0
2012-03-15,1952.5555274373548,0,1952.5555274373548,0
2012-03-16,1952.5555274373548,0,1952.5555274373548,0
2012-03-19,1952.5555274373548,0,1952.5555274373548,0
2012-03-20,1952.5555274373548,0,1952.5555274373548,0
2012-03-21,1952.5555274373548,0,1952.5555274373548,0
2012-03-22,1952.5555274373548,0,1952.5555274373548,0
2012-03-23,1952.5555274373548,0,1952.5555274373548,0
2012-03-26,1952.5555274373548,0,1952.5555274373548,0
2012-03-27,1952.5555274373548,0,1952.5555274373548,0
2012-03-28,1952.5555274373548,0,1952.5555274373548,0
2012-03-29,1952.5555274373548,0,1952.5555274373548,0
2012-03-30,1952.5555274373548,0,1952.5555274373548,0
2012-04-02,1952.5555274373548,0,1952.5555274373548,0
2012-04-03,1952.5555274373548,0,1952.5555274373548,0
2012-04-04,1952.5555274373548,0,1952.5555274373548,0
2012-04-05,1952.5555274373548,0,1952.5555274373548,0
2012-04-09,1952.5555274373548,0,1952.5555274373548,0
2012-04-10,1952.5555274373548,0,1952.5555274373548,0
2012-04-11,1952.5555274373548,0,1952.5555274373548,0
2012-04-12,1952.5555274373548,0,1952.5555274373548,0
2012-04-13,1952.5555274373548,0,1952.5555274373548,0
2012-04-16,1952.5555274373548,0,1952.5555274373548,0
2012-04-17,1952.5555274373548,0,1952.5555274373548,0
2012-04-18,1952.5555274373548,0,1952.5555274373548,0
2012-04-19,1952.5555274373548,0,1952.5555274373548,0
2012-04-20,1952.5555274373548,0,1952.5555274373548,0
2012-04-23,1952.5555274373548,0,1952.5555274373548,0
2012-04-24,1952.5555274373548,0,1952.5555274373548,0
2012-04-25,1952.5555274373548,0,1952.5555274373548,0
2012-04-26,1952.5555274373548,0,1952.5555274373548,0
2012-04-27,1952.5555274373548,0,1952.5555274373548,0
2012-04-30,1952.5555274373548,0,1952.5555274373548,0
2012-05-01,1952.5555274373548,0,1952.5555274373548,0
2012-05-02,1952.5555274373548,0,1952.5555274373548,0
2012-05-03,1952.5555274373548,0,1952.5555274373548,0
2012-05-04,1952.5555274373548,0,1952.5555274373548,0
2012-05-07,1952.5555274373548,0,1952.5555274373548,0
2012-05-08,1952.5555274373548,0,1952.5555274373548,0
2012-05-09,1952.5555274373548,0,1952.5555274373548,0
2012-05-10,1952.5555274373548,0,1952.5555274373548,0
2012-05-11,1952.5555274373548,0,1952.5555274373548,0
2012-05-14,1952.5555274373548,0,1952.5555274373548,0
2012-05-15,1952.5555274373548,0,1952.5555274373548,0
2012-05-16,1952.5555274373548,0,1952.5555274373548,0
2012-05-17,1952.5555274373548,0,1952.5555274373548,0
2012-05-18,1952.5555274373548,0,1952.5555274373548,0
2012-05-21,1952.5555274373548,0,1952.5555274373548,0
2012-05-22,1952.5555274373548,0,1952.5555274373548,0
2012-05-23,1952.5555274373548,0,1952.5555274373548,0
2012-05-24,1952.5555274373548,0,1952.5555274373548,0
2012-05-25,1952.5555274373548,0,1952.5555274373548,0
2012-05-29,1952.5555274373548,0,1952.5555274373548,0
2012-05-30,1952.5555274373548,0,1952.5555274373548,0
2012-05-31,1952.5555274373548,0,1952.5555274373548,0
2012-06-01,1952.5555274373548,0,1952.5555274373548,0
2012-06-04,1952.5555274373548,0,1952.5555274373548,0
2012-06-05,1952.5555274373548,0,1952.5555274373548,0
2012-06-06,1952.5555274373548,0,1952.5555274373548,0
2012-06-07,1952.5555274373548,0,1952.5555274373548,0
2012-06-08,1952.5555274373548,0,1952.5555274373548,0
2012-06-11,1952.5555274373548,0,1952.5555274373548,0
2012-06-12,1952.5555274373548,0,1952.5555274373548,0
2012-06-13,1952.5555274373548,0,1952.5555274373548,0
2012-06-14,1952.5555274373548,0,1952.5555274373548,0
2012-06-15,1952.5555274373548,0,1952.5555274373548,0
2012-06-18,1952.5555274373548,0,1952.5555274373548,0
2012-06-19,1952.5555274373548,0,1952.5555274373548,0
2012-06-20,1952.5555274373548,0,1952.5555274373548,0
2012-06-21,1952.5555274373548,0,1952.5555274373548,0
2012-06-22,1952.5555274373548,0,1952.5555274373548,0
2012-06-25,1952.5555274373548,0,1952.5555274373548,0
2012-06-26,1952.5555274373548,0,1952.5555274373548,0
2012-06-27,1952.5555274373548,0,1952.5555274373548,0
2012-06-28,1952.5555274373548,0,1952.5555274373548,0
2012-06-29,1952.5555274373548,0,1952.5555274373548,0
2012-07-02,1952.5555274373548,0,1952.5555274373548,0
2012-07-03,1952.5555274373548,0,1952.5555274373548,0
2012-07-05,1952.5555274373548,0,1952.5555274373548,0
2012-07-06,1952.5555274373548,0,1952.5555274373548,0
2012-07-09,1952.5555274373548,0,1952.5555274373548,0
2012-07-10,1952.5555274373548,0,1952.5555274373548,0
2012-07-11,1952.5555274373548,0,1952.5555274373548,0
2012-07-12,1952.5555274373548,0,1952.5555274373548,0
2012-07-13,1952.5555274373548,0,1952.5555274373548,0
2012-07-16,1952.5555274373548,0,1952.5555274373548,0
2012-07-17,1952.5555274373548,0,1952.5555274373548,0
2012-07-18,1952.5555274373548,0,1952.5555274373548,0
2012-07-19,1952.5555274373548,0,1952.5555274373548,0
2012-07-20,1952.5555274373548,0,1952.5555274373548,0
2012-07-23,1952.5555274373548,0,1952.5555274373548,0
2012-07-24,1952.5555274373548,0,1952.5555274373548,0
2012-07-25,1952.5555274373548,0,1952.5555274373548,0
2012-07-26,1952.5555274373548,0,1952.5555274373548,0
2012-07-27,1952.5555274373548,0,1952.5555274373548,0
2012-07-30,1952.5555274373548,0,1952.5555274373548,0
2012-07-31,1952.5555274373548,0,1952.5555274373548,0
2012-08-01,1952.5555274373548,0,1952.5555274373548,0
2012-08-02,1952.5555274373548,0,1952.5555274373548,0
2012-08-03,1952.5555274373548,0,1952.5555274373548,0
2012-08-06,1952.5555274373548,0,1952.5555274373548,0
2012-08-07,1952.5555274373548,0,1952.5555274373548,0
2012-08-08,1952.5555274373548,0,1952.5555274373548,0
2012-08-09,1952.5555274373548,0,1952.5555274373548,0
2012-08-10,1952.5555274373548,0,1952.5555274373548,0
2012-08-13,1952.5555274373548,0,1952.5555274373548,0
2012-08-14,1952.5555274373548,0,1952.5555274373548,0
2012-08-15,1952.5555274373548,0,1952.5555274373548,0
2012-08-16,1952.5555274373548,0,1952.5555274373548,0
2012-08-17,1952.5555274373548,0,1952.5555274373548,0
2012-08-20,1952.5555274373548,0,1952.5555274373548,0
2012-08-21,1952.5555274373548,0,1952.5555274373548,0
2012-08-22,1952.5555274373548,0,1952.5555274373548,0
2012-08-23,1952.5555274373548,0,1952.5555274373548,0
2012-08-24,1952.5555274373548,0,1952.5555274373548,0
2012-08-27,1952.5555274373548,0,1952.5555274373548,0
2012-08-28,1952.5555274373548,0,1952.5555274373548,0
2012-08-29,1952.5555274373548,0,1952.5555274373548,0
2012-08-30,1952.5555274373548,0,1952.5555274373548,0
2012-08-31,1952.5555274373548,0,1952.5555274373548,0
2012-09-04,1952.5555274373548,0,1952.5555274373548,0
2012-09-05,1952.5555274373548,0,1952.5555274373548,0
2012-09-06,1952.5555274373548,0,1952.5555274373548,0
2012-09-07,1952.5555274373548,0,1952.5555274373548,0
2012-09-10,1952.5555274373548,0,1952.5555274373548,0
2012-09-11,1952.5555274373548,0,1952.5555274373548,0
2012-09-12,1952.5555274373548,0,1952.5555274373548,0
2012-09-13,1952.5555274373548,0,1952.5555274373548,0
2012-09-14,1952.5555274373548,0,1952.5555274373548,0
2012-09-17,1952.5555274373548,0,1952.5555274373548,0
2012-09-18,1952.5555274373548,0,1952.5555274373548,0
2012-09-19,1952.5555274373548,0,1952.5555274373548,0
2012-09-20,1952.5555274373548,0,1952.5555274373548,0
2012-09-21,1952.5555274373548,0,1952.5555274373548,0
2012-09-24,1952.5555274373548,0,1952.5555274373548,0
2012-09-25,1952.5555274373548,0,1952.5555274373548,0
2012-09-26,1952.5555274373548,0,1952.5555274373548,0
2012-09-27,1952.5555274373548,0,1952.5555274373548,0
2012-09-28,1952.5555274373548,0,1952.5555274373548,0
2012-10-01,1952.5555274373548,0,1952.5555274373548,0
2012-10-02,1952.5555274373548,0,1952.5555274373548,0
2012-10-03,1952.5555274373548,0,1952.5555274373548,0
2012-10-04,1952.5555274373548,0,1952.5555274373548,0
2012-10-05,1952.5555274373548,0,1952.5555274373548,0
2012-10-08,1952.5555274373548,0,1952.5555274373548,0
2012-10-09,1952.5555274373548,0,1952.5555274373548,0
2012-10-10,1952.5555274373548,0,1952.5555274373548,0
2012-10-11,1952.5555274373548,0,1952.5555274373548,0
2012-10-12,1952.5555274373548,0,1952.5555274373548,0
2012-10-15,1952.5555274373548,0,1952.5555274373548,0
2012-10-16,1952.5555274373548,0,1952.5555274373548,0
2012-10-17,1952.5555274373548,0,1952.5555274373548,0
2012-10-18,1952.5555274373548,0,1952.5555274373548,0
2012-10-19,1952.5555274373548,0,1952.5555274373548,0
2012-10-22,1952.5555274373548,0,1952.5555274373548,0
2012-10-23,1952.5555274373548,0,1952.5555274373548,0
2012-10-24,1952.5555274373548,0,1952.5555274373548,0
2012-10-25,1952.5555274373548,0,1952.5555274373548,0
2012-10-26,1952.5555274373548,0,1952.5555274373548,0
2012-10-31,1952.5555274373548,0,1952.5555274373548,0
2012-11-01,1952.5555274373548,0,1952.5555274373548,0
2012-11-02,1952.5555274373548,0,1952.5555274373548,0
2012-11-05,1952.5555274373548,0,1952.5555274373548,0
2012-11-06,1952.5555274373548,0,1952.5555274373548,0
2012-11-07,1952.5555274373548,0,1952.5555274373548,0
2012-11-08,1952.5555274373548,0,1952.5555274373548,0
2012-11-09,1952.5555274373548,0,1952.5555274373548,0
2012-11-12,1952.5555274373548,0,1952.5555274373548,0
2012-11-13,1952.5555274373548,0,1952.5555274373548,0
2012-11-14,1952.5555274373548,0,1952.5555274373548,0
2012-11-15,1952.5555274373548,0,1952.5555274373548,0
2012-11-16,1952.5555274373548,0,1952.5555274373548,0
2012-11-19,1952.5555274373548,0,1952.5555274373548,0
2012-11-20,1952.5555274373548,0,1952.5555274373548,0
2012-11-21,1952.5555274373548,0,1952.5555274373548,0
2012-11-23,1952.5555274373548,0,1952.5555274373548,0
2012-11-26,1952.5555274373548,0,1952.5555274373548,0
2012-11-27,1952.5555274373548,0,1952.5555274373548,0
2012-11-28,1952.5555274373548,0,1952.5555274373548,0
2012-11-29,1952.5555274373548,0,1952.5555274373548,0
2012-11-30,1952.5555274373548,0,1952.5555274373548,0
2012-12-03,1952.5555274373548,0,1952.5555274373548,0
2012-12-04,1952.5555274373548,0,1952.5555274373548,0
2012-12-05,1952.5555274373548,0,1952.5555274373548,0
2012-12-06,1952.5555274373548,0,1952.5555274373548,0
2012-12-07,1952.5555274373548,0,1952.5555274373548,0
2012-12-10,1952.5555274373548,0,1952.5555274373548,0
2012-12-11,1952.5555274373548,0,1952.5555274373548,0
2012-12-12,1952.5555274373548,0,1952.5555274373548,0
2012-12-13,1952.5555274373548,0,1952.5555274373548,0
2012-12-14,1952.5555274373548,0,1952.5555274373548,0
2012-12-17,1952.5555274373548,0,1952.5555274373548,0
2012-12-18,1952.5555274373548,0,1952.5555274373548,0
2012-12-19,1952.5555274373548,0,1952.5555274373548,0
2012-12-20,1952.5555274373548,0,1952.5555274373548,0
2012-12-21,1952.5555274373548,0,1952.5555274373548,0
2012-12-24,1952.5555274373548,0,1952.5555274373548,0
2012-12-26,1952.5555274373548,0,1952.5555274373548,0
2012-12-27,1952.5555274373548,0,1952.5555274373548,0
2012-12-28,1952.5555274373548,0,1952.5555274373548,0
2012-12-31,1952.5555274373548,0,1952.5555274373548,0
2013-01-02,1952.5555274373548,0,1952.5555274373548,0
2013-01-03,1952.5555274373548,0,1952.5555274373548,0
2013-01-04,1952.5555274373548,0,1952.5555274373548,0
2013-01-07,1952.5555274373548,0,1952.5555274373548,0
2013-01-08,1952.5555274373548,0,1952.5555274373548,0
2013-01-09,1952.5555274373548,0,1952.5555274373548,0
2013-01-10,1952.5555274373548,0,1952.5555274373548,0
2013-01-11,1952.5555274373548,0,1952.5555274373548,0
2013-01-14,1952.5555274373548,0,1952.5555274373548,0
2013-01-15,1952.5555274373548,0,1952.5555274373548,0
2013-01-16,1952.5555274373548,0,1952.5555274373548,0
2013-01-17,1952.5555274373548,0,1952.5555274373548,0
2013-01-18,1952.5555274373548,0,1952.5555274373548,0
2013-01-22,1952.5555274373548,0,1952.5555274373548,0
2013-01-23,1952.5555274373548,0,1952.5555274373548,0
2013-01-24,1952.5555274373548,0,1952.5555274373548,0
2013-01-25,1952.5555274373548,0,1952.5555274373548,0
2013-01-28,1952.5555274373548,0,1952.5555274373548,0
2013-01-29,1952.5555274373548,0,1952.5555274373548,0
2013-01-30,1952.5555274373548,0,1952.5555274373548,0
2013-01-31,1952.5555274373548,0,1952.5555274373548,0
2013-02-01,1952.5555274373548,0,1952.5555274373548,0
2013-02-04,1952.5555274373548,0,1952.5555274373548,0
2013-02-05,1952.5555274373548,0,1952.5555274373548,0
2013-02-06,1952.5555274373548,0,1952.5555274373548,0
2013-02-07,1952.5555274373548,0,1952.5555274373548,0
2013-02-08,1952.5555274373548,0,1952.5555274373548,0
2013-02-11,1952.5555274373548,0,1952.5555274373548,0
2013-02-12,1952.5555274373548,0,1952.5555274373548,0
2013-02-13,1952.5555274373548,0,1952.5555274373548,0
2013-02-14,1952.5555274373548,0,1952.5555274373548,0
2013-02-15,1952.5555274373548,0,1952.5555274373548,0
2013-02-19,1952.5555274373548,0,1952.5555274373548,0
2013-02-20,1952.5555274373548,0,1952.5555274373548,0
2013-02-21,1952.5555274373548,0,1952.5555274373548,0
2013-02-22,1952.5555274373548,0,1952.5555274373548,0
2013-02-25,1952.5555274373548,0,1952.5555274373548,0
2013-02-26,1952.5555274373548,0,1952.5555274373548,0
2013-02-27,1952.5555274373548,0,1952.5555274373548,0
2013-02-28,1952.5555274373548,0,1952.5555274373548,0
2013-03-01,1952.5555274373548,0,1952.5555274373548,0
2013-03-04,1952.5555274373548,0,1952.5555274373548,0
2013-03-05,1952.5555274373548,0,1952.5555274373548,0
2013-03-06,1952.5555274373548,0,1952.5555274373548,0
2013-03-07,1952.5555274373548,0,1952.5555274373548,0
2013-03-08,1952.5555274373548,0,1952.5555274373548,0
2013-03-11,1952.5555274373548,0,1952.5555274373548,0
2013-03-12,1952.5555274373548,0,1952.5555274373548,0
2013-03-13,1952.5555274373548,0,1952.5555274373548,0
2013-03-14,1952.5555274373548,0,1952.5555274373548,0
2013-03-15,1952.5555274373548,0,1952.5555274373548,0
2013-03-18,1952.5555274373548,0,1952.5555274373548,0
2013-03-19,1952.5555274373548,0,1952.5555274373548,0
2013-03-20,1952.5555274373548,0,1952.5555274373548,0
2013-03-21,1952.5555274373548,0,1952.5555274373548,0
2013-03-22,1952.5555274373548,0,1952.5555274373548,0
2013-03-25,1952.5555274373548,0,1952.5555274373548,0
2013-03-26,1952.5555274373548,0,1952.5555274373548,0
2013-03-27,1952.5555274373548,0,1952.5555274373548,0
2013-03-28,1952.5555274373548,0,1952.5555274373548,0
2013-04-01,1952.5555274373548,0,1952.5555274373548,0
2013-04-02,1952.5555274373548,0,1952.5555274373548,0
2013-04-03,1952.5555274373548,0,1952.5555274373548,0
2013-04-04,1952.5555274373548,0,1952.5555274373548,0
2013-04-05,1952.5555274373548,0,1952.5555274373548,0
2013-04-08,1952.5555274373548,0,1952.5555274373548,0
2013-04-09,1952.5555274373548,0,1952.5555274373548,0
2013-04-10,1952.5555274373548,0,1952.5555274373548,0
2013-04-11,1952.5555274373548,0,1952.5555274373548,0
2013-04-12,1952.5555274373548,0,1952.5555274373548,0
2013-04-15,1952.5555274373548,0,1952.5555274373548,0
2013-04-16,1952.5555274373548,0,1952.5555274373548,0
2013-04-17,1952.5555274373548,0,1952.5555274373548,0
2013-04-18,1952.5555274373548,0,1952.5555274373548,0
2013-04-19,1952.5555274373548,0,1952.5555274373548,0
2013-04-22,1952.5555274373548,0,1952.5555274373548,0
2013-04-23,1952.5555274373548,0,1952.5555274373548,0
2013-04-24,1952.5555274373548,0,1952.5555274373548,0
2013-04-25,1952.5555274373548,0,1952.5555274373548,0
2013-04-26,1952.5555274373548,0,1952.5555274373548,0
2013-04-29,1952.5555274373548,0,1952.5555274373548,0
2013-04-30,1952.5555274373548,0,1952.5555274373548,0
2013-05-01,1952.5555274373548,0,1952.5555274373548,0
2013-05-02,1952.5555274373548,0,1952.5555274373548,0
2013-05-03,1952.5555274373548,0,1952.5555274373548,0
2013-05-06,1952.5555274373548,0,1952.5555274373548,0
2013-05-07,1952.5555274373548,0,1952.5555274373548,0
2013-05-08,1952.5555274373548,0,1952.5555274373548,0
2013-05-09,1952.5555274373548,0,1952.5555274373548,0
2013-05-10,1952.5555274373548,0,1952.5555274373548,0
2013-05-13,1952.5555274373548,0,1952.5555274373548,0
2013-05-14,1952.5555274373548,0,1952.5555274373548,0
2013-05-15,1952.5555274373548,0,1952.5555274373548,0
2013-05-16,1952.5555274373548,0,1952.5555274373548,0
2013-05-17,1952.5555274373548,0,1952.5555274373548,0
2013-05-20,1952.5555274373548,0,1952.5555274373548,0
2013-05-21,1952.5555274373548,0,1952.5555274373548,0
2013-05-22,1952.5555274373548,0,1952.5555274373548,0
2013-05-23,1952.5555274373548,0,1952.5555274373548,0
2013-05-24,1952.5555274373548,0,1952.5555274373548,0
2013-05-28,1952.5555274373548,0,1952.5555274373548,0
2013-05-29,1952.5555274373548,0,1952.5555274373548,0
2013-05-30,1952.5555274373548,0,1952.5555274373548,0
2013-05-31,1952.5555274373548,0,1952.5555274373548,0
2013-06-03,1952.5555274373548,0,1952.5555274373548,0
2013-06-04,1952.5555274373548,0,1952.5555274373548,0
2013-06-05,1952.5555274373548,0,1952.5555274373548,0
2013-06-06,1952.5555274373548,0,1952.5555274373548,0
2013-06-07,1952.5555274373548,0,1952.5555274373548,0
2013-06-10,1952.5555274373548,0,1952.5555274373548,0
2013-06-11,1952.5555274373548,0,1952.5555274373548,0
2013-06-12,1952.5555274373548,0,1952.5555274373548,0
2013-06-13,1952.5555274373548,0,1952.5555274373548,0
2013-06-14,1952.5555274373548,0,1952.5555274373548,0
2013-06-17,1952.5555274373548,0,1952.5555274373548,0
2013-06-18,1952.5555274373548,0,1952.5555274373548,0
2013-06-19,1952.5555274373548,0,1952.5555274373548,0
2013-06-20,1952.5555274373548,0,1952.5555274373548,0
2013-06-21,1952.5555274373548,0,1952.5555274373548,0
2013-06-24,1952.5555274373548,0,1952.5555274373548,0
2013-06-25,1952.5555274373548,0,1952.5555274373548,0
2013-06-26,1952.5555274373548,0,1952.5555274373548,0
2013-06-27,1952.5555274373548,0,1952.5555274373548,0
2013-06-28,1952.5555274373548,0,1952.5555274373548,0
2013-07-01,1952.5555274373548,0,1952.5555274373548,0
2013-07-02,1952.5555274373548,0,1952.5555274373548,0
2013-07-03,1952.5555274373548,0,1952.5555274373548,0
2013-07-05,1952.5555274373548,0,1952.5555274373548,0
2013-07-08,1952.5555274373548,0,1952.5555274373548,0
2013-07-09,1952.5555274373548,0,1952.5555274373548,0
2013-07-10,1952.5555274373548,0,1952.5555274373548,0
2013-07-11,1952.5555274373548,0,1952.5555274373548,0
2013-07-12,1952.5555274373548,0,1952.5555274373548,0
2013-07-15,1952.5555274373548,0,1952.5555274373548,0
2013-07-16,1952.5555274373548,0,1952.5555274373548,0
2013-07-17,1952.5555274373548,0,1952.5555274373548,0
2013-07-18,1952.5555274373548,0,1952.5555274373548,0
2013-07-19,1952.5555274373548,0,1952.5555274373548,0
2013-07-22,1952.5555274373548,0,1952.5555274373548,0
2013-07-23,1952.5555274373548,0,1952.5555274373548,0
2013-07-24,1952.5555274373548,0,1952.5555274373548,0
2013-07-25,1952.5555274373548,0,1952.5555274373548,0
2013-07-26,1952.5555274373548,0,1952.5555274373548,0
2013-07-29,1952.5555274373548,0,1952.5555274373548,0
2013-07-30,1952.5555274373548,0,1952.5555274373548,0
2013-07-31,1952.5555274373548,0,1952.5555274373548,0
2013-08-01,1952.5555274373548,0,1952.5555274373548,0
2013-08-02,1952.5555274373548,0,1952.5555274373548,0
2013-08-05,1952.5555274373548,0,1952.5555274373548,0
2013-08-06,1952.5555274373548,0,1952.5555274373548,0
2013-08-07,1952.5555274373548,0,1952.5555274373548,0
2013-08-08,1952.5555274373548,0,1952.5555274373548,0
2013-08-09,1952.5555274373548,0,1952.5555274373548,0
2013-08-12,1952.5555274373548,0,1952.5555274373548,0
2013-08-13,1952.5555274373548,0,1952.5555274373548,0
2013-08-14,1952.5555274373548,0,1952.5555274373548,0
2013-08-15,1952.5555274373548,0,1952.5555274373548,0
2013-08-16,1952.5555274373548,0,1952.5555274373548,0
2013-08-19,1952.5555274373548,0,1952.5555274373548,0
2013-08-20,1952.5555274373548,0,1952.5555274373548,0
2013-08-21,1952.5555274373548,0,1952.5555274373548,0
2013-08-22,1952.5555274373548,0,1952.5555274373548,0
2013-08-23,1952.5555274373548,0,1952.5555274373548,0
2013-08-26,1952.5555274373548,0,1952.5555274373548,0
2013-08-27,1952.5555274373548,0,1952.5555274373548,0
2013-08-28,1952.5555274373548,0,1952.5555274373548,0
2013-08-29,1952.5555274373548,0,1952.5555274373548,0
2013-08-30,1952.5555274373548,0,1952.5555274373548,0
2013-09-03,1952.5555274373548,0,1952.5555274373548,0
2013-09-04,1952.5555274373548,0,1952.5555274373548,0
2013-09-05,1952.5555274373548,0,1952.5555274373548,0
2013-09-06,1952.5555274373548,0,1952.5555274373548,0
2013-09-09,1952.5555274373548,0,1952.5555274373548,0
2013-09-10,1952.5555274373548,0,1952.5555274373548,0
2013-09-11,1952.5555274373548,0,1952.5555274373548,0
2013-09-12,1952.5555274373548,0,1952.5555274373548,0
2013-09-13,1952.5555274373548,0,1952.5555274373548,0
2013-09-16,1952.5555274373548,0,1952.5555274373548,0
2013-09-17,1952.5555274373548,0,1952.5555274373548,0
2013-09-18,1952.5555274373548,0,1952.5555274373548,0
2013-09-19,1952.5555274373548,0,1952.5555274373548,0
2013-09-20,1952.5555274373548,0,1952.5555274373548,0
2013-09-23,1952.5555274373548,0,1952.5555274373548,0
2013-09-24,1952.5555274373548,0,1952.5555274373548,0
2013-09-25,1952.5555274373548,0,1952.5555274373548,0
2013-09-26,1952.5555274373548,0,1952.5555274373548,0
2013-09-27,1952.5555274373548,0,1952.5555274373548,0
2013-09-30,1952.5555274373548,0,1952.5555274373548,0
2013-10-01,1952.5555274373548,0,1952.5555274373548,0
2013-10-02,1952.5555274373548,0,1952.5555274373548,0
2013-10-03,1952.5555274373548,0,1952.5555274373548,0
2013-10-04,1952.5555274373548,0,1952.5555274373548,0
2013-10-07,1952.5555274373548,0,1952.5555274373548,0
2013-10-08,1952.5555274373548,0,1952.5555274373548,0
2013-10-09,1952.5555274373548,0,1952.5555274373548,0
2013-10-10,1952.5555274373548,0,1952.5555274373548,0
2013-10-11,1952.5555274373548,0,1952.5555274373548,0
2013-10-14,1952.5555274373548,0,1952.5555274373548,0
2013-10-15,1952.5555274373548,0,1952.5555274373548,0
2013-10-16,1952.5555274373548,0,1952.5555274373548,0
2013-10-17,1952.5555274373548,0,1952.5555274373548,0
2013-10-18,1952.5555274373548,0,1952.5555274373548,0
2013-10-21,1952.5555274373548,0,1952.5555274373548,0
2013-10-22,1952.5555274373548,0,1952.5555274373548,0
2013-10-23,1952.5555274373548,0,1952.5555274373548,0
2013-10-24,1952.5555274373548,0,1952.5555274373548,0
2013-10-25,1952.5555274373548,0,1952.5555274373548,0
2013-10-28,1952.5555274373548,0,1952.5555274373548,0
2013-10-29,1952.5555274373548,0,1952.5555274373548,0
2013-10-30,1952.5555274373548,0,1952.5555274373548,0
2013-10-31,1952.5555274373548,0,1952.5555274373548,0
2013-11-01,1952.5555274373548,0,1952.5555274373548,0
2013-11-04,1952.5555274373548,0,1952.5555274373548,0
2013-11-05,1952.5555274373548,0,1952.5555274373548,0
2013-11-06,1952.5555274373548,0,1952.5555274373548,0
2013-11-07,1952.5555274373548,0,1952.5555274373548,0
2013-11-08,1952.5555274373548,0,1952.5555274373548,0
2013-11-11,1952.5555274373548,0,1952.5555274373548,0
2013-11-12,1952.5555274373548,0,1952.5555274373548,0
2013-11-13,1952.5555274373548,0,1952.5555274373548,0
2013-11-14,1952.5555274373548,0,1952.5555274373548,0
2013-11-15,1952.5555274373548,0,1952.5555274373548,0
2013-11-18,1952.5555274373548,0,1952.5555274373548,0
2013-11-19,1952.5555274373548,0,1952.5555274373548,0
2013-11-20,1952.5555274373548,0,1952.5555274373548,0
2013-11-21,1952.5555274373548,0,1952.5555274373548,0
2013-11-22,1952.5555274373548,0,1952.5555274373548,0
2013-11-25,1952.5555274373548,0,1952.5555274373548,0
2013-11-26,1952.5555274373548,0,1952.5555274373548,0
2013-11-27,1952.5555274373548,0,1952.5555274373548,0
2013-11-29,1952.5555274373548,0,1952.5555274373548,0
2013-12-02,1952.5555274373548,0,1952.5555274373548,0
2013-12-03,1952.5555274373548,0,1952.5555274373548,0
2013-12-04,1952.5555274373548,0,1952.5555274373548,0
2013-12-05,1952.5555274373548,0,1952.5555274373548,0
2013-12-06,1952.5555274373548,0,1952.5555274373548,0
2013-12-09,1952.5555274373548,0,1952.5555274373548,0
2013-12-10,1952.5555274373548,0,1952.5555274373548,0
2013-12-11,1952.5555274373548,0,1952.5555274373548,0
2013-12-12,1952.5555274373548,0,1952.5555274373548,0
2013-12-13,1952.5555274373548,0,1952.5555274373548,0
2013-12-16,1952.5555274373548,0,1952.5555274373548,0
2013-12-17,1952.5555274373548,0,1952.5555274373548,0
2013-12-18,1952.5555274373548,0,1952.5555274373548,0
2013-12-19,1952.5555274373548,0,1952.5555274373548,0
2013-12-20,1952.5555274373548,0,1952.5555274373548,0
2013-12-23,1952.5555274373548,0,1952.5555274373548,0
2013-12-24,1952.5555274373548,0,1952.5555274373548,0
2013-12-26,1952.5555274373548,0,1952.5555274373548,0
2013-12-27,1952.5555274373548,0,1952.5555274373548,0
2013-12-30,1952.5555274373548,0,1952.5555274373548,0
2013-12-31,1952.5555274373548,0,1952.5555274373548,0
2014-01-02,1952.5555274373548,0,1952.5555274373548,0
2014-01-03,1952.5555274373548,0,1952.5555274373548,0
2014-01-06,1952.5555274373548,0,1952.5555274373548,0
2014-01-07,1952.5555274373548,0,1952.5555274373548,0
2014-01-08,1952.5555274373548,0,1952.5555274373548,0
2014-01-09,1952.5555274373548,0,1952.5555274373548,0
2014-01-10,1952.5555274373548,0,1952.5555274373548,0
2014-01-13,1952.5555274373548,0,1952.5555274373548,0
2014-01-14,1952.5555274373548,0,1952.5555274373548,0
2014-01-15,1952.5555274373548,0,1952.5555274373548,0
2014-01-16,1952.5555274373548,0,1952.5555274373548,0
2014-01-17,1952.5555274373548,0,1952.5555274373548,0
2014-01-21,1952.5555274373548,0,1952.5555274373548,0
2014-01-22,1952.5555274373548,0,1952.5555274373548,0
2014-01-23,1952.5555274373548,0,1952.5555274373548,0
2014-01-24,1952.5555274373548,0,1952.5555274373548,0
2014-01-27,1952.5555274373548,0,1952.5555274373548,0
2014-01-28,1952.5555274373548,0,1952.5555274373548,0
2014-01-29,1952.5555274373548,0,1952.5555274373548,0
2014-01-30,1952.5555274373548,0,1952.5555274373548,0
2014-01-31,1952.5555274373548,0,1952.5555274373548,0
2014-02-03,1952.5555274373548,0,1952.5555274373548,0
2014-02-04,1952.5555274373548,0,1952.5555274373548,0
2014-02-05,1952.5555274373548,0,1952.5555274373548,0
2014-02-06,1952.5555274373548,0,1952.5555274373548,0
2014-02-07,1952.5555274373548,0,1952.5555274373548,0
2014-02-10,1952.5555274373548,0,1952.5555274373548,0
2014-02-11,1952.5555274373548,0,1952.5555274373548,0
2014-02-12,1952.5555274373548,0,1952.5555274373548,0
2014-02-13,1952.5555274373548,0,1952.5555274373548,0
2014-02-14,1952.5555274373548,0,1952.5555274373548,0
2014-02-18,1952.5555274373548,0,1952.5555274373548,0
2014-02-19,1952.5555274373548,0,1952.5555274373548,0
2014-02-20,1952.5555274373548,0,1952.5555274373548,0
2014-02-21,1952.5555274373548,0,1952.5555274373548,0
2014-02-24,1952.5555274373548,0,1952.5555274373548,0
2014-02-25,1952.5555274373548,0,1952.5555274373548,0
2014-02-26,1952.5555274373548,0,1952.5555274373548,0
2014-02-27,1952.5555274373548,0,1952.5555274373548,0
2014-02-28,1952.5555274373548,0,1952.5555274373548,0
2014-03-03,1952.5555274373548,0,1952.5555274373548,0
2014-03-04,1952.5555274373548,0,1952.5555274373548,0
2014-03-05,1952.5555274373548,0,1952.5555274373548,0
2014-03-06,1952.5555274373548,0,1952.5555274373548,0
2014-03-07,1952.5555274373548,0,1952.5555274373548,0
2014-03-10,1952.5555274373548,0,1952.5555274373548,0
2014-03-11,1952.5555274373548,0,1952.5555274373548,0
2014-03-12,1952.5555274373548,0,1952.5555274373548,0
2014-03-13,1952.5555274373548,0,1952.5555274373548,0
2014-03-14,1952.5555274373548,0,1952.5555274373548,0
2014-03-17,1952.5555274373548,0,1952.5555274373548,0
2014-03-18,1952.5555274373548,0,1952.5555274373548,0
2014-03-19,1952.5555274373548,0,1952.5555274373548,0
2014-03-20,1952.5555274373548,0,1952.5555274373548,0
2014-03-21,1952.5555274373548,0,1952.5555274373548,0
2014-03-24,1952.5555274373548,0,1952.5555274373548,0
2014-03-25,1952.5555274373548,0,1952.5555274373548,0
2014-03-26,1952.5555274373548,0,1952.5555274373548,0
2014-03-27,1952.5555274373548,0,1952.5555274373548,0
2014-03-28,1952.5555274373548,0,1952.5555274373548,0
2014-03-31,1952.5555274373548,0,1952.5555274373548,0
2014-04-01,1952.5555274373548,0,1952.5555274373548,0
2014-04-02,1952.5555274373548,0,1952.5555274373548,0
2014-04-03,1952.5555274373548,0,1952.5555274373548,0
2014-04-04,1952.5555274373548,0,1952.5555274373548,0
2014-04-07,1952.5555274373548,0,1952.5555274373548,0
2014-04-08,1952.5555274373548,0,1952.5555274373548,0
2014-04-09,1952.5555274373548,0,1952.5555274373548,0
2014-04-10,1952.5555274373548,0,1952.5555274373548,0
2014-04-11,1952.5555274373548,0,1952.5555274373548,0
2014-04-14,1952.5555274373548,0,1952.5555274373548,0
2014-04-15,1952.5555274373548,0,1952.5555274373548,0
2014-04-16,1952.5555274373548,0,1952.5555274373548,0
2014-04-17,1952.5555274373548,0,1952.5555274373548,0
2014-04-21,1952.5555274373548,0,1952.5555274373548,0
2014-04-22,1952.5555274373548,0,1952.5555274373548,0
2014-04-23,1952.5555274373548,0,1952.5555274373548,0
2014-04-24,1952.5555274373548,0,1952.5555274373548,0
2014-04-25,1952.5555274373548,0,1952.5555274373548,0
2014-04-28,1952.5555274373548,0,1952.5555274373548,0
2014-04-29,1952.5555274373548,0,1952.5555274373548,0
2014-04-30,1952.5555274373548,0,1952.5555274373548,0
2014-05-01,1952.5555274373548,0,1952.5555274373548,0
2014-05-02,1952.5555274373548,0,1952.5555274373548,0
2014-05-05,1952.5555274373548,0,1952.5555274373548,0
2014-05-06,1952.5555274373548,0,1952.5555274373548,0
2014-05-07,1952.5555274373548,0,1952.5555274373548,0
2014-05-08,1952.5555274373548,0,1952.5555274373548,0
2014-05-09,1952.5555274373548,0,1952.5555274373548,0
2014-05-12,1952.5555274373548,0,1952.5555274373548,0
2014-05-13,1952.5555274373548,0,1952.5555274373548,0
2014-05-14,1952.5555274373548,0,1952.5555274373548,0
2014-05-15,1952.5555274373548,0,1952.5555274373548,0
2014-05-16,1952.5555274373548,0,1952.5555274373548,0
2014-05-19,1952.5555274373548,0,1952.5555274373548,0
2014-05-20,1952.5555274373548,0,1952.5555274373548,0
2014-05-21,1952.5555274373548,0,1952.5555274373548,0
2014-05-22,1952.5555274373548,0,1952.5555274373548,0
2014-05-23,1952.5555274373548,0,1952.5555274373548,0
2014-05-27,1952.5555274373548,0,1952.5555274373548,0
2014-05-28,1952.5555274373548,0,1952.5555274373548,0
2014-05-29,1952.5555274373548,0,1952.5555274373548,0
2014-05-30,1952.5555274373548,0,1952.5555274373548,0
2014-06-02,1952.5555274373548,0,1952.5555274373548,0
2014-06-03,1952.5555274373548,0,1952.5555274373548,0
2014-06-04,1952.5555274373548,0,1952.5555274373548,0
2014-06-05,1952.5555274373548,0,1952.5555274373548,0
2014-06-06,1952.5555274373548,0,1952.5555274373548,0
2014-06-09,1952.5555274373548,0,1952.5555274373548,0
2014-06-10,1952.5555274373548,0,1952.5555274373548,0
2014-06-11,1952.5555274373548,0,1952.5555274373548,0
2014-06-12,1952.5555274373548,0,1952.5555274373548,0
2014-06-13,1952.5555274373548,0,1952.5555274373548,0
2014-06-16,1952.5555274373548,0,1952.5555274373548,0
2014-06-17,1952.5555274373548,0,1952.5555274373548,0
2014-06-18,1952.5555274373548,0,1952.5555274373548,0
2014-06-19,1952.5555274373548,0,1952.5555274373548,0
2014-06-20,1952.5555274373548,0,1952.5555274373548,0
2014-06-23,1952.5555274373548,0,1952.5555274373548,0
2014-06-24,1952.5555274373548,0,1952.5555274373548,0
2014-06-25,1952.5555274373548,0,1952.5555274373548,0
2014-06-26,1952.5555274373548,0,1952.5555274373548,0
2014-06-27,1952.5555274373548,0,1952.5555274373548,0
2014-06-30,1952.5555274373548,0,1952.5555274373548,0
2014-07-01,1952.5555274373548,0,1952.5555274373548,0
2014-07-02,1952.5555274373548,0,1952.5555274373548,0
2014-07-03,1952.5555274373548,0,1952.5555274373548,0
2014-07-07,1952.5555274373548,0,1952.5555274373548,0
2014-07-08,1952.5555274373548,0,1952.5555274373548,0
2014-07-09,1952.5555274373548,0,1952.5555274373548,0
2014-07-10,1952.5555274373548,0,1952.5555274373548,0
2014-07-11,1952.5555274373548,0,1952.5555274373548,0
2014-07-14,1952.5555274373548,0,1952.5555274373548,0
2014-07-15,1952.5555274373548,0,1952.5555274373548,0
2014-07-16,1952.5555274373548,0,1952.5555274373548,0
2014-07-17,1952.5555274373548,0,1952.5555274373548,0
2014-07-18,1952.5555274373548,0,1952.5555274373548,0
2014-07-21,1952.5555274373548,0,1952.5555274373548,0
2014-07-22,1952.5555274373548,0,1952.5555274373548,0
2014-07-23,1952.5555274373548,0,1952.5555274373548,0
2014-07-24,1952.5555274373548,0,1952.5555274373548,0
2014-07-25,1952.5555274373548,0,1952.5555274373548,0
2014-07-28,1952.5555274373548,0,1952.5555274373548,0
2014-07-29,1952.5555274373548,0,1952.5555274373548,0
2014-07-30,1952.5555274373548,0,1952.5555274373548,0
2014-07-31,1952.5555274373548,0,1952.5555274373548,0
2014-08-01,1952.5555274373548,0,1952.5555274373548,0
2014-08-04,1952.5555274373548,0,1952.5555274373548,0
2014-08-05,1952.5555274373548,0,1952.5555274373548,0
2014-08-06,1952.5555274373548,0,1952.5555274373548,0
2014-08-07,1952.5555274373548,0,1952.5555274373548,0
2014-08-08,1952.5555274373548,0,1952.5555274373548,0
2014-08-11,1952.5555274373548,0,1952.5555274373548,0
2014-08-12,1952.5555274373548,0,1952.5555274373548,0
2014-08-13,1952.5555274373548,0,1952.5555274373548,0
2014-08-14,1952.5555274373548,0,1952.5555274373548,0
2014-08-15,1952.5555274373548,0,1952.5555274373548,0
2014-08-18,1952.5555274373548,0,1952.5555274373548,0
2014-08-19,1952.5555274373548,0,1952.5555274373548,0
2014-08-20,1952.5555274373548,0,1952.5555274373548,0
2014-08-21,1952.5555274373548,0,1952.5555274373548,0
2014-08-22,1952.5555274373548,0,1952.5555274373548,0
2014-08-25,1952.5555274373548,0,1952.5555274373548,0
2014-08-26,1952.5555274373548,0,1952.5555274373548,0
2014-08-27,1952.5555274373548,0,1952.5555274373548,0
2014-08-28,1952.5555274373548,0,1952.5555274373548,0
2014-08-29,1952.5555274373548,0,1952.5555274373548,0
2014-09-02,1952.5555274373548,0,1952.5555274373548,0
2014-09-03,1952.5555274373548,0,1952.5555274373548,0
2014-09-04,1952.5555274373548,0,1952.5555274373548,0
2014-09-05,1952.5555274373548,0,1952.5555274373548,0
2014-09-08,1952.5555274373548,0,1952.5555274373548,0
2014-09-09,1952.5555274373548,0,1952.5555274373548,0
2014-09-10,1952.5555274373548,0,1952.5555274373548,0
2014-09-11,1952.5555274373548,0,1952.5555274373548,0
2014-09-12,1952.5555274373548,0,1952.5555274373548,0
2014-09-15,1952.5555274373548,0,1952.5555274373548,0
2014-09-16,1952.5555274373548,0,1952.5555274373548,0
2014-09-17,1952.5555274373548,0,1952.5555274373548,0
2014-09-18,1952.5555274373548,0,1952.5555274373548,0
2014-09-19,1952.5555274373548,0,1952.5555274373548,0
2014-09-22,1952.5555274373548,0,1952.5555274373548,0
2014-09-23,1952.5555274373548,0,1952.5555274373548,0
2014-09-24,1952.5555274373548,0,1952.5555274373548,0
2014-09-25,1952.5555274373548,0,1952.5555274373548,0
2014-09-26,1952.5555274373548,0,1952.5555274373548,0
2014-09-29,1952.5555274373548,0,1952.5555274373548,0
2014-09-30,1952.5555274373548,0,1952.5555274373548,0
2014-10-01,1952.5555274373548,0,1952.5555274373548,0
2014-10-02,1952.5555274373548,0,1952.5555274373548,0
2014-10-03,1952.5555274373548,0,1952.5555274373548,0
2014-10-06,1952.5555274373548,0,1952.5555274373548,0
2014-10-07,1952.5555274373548,0,1952.5555274373548,0
2014-10-08,1952.5555274373548,0,1952.5555274373548,0
2014-10-09,1952.5555274373548,0,1952.5555274373548,0
2014-10-10,1952.5555274373548,0,1952.5555274373548,0
2014-10-13,1952.5555274373548,0,1952.5555274373548,0
2014-10-14,1952.5555274373548,0,1952.5555274373548,0
2014-10-15,1952.5555274373548,0,1952.5555274373548,0
2014-10-16,1952.5555274373548,0,1952.5555274373548,0
2014-10-17,1952.5555274373548,0,1952.5555274373548,0
2014-10-20,1952.5555274373548,0,1952.5555274373548,0
2014-10-21,1952.5555274373548,0,1952.5555274373548,0
2014-10-22,1952.5555274373548,0,1952.5555274373548,0
2014-10-23,1952.5555274373548,0,1952.5555274373548,0
2014-10-24,1952.5555274373548,0,1952.5555274373548,0
2014-10-27,1952.5555274373548,0,1952.5555274373548,0
2014-10-28,1952.5555274373548,0,1952.5555274373548,0
2014-10-29,1952.5555274373548,0,1952.5555274373548,0
2014-10-30,1952.5555274373548,0,1952.5555274373548,0
2014-10-31,1952.5555274373548,0,1952.5555274373548,0
2014-11-03,1952.5555274373548,0,1952.5555274373548,0
2014-11-04,1952.5555274373548,0,1952.5555274373548,0
2014-11-05,1952.5555274373548,0,1952.5555274373548,0
2014-11-06,1952.5555274373548,0,1952.5555274373548,0
2014-11-07,1952.5555274373548,0,1952.5555274373548,0
2014-11-10,1952.5555274373548,0,1952.5555274373548,0
2014-11-11,1952.5555274373548,0,1952.5555274373548,0
2014-11-12,1952.5555274373548,0,1952.5555274373548,0
2014-11-13,1952.5555274373548,0,1952.5555274373548,0
2014-11-14,1952.5555274373548,0,1952.5555274373548,0
2014-11-17,1952.5555274373548,0,1952.5555274373548,0
2014-11-18,1952.5555274373548,0,1952.5555274373548,0
2014-11-19,1952.5555274373548,0,1952.5555274373548,0
2014-11-20,1952.5555274373548,0,1952.5555274373548,0
2014-11-21,1952.5555274373548,0,1952.5555274373548,0
2014-11-24,1952.5555274373548,0,1952.5555274373548,0
2014-11-25,1952.5555274373548,0,1952.5555274373548,0
2014-11-26,1952.5555274373548,0,1952.5555274373548,0
2014-11-28,1952.5555274373548,0,1952.5555274373548,0
2014-12-01,1952.5555274373548,0,1952.5555274373548,0
2014-12-02,1952.5555274373548,0,1952.5555274373548,0
2014-12-03,1952.5555274373548,0,1952.5555274373548,0
2014-12-04,1952.5555274373548,0,1952.5555274373548,0
2014-12-05,1952.5555274373548,0,1952.5555274373548,0
2014-12-08,1952.5555274373548,0,1952.5555274373548,0
2014-12-09,1952.5555274373548,0,1952.5555274373548,0
2014-12-10,1952.5555274373548,0,1952.5555274373548,0
2014-12-11,1952.5555274373548,0,1952.5555274373548,0
2014-12-12,1952.5555274373548,0,1952.5555274373548,0
2014-12-15,1952.5555274373548,0,1952.5555274373548,0
2014-12-16,1952.5555274373548,0,1952.5555274373548,0
2014-12-17,1952.5555274373548,0,1952.5555274373548,0
2014-12-18,1952.5555274373548,0,1952.5555274373548,0
2014-12-19,1952.5555274373548,0,1952.5555274373548,0
2014-12-22,1952.5555274373548,0,1952.5555274373548,0
2014-12-23,1952.5555274373548,0,1952.5555274373548,0
2014-12-24,1952.5555274373548,0,1952.5555274373548,0
2014-12-26,1952.5555274373548,0,1952.5555274373548,0
2014-12-29,1952.5555274373548,0,1952.5555274373548,0
2014-12-30,1952.5555274373548,0,1952.5555274373548,0
2014-12-31,1952.5555274373548,0,1952.5555274373548,0
2015-01-02,1952.5555274373548,0,1952.5555274373548,0
2015-01-05,1952.5555274373548,0,1952.5555274373548,0
2015-01-06,1952.5555274373548,0,1952.5555274373548,0
2015-01-07,1952.5555274373548,0,1952.5555274373548,0
2015-01-08,1952.5555274373548,0,1952.5555274373548,0
2015-01-09,1952.5555274373548,0,1952.5555274373548,0
2015-01-12,1952.5555274373548,0,1952.5555274373548,0
2015-01-13,1952.5555274373548,0,1952.5555274373548,0
2015-01-14,1952.5555274373548,0,1952.5555274373548,0
2015-01-15,1952.5555274373548,0,1952.5555274373548,0
2015-01-16,1952.5555274373548,0,1952.5555274373548,0
2015-01-20,1952.5555274373548,0,1952.5555274373548,0
2015-01-21,1952.5555274373548,0,1952.5555274373548,0
2015-01-22,1952.5555274373548,0,1952.5555274373548,0
2015-01-23,1952.5555274373548,0,1952.5555274373548,0
2015-01-26,1952.5555274373548,0,1952.5555274373548,0
2015-01-27,1952.5555274373548,0,1952.5555274373548,0
2015-01-28,1952.5555274373548,0,1952.5555274373548,0
2015-01-29,1952.5555274373548,0,1952.5555274373548,0
2015-01-30,1952.5555274373548,0,1952.5555274373548,0
2015-02-02,1952.5555274373548,0,1952.5555274373548,0
2015-02-03,1952.5555274373548,0,1952.5555274373548,0
2015-02-04,1952.5555274373548,0,1952.5555274373548,0
2015-02-05,1952.5555274373548,0,1952.5555274373548,0
2015-02-06,1952.5555274373548,0,1952.5555274373548,0
2015-02-09,1952.5555274373548,0,1952.5555274373548,0
2015-02-10,1952.5555274373548,0,1952.5555274373548,0
2015-02-11,1952.5555274373548,0,1952.5555274373548,0
2015-02-12,1952.5555274373548,0,1952.5555274373548,0
2015-02-13,1952.5555274373548,0,1952.5555274373548,0
2015-02-17,1952.5555274373548,0,1952.5555274373548,0
2015-02-18,1952.5555274373548,0,1952.5555274373548,0
2015-02-19,1952.5555274373548,0,1952.5555274373548,0
2015-02-20,1952.5555274373548,0,1952.5555274373548,0
2015-02-23,1952.5555274373548,0,1952.5555274373548,0
2015-02-24,1952.5555274373548,0,1952.5555274373548,0
2015-02-25,1952.5555274373548,0,1952.5555274373548,0
2015-02-26,1952.5555274373548,0,1952.5555274373548,0
2015-02-27,1952.5555274373548,0,1952.5555274373548,0
2015-03-02,1952.5555274373548,0,1952.5555274373548,0
2015-03-03,1952.5555274373548,0,1952.5555274373548,0
2015-03-04,1952.5555274373548,0,1952.5555274373548,0
2015-03-05,1952.5555274373548,0,1952.5555274373548,0
2015-03-06,1952.5555274373548,0,1952.5555274373548,0
2015-03-09,1952.5555274373548,0,1952.5555274373548,0
2015-03-10,1952.5555274373548,0,1952.5555274373548,0
2015-03-11,1952.5555274373548,0,1952.5555274373548,0
2015-03-12,1952.5555274373548,0,1952.5555274373548,0
2015-03-13,1952.5555274373548,0,1952.5555274373548,0
2015-03-16,1952.5555274373548,0,1952.5555274373548,0
2015-03-17,1952.5555274373548,0,1952.5555274373548,0
2015-03-18,1952.5555274373548,0,1952.5555274373548,0
2015-03-19,1952.5555274373548,0,1952.5555274373548,0
2015-03-20,1952.5555274373548,0,1952.5555274373548,0
2015-03-23,1952.5555274373548,0,1952.5555274373548,0
2015-03-24,1952.5555274373548,0,1952.5555274373548,0
2015-03-25,1952.5555274373548,0,1952.5555274373548,0
2015-03-26,1952.5555274373548,0,1952.5555274373548,0
2015-03-27,1952.5555274373548,0,1952.5555274373548,0
2015-03-30,1952.5555274373548,0,1952.5555274373548,0
2015-03-31,1952.5555274373548,0,1952.5555274373548,0
2015-04-01,1952.5555274373548,0,1952.5555274373548,0
2015-04-02,1952.5555274373548,0,1952.5555274373548,0
2015-04-06,1952.5555274373548,0,1952.5555274373548,0
2015-04-07,1952.5555274373548,0,1952.5555274373548,0
2015-04-08,1952.5555274373548,0,1952.5555274373548,0
2015-04-09,1952.5555274373548,0,1952.5555274373548,0
2015-04-10,1952.5555274373548,0,1952.5555274373548,0
2015-04-13,1952.5555274373548,0,1952.5555274373548,0
2015-04-14,1952.5555274373548,0,1952.5555274373548,0
2015-04-15,1952.5555274373548,0,1952.5555274373548,0
2015-04-16,1952.5555274373548,0,1952.5555274373548,0
2015-04-17,1952.5555274373548,0,1952.5555274373548,0
2015-04-20,1952.5555274373548,0,1952.5555274373548,0
2015-04-21,1952.5555274373548,0,1952.5555274373548,0
2015-04-22,1952.5555274373548,0,1952.5555274373548,0
2015-04-23,1952.5555274373548,0,1952.5555274373548,0
2015-04-24,1952.5555274373548,0,1952.5555274373548,0
2015-04-27,1952.5555274373548,0,1952.5555274373548,0
2015-04-28,1952.5555274373548,0,1952.5555274373548,0
2015-04-29,1952.5555274373548,0,1952.5555274373548,0
2015-04-30,1952.5555274373548,0,1952.5555274373548,0
2015-05-01,1952.5555274373548,0,1952.5555274373548,0
2015-05-04,1952.5555274373548,0,1952.5555274373548,0
2015-05-05,1952.5555274373548,0,1952.5555274373548,0
2015-05-06,1952.5555274373548,0,1952.5555274373548,0
2015-05-07,1952.5555274373548,0,1952.5555274373548,0
2015-05-08,1952.5555274373548,0,1952.5555274373548,0
2015-05-11,1952.5555274373548,0,1952.5555274373548,0
2015-05-12,1952.5555274373548,0,1952.5555274373548,0
2015-05-13,1952.5555274373548,0,1952.5555274373548,0
2015-05-14,1952.5555274373548,0,1952.5555274373548,0
2015-05-15,1952.5555274373548,0,1952.5555274373548,0
2015-05-18,1952.5555274373548,0,1952.5555274373548,0
2015-05-19,1952.5555274373548,0,1952.5555274373548,0
2015-05-20,1952.5555274373548,0,1952.5555274373548,0
2015-05-21,1952.5555274373548,0,1952.5555274373548,0
2015-05-22,1952.5555274373548,0,1952.5555274373548,0
2015-05-26,1952.5555274373548,0,1952.5555274373548,0
2015-05-27,1952.5555274373548,0,1952.5555274373548,0
2015-05-28,1952.5555274373548,0,1952.5555274373548,0
2015-05-29,1952.5555274373548,0,1952.5555274373548,0
2015-06-01,1952.5555274373548,0,1952.5555274373548,0
2015-06-02,1952.5555274373548,0,1952.5555274373548,0
2015-06-03,1952.5555274373548,0,1952.5555274373548,0
2015-06-04,1952.5555274373548,0,1952.5555274373548,0
2015-06-05,1952.5555274373548,0,1952.5555274373548,0
2015-06-08,1952.5555274373548,0,1952.5555274373548,0
2015-06-09,1952.5555274373548,0,1952.5555274373548,0
2015-06-10,1952.5555274373548,0,1952.5555274373548,0
2015-06-11,1952.5555274373548,0,1952.5555274373548,0
2015-06-12,1952.5555274373548,0,1952.5555274373548,0
2015-06-15,1952.5555274373548,0,1952.5555274373548,0
2015-06-16,1952.5555274373548,0,1952.5555274373548,0
2015-06-17,1952.5555274373548,0,1952.5555274373548,0
2015-06-18,1952.5555274373548,0,1952.5555274373548,0
2015-06-19,1952.5555274373548,0,1952.5555274373548,0
2015-06-22,1952.5555274373548,0,1952.5555274373548,0
2015-06-23,1952.5555274373548,0,1952.5555274373548,0
2015-06-24,1952.5555274373548,0,1952.5555274373548,0
2015-06-25,1952.5555274373548,0,1952.5555274373548,0
2015-06-26,1952.5555274373548,0,1952.5555274373548,0
2015-06-29,1952.5555274373548,0,1952.5555274373548,0
2015-06-30,1952.5555274373548,0,1952.5555274373548,0
2015-07-01,1952.5555274373548,0,1952.5555274373548,0
2015-07-02,1952.5555274373548,0,1952.5555274373548,0
2015-07-06,1952.5555274373548,0,1952.5555274373548,0
2015-07-07,1952.5555274373548,0,1952.5555274373548,0
2015-07-08,1952.5555274373548,0,1952.5555274373548,0
2015-07-09,1952.5555274373548,0,1952.5555274373548,0
2015-07-10,1952.5555274373548,0,1952.5555274373548,0
2015-07-13,1952.5555274373548,0,1952.5555274373548,0
2015-07-14,1952.5555274373548,0,1952.5555274373548,0
2015-07-15,1952.5555274373548,0,1952.5555274373548,0
2015-07-16,1952.5555274373548,0,1952.5555274373548,0
2015-07-17,1952.5555274373548,0,1952.5555274373548,0
2015-07-20,1952.5555274373548,0,1952.5555274373548,0
2015-07-21,1952.5555274373548,0,1952.5555274373548,0
2015-07-22,1952.5555274373548,0,1952.5555274373548,0
2015-07-23,1952.5555274373548,0,1952.5555274373548,0
2015-07-24,1952.5555274373548,0,1952.5555274373548,0
2015-07-27,1952.5555274373548,0,1952.5555274373548,0
2015-07-28,1952.5555274373548,0,1952.5555274373548,0
2015-07-29,1952.5555274373548,0,1952.5555274373548,0
2015-07-30,1952.5555274373548,0,1952.5555274373548,0
2015-07-31,1952.5555274373548,0,1952.5555274373548,0
2015-08-03,1952.5555274373548,0,1952.5555274373548,0
2015-08-04,1952.5555274373548,0,1952.5555274373548,0
2015-08-05,1952.5555274373548,0,1952.5555274373548,0
2015-08-06,1952.5555274373548,0,1952.5555274373548,0
2015-08-07,1952.5555274373548,0,1952.5555274373548,0
2015-08-10,1952.5555274373548,0,1952.5555274373548,0
2015-08-11,1952.5555274373548,0,1952.5555274373548,0
2015-08-12,1952.5555274373548,0,1952.5555274373548,0
2015-08-13,1952.5555274373548,0,1952.5555274373548,0
2015-08-14,1952.5555274373548,0,1952.5555274373548,0
2015-08-17,1952.5555274373548,0,1952.5555274373548,0
2015-08-18,1952.5555274373548,0,1952.5555274373548,0
2015-08-19,1952.5555274373548,0,1952.5555274373548,0
2015-08-20,1952.5555274373548,0,1952.5555274373548,0
2015-08-21,1952.5555274373548,0,1952.5555274373548,0
2015-08-24,1952.5555274373548,0,1952.5555274373548,0
2015-08-25,1952.5555274373548,0,1952.5555274373548,0
2015-08-26,1952.5555274373548,0,1952.5555274373548,0
2015-08-27,1952.5555274373548,0,1952.5555274373548,0
2015-08-28,1952.5555274373548,0,1952.5555274373548,0
2015-08-31,1952.5555274373548,0,1952.5555274373548,0
2015-09-01,1952.5555274373548,0,1952.5555274373548,0
2015-09-02,1952.5555274373548,0,1952.5555274373548,0
2015-09-03,1952.5555274373548,0,1952.5555274373548,0
2015-09-04,1952.5555274373548,0,1952.5555274373548,0
2015-09-08,1952.5555274373548,0,1952.5555274373548,0
2015-09-09,1952.5555274373548,0,1952.5555274373548,0
2015-09-10,1952.5555274373548,0,1952.5555274373548,0
2015-09-11,1952.5555274373548,0,1952.5555274373548,0
2015-09-14,1952.5555274373548,0,1952.5555274373548,0
2015-09-15,1952.5555274373548,0,1952.5555274373548,0
2015-09-16,1952.5555274373548,0,1952.5555274373548,0
2015-09-17,1952.5555274373548,0,1952.5555274373548,0
2015-09-18,1952.5555274373548,0,1952.5555274373548,0
2015-09-21,1952.5555274373548,0,1952.5555274373548,0
2015-09-22,1952.5555274373548,0,1952.5555274373548,0
2015-09-23,1952.5555274373548,0,1952.5555274373548,0
2015-09-24,1952.5555274373548,0,1952.5555274373548,0
2015-09-25,1952.5555274373548,0,1952.5555274373548,0
2015-09-28,1952.5555274373548,0,1952.5555274373548,0
2015-09-29,1952.5555274373548,0,1952.5555274373548,0
2015-09-30,1952.5555274373548,0,1952.5555274373548,0
2015-10-01,1952.5555274373548,0,1952.5555274373548,0
2015-10-02,1952.5555274373548,0,1952.5555274373548,0
2015-10-05,1952.5555274373548,0,1952.5555274373548,0
2015-10-06,1952.5555274373548,0,1952.5555274373548,0
2015-10-07,1952.5555274373548,0,1952.5555274373548,0
2015-10-08,1952.5555274373548,0,1952.5555274373548,0
2015-10-09,1952.5555274373548,0,1952.5555274373548,0
2015-10-12,1952.5555274373548,0,1952.5555274373548,0
2015-10-13,1952.5555274373548,0,1952.5555274373548,0
2015-10-14,1952.5555274373548,0,1952.5555274373548,0
2015-10-15,1952.5555274373548,0,1952.5555274373548,0
2015-10-16,1952.5555274373548,0,1952.5555274373548,0
2015-10-19,1952.5555274373548,0,1952.5555274373548,0
2015-10-20,1952.5555274373548,0,1952.5555274373548,0
2015-10-21,1952.5555274373548,0,1952.5555274373548,0
2015-10-22,1952.5555274373548,0,1952.5555274373548,0
2015-10-23,1952.5555274373548,0,1952.5555274373548,0
2015-10-26,1952.5555274373548,0,1952.5555274373548,0
2015-10-27,1952.5555274373548,0,1952.5555274373548,0
2015-10-28,1952.5555274373548,0,1952.5555274373548,0
2015-10-29,1952.5555274373548,0,1952.5555274373548,0
2015-10-30,1952.5555274373548,0,1952.5555274373548,0
2015-11-02,1952.5555274373548,0,1952.5555274373548,0
2015-11-03,1952.5555274373548,0,1952.5555274373548,0
2015-11-04,1952.5555274373548,0,1952.5555274373548,0
2015-11-05,1952.5555274373548,0,1952.5555274373548,0
2015-11-06,1952.5555274373548,0,1952.5555274373548,0
2015-11-09,1952.5555274373548,0,1952.5555274373548,0
2015-11-10,1952.5555274373548,0,1952.5555274373548,0
2015-11-11,1952.5555274373548,0,1952.5555274373548,0
2015-11-12,1952.5555274373548,0,1952.5555274373548,0
2015-11-13,1952.5555274373548,0,1952.5555274373548,0
2015-11-16,1952.5555274373548,0,1952.5555274373548,0
2015-11-17,1952.5555274373548,0,1952.5555274373548,0
2015-11-18,1952.5555274373548,0,1952.5555274373548,0
2015-11-19,1952.5555274373548,0,1952.5555274373548,0
2015-11-20,1952.5555274373548,0,1952.5555274373548,0
2015-11-23,1952.5555274373548,0,1952.5555274373548,0
2015-11-24,1952.5555274373548,0,1952.5555274373548,0
2015-11-25,1952.5555274373548,0,1952.5555274373548,0
2015-11-27,1952.5555274373548,0,1952.5555274373548,0
2015-11-30,1952.5555274373548,0,1952.5555274373548,0
2015-12-01,1952.5555274373548,0,1952.5555274373548,0
2015-12-02,1952.5555274373548,0,1952.5555274373548,0
2015-12-03,1952.5555274373548,0,1952.5555274373548,0
2015-12-04,1952.5555274373548,0,1952.5555274373548,0
2015-12-07,1952.5555274373548,0,1952.5555274373548,0
2015-12-08,1952.5555274373548,0,1952.5555274373548,0
2015-12-09,1952.5555274373548,0,1952.5555274373548,0
2015-12-10,1952.5555274373548,0,1952.5555274373548,0
2015-12-11,1952.5555274373548,0,1952.5555274373548,0
2015-12-14,1952.5555274373548,0,1952.5555274373548,0
2015-12-15,1952.5555274373548,0,1952.5555274373548,0
2015-12-16,1952.5555274373548,0,1952.5555274373548,0
2015-12-17,1952.5555274373548,0,1952.5555274373548,0
2015-12-18,1952.5555274373548,0,1952.5555274373548,0
2015-12-21,1952.5555274373548,0,1952.5555274373548,0
2015-12-22,1952.5555274373548,0,1952.5555274373548,0
2015-12-23,1952.5555274373548,0,1952.5555274373548,0
2015-12-24,1952.5555274373548,0,1952.5555274373548,0
2015-12-28,1952.5555274373548,0,1952.5555274373548,0
2015-12-29,1952.5555274373548,0,1952.5555274373548,0
2015-12-30,1952.5555274373548,0,1952.5555274373548,0
2015-12-31,1952.5555274373548,0,1952.5555274373548,0
2016-01-04,1952.5555274373548,0,1952.5555274373548,0
2016-01-05,1952.5555274373548,0,1952.5555274373548,0
2016-01-06,1952.5555274373548,0,1952.5555274373548,0
2016-01-07,1952.5555274373548,0,1952.5555274373548,0
2016-01-08,1952.5555274373548,0,1952.5555274373548,0
2016-01-11,1952.5555274373548,0,1952.5555274373548,0
2016-01-12,1952.5555274373548,0,1952.5555274373548,0
2016-01-13,1952.5555274373548,0,1952.5555274373548,0
2016-01-14,1952.5555274373548,0,1952.5555274373548,0
2016-01-15,1952.5555274373548,0,1952.5555274373548,0
2016-01-19,1952.5555274373548,0,1952.5555274373548,0
2016-01-20,1952.5555274373548,0,1952.5555274373548,0
2016-01-21,1952.5555274373548,0,1952.5555274373548,0
2016-01-22,1952.5555274373548,0,1952.5555274373548,0
2016-01-25,1952.5555274373548,0,1952.5555274373548,0
2016-01-26,1952.5555274373548,0,1952.5555274373548,0
2016-01-27,1952.5555274373548,0,1952.5555274373548,0
2016-01-28,1952.5555274373548,0,1952.5555274373548,0
2016-01-29,1952.5555274373548,0,1952.5555274373548,0
2016-02-01,1952.5555274373548,0,1952.5555274373548,0
2016-02-02,1952.5555274373548,0,1952.5555274373548,0
2016-02-03,1952.5555274373548,0,1952.5555274373548,0
2016-02-04,1952.5555274373548,0,1952.5555274373548,0
2016-02-05,1952.5555274373548,0,1952.5555274373548,0
2016-02-08,1952.5555274373548,0,1952.5555274373548,0
2016-02-09,1952.5555274373548,0,1952.5555274373548,0
2016-02-10,1952.5555274373548,0,1952.5555274373548,0
2016-02-11,1952.5555274373548,0,1952.5555274373548,0
2016-02-12,1952.5555274373548,0,1952.5555274373548,0
2016-02-16,1952.5555274373548,0,1952.5555274373548,0
2016-02-17,1952.5555274373548,0,1952.5555274373548,0
2016-02-18,1952.5555274373548,0,1952.5555274373548,0
2016-02-19,1952.5555274373548,0,1952.5555274373548,0
2016-02-22,1952.5555274373548,0,1952.5555274373548,0
2016-02-23,1952.5555274373548,0,1952.5555274373548,0
2016-02-24,1952.5555274373548,0,1952.5555274373548,0
2016-02-25,1952.5555274373548,0,1952.5555274373548,0
2016-02-26,1952.5555274373548,0,1952.5555274373548,0
2016-02-29,1952.5555274373548,0,1952.5555274373548,0
2016-03-01,1952.5555274373548,0,1952.5555274373548,0
2016-03-02,1952.5555274373548,0,1952.5555274373548,0
2016-03-03,1952.5555274373548,0,1952.5555274373548,0
2016-03-04,1952.5555274373548,0,1952.5555274373548,0
2016-03-07,1952.5555274373548,0,1952.5555274373548,0
2016-03-08,1952.5555274373548,0,1952.5555274373548,0
2016-03-09,1952.5555274373548,0,1952.5555274373548,0
2016-03-10,1952.5555274373548,0,1952.5555274373548,0
2016-03-11,1952.5555274373548,0,1952.5555274373548,0
2016-03-14,1952.5555274373548,0,1952.5555274373548,0
2016-03-15,1952.5555274373548,0,1952.5555274373548,0
2016-03-16,1952.5555274373548,0,1952.5555274373548,0
2016-03-17,1952.5555274373548,0,1952.5555274373548,0
2016-03-18,1952.5555274373548,0,1952.5555274373548,0
2016-03-21,1952.5555274373548,0,1952.5555274373548,0
2016-03-22,1952.5555274373548,0,1952.5555274373548,0
2016-03-23,1952.5555274373548,0,1952.5555274373548,0
2016-03-24,1952.5555274373548,0,1952.5555274373548,0
2016-03-28,1952.5555274373548,0,1952.5555274373548,0
2016-03-29,1952.5555274373548,0,1952.5555274373548,0
2016-03-30,1952.5555274373548,0,1952.5555274373548,0
2016-03-31,1952.5555274373548,0,1952.5555274373548,0
2016-04-01,1952.5555274373548,0,1952.5555274373548,0
2016-04-04,1952.5555274373548,0,1952.5555274373548,0
2016-04-05,1952.5555274373548,0,1952.5555274373548,0
2016-04-06,1952.5555274373548,0,1952.5555274373548,0
2016-04-07,1952.5555274373548,0,1952.5555274373548,0
2016-04-08,1952.5555274373548,0,1952.5555274373548,0
2016-04-11,1952.5555274373548,0,1952.5555274373548,0
2016-04-12,1952.5555274373548,0,1952.5555274373548,0
2016-04-13,1952.5555274373548,0,1952.5555274373548,0
2016-04-14,1952.5555274373548,0,1952.5555274373548,0
2016-04-15,1952.5555274373548,0,1952.5555274373548,0
2016-04-18,1952.5555274373548,0,1952.5555274373548,0
2016-04-19,1952.5555274373548,0,1952.5555274373548,0
2016-04-20,1952.5555274373548,0,1952.5555274373548,0
2016-04-21,1952.5555274373548,0,1952.5555274373548,0
2016-04-22,1952.5555274373548,0,1952.5555274373548,0
2016-04-25,1952.5555274373548,0,1952.5555274373548,0
2016-04-26,1952.5555274373548,0,1952.5555274373548,0
2016-04-27,1952.5555274373548,0,1952.5555274373548,0
2016-04-28,1952.5555274373548,0,1952.5555274373548,0
2016-04-29,1952.5555274373548,0,1952.5555274373548,0
2016-05-02,1952.5555274373548,0,1952.5555274373548,0
2016-05-03,1952.5555274373548,0,1952.5555274373548,0
2016-05-04,1952.5555274373548,0,1952.5555274373548,0
2016-05-05,1952.5555274373548,0,1952.5555274373548,0
2016-05-06,1952.5555274373548,0,1952.5555274373548,0
2016-05-09,1952.5555274373548,0,1952.5555274373548,0
2016-05-10,1952.5555274373548,0,1952.5555274373548,0
2016-05-11,1952.5555274373548,0,1952.5555274373548,0
2016-05-12,1952.5555274373548,0,1952.5555274373548,0
2016-05-13,1952.5555274373548,0,1952.5555274373548,0
2016-05-16,1952.5555274373548,0,1952.5555274373548,0
2016-05-17,1952.5555274373548,0,1952.5555274373548,0
2016-05-18,1952.5555274373548,0,1952.5555274373548,0
2016-05-19,1952.5555274373548,0,1952.5555274373548,0
2016-05-20,1952.5555274373548,0,1952.5555274373548,0
2016-05-23,1952.5555274373548,0,1952.5555274373548,0
2016-05-24,1952.5555274373548,0,1952.5555274373548,0
2016-05-25,1952.5555274373548,0,1952.5555274373548,0
2016-05-26,1952.5555274373548,0,1952.5555274373548,0
2016-05-27,1952.5555274373548,0,1952.5555274373548,0
2016-05-31,1952.5555274373548,0,1952.5555274373548,0
2016-06-01,1952.5555274373548,0,1952.5555274373548,0
2016-06-02,1952.5555274373548,0,1952.5555274373548,0
2016-06-03,1952.5555274373548,0,1952.5555274373548,0
2016-06-06,1952.5555274373548,0,1952.5555274373548,0
2016-06-07,1952.5555274373548,0,1952.5555274373548,0
2016-06-08,1952.5555274373548,0,1952.5555274373548,0
2016-06-09,1952.5555274373548,0,1952.5555274373548,0
2016-06-10,1952.5555274373548,0,1952.5555274373548,0
2016-06-13,1952.5555274373548,0,1952.5555274373548,0
2016-06-14,1952.5555274373548,0,1952.5555274373548,0
2016-06-15,1952.5555274373548,0,1952.5555274373548,0
2016-06-16,1952.5555274373548,0,1952.5555274373548,0
2016-06-17,1952.5555274373548,0,1952.5555274373548,0
2016-06-20,1952.5555274373548,0,1952.5555274373548,0
2016-06-21,1952.5555274373548,0,1952.5555274373548,0
2016-06-22,1952.5555274373548,0,1952.5555274373548,0
2016-06-23,1952.5555274373548,0,1952.5555274373548,0
2016-06-24,1952.5555274373548,0,1952.5555274373548,0
2016-06-27,1952.5555274373548,0,1952.5555274373548,0
2016-06-28,1952.5555274373548,0,1952.5555274373548,0
2016-06-29,1952.5555274373548,0,1952.5555274373548,0
2016-06-30,1952.5555274373548,0,1952.5555274373548,0
2016-07-01,1952.5555274373548,0,1952.5555274373548,0
2016-07-05,1952.5555274373548,0,1952.5555274373548,0
2016-07-06,1952.5555274373548,0,1952.5555274373548,0
2016-07-07,1952.5555274373548,0,1952.5555274373548,0
2016-07-08,1952.5555274373548,0,1952.5555274373548,0
2016-07-11,1952.5555274373548,0,1952.5555274373548,0
2016-07-12,1952.5555274373548,0,1952.5555274373548,0
2016-07-13,1952.5555274373548,0,1952.5555274373548,0
2016-07-14,1952.5555274373548,0,1952.5555274373548,0
2016-07-15,1952.5555274373548,0,1952.5555274373548,0
2016-07-18,1952.5555274373548,0,1952.5555274373548,0
2016-07-19,1952.5555274373548,0,1952.5555274373548,0
2016-07-20,1952.5555274373548,0,1952.5555274373548,0
2016-07-21,1952.5555274373548,0,1952.5555274373548,0
2016-07-22,1952.5555274373548,0,1952.5555274373548,0
2016-07-25,1952.5555274373548,0,1952.5555274373548,0
2016-07-26,1952.5555274373548,0,1952.5555274373548,0
2016-07-27,1952.5555274373548,0,1952.5555274373548,0
2016-07-28,1952.5555274373548,0,1952.5555274373548,0
2016-07-29,1952.5555274373548,0,1952.5555274373548,0
2016-08-01,1952.5555274373548,0,1952.5555274373548,0
2016-08-02,1952.5555274373548,0,1952.5555274373548,0
2016-08-03,1952.5555274373548,0,1952.5555274373548,0
2016-08-04,1952.5555274373548,0,1952.5555274373548,0
2016-08-05,1952.5555274373548,0,1952.5555274373548,0
2016-08-08,1952.5555274373548,0,1952.5555274373548,0
2016-08-09,1952.5555274373548,0,1952.5555274373548,0
2016-08-10,1952.5555274373548,0,1952.5555274373548,0
2016-08-11,1952.5555274373548,0,1952.5555274373548,0
2016-08-12,1952.5555274373548,0,1952.5555274373548,0
2016-08-15,1952.5555274373548,0,1952.5555274373548,0
2016-08-16,1952.5555274373548,0,1952.5555274373548,0
2016-08-17,1952.5555274373548,0,1952.5555274373548,0
2016-08-18,1952.5555274373548,0,1952.5555274373548,0
2016-08-19,1952.5555274373548,0,1952.5555274373548,0
2016-08-22,1952.5555274373548,0,1952.5555274373548,0
2016-08-23,1952.5555274373548,0,1952.5555274373548,0
2016-08-24,1952.5555274373548,0,1952.5555274373548,0
2016-08-25,1952.5555274373548,0,1952.5555274373548,0
2016-08-26,1952.5555274373548,0,1952.5555274373548,0
2016-08-29,1952.5555274373548,0,1952.5555274373548,0
2016-08-30,1952.5555274373548,0,1952.5555274373548,0
2016-08-31,1952.5555274373548,0,1952.5555274373548,0
2016-09-01,1952.5555274373548,0,1952.5555274373548,0
2016-09-02,1952.5555274373548,0,1952.5555274373548,0
2016-09-06,1952.5555274373548,0,1952.5555274373548,0
2016-09-07,1952.5555274373548,0,1952.5555274373548,0
2016-09-08,1952.5555274373548,0,1952.5555274373548,0
2016-09-09,1952.5555274373548,0,1952.5555274373548,0
2016-09-12,1952.5555274373548,0,1952.5555274373548,0
2016-09-13,1952.5555274373548,0,1952.5555274373548,0
2016-09-14,1952.5555274373548,0,1952.5555274373548,0
2016-09-15,1952.5555274373548,0,1952.5555274373548,0
2016-09-16,1952.5555274373548,0,1952.5555274373548,0
2016-09-19,1952.5555274373548,0,1952.5555274373548,0
2016-09-20,1952.5555274373548,0,1952.5555274373548,0
2016-09-21,1952.5555274373548,0,1952.5555274373548,0
2016-09-22,1952.5555274373548,0,1952.5555274373548,0
2016-09-23,1952.5555274373548,0,1952.5555274373548,0
2016-09-26,1952.5555274373548,0,1952.5555274373548,0
2016-09-27,1952.5555274373548,0,1952.5555274373548,0
2016-09-28,1952.5555274373548,0,1952.5555274373548,0
2016-09-29,1952.5555274373548,0,1952.5555274373548,0
2016-09-30,1952.5555274373548,0,1952.5555274373548,0
2016-10-03,1952.5555274373548,0,1952.5555274373548,0
2016-10-04,1952.5555274373548,0,1952.5555274373548,0
2016-10-05,1952.5555274373548,0,1952.5555274373548,0
2016-10-06,1952.5555274373548,0,1952.5555274373548,0
2016-10-07,1952.5555274373548,0,1952.5555274373548,0
2016-10-10,1952.5555274373548,0,1952.5555274373548,0
2016-10-11,1952.5555274373548,0,1952.5555274373548,0
2016-10-12,1952.5555274373548,0,1952.5555274373548,0
2016-10-13,1952.5555274373548,0,1952.5555274373548,0
2016-10-14,1952.5555274373548,0,1952.5555274373548,0
2016-10-17,1952.5555274373548,0,1952.5555274373548,0
2016-10-18,1952.5555274373548,0,1952.5555274373548,0
2016-10-19,1952.5555274373548,0,1952.5555274373548,0
2016-10-20,1952.5555274373548,0,1952.5555274373548,0
2016-10-21,1952.5555274373548,0,1952.5555274373548,0
2016-10-24,1952.5555274373548,0,1952.5555274373548,0
2016-10-25,1952.5555274373548,0,1952.5555274373548,0
2016-10-26,1952.5555274373548,0,1952.5555274373548,0
2016-10-27,1952.5555274373548,0,1952.5555274373548,0
2016-10-28,1952.5555274373548,0,1952.5555274373548,0
2016-10-31,1952.5555274373548,0,1952.5555274373548,0
2016-11-01,1952.5555274373548,0,1952.5555274373548,0
2016-11-02,1952.5555274373548,0,1952.5555274373548,0
2016-11-03,1952.5555274373548,0,1952.5555274373548,0
2016-11-04,1952.5555274373548,0,1952.5555274373548,0
2016-11-07,1952.5555274373548,0,1952.5555274373548,0
2016-11-08,1952.5555274373548,0,1952.5555274373548,0
2016-11-09,1952.5555274373548,0,1952.5555274373548,0
2016-11-10,1952.5555274373548,0,1952.5555274373548,0
2016-11-11,1952.5555274373548,0,1952.5555274373548,0
2016-11-14,1952.5555274373548,0,1952.5555274373548,0
2016-11-15,1952.5555274373548,0,1952.5555274373548,0
2016-11-16,1952.5555274373548,0,1952.5555274373548,0
2016-11-17,1952.5555274373548,0,1952.5555274373548,0
2016-11-18,1952.5555274373548,0,1952.5555274373548,0
2016-11-21,1952.5555274373548,0,1952.5555274373548,0
2016-11-22,1952.5555274373548,0,1952.5555274373548,0
2016-11-23,1952.5555274373548,0,1952.5555274373548,0
2016-11-25,1952.5555274373548,0,1952.5555274373548,0
2016-11-28,1952.5555274373548,0,1952.5555274373548,0
2016-11-29,1952.5555274373548,0,1952.5555274373548,0
2016-11-30,1952.5555274373548,0,1952.5555274373548,0
2016-12-01,1952.5555274373548,0,1952.5555274373548,0
2016-12-02,1952.5555274373548,0,1952.5555274373548,0
2016-12-05,1952.5555274373548,0,1952.5555274373548,0
2016-12-06,1952.5555274373548,0,1952.5555274373548,0
2016-12-07,1952.5555274373548,0,1952.5555274373548,0
2016-12-08,1952.5555274373548,0,1952.5555274373548,0
2016-12-09,1952.5555274373548,0,1952.5555274373548,0
2016-12-12,1952.5555274373548,0,1952.5555274373548,0
2016-12-13,1952.5555274373548,0,1952.5555274373548,0
2016-12-14,1952.5555274373548,0,1952.5555274373548,0
2016-12-15,1952.5555274373548,0,1952.5555274373548,0
2016-12-16,1952.5555274373548,0,1952.5555274373548,0
2016-12-19,1952.5555274373548,0,1952.5555274373548,0
2016-12-20,1952.5555274373548,0,1952.5555274373548,0
2016-12-21,1952.5555274373548,0,1952.5555274373548,0
2016-12-22,1952.5555274373548,0,1952.5555274373548,0
2016-12-23,1952.5555274373548,0,1952.5555274373548,0
2016-12-27,1952.5555274373548,0,1952.5555274373548,0
2016-12-28,1952.5555274373548,0,1952.5555274373548,0
2016-12-29,1952.5555274373548,0,1952.5555274373548,0
2016-12-30,1952.5555274373548,0,1952.5555274373548,0
2017-01-03,1952.5555274373548,0,1952.5555274373548,0
2017-01-04,1952.5555274373548,0,1952.5555274373548,0
2017-01-05,1952.5555274373548,0,1952.5555274373548,0
2017-01-06,1952.5555274373548,0,1952.5555274373548,0
2017-01-09,1952.5555274373548,0,1952.5555274373548,0
2017-01-10,1952.5555274373548,0,1952.5555274373548,0
2017-01-11,1952.5555274373548,0,1952.5555274373548,0
2017-01-12,1952.5555274373548,0,1952.5555274373548,0
2017-01-13,1952.5555274373548,0,1952.5555274373548,0
2017-01-17,1952.5555274373548,0,1952.5555274373548,0
2017-01-18,1952.5555274373548,0,1952.5555274373548,0
2017-01-19,1952.5555274373548,0,1952.5555274373548,0
2017-01-20,1952.5555274373548,0,1952.5555274373548,0
2017-01-23,1952.5555274373548,0,1952.5555274373548,0
2017-01-24,1952.5555274373548,0,1952.5555274373548,0
2017-01-25,1952.5555274373548,0,1952.5555274373548,0
2017-01-26,1952.5555274373548,0,1952.5555274373548,0
2017-01-27,1952.5555274373548,0,1952.5555274373548,0
2017-01-30,1952.5555274373548,0,1952.5555274373548,0
2017-01-31,1952.5555274373548,0,1952.5555274373548,0
2017-02-01,1952.5555274373548,0,1952.5555274373548,0
2017-02-02,1952.5555274373548,0,1952.5555274373548,0
2017-02-03,1952.5555274373548,0,1952.5555274373548,0
2017-02-06,1952.5555274373548,0,1952.5555274373548,0
2017-02-07,1952.5555274373548,0,1952.5555274373548,0
2017-02-08,1952.5555274373548,0,1952.5555274373548,0
2017-02-09,1952.5555274373548,0,1952.5555274373548,0
2017-02-10,1952.5555274373548,0,1952.5555274373548,0
2017-02-13,1952.5555274373548,0,1952.5555274373548,0
2017-02-14,1952.5555274373548,0,1952.5555274373548,0
2017-02-15,1952.5555274373548,0,1952.5555274373548,0
2017-02-16,1952.5555274373548,0,1952.5555274373548,0
2017-02-17,1952.5555274373548,0,1952.5555274373548,0
2017-02-21,1952.5555274373548,0,1952.5555274373548,0
2017-02-22,1952.5555274373548,0,1952.5555274373548,0
2017-02-23,1952.5555274373548,0,1952.5555274373548,0
2017-02-24,1952.5555274373548,0,1952.5555274373548,0
2017-02-27,1952.5555274373548,0,1952.5555274373548,0
2017-02-28,1952.5555274373548,0,1952.5555274373548,0
2017-03-01,1952.5555274373548,0,1952.5555274373548,0
2017-03-02,1952.5555274373548,0,1952.5555274373548,0
2017-03-03,1952.5555274373548,0,1952.5555274373548,0
2017-03-06,1952.5555274373548,0,1952.5555274373548,0
2017-03-07,1952.5555274373548,0,1952.5555274373548,0
2017-03-08,1952.5555274373548,0,1952.5555274373548,0
2017-03-09,1952.5555274373548,0,1952.5555274373548,0
2017-03-10,1952.5555274373548,0,1952.5555274373548,0
2017-03-13,1952.5555274373548,0,1952.5555274373548,0
2017-03-14,1952.5555274373548,0,1952.5555274373548,0
2017-03-15,1952.5555274373548,0,1952.5555274373548,0
2017-03-16,1952.5555274373548,0,1952.5555274373548,0
2017-03-17,1952.5555274373548,0,1952.5555274373548,0
2017-03-20,1952.5555274373548,0,1952.5555274373548,0
2017-03-21,1952.5555274373548,0,1952.5555274373548,0
2017-03-22,1952.5555274373548,0,1952.5555274373548,0
2017-03-23,1952.5555274373548,0,1952.5555274373548,0
2017-03-24,1952.5555274373548,0,1952.5555274373548,0
2017-03-27,1952.5555274373548,0,1952.5555274373548,0
2017-03-28,1952.5555274373548,0,1952.5555274373548,0
2017-03-29,1952.5555274373548,0,1952.5555274373548,0
2017-03-30,1952.5555274373548,0,1952.5555274373548,0
2017-03-31,1952.5555274373548,0,1952.5555274373548,0
2017-04-03,1952.5555274373548,0,1952.5555274373548,0
2017-04-04,1952.5555274373548,0,1952.5555274373548,0
2017-04-05,1952.5555274373548,0,1952.5555274373548,0
2017-04-06,1952.5555274373548,0,1952.5555274373548,0
2017-04-07,1952.5555274373548,0,1952.5555274373548,0
2017-04-10,1952.5555274373548,0,1952.5555274373548,0
2017-04-11,1952.5555274373548,0,1952.5555274373548,0
2017-04-12,1952.5555274373548,0,1952.5555274373548,0
2017-04-13,1952.5555274373548,0,1952.5555274373548,0
2017-04-17,1952.5555274373548,0,1952.5555274373548,0
2017-04-18,1952.5555274373548,0,1952.5555274373548,0
2017-04-19,1952.5555274373548,0,1952.5555274373548,0
2017-04-20,1952.5555274373548,0,1952.5555274373548,0
2017-04-21,1952.5555274373548,0,1952.5555274373548,0
2017-04-24,1952.5555274373548,0,1952.5555274373548,0
2017-04-25,1952.5555274373548,0,1952.5555274373548,0
2017-04-26,1952.5555274373548,0,1952.5555274373548,0
2017-04-27,1952.5555274373548,0,1952.5555274373548,0
2017-04-28,1952.5555274373548,0,1952.5555274373548,0
2017-05-01,1952.5555274373548,0,1952.5555274373548,0
2017-05-02,1952.5555274373548,0,1952.5555274373548,0
2017-05-03,1952.5555274373548,0,1952.5555274373548,0
2017-05-04,1952.5555274373548,0,1952.5555274373548,0
2017-05-05,1952.5555274373548,0,1952.5555274373548,0
2017-05-08,1952.5555274373548,0,1952.5555274373548,0
2017-05-09,1952.5555274373548,0,1952.5555274373548,0
2017-05-10,1952.5555274373548,0,1952.5555274373548,0
2017-05-11,1952.5555274373548,0,1952.5555274373548,0
2017-05-12,1952.5555274373548,0,1952.5555274373548,0
2017-05-15,1952.5555274373548,0,1952.5555274373548,0
2017-05-16,1952.5555274373548,0,1952.5555274373548,0
2017-05-17,1952.5555274373548,0,1952.5555274373548,0
2017-05-18,1952.5555274373548,0,1952.5555274373548,0
2017-05-19,1952.5555274373548,0,1952.5555274373548,0
2017-05-22,1952.5555274373548,0,1952.5555274373548,0
2017-05-23,1952.5555274373548,0,1952.5555274373548,0
2017-05-24,1952.5555274373548,0,1952.5555274373548,0
2017-05-25,1952.5555274373548,0,1952.5555274373548,0
2017-05-26,1952.5555274373548,0,1952.5555274373548,0
2017-05-30,1952.5555274373548,0,1952.5555274373548,0
2017-05-31,1952.5555274373548,0,1952.5555274373548,0
2017-06-01,1952.5555274373548,0,1952.5555274373548,0
2017-06-02,1952.5555274373548,0,1952.5555274373548,0
2017-06-05,1952.5555274373548,0,1952.5555274373548,0
2017-06-06,1952.5555274373548,0,1952.5555274373548,0
2017-06-07,1952.5555274373548,0,1952.5555274373548,0
2017-06-08,1952.5555274373548,0,1952.5555274373548,0
2017-06-09,1952.5555274373548,0,1952.5555274373548,0
2017-06-12,1952.5555274373548,0,1952.5555274373548,0
2017-06-13,1952.5555274373548,0,1952.5555274373548,0
2017-06-14,1952.5555274373548,0,1952.5555274373548,0
2017-06-15,1952.5555274373548,0,1952.5555274373548,0
2017-06-16,1952.5555274373548,0,1952.5555274373548,0
2017-06-19,1952.5555274373548,0,1952.5555274373548,0
2017-06-20,1952.5555274373548,0,1952.5555274373548,0
2017-06-21,1952.5555274373548,0,1952.5555274373548,0
2017-06-22,1952.5555274373548,0,1952.5555274373548,0
2017-06-23,1952.5555274373548,0,1952.5555274373548,0
2017-06-26,1952.5555274373548,0,1952.5555274373548,0
2017-06-27,1952.5555274373548,0,1952.5555274373548,0
2017-06-28,1952.5555274373548,0,1952.5555274373548,0
2017-06-29,1952.5555274373548,0,1952.5555274373548,0
2017-06-30,1952.5555274373548,0,1952.5555274373548,0
2017-07-03,1952.5555274373548,0,1952.5555274373548,0
2017-07-05,1952.5555274373548,0,1952.5555274373548,0
2017-07-06,1952.5555274373548,0,1952.5555274373548,0
2017-07-07,1952.5555274373548,0,1952.5555274373548,0
2017-07-10,1952.5555274373548,0,1952.5555274373548,0
2017-07-11,1952.5555274373548,0,1952.5555274373548,0
2017-07-12,1952.5555274373548,0,1952.5555274373548,0
2017-07-13,1952.5555274373548,0,1952.5555274373548,0
2017-07-14,1952.5555274373548,0,1952.5555274373548,0
2017-07-17,1952.5555274373548,0,1952.5555274373548,0
2017-07-18,1952.5555274373548,0,1952.5555274373548,0
2017-07-19,1952.5555274373548,0,1952.5555274373548,0
2017-07-20,1952.5555274373548,0,1952.5555274373548,0
2017-07-21,1952.5555274373548,0,1952.5555274373548,0
2017-07-24,1952.5555274373548,0,1952.5555274373548,0
2017-07-25,1952.5555274373548,0,1952.5555274373548,0
2017-07-26,1952.5555274373548,0,1952.5555274373548,0
2017-07-27,1952.5555274373548,0,1952.5555274373548,0
2017-07-28,1952.5555274373548,0,1952.5555274373548,0
2017-07-31,1952.5555274373548,0,1952.5555274373548,0
2017-08-01,1952.5555274373548,0,1952.5555274373548,0
2017-08-02,1952.5555274373548,0,1952.5555274373548,0
2017-08-03,1952.5555274373548,0,1952.5555274373548,0
2017-08-04,1952.5555274373548,0,1952.5555274373548,0
2017-08-07,1952.5555274373548,0,1952.5555274373548,0
2017-08-08,1952.5555274373548,0,1952.5555274373548,0
2017-08-09,1952.5555274373548,0,1952.5555274373548,0
2017-08-10,1952.5555274373548,0,1952.5555274373548,0
2017-08-11,1952.5555274373548,0,1952.5555274373548,0
2017-08-14,1952.5555274373548,0,1952.5555274373548,0
2017-08-15,1952.5555274373548,0,1952.5555274373548,0
2017-08-16,1952.5555274373548,0,1952.5555274373548,0
2017-08-17,1952.5555274373548,0,1952.5555274373548,0
2017-08-18,1952.5555274373548,0,1952.5555274373548,0
2017-08-21,1952.5555274373548,0,1952.5555274373548,0
2017-08-22,1952.5555274373548,0,1952.5555274373548,0
2017-08-23,1952.5555274373548,0,1952.5555274373548,0
2017-08-24,1952.5555274373548,0,1952.5555274373548,0
2017-08-25,1952.5555274373548,0,1952.5555274373548,0
2017-08-28,1952.5555274373548,0,1952.5555274373548,0
2017-08-29,1952.5555274373548,0,1952.5555274373548,0
2017-08-30,1952.5555274373548,0,1952.5555274373548,0
2017-08-31,1952.5555274373548,0,1952.5555274373548,0
2017-09-01,1952.5555274373548,0,1952.5555274373548,0
2017-09-05,1952.5555274373548,0,1952.5555274373548,0
2017-09-06,1952.5555274373548,0,1952.5555274373548,0
2017-09-07,1952.5555274373548,0,1952.5555274373548,0
2017-09-08,1952.5555274373548,0,1952.5555274373548,0
2017-09-11,1952.5555274373548,0,1952.5555274373548,0
2017-09-12,1952.5555274373548,0,1952.5555274373548,0
2017-09-13,1952.5555274373548,0,1952.5555274373548,0
2017-09-14,1952.5555274373548,0,1952.5555274373548,0
2017-09-15,1952.5555274373548,0,1952.5555274373548,0
2017-09-18,1952.5555274373548,0,1952.5555274373548,0
2017-09-19,1952.5555274373548,0,1952.5555274373548,0
2017-09-20,1952.5555274373548,0,1952.5555274373548,0
2017-09-21,1952.5555274373548,0,1952.5555274373548,0
2017-09-22,1952.5555274373548,0,1952.5555274373548,0
2017-09-25,1952.5555274373548,0,1952.5555274373548,0
2017-09-26,1952.5555274373548,0,1952.5555274373548,0
2017-09-27,1952.5555274373548,0,1952.5555274373548,0
2017-09-28,1952.5555274373548,0,1952.5555274373548,0
2017-09-29,1952.5555274373548,0,1952.5555274373548,0
2017-10-02,1952.5555274373548,0,1952.5555274373548,0
2017-10-03,1952.5555274373548,0,1952.5555274373548,0
2017-10-04,1952.5555274373548,0,1952.5555274373548,0
2017-10-05,1952.5555274373548,0,1952.5555274373548,0
2017-10-06,1952.5555274373548,0,1952.5555274373548,0
2017-10-09,1952.5555274373548,0,1952.5555274373548,0
2017-10-10,1952.5555274373548,0,1952.5555274373548,0
2017-10-11,1952.5555274373548,0,1952.5555274373548,0
2017-10-12,1952.5555274373548,0,1952.5555274373548,0
2017-10-13,1952.5555274373548,0,1952.5555274373548,0
2017-10-16,1952.5555274373548,0,1952.5555274373548,0
2017-10-17,1952.5555274373548,0,1952.5555274373548,0
2017-10-18,1952.5555274373548,0,1952.5555274373548,0
2017-10-19,1952.5555274373548,0,1952.5555274373548,0
2017-10-20,1952.5555274373548,0,1952.5555274373548,0
2017-10-23,1952.5555274373548,0,1952.5555274373548,0
2017-10-24,1952.5555274373548,0,1952.5555274373548,0
2017-10-25,1952.5555274373548,0,1952.5555274373548,0
2017-10-26,1952.5555274373548,0,1952.5555274373548,0
2017-10-27,1952.5555274373548,0,1952.5555274373548,0
2017-10-30,1952.5555274373548,0,1952.5555274373548,0
2017-10-31,1952.5555274373548,0,1952.5555274373548,0
2017-11-01,1952.5555274373548,0,1952.5555274373548,0
2017-11-02,1952.5555274373548,0,1952.5555274373548,0
2017-11-03,1952.5555274373548,0,1952.5555274373548,0
2017-11-06,1952.5555274373548,0,1952.5555274373548,0
2017-11-07,1952.5555274373548,0,1952.5555274373548,0
2017-11-08,1952.5555274373548,0,1952.5555274373548,0
2017-11-09,1952.5555274373548,0,1952.5555274373548,0
2017-11-10,1952.5555274373548,0,1952.5555274373548,0
2017-11-13,1952.5555274373548,0,1952.5555274373548,0
2017-11-14,1952.5555274373548,0,1952.5555274373548,0
2017-11-15,1952.5555274373548,0,1952.5555274373548,0
2017-11-16,1952.5555274373548,0,1952.5555274373548,0
2017-11-17,1952.5555274373548,0,1952.5555274373548,0
2017-11-20,1952.5555274373548,0,1952.5555274373548,0
2017-11-21,1952.5555274373548,0,1952.5555274373548,0
2017-11-22,1952.5555274373548,0,1952.5555274373548,0
2017-11-24,1952.5555274373548,0,1952.5555274373548,0
2017-11-27,1952.5555274373548,0,1952.5555274373548,0
2017-11-28,1952.5555274373548,0,1952.5555274373548,0
2017-11-29,1952.5555274373548,0,1952.5555274373548,0
2017-11-30,1952.5555274373548,0,1952.5555274373548,0
2017-12-01,1952.5555274373548,0,1952.5555274373548,0
2017-12-04,1952.5555274373548,0,1952.5555274373548,0
2017-12-05,1952.5555274373548,0,1952.5555274373548,0
2017-12-06,1952.5555274373548,0,1952.5555274373548,0
2017-12-07,1952.5555274373548,0,1952.5555274373548,0
2017-12-08,1952.5555274373548,0,1952.5555274373548,0
2017-12-11,1952.5555274373548,0,1952.5555274373548,0
2017-12-12,1952.5555274373548,0,1952.5555274373548,0
2017-12-13,1952.5555274373548,0,1952.5555274373548,0
2017-12-14,1952.5555274373548,0,1952.5555274373548,0
2017-12-15,1952.5555274373548,0,1952.5555274373548,0
2017-12-18,1952.5555274373548,0,1952.5555274373548,0
2017-12-19,1952.5555274373548,0,1952.5555274373548,0
2017-12-20,1952.5555274373548,0,1952.5555274373548,0
2017-12-21,1952.5555274373548,0,1952.5555274373548,0
2017-12-22,1952.5555274373548,0,1952.5555274373548,0
2017-12-26,1952.5555274373548,0,1952.5555274373548,0
2017-12-27,1952.5555274373548,0,1952.5555274373548,0
2017-12-28,1952.5555274373548,0,1952.5555274373548,0
2017-12-29,1952.5555274373548,0,1952.5555274373548,0
2018-01-02,1952.5555274373548,0,1952.5555274373548,0
2018-01-03,1952.5555274373548,0,1952.5555274373548,0
2018-01-04,1952.5555274373548,0,1952.5555274373548,0
2018-01-05,1952.5555274373548,0,1952.5555274373548,0
2018-01-08,1952.5555274373548,0,1952.5555274373548,0
2018-01-09,1952.5555274373548,0,1952.5555274373548,0
2018-01-10,1952.5555274373548,0,1952.5555274373548,0
2018-01-11,1952.5555274373548,0,1952.5555274373548,0
2018-01-12,1952.5555274373548,0,1952.5555274373548,0
2018-01-16,1952.5555274373548,0,1952.5555274373548,0
2018-01-17,1952.5555274373548,0,1952.5555274373548,0
2018-01-18,1952.5555274373548,0,1952.5555274373548,0
2018-01-19,1952.5555274373548,0,1952.5555274373548,0
2018-01-22,1952.5555274373548,0,1952.5555274373548,0
2018-01-23,1952.5555274373548,0,1952.5555274373548,0
2018-01-24,1952.5555274373548,0,1952.5555274373548,0
2018-01-25,1952.5555274373548,0,1952.5555274373548,0
2018-01-26,1952.5555274373548,0,1952.5555274373548,0
2018-01-29,1952.5555274373548,0,1952.5555274373548,0
2018-01-30,1952.5555274373548,0,1952.5555274373548,0
2018-01-31,1952.5555274373548,0,1952.5555274373548,0
2018-02-01,1952.5555274373548,0,1952.5555274373548,0
2018-02-02,1952.5555274373548,0,1952.5555274373548,0
2018-02-05,1952.5555274373548,0,1952.5555274373548,0
2018-02-06,1952.5555274373548,0,1952.5555274373548,0
2018-02-07,1952.5555274373548,0,1952.5555274373548,0
2018-02-08,1952.5555274373548,0,1952.5555274373548,0
2018-02-09,1952.5555274373548,0,1952.5555274373548,0
2018-02-12,1952.5555274373548,0,1952.5555274373548,0
2018-02-13,1952.5555274373548,0,1952.5555274373548,0
2018-02-14,1952.5555274373548,0,1952.5555274373548,0
2018-02-15,1952.5555274373548,0,1952.5555274373548,0
2018-02-16,1952.5555274373548,0,1952.5555274373548,0
2018-02-20,1952.5555274373548,0,1952.5555274373548,0
2018-02-21,1952.5555274373548,0,1952.5555274373548,0
2018-02-22,1952.5555274373548,0,1952.5555274373548,0
2018-02-23,1952.5555274373548,0,1952.5555274373548,0
2018-02-26,1952.5555274373548,0,1952.5555274373548,0
2018-02-27,1952.5555274373548,0,1952.5555274373548,0
2018-02-28,1952.5555274373548,0,1952.5555274373548,0
2018-03-01,1952.5555274373548,0,1952.5555274373548,0
2018-03-02,1952.5555274373548,0,1952.5555274373548,0
2018-03-05,1952.5555274373548,0,1952.5555274373548,0
2018-03-06,1952.5555274373548,0,1952.5555274373548,0
2018-03-07,1952.5555274373548,0,1952.5555274373548,0
2018-03-08,1952.5555274373548,0,1952.5555274373548,0
2018-03-09,1952.5555274373548,0,1952.5555274373548,0
2018-03-12,1952.5555274373548,0,1952.5555274373548,0
2018-03-13,1952.5555274373548,0,1952.5555274373548,0
2018-03-14,1952.5555274373548,0,1952.5555274373548,0
2018-03-15,1952.5555274373548,0,1952.5555274373548,0
2018-03-16,1952.5555274373548,0,1952.5555274373548,0
2018-03-19,1952.5555274373548,0,1952.5555274373548,0
2018-03-20,1952.5555274373548,0,1952.5555274373548,0
2018-03-21,1952.5555274373548,0,1952.5555274373548,0
2018-03-22,1952.5555274373548,0,1952.5555274373548,0
2018-03-23,1952.5555274373548,0,1952.5555274373548,0
2018-03-26,1952.5555274373548,0,1952.5555274373548,0
2018-03-27,1952.5555274373548,0,1952.5555274373548,0
2018-03-28,1952.5555274373548,0,1952.5555274373548,0
2018-03-29,1952.5555274373548,0,1952.5555274373548,0
2018-04-02,1952.5555274373548,0,1952.5555274373548,0
2018-04-03,1952.5555274373548,0,1952.5555274373548,0
2018-04-04,1952.5555274373548,0,1952.5555274373548,0
2018-04-05,1952.5555274373548,0,1952.5555274373548,0
2018-04-06,1952.5555274373548,0,1952.5555274373548,0
2018-04-09,1952.5555274373548,0,1952.5555274373548,0
2018-04-10,1952.5555274373548,0,1952.5555274373548,0
2018-04-11,1952.5555274373548,0,1952.5555274373548,0
2018-04-12,1952.5555274373548,0,1952.5555274373548,0
2018-04-13,1952.5555274373548,0,1952.5555274373548,0
2018-04-16,1952.5555274373548,0,1952.5555274373548,0
2018-04-17,1952.5555274373548,0,1952.5555274373548,0
2018-04-18,1952.5555274373548,0,1952.5555274373548,0
2018-04-19,1952.5555274373548,0,1952.5555274373548,0
2018-04-20,1952.5555274373548,0,1952.5555274373548,0
2018-04-23,1952.5555274373548,0,1952.5555274373548,0
2018-04-24,1952.5555274373548,0,1952.5555274373548,0
2018-04-25,1952.5555274373548,0,1952.5555274373548,0
2018-04-26,1952.5555274373548,0,1952.5555274373548,0
2018-04-27,1952.5555274373548,0,1952.5555274373548,0
2018-04-30,1952.5555274373548,0,1952.5555274373548,0
2018-05-01,1952.5555274373548,0,1952.5555274373548,0
2018-05-02,1952.5555274373548,0,1952.5555274373548,0
2018-05-03,1952.5555274373548,0,1952.5555274373548,0
2018-05-04,1952.5555274373548,0,1952.5555274373548,0
2018-05-07,1952.5555274373548,0,1952.5555274373548,0
2018-05-08,1952.5555274373548,0,1952.5555274373548,0
2018-05-09,1952.5555274373548,0,1952.5555274373548,0
2018-05-10,1952.5555274373548,0,1952.5555274373548,0
2018-05-11,1952.5555274373548,0,1952.5555274373548,0
2018-05-14,1952.5555274373548,0,1952.5555274373548,0
2018-05-15,1952.5555274373548,0,1952.5555274373548,0
2018-05-16,1952.5555274373548,0,1952.5555274373548,0
2018-05-17,1952.5555274373548,0,1952.5555274373548,0
2018-05-18,1952.5555274373548,0,1952.5555274373548,0
2018-05-21,1952.5555274373548,0,1952.5555274373548,0
2018-05-22,1952.5555274373548,0,1952.5555274373548,0
2018-05-23,1952.5555274373548,0,1952.5555274373548,0
2018-05-24,1952.5555274373548,0,1952.5555274373548,0
2018-05-25,1952.5555274373548,0,1952.5555274373548,0
2018-05-29,1952.5555274373548,0,1952.5555274373548,0
2018-05-30,1952.5555274373548,0,1952.5555274373548,0
2018-05-31,1952.5555274373548,0,1952.5555274373548,0
2018-06-01,1952.5555274373548,0,1952.5555274373548,0
2018-06-04,1952.5555274373548,0,1952.5555274373548,0
2018-06-05,1952.5555274373548,0,1952.5555274373548,0
2018-06-06,1952.5555274373548,0,1952.5555274373548,0
2018-06-07,1952.5555274373548,0,1952.5555274373548,0
2018-06-08,1952.5555274373548,0,1952.5555274373548,0
2018-06-11,1952.5555274373548,0,1952.5555274373548,0
2018-06-12,1952.5555274373548,0,1952.5555274373548,0
2018-06-13,1952.5555274373548,0,1952.5555274373548,0
2018-06-14,1952.5555274373548,0,1952.5555274373548,0
2018-06-15,1952.5555274373548,0,1952.5555274373548,0
2018-06-18,1952.5555274373548,0,1952.5555274373548,0
2018-06-19,1952.5555274373548,0,1952.5555274373548,0
2018-06-20,1952.5555274373548,0,1952.5555274373548,0
2018-06-21,1952.5555274373548,0,1952.5555274373548,0
2018-06-22,1952.5555274373548,0,1952.5555274373548,0
2018-06-25,1952.5555274373548,0,1952.5555274373548,0
2018-06-26,1952.5555274373548,0,1952.5555274373548,0
2018-06-27,1952.5555274373548,0,1952.5555274373548,0
2018-06-28,1952.5555274373548,0,1952.5555274373548,0
2018-06-29,1952.5555274373548,0,1952.5555274373548,0
2018-07-02,1952.5555274373548,0,1952.5555274373548,0
2018-07-03,1952.5555274373548,0,1952.5555274373548,0
2018-07-05,1952.5555274373548,0,1952.5555274373548,0
2018-07-06,1952.5555274373548,0,1952.5555274373548,0
2018-07-09,1952.5555274373548,0,1952.5555274373548,0
2018-07-10,1952.5555274373548,0,1952.5555274373548,0
2018-07-11,1952.5555274373548,0,1952.5555274373548,0
2018-07-12,1952.5555274373548,0,1952.5555274373548,0
2018-07-13,1952.5555274373548,0,1952.5555274373548,0
2018-07-16,1952.5555274373548,0,1952.5555274373548,0
2018-07-17,1952.5555274373548,0,1952.5555274373548,0
2018-07-18,1952.5555274373548,0,1952.5555274373548,0
2018-07-19,1952.5555274373548,0,1952.5555274373548,0
2018-07-20,1952.5555274373548,0,1952.5555274373548,0
2018-07-23,1952.5555274373548,0,1952.5555274373548,0
2018-07-24,1952.5555274373548,0,1952.5555274373548,0
2018-07-25,1952.5555274373548,0,1952.5555274373548,0
2018-07-26,1952.5555274373548,0,1952.5555274373548,0
2018-07-27,1952.5555274373548,0,1952.5555274373548,0
2018-07-30,1952.5555274373548,0,1952.5555274373548,0
2018-07-31,1952.5555274373548,0,1952.5555274373548,0
2018-08-01,1952.5555274373548,0,1952.5555274373548,0
2018-08-02,1952.5555274373548,0,1952.5555274373548,0
2018-08-03,1952.5555274373548,0,1952.5555274373548,0
2018-08-06,1952.5555274373548,0,1952.5555274373548,0
2018-08-07,1952.5555274373548,0,1952.5555274373548,0
2018-08-08,1952.5555274373548,0,1952.5555274373548,0
2018-08-09,1952.5555274373548,0,1952.5555274373548,0
2018-08-10,1952.5555274373548,0,1952.5555274373548,0
2018-08-13,1952.5555274373548,0,1952.5555274373548,0
2018-08-14,1952.5555274373548,0,1952.5555274373548,0
2018-08-15,1952.5555274373548,0,1952.5555274373548,0
2018-08-16,1952.5555274373548,0,1952.5555274373548,0
2018-08-17,1952.5555274373548,0,1952.5555274373548,0
2018-08-20,1952.5555274373548,0,1952.5555274373548,0
2018-08-21,1952.5555274373548,0,1952.5555274373548,0
2018-08-22,1952.5555274373548,0,1952.5555274373548,0
2018-08-23,1952.5555274373548,0,1952.5555274373548,0
2018-08-24,1952.5555274373548,0,1952.5555274373548,0
2018-08-27,1952.5555274373548,0,1952.5555274373548,0
2018-08-28,1952.5555274373548,0,1952.5555274373548,0
2018-08-29,1952.5555274373548,0,1952.5555274373548,0
2018-08-30,1952.5555274373548,0,1952.5555274373548,0
2018-08-31,1952.5555274373548,0,1952.5555274373548,0
2018-09-04,1952.5555274373548,0,1952.5555274373548,0
2018-09-05,1952.5555274373548,0,1952.5555274373548,0
2018-09-06,1952.5555274373548,0,1952.5555274373548,0
2018-09-07,1952.5555274373548,0,1952.5555274373548,0
2018-09-10,1952.5555274373548,0,1952.5555274373548,0
2018-09-11,1952.5555274373548,0,1952.5555274373548,0
2018-09-12,1952.5555274373548,0,1952.5555274373548,0
2018-09-13,1952.5555274373548,0,1952.5555274373548,0
2018-09-14,1952.5555274373548,0,1952.5555274373548,0
2018-09-17,1952.5555274373548,0,1952.5555274373548,0
2018-09-18,1952.5555274373548,0,1952.5555274373548,0
2018-09-19,1952.5555274373548,0,1952.5555274373548,0
2018-09-20,1952.5555274373548,0,1952.5555274373548,0
2018-09-21,1952.5555274373548,0,1952.5555274373548,0
2018-09-24,1952.5555274373548,0,1952.5555274373548,0
2018-09-25,1952.5555274373548,0,1952.5555274373548,0
2018-09-26,1952.5555274373548,0,1952.5555274373548,0
2018-09-27,1952.5555274373548,0,1952.5555274373548,0
2018-09-28,1952.5555274373548,0,1952.5555274373548,0
2018-10-01,1952.5555274373548,0,1952.5555274373548,0
2018-10-02,1952.5555274373548,0,1952.5555274373548,0
2018-10-03,1952.5555274373548,0,1952.5555274373548,0
2018-10-04,1952.5555274373548,0,1952.5555274373548,0
2018-10-05,1952.5555274373548,0,1952.5555274373548,0
2018-10-08,1952.5555274373548,0,1952.5555274373548,0
2018-10-09,1952.5555274373548,0,1952.5555274373548,0
2018-10-10,1952.5555274373548,0,1952.5555274373548,0
2018-10-11,1952.5555274373548,0,1952.5555274373548,0
2018-10-12,1952.5555274373548,0,1952.5555274373548,0
2018-10-15,1952.5555274373548,0,1952.5555274373548,0
2018-10-16,1952.5555274373548,0,1952.5555274373548,0
2018-10-17,1952.5555274373548,0,1952.5555274373548,0
2018-10-18,1952.5555274373548,0,1952.5555274373548,0
2018-10-19,1952.5555274373548,0,1952.5555274373548,0
2018-10-22,1952.5555274373548,0,1952.5555274373548,0
2018-10-23,1952.5555274373548,0,1952.5555274373548,0
2018-10-24,1952.5555274373548,0,1952.5555274373548,0
2018-10-25,1952.5555274373548,0,1952.5555274373548,0
2018-10-26,1952.5555274373548,0,1952.5555274373548,0
2018-10-29,1952.5555274373548,0,1952.5555274373548,0
2018-10-30,1952.5555274373548,0,1952.5555274373548,0
2018-10-31,1952.5555274373548,0,1952.5555274373548,0
2018-11-01,1952.5555274373548,0,1952.5555274373548,0
2018-11-02,1952.5555274373548,0,1952.5555274373548,0
2018-11-05,1952.5555274373548,0,1952.5555274373548,0
2018-11-06,1952.5555274373548,0,1952.5555274373548,0
2018-11-07,1952.5555274373548,0,1952.5555274373548,0
2018-11-08,1952.5555274373548,0,1952.5555274373548,0
2018-11-09,1952.5555274373548,0,1952.5555274373548,0
2018-11-12,1952.5555274373548,0,1952.5555274373548,0
2018-11-13,1952.5555274373548,0,1952.5555274373548,0
2018-11-14,1952.5555274373548,0,1952.5555274373548,0
2018-11-15,1952.5555274373548,0,1952.5555274373548,0
2018-11-16,1952.5555274373548,0,1952.5555274373548,0
2018-11-19,1952.5555274373548,0,1952.5555274373548,0
2018-11-20,1952.5555274373548,0,1952.5555274373548,0
2018-11-21,1952.5555274373548,0,1952.5555274373548,0
2018-11-23,1952.5555274373548,0,1952.5555274373548,0
2018-11-26,1952.5555274373548,0,1952.5555274373548,0
2018-11-27,1952.5555274373548,0,1952.5555274373548,0
2018-11-28,1952.5555274373548,0,1952.5555274373548,0
2018-11-29,1952.5555274373548,0,1952.5555274373548,0
2018-11-30,1952.5555274373548,0,1952.5555274373548,0
2018-12-03,1952.5555274373548,0,1952.5555274373548,0
2018-12-04,1952.5555274373548,0,1952.5555274373548,0
2018-12-06,1952.5555274373548,0,1952.5555274373548,0
2018-12-07,1952.5555274373548,0,1952.5555274373548,0
2018-12-10,1952.5555274373548,0,1952.5555274373548,0
2018-12-11,1952.5555274373548,0,1952.5555274373548,0
2018-12-12,1952.5555274373548,0,1952.5555274373548,0
2018-12-13,1952.5555274373548,0,1952.5555274373548,0
2018-12-14,1952.5555274373548,0,1952.5555274373548,0
2018-12-17,1952.5555274373548,0,1952.5555274373548,0
2018-12-18,1952.5555274373548,0,1952.5555274373548,0
2018-12-19,1952.5555274373548,0,1952.5555274373548,0
2018-12-20,1952.5555274373548,0,1952.5555274373548,0
2018-12-21,1952.5555274373548,0,1952.5555274373548,0
2018-12-24,1952.5555274373548,0,1952.5555274373548,0
2018-12-26,1952.5555274373548,0,1952.5555274373548,0
2018-12-27,1952.5555274373548,0,1952.5555274373548,0
2018-12-28,1952.5555274373548,0,1952.5555274373548,0
2018-12-31,1952.5555274373548,0,1952.5555274373548,0
2019-01-02,1952.5555274373548,0,1952.5555274373548,0
2019-01-03,1952.5555274373548,0,1952.5555274373548,0
2019-01-04,1952.5555274373548,0,1952.5555274373548,0
2019-01-07,1952.5555274373548,0,1952.5555274373548,0
2019-01-08,1952.5555274373548,0,1952.5555274373548,0
2019-01-09,1952.5555274373548,0,1952.5555274373548,0
2019-01-10,1952.5555274373548,0,1952.5555274373548,0
2019-01-11,1952.5555274373548,0,1952.5555274373548,0
2019-01-14,1952.5555274373548,0,1952.5555274373548,0
2019-01-15,1952.5555274373548,0,1952.5555274373548,0
2019-01-16,1952.5555274373548,0,1952.5555274373548,0
2019-01-17,1952.5555274373548,0,1952.5555274373548,0
2019-01-18,1952.5555274373548,0,1952.5555274373548,0
2019-01-22,1952.5555274373548,0,1952.5555274373548,0
2019-01-23,1952.5555274373548,0,1952.5555274373548,0
2019-01-24,1952.5555274373548,0,1952.5555274373548,0
2019-01-25,1952.5555274373548,0,1952.5555274373548,0
2019-01-28,1952.5555274373548,0,1952.5555274373548,0
2019-01-29,1952.5555274373548,0,1952.5555274373548,0
2019-01-30,1952.5555274373548,0,1952.5555274373548,0
2019-01-31,1952.5555274373548,0,1952.5555274373548,0
2019-02-01,1952.5555274373548,0,1952.5555274373548,0
2019-02-04,1952.5555274373548,0,1952.5555274373548,0
2019-02-05,1952.5555274373548,0,1952.5555274373548,0
2019-02-06,1952.5555274373548,0,1952.5555274373548,0
2019-02-07,1952.5555274373548,0,1952.5555274373548,0
2019-02-08,1952.5555274373548,0,1952.5555274373548,0
2019-02-11,1952.5555274373548,0,1952.5555274373548,0
2019-02-12,1952.5555274373548,0,1952.5555274373548,0
2019-02-13,1952.5555274373548,0,1952.5555274373548,0
2019-02-14,1952.5555274373548,0,1952.5555274373548,0
2019-02-15,1952.5555274373548,0,1952.5555274373548,0
2019-02-19,1952.5555274373548,0,1952.5555274373548,0
2019-02-20,1952.5555274373548,0,1952.5555274373548,0
2019-02-21,1952.5555274373548,0,1952.5555274373548,0
2019-02-22,1952.5555274373548,0,1952.5555274373548,0
2019-02-25,1952.5555274373548,0,1952.5555274373548,0
2019-02-26,1952.5555274373548,0,1952.5555274373548,0
2019-02-27,1952.5555274373548,0,1952.5555274373548,0
2019-02-28,1952.5555274373548,0,1952.5555274373548,0
2019-03-01,1952.5555274373548,0,1952.5555274373548,0
2019-03-04,1952.5555274373548,0,1952.5555274373548,0
2019-03-05,1952.5555274373548,0,1952.5555274373548,0
2019-03-06,1952.5555274373548,0,1952.5555274373548,0
2019-03-07,1952.5555274373548,0,1952.5555274373548,0
2019-03-08,1952.5555274373548,0,1952.5555274373548,0
2019-03-11,1952.5555274373548,0,1952.5555274373548,0
2019-03-12,1952.5555274373548,0,1952.5555274373548,0
2019-03-13,1952.5555274373548,0,1952.5555274373548,0
2019-03-14,1952.5555274373548,0,1952.5555274373548,0
2019-03-15,1952.5555274373548,0,1952.5555274373548,0
2019-03-18,1952.5555274373548,0,1952.5555274373548,0
2019-03-19,1952.5555274373548,0,1952.5555274373548,0
2019-03-20,1952.5555274373548,0,1952.5555274373548,0
2019-03-21,1952.5555274373548,0,1952.5555274373548,0
2019-03-22,1952.5555274373548,0,1952.5555274373548,0
2019-03-25,1952.5555274373548,0,1952.5555274373548,0
2019-03-26,1952.5555274373548,0,1952.5555274373548,0
2019-03-27,1952.5555274373548,0,1952.5555274373548,0
2019-03-28,1952.5555274373548,0,1952.5555274373548,0
2019-03-29,1952.5555274373548,0,1952.5555274373548,0
2019-04-01,1952.5555274373548,0,1952.5555274373548,0
2019-04-02,1952.5555274373548,0,1952.5555274373548,0
2019-04-03,1952.5555274373548,0,1952.5555274373548,0
2019-04-04,1952.5555274373548,0,1952.5555274373548,0
2019-04-05,1952.5555274373548,0,1952.5555274373548,0
2019-04-08,1952.5555274373548,0,1952.5555274373548,0
2019-04-09,1952.5555274373548,0,1952.5555274373548,0
2019-04-10,1952.5555274373548,0,1952.5555274373548,0
2019-04-11,1952.5555274373548,0,1952.5555274373548,0
2019-04-12,1952.5555274373548,0,1952.5555274373548,0
2019-04-15,1952.5555274373548,0,1952.5555274373548,0
2019-04-16,1952.5555274373548,0,1952.5555274373548,0
2019-04-17,1952.5555274373548,0,1952.5555274373548,0
2019-04-18,1952.5555274373548,0,1952.5555274373548,0
2019-04-22,1952.5555274373548,0,1952.5555274373548,0
2019-04-23,1952.5555274373548,0,1952.5555274373548,0
2019-04-24,1952.5555274373548,0,1952.5555274373548,0
2019-04-25,1952.5555274373548,0,1952.5555274373548,0
2019-04-26,1952.5555274373548,0,1952.5555274373548,0
2019-04-29,1952.5555274373548,0,1952.5555274373548,0
2019-04-30,1952.5555274373548,0,1952.5555274373548,0
2019-05-01,1952.5555274373548,0,1952.5555274373548,0
2019-05-02,1952.5555274373548,0,1952.5555274373548,0
2019-05-03,1952.5555274373548,0,1952.5555274373548,0
2019-05-06,1952.5555274373548,0,1952.5555274373548,0
2019-05-07,1952.5555274373548,0,1952.5555274373548,0
2019-05-08,1952.5555274373548,0,1952.5555274373548,0
2019-05-09,1952.5555274373548,0,1952.5555274373548,0
2019-05-10,1952.5555274373548,0,1952.5555274373548,0
2019-05-13,1952.5555274373548,0,1952.5555274373548,0
2019-05-14,1952.5555274373548,0,1952.5555274373548,0
2019-05-15,1952.5555274373548,0,1952.5555274373548,0
2019-05-16,1952.5555274373548,0,1952.5555274373548,0
2019-05-17,1952.5555274373548,0,1952.5555274373548,0
2019-05-20,1952.5555274373548,0,1952.5555274373548,0
2019-05-21,1952.5555274373548,0,1952.5555274373548,0
2019-05-22,1952.5555274373548,0,1952.5555274373548,0
2019-05-23,1952.5555274373548,0,1952.5555274373548,0
2019-05-24,1952.5555274373548,0,1952.5555274373548,0
2019-05-28,1952.5555274373548,0,1952.5555274373548,0
2019-05-29,1952.5555274373548,0,1952.5555274373548,0
2019-05-30,1952.5555274373548,0,1952.5555274373548,0
2019-05-31,1952.5555274373548,0,1952.5555274373548,0
2019-06-03,1952.5555274373548,0,1952.5555274373548,0
2019-06-04,1952.5555274373548,0,1952.5555274373548,0
2019-06-05,1952.5555274373548,0,1952.5555274373548,0
2019-06-06,1952.5555274373548,0,1952.5555274373548,0
2019-06-07,1952.5555274373548,0,1952.5555274373548,0
2019-06-10,1952.5555274373548,0,1952.5555274373548,0
2019-06-11,1952.5555274373548,0,1952.5555274373548,0
2019-06-12,1952.5555274373548,0,1952.5555274373548,0
2019-06-13,1952.5555274373548,0,1952.5555274373548,0
2019-06-14,1952.5555274373548,0,1952.5555274373548,0
2019-06-17,1952.5555274373548,0,1952.5555274373548,0
2019-06-18,1952.5555274373548,0,1952.5555274373548,0
2019-06-19,1952.5555274373548,0,1952.5555274373548,0
2019-06-20,1952.5555274373548,0,1952.5555274373548,0
2019-06-21,1952.5555274373548,0,1952.5555274373548,0
2019-06-24,1952.5555274373548,0,1952.5555274373548,0
2019-06-25,1952.5555274373548,0,1952.5555274373548,0
2019-06-26,1952.5555274373548,0,1952.5555274373548,0
2019-06-27,1952.5555274373548,0,1952.5555274373548,0
2019-06-28,1952.5555274373548,0,1952.5555274373548,0
2019-07-01,1952.5555274373548,0,1952.5555274373548,0
2019-07-02,1952.5555274373548,0,1952.5555274373548,0
2019-07-03,1952.5555274373548,0,1952.5555274373548,0
2019-07-05,1952.5555274373548,0,1952.5555274373548,0
2019-07-08,1952.5555274373548,0,1952.5555274373548,0
2019-07-09,1952.5555274373548,0,1952.5555274373548,0
2019-07-10,1952.5555274373548,0,1952.5555274373548,0
2019-07-11,1952.5555274373548,0,1952.5555274373548,0
2019-07-12,1952.5555274373548,0,1952.5555274373548,0
2019-07-15,1952.5555274373548,0,1952.5555274373548,0
2019-07-16,1952.5555274373548,0,1952.5555274373548,0
2019-07-17,1952.5555274373548,0,1952.5555274373548,0
2019-07-18,1952.5555274373548,0,1952.5555274373548,0
2019-07-19,1952.5555274373548,0,1952.5555274373548,0
2019-07-22,1952.5555274373548,0,1952.5555274373548,0
2019-07-23,1952.5555274373548,0,1952.5555274373548,0
2019-07-24,1952.5555274373548,0,1952.5555274373548,0
2019-07-25,1952.5555274373548,0,1952.5555274373548,0
2019-07-26,1952.5555274373548,0,1952.5555274373548,0
2019-07-29,1952.5555274373548,0,1952.5555274373548,0
2019-07-30,1952.5555274373548,0,1952.5555274373548,0
2019-07-31,1952.5555274373548,0,1952.5555274373548,0
2019-08-01,1952.5555274373548,0,1952.5555274373548,0
2019-08-02,1952.5555274373548,0,1952.5555274373548,0
2019-08-05,1952.5555274373548,0,1952.5555274373548,0
2019-08-06,1952.5555274373548,0,1952.5555274373548,0
2019-08-07,1952.5555274373548,0,1952.5555274373548,0
2019-08-08,1952.5555274373548,0,1952.5555274373548,0
2019-08-09,1952.5555274373548,0,1952.5555274373548,0
2019-08-12,1952.5555274373548,0,1952.5555274373548,0
2019-08-13,1952.5555274373548,0,1952.5555274373548,0
2019-08-14,1952.5555274373548,0,1952.5555274373548,0
2019-08-15,1952.5555274373548,0,1952.5555274373548,0
2019-08-16,1952.5555274373548,0,1952.5555274373548,0
2019-08-19,1952.5555274373548,0,1952.5555274373548,0
2019-08-20,1952.5555274373548,0,1952.5555274373548,0
2019-08-21,1952.5555274373548,0,1952.5555274373548,0
2019-08-22,1952.5555274373548,0,1952.5555274373548,0
2019-08-23,1952.5555274373548,0,1952.5555274373548,0
2019-08-26,1952.5555274373548,0,1952.5555274373548,0
2019-08-27,1952.5555274373548,0,1952.5555274373548,0
2019-08-28,1952.5555274373548,0,1952.5555274373548,0
2019-08-29,1952.5555274373548,0,1952.5555274373548,0
2019-08-30,1952.5555274373548,0,1952.5555274373548,0
2019-09-03,1952.5555274373548,0,1952.5555274373548,0
2019-09-04,1952.5555274373548,0,1952.5555274373548,0
2019-09-05,1952.5555274373548,0,1952.5555274373548,0
2019-09-06,1952.5555274373548,0,1952.5555274373548,0
2019-09-09,1952.5555274373548,0,1952.5555274373548,0
2019-09-10,1952.5555274373548,0,1952.5555274373548,0
2019-09-11,1952.5555274373548,0,1952.5555274373548,0
2019-09-12,1952.5555274373548,0,1952.5555274373548,0
2019-09-13,1952.5555274373548,0,1952.5555274373548,0
2019-09-16,1952.5555274373548,0,1952.5555274373548,0
2019-09-17,1952.5555274373548,0,1952.5555274373548,0
2019-09-18,1952.5555274373548,0,1952.5555274373548,0
2019-09-19,1952.5555274373548,0,1952.5555274373548,0
2019-09-20,1952.5555274373548,0,1952.5555274373548,0
2019-09-23,1952.5555274373548,0,1952.5555274373548,0
2019-09-24,1952.5555274373548,0,1952.5555274373548,0
2019-09-25,1952.5555274373548,0,1952.5555274373548,0
2019-09-26,1952.5555274373548,0,1952.5555274373548,0
2019-09-27,1952.5555274373548,0,1952.5555274373548,0
2019-09-30,1952.5555274373548,0,1952.5555274373548,0
2019-10-01,1952.5555274373548,0,1952.5555274373548,0
2019-10-02,1952.5555274373548,0,1952.5555274373548,0
2019-10-03,1952.5555274373548,0,1952.5555274373548,0
2019-10-04,1952.5555274373548,0,1952.5555274373548,0
2019-10-07,1952.5555274373548,0,1952.5555274373548,0
2019-10-08,1952.5555274373548,0,1952.5555274373548,0
2019-10-09,1952.5555274373548,0,1952.5555274373548,0
2019-10-10,1952.5555274373548,0,1952.5555274373548,0
2019-10-11,1952.5555274373548,0,1952.5555274373548,0
2019-10-14,1952.5555274373548,0,1952.5555274373548,0
2019-10-15,1952.5555274373548,0,1952.5555274373548,0
2019-10-16,1952.5555274373548,0,1952.5555274373548,0
2019-10-17,1952.5555274373548,0,1952.5555274373548,0
2019-10-18,1952.5555274373548,0,1952.5555274373548,0
2019-10-21,1952.5555274373548,0,1952.5555274373548,0
2019-10-22,1952.5555274373548,0,1952.5555274373548,0
2019-10-23,1952.5555274373548,0,1952.5555274373548,0
2019-10-24,1952.5555274373548,0,1952.5555274373548,0
2019-10-25,1952.5555274373548,0,1952.5555274373548,0
2019-10-28,1952.5555274373548,0,1952.5555274373548,0
2019-10-29,1952.5555274373548,0,1952.5555274373548,0
2019-10-30,1952.5555274373548,0,1952.5555274373548,0
2019-10-31,1952.5555274373548,0,1952.5555274373548,0
2019-11-01,1952.5555274373548,0,1952.5555274373548,0
2019-11-04,1952.5555274373548,0,1952.5555274373548,0
2019-11-05,1952.5555274373548,0,1952.5555274373548,0
2019-11-06,1952.5555274373548,0,1952.5555274373548,0
2019-11-07,1952.5555274373548,0,1952.5555274373548,0
2019-11-08,1952.5555274373548,0,1952.5555274373548,0
2019-11-11,1952.5555274373548,0,1952.5555274373548,0
2019-11-12,1952.5555274373548,0,1952.5555274373548,0
2019-11-13,1952.5555274373548,0,1952.5555274373548,0
2019-11-14,1952.5555274373548,0,1952.5555274373548,0
2019-11-15,1952.5555274373548,0,1952.5555274373548,0
2019-11-18,1952.5555274373548,0,1952.5555274373548,0
2019-11-19,1952.5555274373548,0,1952.5555274373548,0
2019-11-20,1952.5555274373548,0,1952.5555274373548,0
2019-11-21,1952.5555274373548,0,1952.5555274373548,0
2019-11-22,1952.5555274373548,0,1952.5555274373548,0
2019-11-25,1952.5555274373548,0,1952.5555274373548,0
2019-11-26,1952.5555274373548,0,1952.5555274373548,0
2019-11-27,1952.5555274373548,0,1952.5555274373548,0
2019-11-29,1952.5555274373548,0,1952.5555274373548,0
2019-12-02,1952.5555274373548,0,1952.5555274373548,0
2019-12-03,1952.5555274373548,0,1952.5555274373548,0
2019-12-04,1952.5555274373548,0,1952.5555274373548,0
2019-12-05,1952.5555274373548,0,1952.5555274373548,0
2019-12-06,1952.5555274373548,0,1952.5555274373548,0
2019-12-09,1952.5555274373548,0,1952.5555274373548,0
2019-12-10,1952.5555274373548,0,1952.5555274373548,0
2019-12-11,1952.5555274373548,0,1952.5555274373548,0
2019-12-12,1952.5555274373548,0,1952.5555274373548,0
2019-12-13,1952.5555274373548,0,1952.5555274373548,0
2019-12-16,1952.5555274373548,0,1952.5555274373548,0
2019-12-17,1952.5555274373548,0,1952.5555274373548,0
2019-12-18,1952.5555274373548,0,1952.5555274373548,0
2019-12-19,1952.5555274373548,0,1952.5555274373548,0
2019-12-20,1952.5555274373548,0,1952.5555274373548,0
2019-12-23,1952.5555274373548,0,1952.5555274373548,0
2019-12-24,1952.5555274373548,0,1952.5555274373548,0
2019-12-26,1952.5555274373548,0,1952.5555274373548,0
2019-12-27,1952.5555274373548,0,1952.5555274373548,0
2019-12-30,1952.5555274373548,0,1952.5555274373548,0
2019-12-31,1952.5555274373548,0,1952.5555274373548,0
2020-01-02,1952.5555274373548,0,1952.5555274373548,0
2020-01-03,1952.5555274373548,0,1952.5555274373548,0
2020-01-06,1952.5555274373548,0,1952.5555274373548,0
2020-01-07,1952.5555274373548,0,1952.5555274373548,0
2020-01-08,1952.5555274373548,0,1952.5555274373548,0
2020-01-09,1952.5555274373548,0,1952.5555274373548,0
2020-01-10,1952.5555274373548,0,1952.5555274373548,0
2020-01-13,1952.5555274373548,0,1952.5555274373548,0
2020-01-14,1952.5555274373548,0,1952.5555274373548,0
2020-01-15,1952.5555274373548,0,1952.5555274373548,0
2020-01-16,1952.5555274373548,0,1952.5555274373548,0
2020-01-17,1952.5555274373548,0,1952.5555274373548,0
2020-01-21,1952.5555274373548,0,1952.5555274373548,0
2020-01-22,1952.5555274373548,0,1952.5555274373548,0
2020-01-23,1952.5555274373548,0,1952.5555274373548,0
2020-01-24,1952.5555274373548,0,1952.5555274373548,0
2020-01-27,1952.5555274373548,0,1952.5555274373548,0
2020-01-28,1952.5555274373548,0,1952.5555274373548,0
2020-01-29,1952.5555274373548,0,1952.5555274373548,0
2020-01-30,1952.5555274373548,0,1952.5555274373548,0
2020-01-31,1952.5555274373548,0,1952.5555274373548,0
2020-02-03,1952.5555274373548,0,1952.5555274373548,0
2020-02-04,1952.5555274373548,0,1952.5555274373548,0
2020-02-05,1952.5555274373548,0,1952.5555274373548,0
2020-02-06,1952.5555274373548,0,1952.5555274373548,0
2020-02-07,1952.5555274373548,0,1952.5555274373548,0
2020-02-10,1952.5555274373548,0,1952.5555274373548,0
2020-02-11,1952.5555274373548,0,1952.5555274373548,0
2020-02-12,1952.5555274373548,0,1952.5555274373548,0
2020-02-13,1952.5555274373548,0,1952.5555274373548,0
2020-02-14,1952.5555274373548,0,1952.5555274373548,0
2020-02-18,1952.5555274373548,0,1952.5555274373548,0
2020-02-19,1952.5555274373548,0,1952.5555274373548,0
2020-02-20,1952.5555274373548,0,1952.5555274373548,0
2020-02-21,1952.5555274373548,0,1952.5555274373548,0
2020-02-24,1952.5555274373548,0,1952.5555274373548,0
2020-02-25,1952.5555274373548,0,1952.5555274373548,0
2020-02-26,1952.5555274373548,0,1952.5555274373548,0
2020-02-27,1952.5555274373548,0,1952.5555274373548,0
2020-02-28,1952.5555274373548,0,1952.5555274373548,0
2020-03-02,1952.5555274373548,0,1952.5555274373548,0
2020-03-03,1952.5555274373548,0,1952.5555274373548,0
2020-03-04,1952.5555274373548,0,1952.5555274373548,0
2020-03-05,1952.5555274373548,0,1952.5555274373548,0
2020-03-06,1952.5555274373548,0,1952.5555274373548,0
2020-03-09,1952.5555274373548,0,1952.5555274373548,0
2020-03-10,1952.5555274373548,0,1952.5555274373548,0
2020-03-11,1952.5555274373548,0,1952.5555274373548,0
2020-03-12,1952.5555274373548,0,1952.5555274373548,0
2020-03-13,1952.5555274373548,0,1952.5555274373548,0
2020-03-16,1952.5555274373548,0,1952.5555274373548,0
2020-03-17,1952.5555274373548,0,1952.5555274373548,0
2020-03-18,1952.5555274373548,0,1952.5555274373548,0
2020-03-19,1952.5555274373548,0,1952.5555274373548,0
2020-03-20,1952.5555274373548,0,1952.5555274373548,0
2020-03-23,1952.5555274373548,0,1952.5555274373548,0
2020-03-24,1952.5555274373548,0,1952.5555274373548,0
2020-03-25,1952.5555274373548,0,1952.5555274373548,0
2020-03-26,1952.5555274373548,0,1952.5555274373548,0
2020-03-27,1952.5555274373548,0,1952.5555274373548,0
2020-03-30,1952.5555274373548,0,1952.5555274373548,0
2020-03-31,1952.5555274373548,0,1952.5555274373548,0
2020-04-01,1952.5555274373548,0,1952.5555274373548,0
2020-04-02,1952.5555274373548,0,1952.5555274373548,0
2020-04-03,1952.5555274373548,0,1952.5555274373548,0
2020-04-06,1952.5555274373548,0,1952.5555274373548,0
2020-04-07,1952.5555274373548,0,1952.5555274373548,0
2020-04-08,1952.5555274373548,0,1952.5555274373548,0
2020-04-09,1952.5555274373548,0,1952.5555274373548,0
2020-04-13,1952.5555274373548,0,1952.5555274373548,0
2020-04-14,1952.5555274373548,0,1952.5555274373548,0
2020-04-15,1952.5555274373548,0,1952.5555274373548,0
2020-04-16,1952.5555274373548,0,1952.5555274373548,0
2020-04-17,1952.5555274373548,0,1952.5555274373548,0
2020-04-20,1952.5555274373548,0,1952.5555274373548,0
2020-04-21,1952.5555274373548,0,1952.5555274373548,0
2020-04-22,1952.5555274373548,0,1952.5555274373548,0
2020-04-23,1952.5555274373548,0,1952.5555274373548,0
2020-04-24,1952.5555274373548,0,1952.5555274373548,0
2020-04-27,1952.5555274373548,0,1952.5555274373548,0
2020-04-28,1952.5555274373548,0,1952.5555274373548,0
2020-04-29,1952.5555274373548,0,1952.5555274373548,0
2020-04-30,1952.5555274373548,0,1952.5555274373548,0
2020-05-01,1952.5555274373548,0,1952.5555274373548,0
2020-05-04,1952.5555274373548,0,1952.5555274373548,0
2020-05-05,1952.5555274373548,0,1952.5555274373548,0
2020-05-06,1952.5555274373548,0,1952.5555274373548,0
2020-05-07,1952.5555274373548,0,1952.5555274373548,0
2020-05-08,1952.5555274373548,0,1952.5555274373548,0
2020-05-11,1952.5555274373548,0,1952.5555274373548,0
2020-05-12,1952.5555274373548,0,1952.5555274373548,0
2020-05-13,1952.5555274373548,0,1952.5555274373548,0
2020-05-14,1952.5555274373548,0,1952.5555274373548,0
2020-05-15,1952.5555274373548,0,1952.5555274373548,0
2020-05-18,1952.5555274373548,0,1952.5555274373548,0
2020-05-19,1952.5555274373548,0,1952.5555274373548,0
2020-05-20,1952.5555274373548,0,1952.5555274373548,0
2020-05-21,1952.5555274373548,0,1952.5555274373548,0
2020-05-22,1952.5555274373548,0,1952.5555274373548,0
2020-05-26,1952.5555274373548,0,1952.5555274373548,0
2020-05-27,1952.5555274373548,0,1952.5555274373548,0
2020-05-28,1952.5555274373548,0,1952.5555274373548,0
2020-05-29,1952.5555274373548,0,1952.5555274373548,0
2020-06-01,1952.5555274373548,0,1952.5555274373548,0
2020-06-02,1952.5555274373548,0,1952.5555274373548,0
2020-06-03,1952.5555274373548,0,1952.5555274373548,0
2020-06-04,1952.5555274373548,0,1952.5555274373548,0
2020-06-05,1952.5555274373548,0,1952.5555274373548,0
2020-06-08,1952.5555274373548,0,1952.5555274373548,0
2020-06-09,1952.5555274373548,0,1952.5555274373548,0
2020-06-10,1952.5555274373548,0,1952.5555274373548,0
2020-06-11,1952.5555274373548,0,1952.5555274373548,0
2020-06-12,1952.5555274373548,0,1952.5555274373548,0
2020-06-15,1952.5555274373548,0,1952.5555274373548,0
2020-06-16,1952.5555274373548,0,1952.5555274373548,0
2020-06-17,1952.5555274373548,0,1952.5555274373548,0
2020-06-18,1952.5555274373548,0,1952.5555274373548,0
2020-06-19,1952.5555274373548,0,1952.5555274373548,0
2020-06-22,1952.5555274373548,0,1952.5555274373548,0
2020-06-23,1952.5555274373548,0,1952.5555274373548,0
2020-06-24,1952.5555274373548,0,1952.5555274373548,0
2020-06-25,1952.5555274373548,0,1952.5555274373548,0
2020-06-26,1952.5555274373548,0,1952.5555274373548,0
2020-06-29,1952.5555274373548,0,1952.5555274373548,0
2020-06-30,1952.5555274373548,0,1952.5555274373548,0
2020-07-01,1952.5555274373548,0,1952.5555274373548,0
2020-07-02,1952.5555274373548,0,1952.5555274373548,0
2020-07-06,1952.5555274373548,0,1952.5555274373548,0
2020-07-07,1952.5555274373548,0,1952.5555274373548,0
2020-07-08,1952.5555274373548,0,1952.5555274373548,0
2020-07-09,1952.5555274373548,0,1952.5555274373548,0
2020-07-10,1952.5555274373548,0,1952.5555274373548,0
2020-07-13,1952.5555274373548,0,1952.5555274373548,0
2020-07-14,1952.5555274373548,0,1952.5555274373548,0
2020-07-15,1952.5555274373548,0,1952.5555274373548,0
2020-07-16,1952.5555274373548,0,1952.5555274373548,0
2020-07-17,1952.5555274373548,0,1952.5555274373548,0
2020-07-20,1952.5555274373548,0,1952.5555274373548,0
2020-07-21,1952.5555274373548,0,1952.5555274373548,0
2020-07-22,1952.5555274373548,0,1952.5555274373548,0
2020-07-23,1952.5555274373548,0,1952.5555274373548,0
2020-07-24,1952.5555274373548,0,1952.5555274373548,0
2020-07-27,1952.5555274373548,0,1952.5555274373548,0
2020-07-28,1952.5555274373548,0,1952.5555274373548,0
2020-07-29,1952.5555274373548,0,1952.5555274373548,0
2020-07-30,1952.5555274373548,0,1952.5555274373548,0
2020-07-31,1952.5555274373548,0,1952.5555274373548,0
2020-08-03,1952.5555274373548,0,1952.5555274373548,0
2020-08-04,1952.5555274373548,0,1952.5555274373548,0
2020-08-05,1952.5555274373548,0,1952.5555274373548,0
2020-08-06,1952.5555274373548,0,1952.5555274373548,0
2020-08-07,1952.5555274373548,0,1952.5555274373548,0
2020-08-10,1952.5555274373548,0,1952.5555274373548,0
2020-08-11,1952.5555274373548,0,1952.5555274373548,0
2020-08-12,1952.5555274373548,0,1952.5555274373548,0
2020-08-13,1952.5555274373548,0,1952.5555274373548,0
2020-08-14,1952.5555274373548,0,1952.5555274373548,0
2020-08-17,1952.5555274373548,0,1952.5555274373548,0
2020-08-18,1952.5555274373548,0,1952.5555274373548,0
2020-08-19,1952.5555274373548,0,1952.5555274373548,0
2020-08-20,1952.5555274373548,0,1952.5555274373548,0
2020-08-21,1952.5555274373548,0,1952.5555274373548,0
2020-08-24,1952.5555274373548,0,1952.5555274373548,0
2020-08-25,1952.5555274373548,0,1952.5555274373548,0
2020-08-26,1952.5555274373548,0,1952.5555274373548,0
2020-08-27,1952.5555274373548,0,1952.5555274373548,0
2020-08-28,1952.5555274373548,0,1952.5555274373548,0
2020-08-31,1952.5555274373548,0,1952.5555274373548,0
2020-09-01,1952.5555274373548,0,1952.5555274373548,0
2020-09-02,1952.5555274373548,0,1952.5555274373548,0
2020-09-03,1952.5555274373548,0,1952.5555274373548,0
2020-09-04,1952.5555274373548,0,1952.5555274373548,0
2020-09-08,1952.5555274373548,0,1952.5555274373548,0
2020-09-09,1952.5555274373548,0,1952.5555274373548,0
2020-09-10,1952.5555274373548,0,1952.5555274373548,0
2020-09-11,1952.5555274373548,0,1952.5555274373548,0
2020-09-14,1952.5555274373548,0,1952.5555274373548,0
2020-09-15,1952.5555274373548,0,1952.5555274373548,0
2020-09-16,1952.5555274373548,0,1952.5555274373548,0
2020-09-17,1952.5555274373548,0,1952.5555274373548,0
2020-09-18,1952.5555274373548,0,1952.5555274373548,0
2020-09-21,1952.5555274373548,0,1952.5555274373548,0
2020-09-22,1952.5555274373548,0,1952.5555274373548,0
2020-09-23,1952.5555274373548,0,1952.5555274373548,0
2020-09-24,1952.5555274373548,0,1952.5555274373548,0
2020-09-25,1952.5555274373548,0,1952.5555274373548,0
2020-09-28,1952.5555274373548,0,1952.5555274373548,0
2020-09-29,1952.5555274373548,0,1952.5555274373548,0
2020-09-30,1952.5555274373548,0,1952.5555274373548,0
2020-10-01,1952.5555274373548,0,1952.5555274373548,0
2020-10-02,1952.5555274373548,0,1952.5555274373548,0
2020-10-05,1952.5555274373548,0,1952.5555274373548,0
2020-10-06,1952.5555274373548,0,1952.5555274373548,0
2020-10-07,1952.5555274373548,0,1952.5555274373548,0
2020-10-08,1952.5555274373548,0,1952.5555274373548,0
2020-10-09,1952.5555274373548,0,1952.5555274373548,0
2020-10-12,1952.5555274373548,0,1952.5555274373548,0
2020-10-13,1952.5555274373548,0,1952.5555274373548,0
2020-10-14,1952.5555274373548,0,1952.5555274373548,0
2020-10-15,1952.5555274373548,0,1952.5555274373548,0
2020-10-16,1952.5555274373548,0,1952.5555274373548,0
2020-10-19,1952.5555274373548,0,1952.5555274373548,0
2020-10-20,1952.5555274373548,0,1952.5555274373548,0
2020-10-21,1952.5555274373548,0,1952.5555274373548,0
2020-10-22,1952.5555274373548,0,1952.5555274373548,0
2020-10-23,1952.5555274373548,0,1952.5555274373548,0
2020-10-26,1952.5555274373548,0,1952.5555274373548,0
2020-10-27,1952.5555274373548,0,1952.5555274373548,0
2020-10-28,1952.5555274373548,0,1952.5555274373548,0
2020-10-29,1952.5555274373548,0,1952.5555274373548,0
2020-10-30,1952.5555274373548,0,1952.5555274373548,0
2020-11-02,1952.5555274373548,0,1952.5555274373548,0
2020-11-03,1952.5555274373548,0,1952.5555274373548,0
2020-11-04,1952.5555274373548,0,1952.5555274373548,0
2020-11-05,1952.5555274373548,0,1952.5555274373548,0
2020-11-06,1952.5555274373548,0,1952.5555274373548,0
2020-11-09,1952.5555274373548,0,1952.5555274373548,0
2020-11-10,1952.5555274373548,0,1952.5555274373548,0
2020-11-11,1952.5555274373548,0,1952.5555274373548,0
2020-11-12,1952.5555274373548,0,1952.5555274373548,0
2020-11-13,1952.5555274373548,0,1952.5555274373548,0
2020-11-16,1952.5555274373548,0,1952.5555274373548,0
2020-11-17,1952.5555274373548,0,1952.5555274373548,0
2020-11-18,1952.5555274373548,0,1952.5555274373548,0
2020-11-19,1952.5555274373548,0,1952.5555274373548,0
2020-11-20,1952.5555274373548,0,1952.5555274373548,0
2020-11-23,1952.5555274373548,0,1952.5555274373548,0
2020-11-24,1952.5555274373548,0,1952.5555274373548,0
2020-11-25,1952.5555274373548,0,1952.5555274373548,0
2020-11-27,1952.5555274373548,0,1952.5555274373548,0
2020-11-30,1952.5555274373548,0,1952.5555274373548,0
2020-12-01,1952.5555274373548,0,1952.5555274373548,0
2020-12-02,1952.5555274373548,0,1952.5555274373548,0
2020-12-03,1952.5555274373548,0,1952.5555274373548,0
2020-12-04,1952.5555274373548,0,1952.5555274373548,0
2020-12-07,1952.5555274373548,0,1952.5555274373548,0
2020-12-08,1952.5555274373548,0,1952.5555274373548,0
2020-12-09,1952.5555274373548,0,1952.5555274373548,0
2020-12-10,1952.5555274373548,0,1952.5555274373548,0
2020-12-11,1952.5555274373548,0,1952.5555274373548,0
2020-12-14,1952.5555274373548,0,1952.5555274373548,0
2020-12-15,1952.5555274373548,0,1952.5555274373548,0
2020-12-16,1952.5555274373548,0,1952.5555274373548,0
2020-12-17,1952.5555274373548,0,1952.5555274373548,0
2020-12-18,1952.5555274373548,0,1952.5555274373548,0
2020-12-21,1952.5555274373548,0,1952.5555274373548,0
2020-12-22,1952.5555274373548,0,1952.5555274373548,0
2020-12-23,1952.5555274373548,0,1952.5555274373548,0
2020-12-24,1952.5555274373548,0,1952.5555274373548,0
2020-12-28,1952.5555274373548,0,1952.5555274373548,0
2020-12-29,1952.5555274373548,0,1952.5555274373548,0
2020-12-30,1952.5555274373548,0,1952.5555274373548,0
2020-12-31,1952.5555274373548,0,1952.5555274373548,0
2021-01-04,1952.5555274373548,0,1952.5555274373548,0
2021-01-05,1952.5555274373548,0,1952.5555274373548,0
2021-01-06,1952.5555274373548,0,1952.5555274373548,0
2021-01-07,1952.5555274373548,0,1952.5555274373548,0
2021-01-08,1952.5555274373548,0,1952.5555274373548,0
2021-01-11,1952.5555274373548,0,1952.5555274373548,0
2021-01-12,1952.5555274373548,0,1952.5555274373548,0
2021-01-13,1952.5555274373548,0,1952.5555274373548,0
2021-01-14,1952.5555274373548,0,1952.5555274373548,0
2021-01-15,1952.5555274373548,0,1952.5555274373548,0
2021-01-19,1952.5555274373548,0,1952.5555274373548,0
2021-01-20,1952.5555274373548,0,1952.5555274373548,0
2021-01-21,1952.5555274373548,0,1952.5555274373548,0
2021-01-22,1952.5555274373548,0,1952.5555274373548,0
2021-01-25,1952.5555274373548,0,1952.5555274373548,0
2021-01-26,1952.5555274373548,0,1952.5555274373548,0
2021-01-27,1952.5555274373548,0,1952.5555274373548,0
2021-01-28,1952.5555274373548,0,1952.5555274373548,0
2021-01-29,1952.5555274373548,0,1952.5555274373548,0
2021-02-01,1952.5555274373548,0,1952.5555274373548,0
2021-02-02,1952.5555274373548,0,1952.5555274373548,0
2021-02-03,1952.5555274373548,0,1952.5555274373548,0
2021-02-04,1952.5555274373548,0,1952.5555274373548,0
2021-02-05,1952.5555274373548,0,1952.5555274373548,0
2021-02-08,1952.5555274373548,0,1952.5555274373548,0
2021-02-09,1952.5555274373548,0,1952.5555274373548,0
2021-02-10,1952.5555274373548,0,1952.5555274373548,0
2021-02-11,1952.5555274373548,0,1952.5555274373548,0
2021-02-12,1952.5555274373548,0,1952.5555274373548,0
2021-02-16,1952.5555274373548,0,1952.5555274373548,0
2021-02-17,1952.5555274373548,0,1952.5555274373548,0
2021-02-18,1952.5555274373548,0,1952.5555274373548,0
2021-02-19,1952.5555274373548,0,1952.5555274373548,0
2021-02-22,1952.5555274373548,0,1952.5555274373548,0
2021-02-23,1952.5555274373548,0,1952.5555274373548,0
2021-02-24,1952.5555274373548,0,1952.5555274373548,0
2021-02-25,1952.5555274373548,0,1952.5555274373548,0
2021-02-26,1952.5555274373548,0,1952.5555274373548,0
2021-03-01,1952.5555274373548,0,1952.5555274373548,0
2021-03-02,1952.5555274373548,0,1952.5555274373548,0
2021-03-03,1952.5555274373548,0,1952.5555274373548,0
2021-03-04,1952.5555274373548,0,1952.5555274373548,0
2021-03-05,1952.5555274373548,0,1952.5555274373548,0
2021-03-08,1952.5555274373548,0,1952.5555274373548,0
2021-03-09,1952.5555274373548,0,1952.5555274373548,0
2021-03-10,1952.5555274373548,0,1952.5555274373548,0
2021-03-11,1952.5555274373548,0,1952.5555274373548,0
2021-03-12,1952.5555274373548,0,1952.5555274373548,0
2021-03-15,1952.5555274373548,0,1952.5555274373548,0
2021-03-16,1952.5555274373548,0,1952.5555274373548,0
2021-03-17,1952.5555274373548,0,1952.5555274373548,0
2021-03-18,1952.5555274373548,0,1952.5555274373548,0
2021-03-19,1952.5555274373548,0,1952.5555274373548,0
2021-03-22,1952.5555274373548,0,1952.5555274373548,0
2021-03-23,1952.5555274373548,0,1952.5555274373548,0
2021-03-24,1952.5555274373548,0,1952.5555274373548,0
2021-03-25,1952.5555274373548,0,1952.5555274373548,0
2021-03-26,1952.5555274373548,0,1952.5555274373548,0
2021-03-29,1952.5555274373548,0,1952.5555274373548,0
2021-03-30,1952.5555274373548,0,1952.5555274373548,0
2021-03-31,1952.5555274373548,0,1952.5555274373548,0
2021-04-01,1952.5555274373548,0,1952.5555274373548,0
2021-04-05,1952.5555274373548,0,1952.5555274373548,0
2021-04-06,1952.5555274373548,0,1952.5555274373548,0
2021-04-07,1952.5555274373548,0,1952.5555274373548,0
2021-04-08,1952.5555274373548,0,1952.5555274373548,0
2021-04-09,1952.5555274373548,0,1952.5555274373548,0
2021-04-12,1952.5555274373548,0,1952.5555274373548,0
2021-04-13,1952.5555274373548,0,1952.5555274373548,0
2021-04-14,1952.5555274373548,0,1952.5555274373548,0
2021-04-15,1952.5555274373548,0,1952.5555274373548,0
2021-04-16,1952.5555274373548,0,1952.5555274373548,0
2021-04-19,1952.5555274373548,0,1952.5555274373548,0
2021-04-20,1952.5555274373548,0,1952.5555274373548,0
2021-04-21,1952.5555274373548,0,1952.5555274373548,0
2021-04-22,1952.5555274373548,0,1952.5555274373548,0
2021-04-23,1952.5555274373548,0,1952.5555274373548,0
2021-04-26,1952.5555274373548,0,1952.5555274373548,0
2021-04-27,1952.5555274373548,0,1952.5555274373548,0
2021-04-28,1952.5555274373548,0,1952.5555274373548,0
2021-04-29,1952.5555274373548,0,1952.5555274373548,0
2021-04-30,1952.5555274373548,0,1952.5555274373548,0
2021-05-03,1952.5555274373548,0,1952.5555274373548,0
2021-05-04,1952.5555274373548,0,1952.5555274373548,0
2021-05-05,1952.5555274373548,0,1952.5555274373548,0
2021-05-06,1952.5555274373548,0,1952.5555274373548,0
2021-05-07,1952.5555274373548,0,1952.5555274373548,0
2021-05-10,1952.5555274373548,0,1952.5555274373548,0
2021-05-11,1952.5555274373548,0,1952.5555274373548,0
2021-05-12,1952.5555274373548,0,1952.5555274373548,0
2021-05-13,1952.5555274373548,0,1952.5555274373548,0
2021-05-14,1952.5555274373548,0,1952.5555274373548,0
2021-05-17,1952.5555274373548,0,1952.5555274373548,0
2021-05-18,1952.5555274373548,0,1952.5555274373548,0
2021-05-19,1952.5555274373548,0,1952.5555274373548,0
2021-05-20,1952.5555274373548,0,1952.5555274373548,0
2021-05-21,1952.5555274373548,0,1952.5555274373548,0
2021-05-24,1952.5555274373548,0,1952.5555274373548,0
2021-05-25,1952.5555274373548,0,1952.5555274373548,0
2021-05-26,1952.5555274373548,0,1952.5555274373548,0
2021-05-27,1952.5555274373548,0,1952.5555274373548,0
2021-05-28,1952.5555274373548,0,1952.5555274373548,0
2021-06-01,1952.5555274373548,0,1952.5555274373548,0
2021-06-02,1952.5555274373548,0,1952.5555274373548,0
2021-06-03,1952.5555274373548,0,1952.5555274373548,0
2021-06-04,1952.5555274373548,0,1952.5555274373548,0
2021-06-07,1952.5555274373548,0,1952.5555274373548,0
2021-06-08,1952.5555274373548,0,1952.5555274373548,0
2021-06-09,1952.5555274373548,0,1952.5555274373548,0
2021-06-10,1952.5555274373548,0,1952.5555274373548,0
2021-06-11,1952.5555274373548,0,1952.5555274373548,0
2021-06-14,1952.5555274373548,0,1952.5555274373548,0
2021-06-15,1952.5555274373548,0,1952.5555274373548,0
2021-06-16,1952.5555274373548,0,1952.5555274373548,0
2021-06-17,1952.5555274373548,0,1952.5555274373548,0
2021-06-18,1952.5555274373548,0,1952.5555274373548,0
2021-06-21,1952.5555274373548,0,1952.5555274373548,0
2021-06-22,1952.5555274373548,0,1952.5555274373548,0
2021-06-23,1952.5555274373548,0,1952.5555274373548,0
2021-06-24,1952.5555274373548,0,1952.5555274373548,0
2021-06-25,1952.5555274373548,0,1952.5555274373548,0
2021-06-28,1952.5555274373548,0,1952.5555274373548,0
2021-06-29,1952.5555274373548,0,1952.5555274373548,0
2021-06-30,1952.5555274373548,0,1952.5555274373548,0
2021-07-01,1952.5555274373548,0,1952.5555274373548,0
2021-07-02,1952.5555274373548,0,1952.5555274373548,0
2021-07-06,1952.5555274373548,0,1952.5555274373548,0
2021-07-07,1952.5555274373548,0,1952.5555274373548,0
2021-07-08,1952.5555274373548,0,1952.5555274373548,0
2021-07-09,1952.5555274373548,0,1952.5555274373548,0
2021-07-12,1952.5555274373548,0,1952.5555274373548,0
2021-07-13,1952.5555274373548,0,1952.5555274373548,0
2021-07-14,1952.5555274373548,0,1952.5555274373548,0
2021-07-15,1952.5555274373548,0,1952.5555274373548,0
2021-07-16,1952.5555274373548,0,1952.5555274373548,0
2021-07-19,1952.5555274373548,0,1952.5555274373548,0
2021-07-20,1952.5555274373548,0,1952.5555274373548,0
2021-07-21,1952.5555274373548,0,1952.5555274373548,0
2021-07-22,1952.5555274373548,0,1952.5555274373548,0
2021-07-23,1952.5555274373548,0,1952.5555274373548,0
2021-07-26,1952.5555274373548,0,1952.5555274373548,0
2021-07-27,1952.5555274373548,0,1952.5555274373548,0
2021-07-28,1952.5555274373548,0,1952.5555274373548,0
2021-07-29,1952.5555274373548,0,1952.5555274373548,0
2021-07-30,1952.5555274373548,0,1952.5555274373548,0
2021-08-02,1952.5555274373548,0,1952.5555274373548,0
2021-08-03,1952.5555274373548,0,1952.5555274373548,0
2021-08-04,1952.5555274373548,0,1952.5555274373548,0
2021-08-05,1952.5555274373548,0,1952.5555274373548,0
2021-08-06,1952.5555274373548,0,1952.5555274373548,0
2021-08-09,1952.5555274373548,0,1952.5555274373548,0
2021-08-10,1952.5555274373548,0,1952.5555274373548,0
2021-08-11,1952.5555274373548,0,1952.5555274373548,0
2021-08-12,1952.5555274373548,0,1952.5555274373548,0
2021-08-13,1952.5555274373548,0,1952.5555274373548,0
2021-08-16,1952.5555274373548,0,1952.5555274373548,0
2021-08-17,1952.5555274373548,0,1952.5555274373548,0
2021-08-18,1952.5555274373548,0,1952.5555274373548,0
2021-08-19,1952.5555274373548,0,1952.5555274373548,0
2021-08-20,1952.5555274373548,0,1952.5555274373548,0
2021-08-23,1952.5555274373548,0,1952.5555274373548,0
2021-08-24,1952.5555274373548,0,1952.5555274373548,0
2021-08-25,1952.5555274373548,0,1952.5555274373548,0
2021-08-26,1952.5555274373548,0,1952.5555274373548,0
2021-08-27,1952.5555274373548,0,1952.5555274373548,0
2021-08-30,1952.5555274373548,0,1952.5555274373548,0
2021-08-31,1952.5555274373548,0,1952.5555274373548,0
2021-09-01,1952.5555274373548,0,1952.5555274373548,0
2021-09-02,1952.5555274373548,0,1952.5555274373548,0
2021-09-03,1952.5555274373548,0,1952.5555274373548,0
2021-09-07,1952.5555274373548,0,1952.5555274373548,0
2021-09-08,1952.5555274373548,0,1952.5555274373548,0
2021-09-09,1952.5555274373548,0,1952.5555274373548,0
2021-09-10,1952.5555274373548,0,1952.5555274373548,0
2021-09-13,1952.5555274373548,0,1952.5555274373548,0
2021-09-14,1952.5555274373548,0,1952.5555274373548,0
2021-09-15,1952.5555274373548,0,1952.5555274373548,0
2021-09-16,1952.5555274373548,0,1952.5555274373548,0
2021-09-17,1952.5555274373548,0,1952.5555274373548,0
2021-09-20,1952.5555274373548,0,1952.5555274373548,0
2021-09-21,1952.5555274373548,0,1952.5555274373548,0
2021-09-22,1952.5555274373548,0,1952.5555274373548,0
2021-09-23,1952.5555274373548,0,1952.5555274373548,0
2021-09-24,1952.5555274373548,0,1952.5555274373548,0
2021-09-27,1952.5555274373548,0,1952.5555274373548,0
2021-09-28,1952.5555274373548,0,1952.5555274373548,0
2021-09-29,1952.5555274373548,0,1952.5555274373548,0
2021-09-30,1952.5555274373548,0,1952.5555274373548,0
2021-10-01,1952.5555274373548,0,1952.5555274373548,0
2021-10-04,1952.5555274373548,0,1952.5555274373548,0
2021-10-05,1952.5555274373548,0,1952.5555274373548,0
2021-10-06,1952.5555274373548,0,1952.5555274373548,0
2021-10-07,1952.5555274373548,0,1952.5555274373548,0
2021-10-08,1952.5555274373548,0,1952.5555274373548,0
2021-10-11,1952.5555274373548,0,1952.5555274373548,0
2021-10-12,1952.5555274373548,0,1952.5555274373548,0
2021-10-13,1952.5555274373548,0,1952.5555274373548,0
2021-10-14,1952.5555274373548,0,1952.5555274373548,0
2021-10-15,1952.5555274373548,0,1952.5555274373548,0
2021-10-18,1952.5555274373548,0,1952.5555274373548,0
2021-10-19,1952.5555274373548,0,1952.5555274373548,0
2021-10-20,1952.5555274373548,0,1952.5555274373548,0
2021-10-21,1952.5555274373548,0,1952.5555274373548,0
2021-10-22,1952.5555274373548,0,1952.5555274373548,0
2021-10-25,1952.5555274373548,0,1952.5555274373548,0
2021-10-26,1952.5555274373548,0,1952.5555274373548,0
2021-10-27,1952.5555274373548,0,1952.5555274373548,0
2021-10-28,1952.5555274373548,0,1952.5555274373548,0
2021-10-29,1952.5555274373548,0,1952.5555274373548,0
2021-11-01,1952.5555274373548,0,1952.5555274373548,0
2021-11-02,1952.5555274373548,0,1952.5555274373548,0
2021-11-03,1952.5555274373548,0,1952.5555274373548,0
2021-11-04,1952.5555274373548,0,1952.5555274373548,0
2021-11-05,1952.5555274373548,0,1952.5555274373548,0
2021-11-08,1952.5555274373548,0,1952.5555274373548,0
2021-11-09,1952.5555274373548,0,1952.5555274373548,0
2021-11-10,1952.5555274373548,0,1952.5555274373548,0
2021-11-11,1952.5555274373548,0,1952.5555274373548,0
2021-11-12,1952.5555274373548,0,1952.5555274373548,0
2021-11-15,1952.5555274373548,0,1952.5555274373548,0
2021-11-16,1952.5555274373548,0,1952.5555274373548,0
2021-11-17,1952.5555274373548,0,1952.5555274373548,0
2021-11-18,1952.5555274373548,0,1952.5555274373548,0
2021-11-19,1952.5555274373548,0,1952.5555274373548,0
2021-11-22,1952.5555274373548,0,1952.5555274373548,0
2021-11-23,1952.5555274373548,0,1952.5555274373548,0
2021-11-24,1952.5555274373548,0,1952.5555274373548,0
2021-11-26,1952.5555274373548,0,1952.5555274373548,0
2021-11-29,1952.5555274373548,0,1952.5555274373548,0
2021-11-30,1952.5555274373548,0,1952.5555274373548,0
2021-12-01,1952.5555274373548,0,1952.5555274373548,0
2021-12-02,1952.5555274373548,0,1952.5555274373548,0
2021-12-03,1952.5555274373548,0,1952.5555274373548,0
2021-12-06,1952.5555274373548,0,1952.5555274373548,0
2021-12-07,1952.5555274373548,0,1952.5555274373548,0
2021-12-08,1952.5555274373548,0,1952.5555274373548,0
2021-12-09,1952.5555274373548,0,1952.5555274373548,0
2021-12-10,1952.5555274373548,0,1952.5555274373548,0
2021-12-13,1952.5555274373548,0,1952.5555274373548,0
2021-12-14,1952.5555274373548,0,1952.5555274373548,0
2021-12-15,1952.5555274373548,0,1952.5555274373548,0
2021-12-16,1952.5555274373548,0,1952.5555274373548,0
2021-12-17,1952.5555274373548,0,1952.5555274373548,0
2021-12-20,1952.5555274373548,0,1952.5555274373548,0
2021-12-21,1952.5555274373548,0,1952.5555274373548,0
2021-12-22,1952.5555274373548,0,1952.5555274373548,0
2021-12-23,1952.5555274373548,0,1952.5555274373548,0
2021-12-27,1952.5555274373548,0,1952.5555274373548,0
2021-12-28,1952.5555274373548,0,1952.5555274373548,0
2021-12-29,1952.5555274373548,0,1952.5555274373548,0
2021-12-30,1952.5555274373548,0,1952.5555274373548,0
2021-12-31,1952.5555274373548,0,1952.5555274373548,0
2022-01-03,1952.5555274373548,0,1952.5555274373548,0
2022-01-04,1952.5555274373548,0,1952.5555274373548,0
2022-01-05,1952.5555274373548,0,1952.5555274373548,0
2022-01-06,1952.5555274373548,0,1952.5555274373548,0
2022-01-07,1952.5555274373548,0,1952.5555274373548,0
2022-01-10,1952.5555274373548,0,1952.5555274373548,0
2022-01-11,1952.5555274373548,0,1952.5555274373548,0
2022-01-12,1952.5555274373548,0,1952.5555274373548,0
2022-01-13,1952.5555274373548,0,1952.5555274373548,0
2022-01-14,1952.5555274373548,0,1952.5555274373548,0
2022-01-18,1952.5555274373548,0,1952.5555274373548,0
2022-01-19,1952.5555274373548,0,1952.5555274373548,0
2022-01-20,1952.5555274373548,0,1952.5555274373548,0
2022-01-21,1952.5555274373548,0,1952.5555274373548,0
2022-01-24,1952.5555274373548,0,1952.5555274373548,0
2022-01-25,1952.5555274373548,0,1952.5555274373548,0
2022-01-26,1952.5555274373548,0,1952.5555274373548,0
2022-01-27,1952.5555274373548,0,1952.5555274373548,0
2022-01-28,1952.5555274373548,0,1952.5555274373548,0
2022-01-31,1952.5555274373548,0,1952.5555274373548,0
2022-02-01,1952.5555274373548,0,1952.5555274373548,0
2022-02-02,1952.5555274373548,0,1952.5555274373548,0
2022-02-03,1952.5555274373548,0,1952.5555274373548,0
2022-02-04,1952.5555274373548,0,1952.5555274373548,0
2022-02-07,1952.5555274373548,0,1952.5555274373548,0
2022-02-08,1952.5555274373548,0,1952.5555274373548,0
2022-02-09,1952.5555274373548,0,1952.5555274373548,0
2022-02-10,1952.5555274373548,0,1952.5555274373548,0
2022-02-11,1952.5555274373548,0,1952.5555274373548,0
2022-02-14,1952.5555274373548,0,1952.5555274373548,0
2022-02-15,1952.5555274373548,0,1952.5555274373548,0
2022-02-16,1952.5555274373548,0,1952.5555274373548,0
2022-02-17,1952.5555274373548,0,1952.5555274373548,0
2022-02-18,1952.5555274373548,0,1952.5555274373548,0
2022-02-22,1952.5555274373548,0,1952.5555274373548,0
2022-02-23,1952.5555274373548,0,1952.5555274373548,0
2022-02-24,1952.5555274373548,0,1952.5555274373548,0
2022-02-25,1952.5555274373548,0,1952.5555274373548,0
2022-02-28,1952.5555274373548,0,1952.5555274373548,0
2022-03-01,1952.5555274373548,0,1952.5555274373548,0
2022-03-02,1952.5555274373548,0,1952.5555274373548,0
2022-03-03,1952.5555274373548,0,1952.5555274373548,0
2022-03-04,1952.5555274373548,0,1952.5555274373548,0
2022-03-07,1952.5555274373548,0,1952.5555274373548,0
2022-03-08,1952.5555274373548,0,1952.5555274373548,0
2022-03-09,1952.5555274373548,0,1952.5555274373548,0
2022-03-10,1952.5555274373548,0,1952.5555274373548,0
2022-03-11,1952.5555274373548,0,1952.5555274373548,0
2022-03-14,1952.5555274373548,0,1952.5555274373548,0
2022-03-15,1952.5555274373548,0,1952.5555274373548,0
2022-03-16,1952.5555274373548,0,1952.5555274373548,0
2022-03-17,1952.5555274373548,0,1952.5555274373548,0
2022-03-18,1952.5555274373548,0,1952.5555274373548,0
2022-03-21,1952.5555274373548,0,1952.5555274373548,0
2022-03-22,1952.5555274373548,0,1952.5555274373548,0
2022-03-23,1952.5555274373548,0,1952.5555274373548,0
2022-03-24,1952.5555274373548,0,1952.5555274373548,0
2022-03-25,1952.5555274373548,0,1952.5555274373548,0
2022-03-28,1952.5555274373548,0,1952.5555274373548,0
2022-03-29,1952.5555274373548,0,1952.5555274373548,0
2022-03-30,1952.5555274373548,0,1952.5555274373548,0
2022-03-31,1952.5555274373548,0,1952.5555274373548,0
2022-04-01,1952.5555274373548,0,1952.5555274373548,0
2022-04-04,1952.5555274373548,0,1952.5555274373548,0
2022-04-05,1952.5555274373548,0,1952.5555274373548,0
2022-04-06,1952.5555274373548,0,1952.5555274373548,0
2022-04-07,1952.5555274373548,0,1952.5555274373548,0
2022-04-08,1952.5555274373548,0,1952.5555274373548,0
2022-04-11,1952.5555274373548,0,1952.5555274373548,0
2022-04-12,1952.5555274373548,0,1952.5555274373548,0
2022-04-13,1952.5555274373548,0,1952.5555274373548,0
2022-04-14,1952.5555274373548,0,1952.5555274373548,0
2022-04-18,1952.5555274373548,0,1952.5555274373548,0
2022-04-19,1952.5555274373548,0,1952.5555274373548,0
2022-04-20,1952.5555274373548,0,1952.5555274373548,0
2022-04-21,1952.5555274373548,0,1952.5555274373548,0
2022-04-22,1952.5555274373548,0,1952.5555274373548,0
2022-04-25,1952.5555274373548,0,1952.5555274373548,0
2022-04-26,1952.5555274373548,0,1952.5555274373548,0
2022-04-27,1952.5555274373548,0,1952.5555274373548,0
2022-04-28,1952.5555274373548,0,1952.5555274373548,0
2022-04-29,1952.5555274373548,0,1952.5555274373548,0
2022-05-02,1952.5555274373548,0,1952.5555274373548,0
2022-05-03,1952.5555274373548,0,1952.5555274373548,0
2022-05-04,1952.5555274373548,0,1952.5555274373548,0
2022-05-05,1952.5555274373548,0,1952.5555274373548,0
2022-05-06,1952.5555274373548,0,1952.5555274373548,0
2022-05-09,1952.5555274373548,0,1952.5555274373548,0
2022-05-10,1952.5555274373548,0,1952.5555274373548,0
2022-05-11,1952.5555274373548,0,1952.5555274373548,0
2022-05-12,1952.5555274373548,0,1952.5555274373548,0
2022-05-13,1952.5555274373548,0,1952.5555274373548,0
2022-05-16,1952.5555274373548,0,1952.5555274373548,0
2022-05-17,1952.5555274373548,0,1952.5555274373548,0
2022-05-18,1952.5555274373548,0,1952.5555274373548,0
2022-05-19,1952.5555274373548,0,1952.5555274373548,0
2022-05-20,1952.5555274373548,0,1952.5555274373548,0
2022-05-23,1952.5555274373548,0,1952.5555274373548,0
2022-05-24,1952.5555274373548,0,1952.5555274373548,0
2022-05-25,1952.5555274373548,0,1952.5555274373548,0
2022-05-26,1952.5555274373548,0,1952.5555274373548,0
2022-05-27,1952.5555274373548,0,1952.5555274373548,0
2022-05-31,1952.5555274373548,0,1952.5555274373548,0
2022-06-01,1952.5555274373548,0,1952.5555274373548,0
2022-06-02,1952.5555274373548,0,1952.5555274373548,0
2022-06-03,1952.5555274373548,0,1952.5555274373548,0
2022-06-06,1952.5555274373548,0,1952.5555274373548,0
2022-06-07,1952.5555274373548,0,1952.5555274373548,0
2022-06-08,1952.5555274373548,0,1952.5555274373548,0
2022-06-09,1952.5555274373548,0,1952.5555274373548,0
2022-06-10,1952.5555274373548,0,1952.5555274373548,0
2022-06-13,1952.5555274373548,0,1952.5555274373548,0
2022-06-14,1952.5555274373548,0,1952.5555274373548,0
2022-06-15,1952.5555274373548,0,1952.5555274373548,0
2022-06-16,1952.5555274373548,0,1952.5555274373548,0
2022-06-17,1952.5555274373548,0,1952.5555274373548,0
2022-06-21,1952.5555274373548,0,1952.5555274373548,0
2022-06-22,1952.5555274373548,0,1952.5555274373548,0
2022-06-23,1952.5555274373548,0,1952.5555274373548,0
2022-06-24,1952.5555274373548,0,1952.5555274373548,0
2022-06-27,1952.5555274373548,0,1952.5555274373548,0
2022-06-28,1952.5555274373548,0,1952.5555274373548,0
2022-06-29,1952.5555274373548,0,1952.5555274373548,0
2022-06-30,1952.5555274373548,0,1952.5555274373548,0
2022-07-01,1952.5555274373548,0,1952.5555274373548,0
2022-07-05,1952.5555274373548,0,1952.5555274373548,0
2022-07-06,1952.5555274373548,0,1952.5555274373548,0
2022-07-07,1952.5555274373548,0,1952.5555274373548,0
2022-07-08,1952.5555274373548,0,1952.5555274373548,0
2022-07-11,1952.5555274373548,0,1952.5555274373548,0
2022-07-12,1952.5555274373548,0,1952.5555274373548,0
2022-07-13,1952.5555274373548,0,1952.5555274373548,0
2022-07-14,1952.5555274373548,0,1952.5555274373548,0
2022-07-15,1952.5555274373548,0,1952.5555274373548,0
2022-07-18,1952.5555274373548,0,1952.5555274373548,0
2022-07-19,1952.5555274373548,0,1952.5555274373548,0
2022-07-20,1952.5555274373548,0,1952.5555274373548,0
2022-07-21,1952.5555274373548,0,1952.5555274373548,0
2022-07-22,1952.5555274373548,0,1952.5555274373548,0
2022-07-25,1952.5555274373548,0,1952.5555274373548,0
2022-07-26,1952.5555274373548,0,1952.5555274373548,0
2022-07-27,1952.5555274373548,0,1952.5555274373548,0
2022-07-28,1952.5555274373548,0,1952.5555274373548,0
2022-07-29,1952.5555274373548,0,1952.5555274373548,0
2022-08-01,1952.5555274373548,0,1952.5555274373548,0
2022-08-02,1952.5555274373548,0,1952.5555274373548,0
2022-08-03,1952.5555274373548,0,1952.5555274373548,0
2022-08-04,1952.5555274373548,0,1952.5555274373548,0
2022-08-05,1952.5555274373548,0,1952.5555274373548,0
2022-08-08,1952.5555274373548,0,1952.5555274373548,0
2022-08-09,1952.5555274373548,0,1952.5555274373548,0
2022-08-10,1952.5555274373548,0,1952.5555274373548,0
2022-08-11,1952.5555274373548,0,1952.5555274373548,0
2022-08-12,1952.5555274373548,0,1952.5555274373548,0
2022-08-15,1952.5555274373548,0,1952.5555274373548,0
2022-08-16,1952.5555274373548,0,1952.5555274373548,0
2022-08-17,1952.5555274373548,0,1952.5555274373548,0
2022-08-18,1952.5555274373548,0,1952.5555274373548,0
2022-08-19,1952.5555274373548,0,1952.5555274373548,0
2022-08-22,1952.5555274373548,0,1952.5555274373548,0
2022-08-23,1952.5555274373548,0,1952.5555274373548,0
2022-08-24,1952.5555274373548,0,1952.5555274373548,0
2022-08-25,1952.5555274373548,0,1952.5555274373548,0
2022-08-26,1952.5555274373548,0,1952.5555274373548,0
2022-08-29,1952.5555274373548,0,1952.5555274373548,0
2022-08-30,1952.5555274373548,0,1952.5555274373548,0
2022-08-31,1952.5555274373548,0,1952.5555274373548,0
2022-09-01,1952.5555274373548,0,1952.5555274373548,0
2022-09-02,1952.5555274373548,0,1952.5555274373548,0
2022-09-06,1952.5555274373548,0,1952.5555274373548,0
2022-09-07,1952.5555274373548,0,1952.5555274373548,0
2022-09-08,1952.5555274373548,0,1952.5555274373548,0
2022-09-09,1952.5555274373548,0,1952.5555274373548,0
2022-09-12,1952.5555274373548,0,1952.5555274373548,0
2022-09-13,1952.5555274373548,0,1952.5555274373548,0
2022-09-14,1952.5555274373548,0,1952.5555274373548,0
2022-09-15,1952.5555274373548,0,1952.5555274373548,0
2022-09-16,1952.5555274373548,0,1952.5555274373548,0
2022-09-19,1952.5555274373548,0,1952.5555274373548,0
2022-09-20,1952.5555274373548,0,1952.5555274373548,0
2022-09-21,1952.5555274373548,0,1952.5555274373548,0
2022-09-22,1952.5555274373548,0,1952.5555274373548,0
2022-09-23,1952.5555274373548,0,1952.5555274373548,0
2022-09-26,1952.5555274373548,0,1952.5555274373548,0
2022-09-27,1952.5555274373548,0,1952.5555274373548,0
2022-09-28,1952.5555274373548,0,1952.5555274373548,0
2022-09-29,1952.5555274373548,0,1952.5555274373548,0
2022-09-30,1952.5555274373548,0,1952.5555274373548,0
2022-10-03,1952.5555274373548,0,1952.5555274373548,0
2022-10-04,1952.5555274373548,0,1952.5555274373548,0
2022-10-05,1952.5555274373548,0,1952.5555274373548,0
2022-10-06,1952.5555274373548,0,1952.5555274373548,0
2022-10-07,1952.5555274373548,0,1952.5555274373548,0
2022-10-10,1952.5555274373548,0,1952.5555274373548,0
2022-10-11,1952.5555274373548,0,1952.5555274373548,0
2022-10-12,1952.5555274373548,0,1952.5555274373548,0
2022-10-13,1952.5555274373548,0,1952.5555274373548,0
2022-10-14,1952.5555274373548,0,1952.5555274373548,0
2022-10-17,1952.5555274373548,0,1952.5555274373548,0
2022-10-18,1952.5555274373548,0,1952.5555274373548,0
2022-10-19,1952.5555274373548,0,1952.5555274373548,0
2022-10-20,1952.5555274373548,0,1952.5555274373548,0
2022-10-21,1952.5555274373548,0,1952.5555274373548,0
2022-10-24,1952.5555274373548,0,1952.5555274373548,0
2022-10-25,1952.5555274373548,0,1952.5555274373548,0
2022-10-26,1952.5555274373548,0,1952.5555274373548,0
2022-10-27,1952.5555274373548,0,1952.5555274373548,0
2022-10-28,1952.5555274373548,0,1952.5555274373548,0
2022-10-31,1952.5555274373548,0,1952.5555274373548,0
2022-11-01,1952.5555274373548,0,1952.5555274373548,0
2022-11-02,1952.5555274373548,0,1952.5555274373548,0
2022-11-03,1952.5555274373548,0,1952.5555274373548,0
2022-11-04,1952.5555274373548,0,1952.5555274373548,0
2022-11-07,1952.5555274373548,0,1952.5555274373548,0
2022-11-08,1952.5555274373548,0,1952.5555274373548,0
2022-11-09,1952.5555274373548,0,1952.5555274373548,0
2022-11-10,1952.5555274373548,0,1952.5555274373548,0
2022-11-11,1952.5555274373548,0,1952.5555274373548,0
2022-11-14,1952.5555274373548,0,1952.5555274373548,0
2022-11-15,1952.5555274373548,0,1952.5555274373548,0
2022-11-16,1952.5555274373548,0,1952.5555274373548,0
2022-11-17,1952.5555274373548,0,1952.5555274373548,0
2022-11-18,1952.5555274373548,0,1952.5555274373548,0
2022-11-21,1952.5555274373548,0,1952.5555274373548,0
2022-11-22,1952.5555274373548,0,1952.5555274373548,0
2022-11-23,1952.5555274373548,0,1952.5555274373548,0
2022-11-25,1952.5555274373548,0,1952.5555274373548,0
2022-11-28,1952.5555274373548,0,1952.5555274373548,0
2022-11-29,1952.5555274373548,0,1952.5555274373548,0
2022-11-30,1952.5555274373548,0,1952.5555274373548,0
2022-12-01,1952.5555274373548,0,1952.5555274373548,0
2022-12-02,1952.5555274373548,0,1952.5555274373548,0
2022-12-05,1952.5555274373548,0,1952.5555274373548,0
2022-12-06,1952.5555274373548,0,1952.5555274373548,0
2022-12-07,1952.5555274373548,0,1952.5555274373548,0
2022-12-08,1952.5555274373548,0,1952.5555274373548,0
2022-12-09,1952.5555274373548,0,1952.5555274373548,0
2022-12-12,1952.5555274373548,0,1952.5555274373548,0
2022-12-13,1952.5555274373548,0,1952.5555274373548,0
2022-12-14,1952.5555274373548,0,1952.5555274373548,0
2022-12-15,1952.5555274373548,0,1952.5555274373548,0
2022-12-16,1952.5555274373548,0,1952.5555274373548,0
2022-12-19,1952.5555274373548,0,1952.5555274373548,0
2022-12-20,1952.5555274373548,0,1952.5555274373548,0
2022-12-21,1952.5555274373548,0,1952.5555274373548,0
2022-12-22,1952.5555274373548,0,1952.5555274373548,0
2022-12-23,1952.5555274373548,0,1952.5555274373548,0
2022-12-27,1952.5555274373548,0,1952.5555274373548,0
2022-12-28,1952.5555274373548,0,1952.5555274373548,0
2022-12-29,1952.5555274373548,0,1952.5555274373548,0
2022-12-30,1952.5555274373548,0,1952.5555274373548,0
2023-01-03,1952.5555274373548,0,1952.5555274373548,0
2023-01-04,1952.5555274373548,0,1952.5555274373548,0
2023-01-05,1952.5555274373548,0,1952.5555274373548,0
2023-01-06,1952.5555274373548,0,1952.5555274373548,0
2023-01-09,1952.5555274373548,0,1952.5555274373548,0
2023-01-10,1952.5555274373548,0,1952.5555274373548,0
2023-01-11,1952.5555274373548,0,1952.5555274373548,0
2023-01-12,1952.5555274373548,0,1952.5555274373548,0
2023-01-13,1952.5555274373548,0,1952.5555274373548,0
2023-01-17,1952.5555274373548,0,1952.5555274373548,0
2023-01-18,1952.5555274373548,0,1952.5555274373548,0
2023-01-19,1952.5555274373548,0,1952.5555274373548,0
2023-01-20,1952.5555274373548,0,1952.5555274373548,0
2023-01-23,1952.5555274373548,0,1952.5555274373548,0
2023-01-24,1952.5555274373548,0,1952.5555274373548,0
2023-01-25,1952.5555274373548,0,1952.5555274373548,0
2023-01-26,1952.5555274373548,0,1952.5555274373548,0
2023-01-27,1952.5555274373548,0,1952.5555274373548,0
2023-01-30,1952.5555274373548,0,1952.5555274373548,0
2023-01-31,1952.5555274373548,0,1952.5555274373548,0
2023-02-01,1952.5555274373548,0,1952.5555274373548,0
2023-02-02,1952.5555274373548,0,1952.5555274373548,0
2023-02-03,1952.5555274373548,0,1952.5555274373548,0
2023-02-06,1952.5555274373548,0,1952.5555274373548,0
2023-02-07,1952.5555274373548,0,1952.5555274373548,0
2023-02-08,1952.5555274373548,0,1952.5555274373548,0
2023-02-09,1952.5555274373548,0,1952.5555274373548,0
2023-02-10,1952.5555274373548,0,1952.5555274373548,0
2023-02-13,1952.5555274373548,0,1952.5555274373548,0
2023-02-14,1952.5555274373548,0,1952.5555274373548,0
2023-02-15,1952.5555274373548,0,1952.5555274373548,0
2023-02-16,1952.5555274373548,0,1952.5555274373548,0
2023-02-17,1952.5555274373548,0,1952.5555274373548,0
2023-02-21,1952.5555274373548,0,1952.5555274373548,0
2023-02-22,1952.5555274373548,0,1952.5555274373548,0
2023-02-23,1952.5555274373548,0,1952.5555274373548,0
2023-02-24,1952.5555274373548,0,1952.5555274373548,0
2023-02-27,1952.5555274373548,0,1952.5555274373548,0
2023-02-28,1952.5555274373548,0,1952.5555274373548,0
2023-03-01,1952.5555274373548,0,1952.5555274373548,0
2023-03-02,1952.5555274373548,0,1952.5555274373548,0
2023-03-03,1952.5555274373548,0,1952.5555274373548,0
2023-03-06,1952.5555274373548,0,1952.5555274373548,0
2023-03-07,1952.5555274373548,0,1952.5555274373548,0
2023-03-08,1952.5555274373548,0,1952.5555274373548,0
2023-03-09,1952.5555274373548,0,1952.5555274373548,0
2023-03-10,1952.5555274373548,0,1952.5555274373548,0
2023-03-13,1952.5555274373548,0,1952.5555274373548,0
2023-03-14,1952.5555274373548,0,1952.5555274373548,0
2023-03-15,1952.5555274373548,0,1952.5555274373548,0
2023-03-16,1952.5555274373548,0,1952.5555274373548,0
2023-03-17,1952.5555274373548,0,1952.5555274373548,0
2023-03-20,1952.5555274373548,0,1952.5555274373548,0
2023-03-21,1952.5555274373548,0,1952.5555274373548,0
2023-03-22,1952.5555274373548,0,1952.5555274373548,0
2023-03-23,1952.5555274373548,0,1952.5555274373548,0
2023-03-24,1952.5555274373548,0,1952.5555274373548,0
2023-03-27,1952.5555274373548,0,1952.5555274373548,0
2023-03-28,1952.5555274373548,0,1952.5555274373548,0
2023-03-29,1952.5555274373548,0,1952.5555274373548,0
2023-03-30,1952.5555274373548,0,1952.5555274373548,0
2023-03-31,1952.5555274373548,0,1952.5555274373548,0
2023-04-03,1952.5555274373548,0,1952.5555274373548,0
2023-04-04,1952.5555274373548,0,1952.5555274373548,0
2023-04-05,1952.5555274373548,0,1952.5555274373548,0
2023-04-06,1952.5555274373548,0,1952.5555274373548,0
2023-04-10,1952.5555274373548,0,1952.5555274373548,0
2023-04-11,1952.5555274373548,0,1952.5555274373548,0
2023-04-12,1952.5555274373548,0,1952.5555274373548,0
2023-04-13,1952.5555274373548,0,1952.5555274373548,0
2023-04-14,1952.5555274373548,0,1952.5555274373548,0
2023-04-17,1952.5555274373548,0,1952.5555274373548,0
2023-04-18,1952.5555274373548,0,1952.5555274373548,0
2023-04-19,1952.5555274373548,0,1952.5555274373548,0
2023-04-20,1952.5555274373548,0,1952.5555274373548,0
2023-04-21,1952.5555274373548,0,1952.5555274373548,0
2023-04-24,1952.5555274373548,0,1952.5555274373548,0
2023-04-25,1952.5555274373548,0,1952.5555274373548,0
2023-04-26,1952.5555274373548,0,1952.5555274373548,0
2023-04-27,1952.5555274373548,0,1952.5555274373548,0
2023-04-28,1952.5555274373548,0,1952.5555274373548,0
2023-05-01,1952.5555274373548,0,1952.5555274373548,0
2023-05-02,1952.5555274373548,0,1952.5555274373548,0
2023-05-03,1952.5555274373548,0,1952.5555274373548,0
2023-05-04,1952.5555274373548,0,1952.5555274373548,0
2023-05-05,1952.5555274373548,0,1952.5555274373548,0
2023-05-08,1952.5555274373548,0,1952.5555274373548,0
2023-05-09,1952.5555274373548,0,1952.5555274373548,0
2023-05-10,1952.5555274373548,0,1952.5555274373548,0
2023-05-11,1952.5555274373548,0,1952.5555274373548,0
2023-05-12,1952.5555274373548,0,1952.5555274373548,0
2023-05-15,1952.5555274373548,0,1952.5555274373548,0
2023-05-16,1952.5555274373548,0,1952.5555274373548,0
2023-05-17,1952.5555274373548,0,1952.5555274373548,0
2023-05-18,1952.5555274373548,0,1952.5555274373548,0
2023-05-19,1952.5555274373548,0,1952.5555274373548,0
2023-05-22,1952.5555274373548,0,1952.5555274373548,0
2023-05-23,1952.5555274373548,0,1952.5555274373548,0
2023-05-24,1952.5555274373548,0,1952.5555274373548,0
2023-05-25,1952.5555274373548,0,1952.5555274373548,0
2023-05-26,1952.5555274373548,0,1952.5555274373548,0
2023-05-30,1952.5555274373548,0,1952.5555274373548,0
2023-05-31,1952.5555274373548,0,1952.5555274373548,0
2023-06-01,1952.5555274373548,0,1952.5555274373548,0
2023-06-02,1952.5555274373548,0,1952.5555274373548,0
2023-06-05,1952.5555274373548,0,1952.5555274373548,0
2023-06-06,1952.5555274373548,0,1952.5555274373548,0
2023-06-07,1952.5555274373548,0,1952.5555274373548,0
2023-06-08,1952.5555274373548,0,1952.5555274373548,0
2023-06-09,1952.5555274373548,0,1952.5555274373548,0
2023-06-12,1952.5555274373548,0,1952.5555274373548,0
2023-06-13,1952.5555274373548,0,1952.5555274373548,0
2023-06-14,1952.5555274373548,0,1952.5555274373548,0
2023-06-15,1952.5555274373548,0,1952.5555274373548,0
2023-06-16,1952.5555274373548,0,1952.5555274373548,0
2023-06-20,1952.5555274373548,0,1952.5555274373548,0
2023-06-21,1952.5555274373548,0,1952.5555274373548,0
2023-06-22,1952.5555274373548,0,1952.5555274373548,0
2023-06-23,1952.5555274373548,0,1952.5555274373548,0
2023-06-26,1952.5555274373548,0,1952.5555274373548,0
2023-06-27,1952.5555274373548,0,1952.5555274373548,0
2023-06-28,1952.5555274373548,0,1952.5555274373548,0
2023-06-29,1952.5555274373548,0,1952.5555274373548,0
2023-06-30,1952.5555274373548,0,1952.5555274373548,0
2023-07-03,1952.5555274373548,0,1952.5555274373548,0
2023-07-05,1952.5555274373548,0,1952.5555274373548,0
2023-07-06,1952.5555274373548,0,1952.5555274373548,0
2023-07-07,1952.5555274373548,0,1952.5555274373548,0
2023-07-10,1952.5555274373548,0,1952.5555274373548,0
2023-07-11,1952.5555274373548,0,1952.5555274373548,0
2023-07-12,1952.5555274373548,0,1952.5555274373548,0
2023-07-13,1952.5555274373548,0,1952.5555274373548,0
2023-07-14,1952.5555274373548,0,1952.5555274373548,0
2023-07-17,1952.5555274373548,0,1952.5555274373548,0
2023-07-18,1952.5555274373548,0,1952.5555274373548,0
2023-07-19,1952.5555274373548,0,1952.5555274373548,0
2023-07-20,1952.5555274373548,0,1952.5555274373548,0
2023-07-21,1952.5555274373548,0,1952.5555274373548,0
2023-07-24,1952.5555274373548,0,1952.5555274373548,0
2023-07-25,1952.5555274373548,0,1952.5555274373548,0
2023-07-26,1952.5555274373548,0,1952.5555274373548,0
2023-07-27,1952.5555274373548,0,1952.5555274373548,0
2023-07-28,1952.5555274373548,0,1952.5555274373548,0
2023-07-31,1952.5555274373548,0,1952.5555274373548,0
2023-08-01,1952.5555274373548,0,1952.5555274373548,0
2023-08-02,1952.5555274373548,0,1952.5555274373548,0
2023-08-03,1952.5555274373548,0,1952.5555274373548,0
2023-08-04,1952.5555274373548,0,1952.5555274373548,0
2023-08-07,1952.5555274373548,0,1952.5555274373548,0
2023-08-08,1952.5555274373548,0,1952.5555274373548,0
2023-08-09,1952.5555274373548,0,1952.5555274373548,0
2023-08-10,1952.5555274373548,0,1952.5555274373548,0
2023-08-11,1952.5555274373548,0,1952.5555274373548,0
2023-08-14,1952.5555274373548,0,1952.5555274373548,0
2023-08-15,1952.5555274373548,0,1952.5555274373548,0
2023-08-16,1952.5555274373548,0,1952.5555274373548,0
2023-08-17,1952.5555274373548,0,1952.5555274373548,0
2023-08-18,1952.5555274373548,0,1952.5555274373548,0
2023-08-21,1952.5555274373548,0,1952.5555274373548,0
2023-08-22,1952.5555274373548,0,1952.5555274373548,0
2023-08-23,1952.5555274373548,0,1952.5555274373548,0
2023-08-24,1952.5555274373548,0,1952.5555274373548,0
2023-08-25,1952.5555274373548,0,1952.5555274373548,0
2023-08-28,1952.5555274373548,0,1952.5555274373548,0
2023-08-29,1952.5555274373548,0,1952.5555274373548,0
2023-08-30,1952.5555274373548,0,1952.5555274373548,0
2023-08-31,1952.5555274373548,0,1952.5555274373548,0
2023-09-01,1952.5555274373548,0,1952.5555274373548,0
2023-09-05,1952.5555274373548,0,1952.5555274373548,0
2023-09-06,1952.5555274373548,0,1952.5555274373548,0
2023-09-07,1952.5555274373548,0,1952.5555274373548,0
2023-09-08,1952.5555274373548,0,1952.5555274373548,0
2023-09-11,1952.5555274373548,0,1952.5555274373548,0
2023-09-12,1952.5555274373548,0,1952.5555274373548,0
2023-09-13,1952.5555274373548,0,1952.5555274373548,0
2023-09-14,1952.5555274373548,0,1952.5555274373548,0
2023-09-15,1952.5555274373548,0,1952.5555274373548,0
2023-09-18,1952.5555274373548,0,1952.5555274373548,0
2023-09-19,1952.5555274373548,0,1952.5555274373548,0
2023-09-20,1952.5555274373548,0,1952.5555274373548,0
2023-09-21,1952.5555274373548,0,1952.5555274373548,0
2023-09-22,1952.5555274373548,0,1952.5555274373548,0
2023-09-25,1952.5555274373548,0,1952.5555274373548,0
2023-09-26,1952.5555274373548,0,1952.5555274373548,0
2023-09-27,1952.5555274373548,0,1952.5555274373548,0
2023-09-28,1952.5555274373548,0,1952.5555274373548,0
2023-09-29,1952.5555274373548,0,1952.5555274373548,0
2023-10-02,1952.5555274373548,0,1952.5555274373548,0
2023-10-03,1952.5555274373548,0,1952.5555274373548,0
2023-10-04,1952.5555274373548,0,1952.5555274373548,0
2023-10-05,1952.5555274373548,0,1952.5555274373548,0
2023-10-06,1952.5555274373548,0,1952.5555274373548,0
2023-10-09,1952.5555274373548,0,1952.5555274373548,0
2023-10-10,1952.5555274373548,0,1952.5555274373548,0
2023-10-11,1952.5555274373548,0,1952.5555274373548,0
2023-10-12,1952.5555274373548,0,1952.5555274373548,0
2023-10-13,1952.5555274373548,0,1952.5555274373548,0
2023-10-16,1952.5555274373548,0,1952.5555274373548,0
2023-10-17,1952.5555274373548,0,1952.5555274373548,0
2023-10-18,1952.5555274373548,0,1952.5555274373548,0
2023-10-19,1952.5555274373548,0,1952.5555274373548,0
2023-10-20,1952.5555274373548,0,1952.5555274373548,0
2023-10-23,1952.5555274373548,0,1952.5555274373548,0
2023-10-24,1952.5555274373548,0,1952.5555274373548,0
2023-10-25,1952.5555274373548,0,1952.5555274373548,0
2023-10-26,1952.5555274373548,0,1952.5555274373548,0
2023-10-27,1952.5555274373548,0,1952.5555274373548,0
2023-10-30,1952.5555274373548,0,1952.5555274373548,0
2023-10-31,1952.5555274373548,0,1952.5555274373548,0
2023-11-01,1952.5555274373548,0,1952.5555274373548,0
2023-11-02,1952.5555274373548,0,1952.5555274373548,0
2023-11-03,1952.5555274373548,0,1952.5555274373548,0
2023-11-06,1952.5555274373548,0,1952.5555274373548,0
2023-11-07,1952.5555274373548,0,1952.5555274373548,0
2023-11-08,1952.5555274373548,0,1952.5555274373548,0
2023-11-09,1952.5555274373548,0,1952.5555274373548,0
2023-11-10,1952.5555274373548,0,1952.5555274373548,0
2023-11-13,1952.5555274373548,0,1952.5555274373548,0
2023-11-14,1952.5555274373548,0,1952.5555274373548,0
2023-11-15,1952.5555274373548,0,1952.5555274373548,0
2023-11-16,1952.5555274373548,0,1952.5555274373548,0
2023-11-17,1952.5555274373548,0,1952.5555274373548,0
2023-11-20,1952.5555274373548,0,1952.5555274373548,0
2023-11-21,1952.5555274373548,0,1952.5555274373548,0
2023-11-22,1952.5555274373548,0,1952.5555274373548,0
2023-11-24,1952.5555274373548,0,1952.5555274373548,0
2023-11-27,1952.5555274373548,0,1952.5555274373548,0
2023-11-28,1952.5555274373548,0,1952.5555274373548,0
2023-11-29,1952.5555274373548,0,1952.5555274373548,0
2023-11-30,1952.5555274373548,0,1952.5555274373548,0
2023-12-01,1952.5555274373548,0,1952.5555274373548,0
2023-12-04,1952.5555274373548,0,1952.5555274373548,0
2023-12-05,1952.5555274373548,0,1952.5555274373548,0
2023-12-06,1952.5555274373548,0,1952.5555274373548,0
2023-12-07,1952.5555274373548,0,1952.5555274373548,0
2023-12-08,1952.5555274373548,0,1952.5555274373548,0
2023-12-11,1952.5555274373548,0,1952.5555274373548,0
2023-12-12,1952.5555274373548,0,1952.5555274373548,0
2023-12-13,1952.5555274373548,0,1952.5555274373548,0
2023-12-14,1952.5555274373548,0,1952.5555274373548,0
2023-12-15,1952.5555274373548,0,1952.5555274373548,0
2023-12-18,1952.5555274373548,0,1952.5555274373548,0
2023-12-19,1952.5555274373548,0,1952.5555274373548,0
2023-12-20,1952.5555274373548,0,1952.5555274373548,0
2023-12-21,1952.5555274373548,0,1952.5555274373548,0
2023-12-22,1952.5555274373548,0,1952.5555274373548,0
2023-12-26,1952.5555274373548,0,1952.5555274373548,0
2023-12-27,1952.5555274373548,0,1952.5555274373548,0
2023-12-28,1952.5555274373548,0,1952.5555274373548,0
2023-12-29,1952.5555274373548,0,1952.5555274373548,0
2024-01-02,1952.5555274373548,0,1952.5555274373548,0
2024-01-03,1952.5555274373548,0,1952.5555274373548,0
2024-01-04,1952.5555274373548,0,1952.5555274373548,0
2024-01-05,1952.5555274373548,0,1952.5555274373548,0
2024-01-08,1952.5555274373548,0,1952.5555274373548,0
2024-01-09,1952.5555274373548,0,1952.5555274373548,0
2024-01-10,1952.5555274373548,0,1952.5555274373548,0
2024-01-11,1952.5555274373548,0,1952.5555274373548,0
2024-01-12,1952.5555274373548,0,1952.5555274373548,0
2024-01-16,1952.5555274373548,0,1952.5555274373548,0
2024-01-17,1952.5555274373548,0,1952.5555274373548,0
2024-01-18,1952.5555274373548,0,1952.5555274373548,0
2024-01-19,1952.5555274373548,0,1952.5555274373548,0
2024-01-22,1952.5555274373548,0,1952.5555274373548,0
2024-01-23,1952.5555274373548,0,1952.5555274373548,0
2024-01-24,1952.5555274373548,0,1952.5555274373548,0
2024-01-25,1952.5555274373548,0,1952.5555274373548,0
2024-01-26,1952.5555274373548,0,1952.5555274373548,0
2024-01-29,1952.5555274373548,0,1952.5555274373548,0
2024-01-30,1952.5555274373548,0,1952.5555274373548,0
2024-01-31,1952.5555274373548,0,1952.5555274373548,0
2024-02-01,1952.5555274373548,0,1952.5555274373548,0
2024-02-02,1952.5555274373548,0,1952.5555274373548,0
2024-02-05,1952.5555274373548,0,1952.5555274373548,0
2024-02-06,1952.5555274373548,0,1952.5555274373548,0
2024-02-07,1952.5555274373548,0,1952.5555274373548,0
2024-02-08,1952.5555274373548,0,1952.5555274373548,0
2024-02-09,1952.5555274373548,0,1952.5555274373548,0
2024-02-12,1952.5555274373548,0,1952.5555274373548,0
2024-02-13,1952.5555274373548,0,1952.5555274373548,0
2024-02-14,1952.5555274373548,0,1952.5555274373548,0
2024-02-15,1952.5555274373548,0,1952.5555274373548,0
2024-02-16,1952.5555274373548,0,1952.5555274373548,0
2024-02-20,1952.5555274373548,0,1952.5555274373548,0
2024-02-21,1952.5555274373548,0,1952.5555274373548,0
2024-02-22,1952.5555274373548,0,1952.5555274373548,0
2024-02-23,1952.5555274373548,0,1952.5555274373548,0
2024-02-26,1952.5555274373548,0,1952.5555274373548,0
2024-02-27,1952.5555274373548,0,1952.5555274373548,0
2024-02-28,1952.5555274373548,0,1952.5555274373548,0
2024-02-29,1952.5555274373548,0,1952.5555274373548,0
2024-03-01,1952.5555274373548,0,1952.5555274373548,0
2024-03-04,1952.5555274373548,0,1952.5555274373548,0
2024-03-05,1952.5555274373548,0,1952.5555274373548,0
2024-03-06,1952.5555274373548,0,1952.5555274373548,0
2024-03-07,1952.5555274373548,0,1952.5555274373548,0
2024-03-08,1952.5555274373548,0,1952.5555274373548,0
2024-03-11,1952.5555274373548,0,1952.5555274373548,0
2024-03-12,1952.5555274373548,0,1952.5555274373548,0
2024-03-13,1952.5555274373548,0,1952.5555274373548,0
2024-03-14,1952.5555274373548,0,1952.5555274373548,0
2024-03-15,1952.5555274373548,0,1952.5555274373548,0
2024-03-18,1952.5555274373548,0,1952.5555274373548,0
2024-03-19,1952.5555274373548,0,1952.5555274373548,0
2024-03-20,1952.5555274373548,0,1952.5555274373548,0
2024-03-21,1952.5555274373548,0,1952.5555274373548,0
2024-03-22,1952.5555274373548,0,1952.5555274373548,0
2024-03-25,1952.5555274373548,0,1952.5555274373548,0
2024-03-26,1952.5555274373548,0,1952.5555274373548,0
2024-03-27,1952.5555274373548,0,1952.5555274373548,0
2024-03-28,1952.5555274373548,0,1952.5555274373548,0
2024-04-01,1952.5555274373548,0,1952.5555274373548,0
2024-04-02,1952.5555274373548,0,1952.5555274373548,0
2024-04-03,1952.5555274373548,0,1952.5555274373548,0
2024-04-04,1952.5555274373548,0,1952.5555274373548,0
2024-04-05,1952.5555274373548,0,1952.5555274373548,0
2024-04-08,1952.5555274373548,0,1952.5555274373548,0
2024-04-09,1952.5555274373548,0,1952.5555274373548,0
2024-04-10,1952.5555274373548,0,1952.5555274373548,0
2024-04-11,1952.5555274373548,0,1952.5555274373548,0
2024-04-12,1952.5555274373548,0,1952.5555274373548,0
2024-04-15,1952.5555274373548,0,1952.5555274373548,0
2024-04-16,1952.5555274373548,0,1952.5555274373548,0
2024-04-17,1952.5555274373548,0,1952.5555274373548,0
2024-04-18,1952.5555274373548,0,1952.5555274373548,0
2024-04-19,1952.5555274373548,0,1952.5555274373548,0
2024-04-22,1952.5555274373548,0,1952.5555274373548,0
2024-04-23,1952.5555274373548,0,1952.5555274373548,0
2024-04-24,1952.5555274373548,0,1952.5555274373548,0
2024-04-25,1952.5555274373548,0,1952.5555274373548,0
2024-04-26,1952.5555274373548,0,1952.5555274373548,0
2024-04-29,1952.5555274373548,0,1952.5555274373548,0
2024-04-30,1952.5555274373548,0,1952.5555274373548,0
2024-05-01,1952.5555274373548,0,1952.5555274373548,0
2024-05-02,1952.5555274373548,0,1952.5555274373548,0
2024-05-03,1952.5555274373548,0,1952.5555274373548,0
2024-05-06,1952.5555274373548,0,1952.5555274373548,0
2024-05-07,1952.5555274373548,0,1952.5555274373548,0
2024-05-08,1952.5555274373548,0,1952.5555274373548,0
2024-05-09,1952.5555274373548,0,1952.5555274373548,0
2024-05-10,1952.5555274373548,0,1952.5555274373548,0
2024-05-13,1952.5555274373548,0,1952.5555274373548,0
2024-05-14,1952.5555274373548,0,1952.5555274373548,0
2024-05-15,1952.5555274373548,0,1952.5555274373548,0
2024-05-16,1952.5555274373548,0,1952.5555274373548,0
2024-05-17,1952.5555274373548,0,1952.5555274373548,0
2024-05-20,1952.5555274373548,0,1952.5555274373548,0
2024-05-21,1952.5555274373548,0,1952.5555274373548,0
2024-05-22,1952.5555274373548,0,1952.5555274373548,0
2024-05-23,1952.5555274373548,0,1952.5555274373548,0
2024-05-24,1952.5555274373548,0,1952.5555274373548,0
2024-05-28,1952.5555274373548,0,1952.5555274373548,0
2024-05-29,1952.5555274373548,0,1952.5555274373548,0
2024-05-30,1952.5555274373548,0,1952.5555274373548,0
2024-05-31,1952.5555274373548,0,1952.5555274373548,0
2024-06-03,1952.5555274373548,0,1952.5555274373548,0
2024-06-04,1952.5555274373548,0,1952.5555274373548,0
2024-06-05,1952.5555274373548,0,1952.5555274373548,0
2024-06-06,1952.5555274373548,0,1952.5555274373548,0
2024-06-07,1952.5555274373548,0,1952.5555274373548,0
2024-06-10,1952.5555274373548,0,1952.5555274373548,0
2024-06-11,1952.5555274373548,0,1952.5555274373548,0
2024-06-12,1952.5555274373548,0,1952.5555274373548,0
2024-06-13,1952.5555274373548,0,1952.5555274373548,0
2024-06-14,1952.5555274373548,0,1952.5555274373548,0
2024-06-17,1952.5555274373548,0,1952.5555274373548,0
2024-06-18,1952.5555274373548,0,1952.5555274373548,0
2024-06-20,1952.5555274373548,0,1952.5555274373548,0
2024-06-21,1952.5555274373548,0,1952.5555274373548,0
2024-06-24,1952.5555274373548,0,1952.5555274373548,0
2024-06-25,1952.5555274373548,0,1952.5555274373548,0
2024-06-26,1952.5555274373548,0,1952.5555274373548,0
2024-06-27,1952.5555274373548,0,1952.5555274373548,0
2024-06-28,1952.5555274373548,0,1952.5555274373548,0
2024-07-01,1952.5555274373548,0,1952.5555274373548,0
2024-07-02,1952.5555274373548,0,1952.5555274373548,0
2024-07-03,1952.5555274373548,0,1952.5555274373548,0
2024-07-05,1952.5555274373548,0,1952.5555274373548,0
2024-07-08,1952.5555274373548,0,1952.5555274373548,0
2024-07-09,1952.5555274373548,0,1952.5555274373548,0
2024-07-10,1952.5555274373548,0,1952.5555274373548,0
2024-07-11,1952.5555274373548,0,1952.5555274373548,0
2024-07-12,1952.5555274373548,0,1952.5555274373548,0
2024-07-15,1952.5555274373548,0,1952.5555274373548,0
2024-07-16,1952.5555274373548,0,1952.5555274373548,0
2024-07-17,1952.5555274373548,0,1952.5555274373548,0
2024-07-18,1952.5555274373548,0,1952.5555274373548,0
2024-07-19,1952.5555274373548,0,1952.5555274373548,0
2024-07-22,1952.5555274373548,0,1952.5555274373548,0
2024-07-23,1952.5555274373548,0,1952.5555274373548,0
2024-07-24,1952.5555274373548,0,1952.5555274373548,0
2024-07-25,1952.5555274373548,0,1952.5555274373548,0
2024-07-26,1952.5555274373548,0,1952.5555274373548,0
2024-07-29,1952.5555274373548,0,1952.5555274373548,0
2024-07-30,1952.5555274373548,0,1952.5555274373548,0
2024-07-31,1952.5555274373548,0,1952.5555274373548,0
2024-08-01,1952.5555274373548,0,1952.5555274373548,0
2024-08-02,1952.5555274373548,0,1952.5555274373548,0
2024-08-05,1952.5555274373548,0,1952.5555274373548,0
2024-08-06,1952.5555274373548,0,1952.5555274373548,0
2024-08-07,1952.5555274373548,0,1952.5555274373548,0
2024-08-08,1952.5555274373548,0,1952.5555274373548,0
2024-08-09,1952.5555274373548,0,1952.5555274373548,0
2024-08-12,1952.5555274373548,0,1952.5555274373548,0
2024-08-13,1952.5555274373548,0,1952.5555274373548,0
2024-08-14,1952.5555274373548,0,1952.5555274373548,0
2024-08-15,1952.5555274373548,0,1952.5555274373548,0
2024-08-16,1952.5555274373548,0,1952.5555274373548,0
2024-08-19,1952.5555274373548,0,1952.5555274373548,0
2024-08-20,1952.5555274373548,0,1952.5555274373548,0
2024-08-21,1952.5555274373548,0,1952.5555274373548,0
2024-08-22,1952.5555274373548,0,1952.5555274373548,0
2024-08-23,1952.5555274373548,0,1952.5555274373548,0
2024-08-26,1952.5555274373548,0,1952.5555274373548,0
2024-08-27,1952.5555274373548,0,1952.5555274373548,0
2024-08-28,1952.5555274373548,0,1952.5555274373548,0
2024-08-29,1952.5555274373548,0,1952.5555274373548,0
2024-08-30,1952.5555274373548,0,1952.5555274373548,0
2024-09-03,1952.5555274373548,0,1952.5555274373548,0
2024-09-04,1952.5555274373548,0,1952.5555274373548,0
2024-09-05,1952.5555274373548,0,1952.5555274373548,0
2024-09-06,1952.5555274373548,0,1952.5555274373548,0
2024-09-09,1952.5555274373548,0,1952.5555274373548,0
2024-09-10,1952.5555274373548,0,1952.5555274373548,0
2024-09-11,1952.5555274373548,0,1952.5555274373548,0
2024-09-12,1952.5555274373548,0,1952.5555274373548,0
2024-09-13,1952.5555274373548,0,1952.5555274373548,0
2024-09-16,1952.5555274373548,0,1952.5555274373548,0
2024-09-17,1952.5555274373548,0,1952.5555274373548,0
2024-09-18,1952.5555274373548,0,1952.5555274373548,0
2024-09-19,1952.5555274373548,0,1952.5555274373548,0
2024-09-20,1952.5555274373548,0,1952.5555274373548,0
2024-09-23,1952.5555274373548,0,1952.5555274373548,0
2024-09-24,1952.5555274373548,0,1952.5555274373548,0
2024-09-25,1952.5555274373548,0,1952.5555274373548,0
2024-09-26,1952.5555274373548,0,1952.5555274373548,0
2024-09-27,1952.5555274373548,0,1952.5555274373548,0
2024-09-30,1952.5555274373548,0,1952.5555274373548,0
2024-10-01,1952.5555274373548,0,1952.5555274373548,0
2024-10-02,1952.5555274373548,0,1952.5555274373548,0
2024-10-03,1952.5555274373548,0,1952.5555274373548,0
2024-10-04,1952.5555274373548,0,1952.5555274373548,0
2024-10-07,1952.5555274373548,0,1952.5555274373548,0
2024-10-08,1952.5555274373548,0,1952.5555274373548,0
2024-10-09,1952.5555274373548,0,1952.5555274373548,0
2024-10-10,1952.5555274373548,0,1952.5555274373548,0
2024-10-11,1952.5555274373548,0,1952.5555274373548,0
2024-10-14,1952.5555274373548,0,1952.5555274373548,0
2024-10-15,1952.5555274373548,0,1952.5555274373548,0
2024-10-16,1952.5555274373548,0,1952.5555274373548,0
2024-10-17,1952.5555274373548,0,1952.5555274373548,0
2024-10-18,1952.5555274373548,0,1952.5555274373548,0
2024-10-21,1952.5555274373548,0,1952.5555274373548,0
2024-10-22,1952.5555274373548,0,1952.5555274373548,0
2024-10-23,1952.5555274373548,0,1952.5555274373548,0
2024-10-24,1952.5555274373548,0,1952.5555274373548,0
2024-10-25,1952.5555274373548,0,1952.5555274373548,0
2024-10-28,1952.5555274373548,0,1952.5555274373548,0
2024-10-29,1952.5555274373548,0,1952.5555274373548,0
2024-10-30,1952.5555274373548,0,1952.5555274373548,0
2024-10-31,1952.5555274373548,0,1952.5555274373548,0
2024-11-01,1952.5555274373548,0,1952.5555274373548,0
2024-11-04,1952.5555274373548,0,1952.5555274373548,0
2024-11-05,1952.5555274373548,0,1952.5555274373548,0
2024-11-06,1952.5555274373548,0,1952.5555274373548,0
2024-11-07,1952.5555274373548,0,1952.5555274373548,0
2024-11-08,1952.5555274373548,0,1952.5555274373548,0
2024-11-11,1952.5555274373548,0,1952.5555274373548,0
2024-11-12,1952.5555274373548,0,1952.5555274373548,0
2024-11-13,1952.5555274373548,0,1952.5555274373548,0
2024-11-14,1952.5555274373548,0,1952.5555274373548,0
2024-11-15,1952.5555274373548,0,1952.5555274373548,0
2024-11-18,1952.5555274373548,0,1952.5555274373548,0
2024-11-19,1952.5555274373548,0,1952.5555274373548,0
2024-11-20,1952.5555274373548,0,1952.5555274373548,0
2024-11-21,1952.5555274373548,0,1952.5555274373548,0
2024-11-22,1952.5555274373548,0,1952.5555274373548,0
2024-11-25,1952.5555274373548,0,1952.5555274373548,0
2024-11-26,1952.5555274373548,0,1952.5555274373548,0
2024-11-27,1952.5555274373548,0,1952.5555274373548,0
2024-11-29,1952.5555274373548,0,1952.5555274373548,0
2024-12-02,1952.5555274373548,0,1952.5555274373548,0
2024-12-03,1952.5555274373548,0,1952.5555274373548,0
2024-12-04,1952.5555274373548,0,1952.5555274373548,0
2024-12-05,1952.5555274373548,0,1952.5555274373548,0
2024-12-06,1952.5555274373548,0,1952.5555274373548,0
2024-12-09,1952.5555274373548,0,1952.5555274373548,0
2024-12-10,1952.5555274373548,0,1952.5555274373548,0
2024-12-11,1952.5555274373548,0,1952.5555274373548,0
2024-12-12,1952.5555274373548,0,1952.5555274373548,0
2024-12-13,1952.5555274373548,0,1952.5555274373548,0
2024-12-16,1952.5555274373548,0,1952.5555274373548,0
2024-12-17,1952.5555274373548,0,1952.5555274373548,0
2024-12-18,1952.5555274373548,0,1952.5555274373548,0
2024-12-19,1952.5555274373548,0,1952.5555274373548,0
2024-12-20,1952.5555274373548,0,1952.5555274373548,0
2024-12-23,1952.5555274373548,0,1952.5555274373548,0
2024-12-24,1952.5555274373548,0,1952.5555274373548,0
2024-12-26,1952.5555274373548,0,1952.5555274373548,0
2024-12-27,1952.5555274373548,0,1952.5555274373548,0
2024-12-30,1952.5555274373548,0,1952.5555274373548,0
2024-12-31,1952.5555274373548,0,1952.5555274373548,0
2025-01-02,1952.5555274373548,0,1952.5555274373548,0
2025-01-03,1952.5555274373548,0,1952.5555274373548,0
2025-01-06,1952.5555274373548,0,1952.5555274373548,0
2025-01-07,1952.5555274373548,0,1952.5555274373548,0
2025-01-08,1952.5555274373548,0,1952.5555274373548,0
2025-01-10,1952.5555274373548,0,1952.5555274373548,0
2025-01-13,1952.5555274373548,0,1952.5555274373548,0
2025-01-14,1952.5555274373548,0,1952.5555274373548,0
2025-01-15,1952.5555274373548,0,1952.5555274373548,0
2025-01-16,1952.5555274373548,0,1952.5555274373548,0
2025-01-17,1952.5555274373548,0,1952.5555274373548,0
2025-01-21,1952.5555274373548,0,1952.5555274373548,0
2025-01-22,1952.5555274373548,0,1952.5555274373548,0
2025-01-23,1952.5555274373548,0,1952.5555274373548,0
2025-01-24,1952.5555274373548,0,1952.5555274373548,0
2025-01-27,1952.5555274373548,0,1952.5555274373548,0
2025-01-28,1952.5555274373548,0,1952.5555274373548,0
2025-01-29,1952.5555274373548,0,1952.5555274373548,0
2025-01-30,1952.5555274373548,0,1952.5555274373548,0
2025-01-31,1952.5555274373548,0,1952.5555274373548,0
2025-02-03,1952.5555274373548,0,1952.5555274373548,0
2025-02-04,1952.5555274373548,0,1952.5555274373548,0
2025-02-05,1952.5555274373548,0,1952.5555274373548,0
2025-02-06,1952.5555274373548,0,1952.5555274373548,0
2025-02-07,1952.5555274373548,0,1952.5555274373548,0
2025-02-10,1952.5555274373548,0,1952.5555274373548,0
2025-02-11,1952.5555274373548,0,1952.5555274373548,0
2025-02-12,1952.5555274373548,0,1952.5555274373548,0
2025-02-13,1952.5555274373548,0,1952.5555274373548,0
2025-02-14,1952.5555274373548,0,1952.5555274373548,0
2025-02-18,1952.5555274373548,0,1952.5555274373548,0
2025-02-19,1952.5555274373548,0,1952.5555274373548,0
2025-02-20,1952.5555274373548,0,1952.5555274373548,0
2025-02-21,1952.5555274373548,0,1952.5555274373548,0
2025-02-24,1952.5555274373548,0,1952.5555274373548,0
2025-02-25,1952.5555274373548,0,1952.5555274373548,0
2025-02-26,1952.5555274373548,0,1952.5555274373548,0
2025-02-27,1952.5555274373548,0,1952.5555274373548,0
2025-02-28,1952.5555274373548,0,1952.5555274373548,0
2025-03-03,1952.5555274373548,0,1952.5555274373548,0
2025-03-04,1952.5555274373548,0,1952.5555274373548,0
2025-03-05,1952.5555274373548,0,1952.5555274373548,0
2025-03-06,1952.5555274373548,0,1952.5555274373548,0
2025-03-07,1952.5555274373548,0,1952.5555274373548,0
2025-03-10,1952.5555274373548,0,1952.5555274373548,0
2025-03-11,1952.5555274373548,0,1952.5555274373548,0
2025-03-12,1952.5555274373548,0,1952.5555274373548,0
2025-03-13,1952.5555274373548,0,1952.5555274373548,0
2025-03-14,1952.5555274373548,0,1952.5555274373548,0
2025-03-17,1952.5555274373548,0,1952.5555274373548,0
2025-03-18,1952.5555274373548,0,1952.5555274373548,0
2025-03-19,1952.5555274373548,0,1952.5555274373548,0
2025-03-20,1952.5555274373548,0,1952.5555274373548,0
2025-03-21,1952.5555274373548,0,1952.5555274373548,0
2025-03-24,1952.5555274373548,0,1952.5555274373548,0
2025-03-25,1952.5555274373548,0,1952.5555274373548,0
2025-03-26,1952.5555274373548,0,1952.5555274373548,0
2025-03-27,1952.5555274373548,0,1952.5555274373548,0
2025-03-28,1952.5555274373548,0,1952.5555274373548,0
2025-03-31,1952.5555274373548,0,1952.5555274373548,0
2025-04-01,1952.5555274373548,0,1952.5555274373548,0
2025-04-02,1952.5555274373548,0,1952.5555274373548,0
2025-04-03,1952.5555274373548,0,1952.5555274373548,0
2025-04-04,1952.5555274373548,0,1952.5555274373548,0
2025-04-07,1952.5555274373548,0,1952.5555274373548,0
2025-04-08,1952.5555274373548,0,1952.5555274373548,0
2025-04-09,1952.5555274373548,0,1952.5555274373548,0
2025-04-10,1952.5555274373548,0,1952.5555274373548,0
2025-04-11,1952.5555274373548,0,1952.5555274373548,0
2025-04-14,1952.5555274373548,0,1952.5555274373548,0
2025-04-15,1952.5555274373548,0,1952.5555274373548,0
2025-04-16,1952.5555274373548,0,1952.5555274373548,0
2025-04-17,1952.5555274373548,0,1952.5555274373548,0
2025-04-21,1952.5555274373548,0,1952.5555274373548,0
2025-04-22,1952.5555274373548,0,1952.5555274373548,0
2025-04-23,1952.5555274373548,0,1952.5555274373548,0
2025-04-24,1952.5555274373548,0,1952.5555274373548,0
2025-04-25,1952.5555274373548,0,1952.5555274373548,0
2025-04-28,1952.5555274373548,0,1952.5555274373548,0
2025-04-29,1952.5555274373548,0,1952.5555274373548,0
2025-04-30,1952.5555274373548,0,1952.5555274373548,0
2025-05-01,1952.5555274373548,0,1952.5555274373548,0
2025-05-02,1952.5555274373548,0,1952.5555274373548,0
2025-05-05,1952.5555274373548,0,1952.5555274373548,0
2025-05-06,1952.5555274373548,0,1952.5555274373548,0
2025-05-07,1952.5555274373548,0,1952.5555274373548,0
2025-05-08,1952.5555274373548,0,1952.5555274373548,0
2025-05-09,1952.5555274373548,0,1952.5555274373548,0
2025-05-12,1952.5555274373548,0,1952.5555274373548,0
2025-05-13,1952.5555274373548,0,1952.5555274373548,0
2025-05-14,1952.5555274373548,0,1952.5555274373548,0
2025-05-15,1952.5555274373548,0,1952.5555274373548,0
2025-05-16,1952.5555274373548,0,1952.5555274373548,0
2025-05-19,1952.5555274373548,0,1952.5555274373548,0
2025-05-20,1952.5555274373548,0,1952.5555274373548,0
2025-05-21,1952.5555274373548,0,1952.5555274373548,0
2025-05-22,1952.5555274373548,0,1952.5555274373548,0
2025-05-23,1952.5555274373548,0,1952.5555274373548,0
2025-05-27,1952.5555274373548,0,1952.5555274373548,0
2025-05-28,1952.5555274373548,0,1952.5555274373548,0
2025-05-29,1952.5555274373548,0,1952.5555274373548,0
2025-05-30,1952.5555274373548,0,1952.5555274373548,0
2025-06-02,1952.5555274373548,0,1952.5555274373548,0
2025-06-03,1952.5555274373548,0,1952.5555274373548,0
2025-06-04,1952.5555274373548,0,1952.5555274373548,0
2025-06-05,1952.5555274373548,0,1952.5555274373548,0
2025-06-06,1952.5555274373548,0,1952.5555274373548,0
2025-06-09,1952.5555274373548,0,1952.5555274373548,0
2025-06-10,1952.5555274373548,0,1952.5555274373548,0
2025-06-11,1952.5555274373548,0,1952.5555274373548,0
2025-06-12,1952.5555274373548,0,1952.5555274373548,0
2025-06-13,1952.5555274373548,0,1952.5555274373548,0
2025-06-16,1952.5555274373548,0,1952.5555274373548,0
2025-06-17,1952.5555274373548,0,1952.5555274373548,0
2025-06-18,1952.5555274373548,0,1952.5555274373548,0
2025-06-20,1952.5555274373548,0,1952.5555274373548,0
2025-06-23,1952.5555274373548,0,1952.5555274373548,0
2025-06-24,1952.5555274373548,0,1952.5555274373548,0
2025-06-25,1952.5555274373548,0,1952.5555274373548,0
2025-06-26,1952.5555274373548,0,1952.5555274373548,0
2025-06-27,1952.5555274373548,0,1952.5555274373548,0
2025-06-30,1952.5555274373548,0,1952.5555274373548,0
2025-07-01,1952.5555274373548,0,1952.5555274373548,0
2025-07-02,1952.5555274373548,0,1952.5555274373548,0
2025-07-03,1952.5555274373548,0,1952.5555274373548,0
2025-07-07,1952.5555274373548,0,1952.5555274373548,0
2025-07-08,1952.5555274373548,0,1952.5555274373548,0
2025-07-09,1952.5555274373548,0,1952.5555274373548,0
2025-07-10,1952.5555274373548,0,1952.5555274373548,0
2025-07-11,1952.5555274373548,0,1952.5555274373548,0
2025-07-14,1952.5555274373548,0,1952.5555274373548,0
2025-07-15,1952.5555274373548,0,1952.5555274373548,0
2025-07-16,1952.5555274373548,0,1952.5555274373548,0
2025-07-17,1952.5555274373548,0,1952.5555274373548,0
2025-07-18,1952.5555274373548,0,1952.5555274373548,0
2025-07-21,1952.5555274373548,0,1952.5555274373548,0
2025-07-22,1952.5555274373548,0,1952.5555274373548,0
2025-07-23,1952.5555274373548,0,1952.5555274373548,0
2025-07-24,1952.5555274373548,0,1952.5555274373548,0
2025-07-25,1952.5555274373548,0,1952.5555274373548,0
2025-07-28,1952.5555274373548,0,1952.5555274373548,0
2025-07-29,1952.5555274373548,0,1952.5555274373548,0
2025-07-30,1952.5555274373548,0,1952.5555274373548,0
2025-07-31,1952.5555274373548,0,1952.5555274373548,0
2025-08-01,1952.5555274373548,0,1952.5555274373548,0
2025-08-04,1952.5555274373548,0,1952.5555274373548,0
2025-08-05,1952.5555274373548,0,1952.5555274373548,0
2025-08-06,1952.5555274373548,0,1952.5555274373548,0
2025-08-07,1952.5555274373548,0,1952.5555274373548,0
2025-08-08,1952.5555274373548,0,1952.5555274373548,0
2025-08-11,1952.5555274373548,0,1952.5555274373548,0
2025-08-12,1952.5555274373548,0,1952.5555274373548,0
2025-08-13,1952.5555274373548,0,1952.5555274373548,0
2025-08-14,1952.5555274373548,0,1952.5555274373548,0
2025-08-15,1952.5555274373548,0,1952.5555274373548,0
2025-08-18,1952.5555274373548,0,1952.5555274373548,0
2025-08-19,1952.5555274373548,0,1952.5555274373548,0
2025-08-20,1952.5555274373548,0,1952.5555274373548,0
2025-08-21,1952.5555274373548,0,1952.5555274373548,0
2025-08-22,1952.5555274373548,0,1952.5555274373548,0
2025-08-25,1952.5555274373548,0,1952.5555274373548,0
2025-08-26,1952.5555274373548,0,1952.5555274373548,0
2025-08-27,1952.5555274373548,0,1952.5555274373548,0
2025-08-28,1952.5555274373548,0,1952.5555274373548,0
2025-08-29,1952.5555274373548,0,1952.5555274373548,0
2025-09-02,1952.5555274373548,0,1952.5555274373548,0
2025-09-03,1952.5555274373548,0,1952.5555274373548,0
2025-09-04,1952.5555274373548,0,1952.5555274373548,0
2025-09-05,1952.5555274373548,0,1952.5555274373548,0
2025-09-08,1952.5555274373548,0,1952.5555274373548,0
2025-09-09,1952.5555274373548,0,1952.5555274373548,0
2025-09-10,1952.5555274373548,0,1952.5555274373548,0
2025-09-11,1952.5555274373548,0,1952.5555274373548,0
2025-09-12,1952.5555274373548,0,1952.5555274373548,0
2025-09-15,1952.5555274373548,0,1952.5555274373548,0
2025-09-16,1952.5555274373548,0,1952.5555274373548,0
2025-09-17,1952.5555274373548,0,1952.5555274373548,0
2025-09-18,1952.5555274373548,0,1952.5555274373548,0
2025-09-19,1952.5555274373548,0,1952.5555274373548,0
2025-09-22,1952.5555274373548,0,1952.5555274373548,0
2025-09-23,1952.5555274373548,0,1952.5555274373548,0
2025-09-24,1952.5555274373548,0,1952.5555274373548,0
2025-09-25,1952.5555274373548,0,1952.5555274373548,0
2025-09-26,1952.5555274373548,0,1952.5555274373548,0
2025-09-29,1952.5555274373548,0,1952.5555274373548,0
2025-09-30,1952.5555274373548,0,1952.5555274373548,0
2025-10-01,1952.5555274373548,0,1952.5555274373548,0
2025-10-02,1952.5555274373548,0,1952.5555274373548,0
2025-10-03,1952.5555274373548,0,1952.5555274373548,0
2025-10-06,1952.5555274373548,0,1952.5555274373548,0
2025-10-07,1952.5555274373548,0,1952.5555274373548,0
2025-10-08,1952.5555274373548,0,1952.5555274373548,0
2025-10-09,1952.5555274373548,0,1952.5555274373548,0
2025-10-10,1952.5555274373548,0,1952.5555274373548,0
2025-10-13,1952.5555274373548,0,1952.5555274373548,0
2025-10-14,1952.5555274373548,0,1952.5555274373548,0
2025-10-15,1952.5555274373548,0,1952.5555274373548,0
2025-10-16,1952.5555274373548,0,1952.5555274373548,0
2025-10-17,1952.5555274373548,0,1952.5555274373548,0
2025-10-20,1952.5555274373548,0,1952.5555274373548,0
2025-10-21,1952.5555274373548,0,1952.5555274373548,0
2025-10-22,1952.5555274373548,0,1952.5555274373548,0
2025-10-23,1952.5555274373548,0,1952.5555274373548,0
2025-10-24,1952.5555274373548,0,1952.5555274373548,0
2025-10-27,1952.5555274373548,0,1952.5555274373548,0
2025-10-28,1952.5555274373548,0,1952.5555274373548,0
2025-10-29,1952.5555274373548,0,1952.5555274373548,0
2025-10-30,1952.5555274373548,0,1952.5555274373548,0
2025-10-31,1952.5555274373548,0,1952.5555274373548,0
2025-11-03,1952.5555274373548,0,1952.5555274373548,0
2025-11-04,1952.5555274373548,0,1952.5555274373548,0
2025-11-05,1952.5555274373548,0,1952.5555274373548,0
2025-11-06,1952.5555274373548,0,1952.5555274373548,0
2025-11-07,1952.5555274373548,0,1952.5555274373548,0
2025-11-10,1952.5555274373548,0,1952.5555274373548,0
2025-11-11,1952.5555274373548,0,1952.5555274373548,0
2025-11-12,1952.5555274373548,0,1952.5555274373548,0
2025-11-13,1952.5555274373548,0,1952.5555274373548,0
2025-11-14,1952.5555274373548,0,1952.5555274373548,0
2025-11-17,1952.5555274373548,0,1952.5555274373548,0
2025-11-18,1952.5555274373548,0,1952.5555274373548,0
2025-11-19,1952.5555274373548,0,1952.5555274373548,0
2025-11-20,1952.5555274373548,0,1952.5555274373548,0
2025-11-21,1952.5555274373548,0,1952.5555274373548,0
2025-11-24,1952.5555274373548,0,1952.5555274373548,0
2025-11-25,1952.5555274373548,0,1952.5555274373548,0
2025-11-26,1952.5555274373548,0,1952.5555274373548,0
2025-11-28,1952.5555274373548,0,1952.5555274373548,0
2025-12-01,1952.5555274373548,0,1952.5555274373548,0
2025-12-02,1952.5555274373548,0,1952.5555274373548,0
2025-12-03,1952.5555274373548,0,1952.5555274373548,0
2025-12-04,1952.5555274373548,0,1952.5555274373548,0
2025-12-05,1952.5555274373548,0,1952.5555274373548,0
2025-12-08,1952.5555274373548,0,1952.5555274373548,0
2025-12-09,1952.5555274373548,0,1952.5555274373548,0
2025-12-10,1952.5555274373548,0,1952.5555274373548,0
2025-12-11,1952.5555274373548,0,1952.5555274373548,0
2025-12-12,1952.5555274373548,0,1952.5555274373548,0
2025-12-15,1952.5555274373548,0,1952.5555274373548,0
2025-12-16,1952.5555274373548,0,1952.5555274373548,0
2025-12-17,1952.5555274373548,0,1952.5555274373548,0
2025-12-18,1952.5555274373548,0,1952.5555274373548,0
2025-12-19,1952.5555274373548,0,1952.5555274373548,0
2025-12-22,1952.5555274373548,0,1952.5555274373548,0
2025-12-23,1952.5555274373548,0,1952.5555274373548,0
2025-12-24,1952.5555274373548,0,1952.5555274373548,0
2025-12-26,1952.5555274373548,0,1952.5555274373548,0
2025-12-29,1952.5555274373548,0,1952.5555274373548,0
2025-12-30,1952.5555274373548,0,1952.5555274373548,0
2025-12-31,1952.5555274373548,0,1952.5555274373548,0
2026-01-02,1952.5555274373548,0,1952.5555274373548,0
2026-01-05,1952.5555274373548,0,1952.5555274373548,0
2026-01-06,1952.5555274373548,0,1952.5555274373548,0
2026-01-07,1952.5555274373548,0,1952.5555274373548,0
2026-01-08,1952.5555274373548,0,1952.5555274373548,0
2026-01-09,1952.5555274373548,0,1952.5555274373548,0
2026-01-12,1952.5555274373548,0,1952.5555274373548,0
2026-01-13,1952.5555274373548,0,1952.5555274373548,0
2026-01-14,1952.5555274373548,0,1952.5555274373548,0
2026-01-15,1952.5555274373548,0,1952.5555274373548,0
2026-01-16,1952.5555274373548,0,1952.5555274373548,0
2026-01-20,1952.5555274373548,0,1952.5555274373548,0
2026-01-21,1952.5555274373548,0,1952.5555274373548,0
2026-01-22,1952.5555274373548,0,1952.5555274373548,0
2026-01-23,1952.5555274373548,0,1952.5555274373548,0
2026-01-26,1952.5555274373548,0,1952.5555274373548,0
2026-01-27,1952.5555274373548,0,1952.5555274373548,0
2026-01-28,1952.5555274373548,0,1952.5555274373548,0
2026-01-29,1952.5555274373548,0,1952.5555274373548,0
2026-01-30,1952.5555274373548,0,1952.5555274373548,0
2026-02-02,1952.5555274373548,0,1952.5555274373548,0
2026-02-03,1952.5555274373548,0,1952.5555274373548,0
2026-02-04,1952.5555274373548,0,1952.5555274373548,0
2026-02-05,1952.5555274373548,0,1952.5555274373548,0
2026-02-06,1952.5555274373548,0,1952.5555274373548,0
2026-02-09,1952.5555274373548,0,1952.5555274373548,0
2026-02-10,1952.5555274373548,0,1952.5555274373548,0
2026-02-11,1952.5555274373548,0,1952.5555274373548,0
2026-02-12,1952.5555274373548,0,1952.5555274373548,0
2026-02-13,1952.5555274373548,0,1952.5555274373548,0
2026-02-17,1952.5555274373548,0,1952.5555274373548,0
2026-02-18,1952.5555274373548,0,1952.5555274373548,0
2026-02-19,1952.5555274373548,0,1952.5555274373548,0
2026-02-20,1952.5555274373548,0,1952.5555274373548,0
2026-02-23,1952.5555274373548,0,1952.5555274373548,0
2026-02-24,1952.5555274373548,0,1952.5555274373548,0
2026-02-25,1952.5555274373548,0,1952.5555274373548,0
2026-02-26,1952.5555274373548,0,1952.5555274373548,0
2026-02-27,1952.5555274373548,0,1952.5555274373548,0
2026-03-02,1952.5555274373548,0,1952.5555274373548,0
2026-03-03,1952.5555274373548,0,1952.5555274373548,0
2026-03-04,1952.5555274373548,0,1952.5555274373548,0
2026-03-05,1952.5555274373548,0,1952.5555274373548,0
2026-03-06,1952.5555274373548,0,1952.5555274373548,0
2026-03-09,1952.5555274373548,0,1952.5555274373548,0
2026-03-10,1952.5555274373548,0,1952.5555274373548,0
2026-03-11,1952.5555274373548,0,1952.5555274373548,0
2026-03-12,1952.5555274373548,0,1952.5555274373548,0
2026-03-13,1952.5555274373548,0,1952.5555274373548,0
2026-03-16,1952.5555274373548,0,1952.5555274373548,0
2026-03-17,1952.5555274373548,0,1952.5555274373548,0
2026-03-18,1952.5555274373548,0,1952.5555274373548,0
2026-03-19,1952.5555274373548,0,1952.5555274373548,0
2026-03-20,1952.5555274373548,0,1952.5555274373548,0
2026-03-23,1952.5555274373548,0,1952.5555274373548,0
2026-03-24,1952.5555274373548,0,1952.5555274373548,0
2026-03-25,1952.5555274373548,0,1952.5555274373548,0
2026-03-26,1952.5555274373548,0,1952.5555274373548,0
2026-03-27,1952.5555274373548,0,1952.5555274373548,0
2026-03-30,1952.5555274373548,0,1952.5555274373548,0
2026-03-31,1952.5555274373548,0,1952.5555274373548,0
2026-04-01,1952.5555274373548,0,1952.5555274373548,0
2026-04-02,1952.5555274373548,0,1952.5555274373548,0
2026-04-06,1952.5555274373548,0,1952.5555274373548,0
2026-04-07,1952.5555274373548,0,1952.5555274373548,0
2026-04-08,1952.5555274373548,0,1952.5555274373548,0
2026-04-09,1952.5555274373548,0,1952.5555274373548,0
2026-04-10,1952.5555274373548,0,1952.5555274373548,0
2026-04-13,1952.5555274373548,0,1952.5555274373548,0
2026-04-14,1952.5555274373548,0,1952.5555274373548,0
2026-04-15,1952.5555274373548,0,1952.5555274373548,0
2026-04-16,1952.5555274373548,0,1952.5555274373548,0
2026-04-17,1952.5555274373548,0,1952.5555274373548,0
2026-04-20,1952.5555274373548,0,1952.5555274373548,0
2026-04-21,1952.5555274373548,0,1952.5555274373548,0
2026-04-22,1952.5555274373548,0,1952.5555274373548,0
2026-04-23,1952.5555274373548,0,1952.5555274373548,0
2026-04-24,1952.5555274373548,0,1952.5555274373548,0
2026-04-27,1952.5555274373548,0,1952.5555274373548,0
2026-04-28,1952.5555274373548,0,1952.5555274373548,0
2026-04-29,1952.5555274373548,0,1952.5555274373548,0
2026-04-30,1952.5555274373548,0,1952.5555274373548,0
2026-05-01,1952.5555274373548,0,1952.5555274373548,0
2026-05-04,1952.5555274373548,0,1952.5555274373548,0
2026-05-05,1952.5555274373548,0,1952.5555274373548,0
2026-05-06,1952.5555274373548,0,1952.5555274373548,0
2026-05-07,1952.5555274373548,0,1952.5555274373548,0
2026-05-08,1952.5555274373548,0,1952.5555274373548,0
2026-05-11,1952.5555274373548,0,1952.5555274373548,0
2026-05-12,1952.5555274373548,0,1952.5555274373548,0
2026-05-13,1952.5555274373548,0,1952.5555274373548,0
2026-05-14,1952.5555274373548,0,1952.5555274373548,0
2026-05-15,1952.5555274373548,0,1952.5555274373548,0
2026-05-18,1952.5555274373548,0,1952.5555274373548,0
2026-05-19,1952.5555274373548,0,1952.5555274373548,0
2026-05-20,1952.5555274373548,0,1952.5555274373548,0
2026-05-21,1952.5555274373548,0,1952.5555274373548,0
2026-05-22,1952.5555274373548,0,1952.5555274373548,0
2026-05-26,1952.5555274373548,0,1952.5555274373548,0
2026-05-27,1952.5555274373548,0,1952.5555274373548,0
2026-05-28,1952.5555274373548,0,1952.5555274373548,0
2026-05-29,1952.5555274373548,0,1952.5555274373548,0
2026-06-01,1952.5555274373548,0,1952.5555274373548,0
2026-06-02,1952.5555274373548,0,1952.5555274373548,0
2026-06-03,1952.5555274373548,0,1952.5555274373548,0
2026-06-04,1952.5555274373548,0,1952.5555274373548,0
2026-06-05,1952.5555274373548,0,1952.5555274373548,0
2026-06-08,1952.5555274373548,0,1952.5555274373548,0
2026-06-09,1952.5555274373548,0,1952.5555274373548,0
2026-06-10,1952.5555274373548,0,1952.5555274373548,0
2026-06-11,1952.5555274373548,0,1952.5555274373548,0
2026-06-12,1952.5555274373548,0,1952.5555274373548,0
2026-06-15,1952.5555274373548,0,1952.5555274373548,0
2026-06-16,1952.5555274373548,0,1952.5555274373548,0
2026-06-17,1952.5555274373548,0,1952.5555274373548,0
2026-06-18,1952.5555274373548,0,1952.5555274373548,0
2026-06-22,1952.5555274373548,0,1952.5555274373548,0
2026-06-23,1952.5555274373548,0,1952.5555274373548,0
2026-06-24,1952.5555274373548,0,1952.5555274373548,0
2026-06-25,1952.5555274373548,0,1952.5555274373548,0
2026-06-26,1952.5555274373548,0,1952.5555274373548,0
2026-06-29,1952.5555274373548,0,1952.5555274373548,0
2026-06-30,1952.5555274373548,0,1952.5555274373548,0
2026-07-01,1952.5555274373548,0,1952.5555274373548,0
2026-07-02,1952.5555274373548,0,1952.5555274373548,0
2026-07-06,1952.5555274373548,0,1952.5555274373548,0
2026-07-07,1952.5555274373548,0,1952.5555274373548,0
2026-07-08,1952.5555274373548,0,1952.5555274373548,0
2026-07-09,1952.5555274373548,0,1952.5555274373548,0
2026-07-10,1952.5555274373548,0,1952.5555274373548,0
2026-07-13,1952.5555274373548,0,1952.5555274373548,0
2026-07-14,1952.5555274373548,0,1952.5555274373548,0
2026-07-15,1952.5555274373548,0,1952.5555274373548,0
2026-07-16,1952.5555274373548,0,1952.5555274373548,0
2026-07-17,1952.5555274373548,0,1952.5555274373548,0